Address,Amount
tz1NRbpmTuPEFCCYCqCr7i3hkMRDRhBFgmxz,16850027654588470
tz1eqt71cHna4YgyNg3ao6x22xU7c7CZXxcf,244196809540568270
tz1SBxNvpDFC4bjW23CtQfVLqN5cBATVf68B,228541586167881868
tz1Rgo7URug42QnhBM6eLy4MWdfwn4RovHy6,36509584864091895463
tz1P6DFx1Biicriaz37h6oLAhndhBL8eMoAt,6251150493257401488
tz1R3bKH1seset2h49p4vrZJCEL8voJgSK2G,5572577365023035593
tz1bdRJkGkNQ7homh4PTnkVM7xzVWhuC4EMm,6315801051533445999
tz1Z2Ne4ZHxNPuCJeCcoykHVXTqhVdLMD9gV,9461657494456663364
tz1Qji1NnEPj4Cxa9s2WEoWi9U9KM6a9gdDL,1981002625998697100
tz1eZFb4bNMMdveGT7BPcktbYsurg2e8r1xR,6458142727598463
tz1RartAmPJhFsL9oAhZndSL2G7KCsaQqqkf,41501376557952380984
tz1MyqKoe43P4Z8MfHoXVBTrohgcbehp2zLL,23715234680265940565
tz1SRcMg9GRXi7paNeAc3ARn23mS3Z5dXa6S,257662125267315744
tz1YjtCLzjw3bqPxJh6MqdVBFrM2zrsA9kyg,63040160284937478
tz1hD7VdzRpWG3nmYpCyW2gNc8mQNs3TCgxu,8773209495368628450
tz1f38MX7YT2Q7MAq3mDdj75GTN7vgqV2TfH,168132836215
tz1aBDeNFooBEmBXnWDVgLknNMUHMYhHVcRA,10553591874073943110
tz1hD5k7QW9ChHCgb2YLthKFirKDYQiNPDJz,322657174362239301
tz1ZL7ekzieKxwngCCyjsCN5qhu1ohwJQEBy,755062642466059256
tz1enbGpES1NDr2kTaocDhxvMqtpMy4ruhW6,300930230191273821
tz1ehGMhxarDhwppx14PX1Y3eqbZ5W9Bc2Y1,74825094243159466
tz1ed4brTwpFg8hFUJSJ4HqnsC7sEjVesMtb,2103355223510819594
tz1QJE62jTxHis7kZkbDT2zsYZyauNDNzWg7,935843218949289178
tz1gWt7kUnJtGXoT5BYzHVa89qGp6QVvQmyp,1210762718436481860
tz1epR6pJmPaJ8vvzNi6V1T51ccocX1Y4VBb,38273609021338015
tz1TrxaPKNsRpcgw58155HdX6USrpV2fERQm,1310255175763913437
tz1W19DveaP3mW4WvFtdVdqGsWwBL5q1QDSK,690986830962737022
tz1esdEqZC5Nz3HDFseHvpH6SmQJPocxLzA2,385390992417861554
tz1XyTsb9DwkPru3eU1Cwnr5JkihEi5eisHo,63070275164735874
tz1ULQQ3S4kFLhhpPsegiMVFmXx2G6ewmbTA,710262751856294845
tz1LRrXCmELevk5znmVcYD63TChSpYh3vaE6,368621694917441566
tz3T9ZKHLVzc23dxD85p9xo6L8L5mx1hvb5x,884744339208181258
tz1dZuKxjVojU7gtRDU1nMmG8uRdowF2Q3Sn,521843460317450888
tz1S8GvdiWQghwPMMzbNvRh66rcfmhEA6vj2,8049086090640819365
tz1N9qzry2ko1gwTK6HKWamZZK6FGx3Vr89U,697871844764352220
tz1QQ4HyGbCZDmQxeVHoLP99KLyfvGvyX21i,10397182475864353381
tz1WKygtstVY96oyc6Rmk945dMf33LeihgWT,3722799229330120702
tz1Rux3pGrp2KpZUBKvg3VQ4edRYVJsapr4z,27274123848647444289
tz1LWMmDzH79xyu6JvELrnvWLBBVjZg7TnfN,5560813649165806753
tz1esBaTjr9qFQ7FhrDQF7N7bTpNSVTkGbMU,8509280427326529
tz1LaWQ2BUAdTVNz9nb7AhKDcPDQsb99tzhD,39958725927593005
tz1czGMShkB8ZtCHKHeCPTY3CpuiCrjsGJBy,121692969077402845
tz1UQ6cQZef4MuskJjV9g8pXNZa5s8ff1oQy,670554851457120471
tz1aZsKPTRdkm9vaQhWv9Mz8ZbwxSHmf7t9T,15525438219502097
tz1dTmMLY7tan1HKfW5e3KxJcfZput6UuTH6,374500135671852
tz1daKxrqyoFUCcuQj36BeMN9C1Ytmjg5p6n,3017871411088399867
tz1YZ4VZCRPoiDyGP3U69jCq2S8duDUcRjHP,77341370924180809
tz3VvvqkW6D7bSPej9x3pghjTozTRbaB4Gn2,66528688821005029
tz2LYELYe16viwVBaRjZc8GsauKRsxTGPvB1,1007448129701674918
tz1gXcAJZUYqK8JkkGDPN63cPQGu8LiBndK1,453960048282886103
tz1gN5Ch4VeDZjiM6R1KPMBxPWFxL3HHKZyT,428289328632870479
tz2WYko4XXaV4B5mzjguTeRkkgw8LyB2jA2d,332622421544785422
tz1NkFRjmkqqcGkAhqe78fdgemDNKXvL7Bod,6514797568421128544
tz1QkQLtDkqpw8VSymi13A86jh5iaCeMriMJ,6165822625554071128
tz1VCyNit49HjTmz8SEgeL67x4BLuoTaeYMy,8002926227946319642
tz1gACjUSBkWjqWv5ZBMRk6G9Sp8xNAYgwYV,1117989567900702970
tz1bKUD8UtyPfknyWyMbtTqsfdMuWomrPdSp,217358739671505975
tz1T5GmdYXDWwbhBrU7RubT7Z2dmz3ZmKwCE,3321092352043354012
tz1gmajxhmKt22CbcsSA7WWXSATgbuVEmzTC,620158086654442
tz1cfzEz3R8YKMqC2rbKnr2XtpNjZxH6RGdy,112389374053077022
tz1hR9eQYNNTZ4VGUeipK4PHtyyDEDmQ9dSf,2453300150786589904
tz1RxeY78zE8hNJbqPypB1mTVyTsBRmPuqry,325946064930862093
tz1ecAtwNdrsABBKa7Bvn9ZEq1Ze1EvS9WTW,411508210647626804
tz1SBF19iLiCc8dNpKe1Ym9juSAKaTPyeypF,61142658080657354
tz1X6ADVxP37XjYppBHMLVRJQwmxA2YxztbQ,31943285727013736
tz1T1u1CET7ek19f5P59vCdjTNFWAscYQ5ct,2434713051677328680
tz1V9qHfFxixcXJKWuEziUqvdrQ7BWpPnWTa,1639421748626452123
tz1Lqnwap8kKynTpefqqSH158i667Wdg8HVA,481681038984826388
tz1Kp19QyYUnXuE6cxuXxsfQZbyqv5JtKPku,336132428794741067
tz1cnojsw9qgMbdpgPeCcWPf5GX4YPvd4HAh,8189368959327977824
tz1fbJACCskangcgy9xjDSiEYgh7CUmSo9oc,9413279742748662
tz1dKaw4xdNjfufDSLWRxumNBwe2VX4mxXyW,20565694541789188209
tz1iCiA1vKmgfZbY533ZgMwFKZ14S1DQNooQ,215077888368527428
tz1hNGWJUFPFV7AWLXvxGzJVEfCZ8KJ77PJA,235690911330162251
tz1NPu5aFQ12P3KGhBGgt7G79SAgVj2Skkn1,741400548947332427
tz1Qm3DHkV7V6peZPyWe4rv6aToH3nRmWEH7,98141053998641485
tz1KsiwkQ9pyrt4Ra7QrAQp5LQJCGxHQrY1n,591419013164700931
tz1dz7eYRd5uV2DndcPWFeEHYGgw4bJZoCBN,188711429858749716
tz1eKTUc8X17nVmtVRtxBcs3hwUPXWuqP2AS,1137368489583443287
tz1hXx6tvTV3kzxpBR6E4hDYcxdgcRGHUTFj,7523453760
tz1fkZtnjNfQHtEyUpyX9Tqq4RrLKx35qBxf,418176914452160405
tz1chg2T1s4DTjLqthPc49HDcqkFHMwdSPwb,1316855112488088372
tz1Uzm53vPr2Giyi32yT9GUvBErKqHPBjvQL,827953607870647766
tz1aR3nrJgUyU5B623U9s1MtMsMjA5Wz5c3G,2511410536316179266
tz1YaPLZuVmZaKB69BjJXKUDgNaZrxBR4Lfn,69984692507016905
tz1WNk2o2hJvzjuZRNmZQwjLQuv24wDv1zjU,7749568244639056777
tz1br5Mvr9VMEb1sb7HDtxpCxKVbZ5XnDqJi,41788285446885297
tz1PMB2EKqwkD2NDuf9tvdqhEjhBy3pBGQKX,3253847348943326
tz1QmBcwm7RH6swEYNpsZZfAWCCFaW6wugVT,5904820802431481381
tz1LxqBcvRbZhp34C2ab62CMy49wFbsQSzD7,70475582490884204
tz1S5RkjdXMREayGWMawArqqpyMqGRjohJJr,594083131927145794
tz1bZ8vsMAXmaWEV7FRnyhcuUs2fYMaQ6Hkk,171403903068
tz2Kmi3xEnXk8c7zqWSQqSSyfNpWt6ovG38D,1252520721212956783
tz1LgePVXLZYNhHoRQ6KgHfQjQ1uq7JJPZDa,1635533426225237280
tz1cWUkZFBZ72Yn9desxcgS9KdH4BVfqd2ZW,1407579001791077236
tz1a3LNYNZTNN2SLMjWSUc5jtLWFvZ1kC7BR,6556834128591155710
tz1SGPStfd9v5upQUxRiHPC9666X4FpVAmK4,2944096897799859
tz1iF629Cc91SJkmQRAWAm6nYavf7RgpAqZh,1914694680017811688
tz1WHGwmdEr4iruf4v9r6bdHgzC5v8SKYTkV,155888306293992966
tz1YqsEWdPxBmqVKsJircrwBmCmZDtHAgHzp,3811163462329352924
tz1ZLMaECyswARea2bTsBws9eMjgUm4jG8Uj,4860576549605943975
tz1NySiq6aHysD6Rpu4bYhFaVe3ASya2qB8D,1403286995199823175
tz1Rb321A5bMKjQdczUs7TyJBeXjfCtB4mYd,8555479157162072298
tz1USU2xSWb7CBYGJYat2X7An9sr3cFfsLwi,209303164329908060
tz1aoYg1xYeEdnLrAJ7y2r1T3aMBCyms6ppJ,1597393402667553063
tz1WxCJ3UpzyWsXmmkE1YjYzbBv6jXYkbFYV,142358573695875355
tz1fq3tMpnnsZ944DVxcJqsVNGsWTPvqJzvo,1357897484971547993
tz1PrecMTmNArbdvQxtZLUVUBT8rcC86dKZC,2822276480294
tz1Ty6Hq9GpzxmMs5Sv1VQ7cP2U4KuSCAN3K,72387748763166788
tz1Q1LWn8wCK77L4xetjbH3Ar7sDaSANezZx,74265844522889601
tz1dugdoeZULYPA9phfkpofrP95rFqhZNXeR,482624652144526
tz1UecmgMghaWovhh9EYfqTrK9gTtaiMtbzs,24733615596332661
tz1gGwXf6Ggkv9T4jGmp58jUMU2Gh2vYjDyH,153770751727457480
tz1QjPnpmqAJYSfDtDM7uTf5bkZDNY7eBECd,530892261438711416
tz2MzvuRU1GEKi9udpqzLpGYfDoZTiKZ3C4C,1718065361860472617
tz1SEox4m6JwzUjLL2daQMKU7XDrvsEukR7X,110534389313242393
tz1XJqUrY2okTwoJFgHFJKQV98tsn2oC6Twj,147495256420180549
tz1VqXA6L6hPEFjvsgWv7Viw4xQn5GyNszzy,14276250795399440755
tz1Wf1Lqz1yHm27P2RQJAVV2CMxnhYK4bBGc,64656302055879522
tz1cTS1WwovU7SC783xgJxZrzr151mcshmNi,1259461035318155857
tz1f4Z9FJfgStP7v6Rj7BMJnWJ9Mb1NdAGsS,163553342622
tz1ersiy3MYVu89DFXvW7Qb8AM6LYptSsoT7,646208714337181739
tz1UFF5DSDDtk3fM1ewaLvVG6fhaAeCdgYEt,81776837481457968
tz1dcpUhXGeXexEXispSpfv7CeufoFnV7AAf,3971509155192978744
tz1RKRhkvC7MQgKfPejvNaHGshWUDsyJKZdT,2345265005691296062
tz1ibTknNagJCgQPgcbPvJhpSyS5vxgdyFt4,439686433482053638
tz1SHzbhYsbX6Uk51hJC4JkjgWM1gWaSwBqQ,130121567737502960
tz1LGkz6e1mTymuFyHBVFQZsHEtHepCYYgXD,2511722791782298507
tz1NW1MMFL3jytxBjhx1qATMJyY47vLBMa4p,7235314337021012996
tz1QRm2TJKnarZ9tbL5CNjN4Ltq9pJtytuk7,3446257669613961
tz1WJpBDRGfa21un4yQDKTGXZw561nsGg7Qe,49919979357591305
tz1UXAsfFeufr6p2PafNr2oXNrTDSdtwwdgm,52585740066611100
tz1YPUNi7KW28VxZNEu3fNkRkJG55G9p7wsN,44876321248812921
tz1YpusrSty7ULz7w9sM814trSRmM1aNbmZd,1587592086550289962
tz1cuj9Cgi19KMRi83UuypS89kXM435qdhmy,6382658401323375
tz1htwxBMBFikeP8SnQiEQyA9n1ryDrDFyLK,32710678664811988
tz1XTyukKgkqq9P83UkV15np7EtSSEy4kAeY,33504424298493636
tz1WMFtCLLeRiayH19ZiaErKq4Zu9p5N73Sr,125608967134
tz1RFUjzPENm3vF7quaxfELQCfNTCSjAsFdA,322476993859699086
tz1cLd3gXJ9Fk5c648hRzFvTnGfT97CxcHrj,319205612003510721
tz1Te5JR7gzDBwtZLKPWSPuTGFE4JX21vVur,12618467490012
tz1NGDuYTuuB1geX1K5b88cqa8JinFLdd3d5,178389891638900877
tz1XykUaKpskyp7hDEZjmuNTk4gFU58a46KC,18763896177587579186
tz1dghYwdzvHc3tYHp8iHpNUSpmAvvs8Zjs8,126765845674911067
tz1PuipWs33aqS2KSG5k1qQtC6Dff1P1GBmM,159628062399
tz1ZNxMa8XsMa8JTv776X9iCETcNoo4SY629,50812470363973101733
tz1iAAJhH465Cf3BnsKQ744XHypQGY1v7Ps9,166824409474
tz1a5QW18ULwjJK71LSc7UqNGgryrFouHzf1,1373975365191253856
tz1Z1ZX2B98nEAvEnLXJBCnsJ6K1GqaSp9jK,114086420218569276
tz1enT2GWv7U8jyPmmoVb228u8hvi6hJh5FF,11384514109382556
tz1RyhUycXcivQ3jzF7ZpFZNcoLcgmXqcrSz,3198270428401375629
tz1gVon2mQhvutR49Yd5XK6k4ypwWfFjMZtz,128225820616
tz2HSz8b961xoDjDLy3aFGogvW4HEqXXdcR6,1028293127892415876
tz2EP3fw5CbUUgJdx4c3Xono8Gbc8PLXGRM9,1553887414853724990
tz1VCogGe8xeRgQCLrVhPbwo6mBSQxAXep65,193875578880228192
tz1LFFspqhK9KRQNvS1ahZ1RcpQ2PNeM8TxA,2046348347757918
tz1ZhteLTqobRVCYsPj44oFfom5BJ2SdGxeE,252655712731003308
tz1aRF3qMDrbN95f8dGYTKPaey6J2qQQnk8j,22833500822255645979
tz2ALu8Jxf2SMgzSZaZEwfiJQbogpUDPStwz,4339090857497555585
tz1gLNb49fErXUiYdreLAAV6twp4v3Lm8V4H,237930753493400194
tz1fCHiWZ3ReGqvhxkMejVzcnXYz1rnsJpow,11229212032895339
tz1PXJVTDRHBcjJGpD4h6PzDovisMJuc8zVc,1318425730938413359
tz1L1i5BVehYJBebCGvPYU9kZYGKBELGUJGH,2084300033753652652
tz1TR56EbNTEEDeRrsPzQzoyvwFgZT25q3JR,112542665077663353
tz1XbQgDFCaT228TPS2YUeHHfpVqGW7ANCDw,6833044071147987180
tz1S1Aew75hMrPUymqenKfHo8FspppXKpW7h,139020341229
tz1ip7fCgktJzFWxnoDdNBjpF4ZCWw9qfScc,10051298203692790216
tz1Wb4LakUUYuFuuEgXXQrNZuBD49Trodhwx,129256449714847639
tz1RAfKUFBX6P2jFkCpzLFntju7djjbtKAKr,4892853243998217209
tz1MiQ6euA3EEdnZxJ6EPwVsHzd6vQ7AHJmU,246968145895518415
tz1UFwr89hcJvC4sNCYK7zSLcaD4JW2KkNYD,1364378330332368004
tz1TiJBTfVoXxregtdgCs1rYd55APXSAmniz,248505982687523369
tz1ZPSGxrrPPfrmoGJgpXDArNJfNNy3qGvE4,112748321957277193
tz1iQ5n52oSKgdtdYtqEJgKmQYbL1nn2poB8,3061889628773879437
tz1gueZ7eL2KnvxqWudHjoTH3ZPiUCmwNKR6,380484806583356048
tz1QxepCwQ45EwtcxkgXZezHbnidvK7hUywy,2064616162938312417
tz1TVZgy4rejPUkEF3bsxLGNCp6H4gz4PaGf,1223810388997173091
tz1WT27PugwGBtre1hsj6BHmbAK2qQsVbRDo,327106692768501216
tz1fL2TsQR271w84MXx3qFD7y4PZ1F2mpHFA,914733914677443230
tz1KhU89QWZuuhhnDD1paFp1jYMdpJLh55im,758502491461495896
tz1QQyhTMAmNQPcSGkM7GfDva8hmuFPAxUMB,7688420998353905597
tz1htnC2n5n27PFD41q5X8bDvDcjbGMUS3f5,8302392423148268666
tz1PoickddNEkRN6qp4K41u4KUW43vZ1UDvF,4510565293272073100
tz1b9qYttBxHzoEseqabgvQiCxafZzkAtH9G,30662912586034169
tz1MQotPcNdc9R3nWCTwXLMDqKLS46WqW7Wx,1294092351633412554
tz1a89Pvs553YqhJdCfDdQrRuQeykHMvVSRX,21613462759994801
tz1favSqpvTLtedjTm1UjuEmKfgm4o9kyLd1,1721055877338567797
tz1XYuybht7U1RVsUip7H7S31fBDxpUgpTXP,153085928694
tz1YJvMiZyXnzvV9pxtAiuCFvaG7XoBZhbUQ,721716035694462371
tz1TmSForCvNii8rmwL6q2jgicQfqjNFtj8K,1454224438004488970
tz1Su8UYhcLvUPYABx7kYsWRVibZdiZPnmh3,10750282821971508914
tz1eoqCSmqPQtTLs53Rj6gBB14eQh2aHWVxu,327882572816354836
tz1XhZUHsJAFp4FHoeeQQ7auVBk5j6xoUKbS,39526887864932687
tz1Pwh2MBs6q2SeLHiko3iJpfMwsDV46bqQU,7402743279572234789
tz1hLWsybqnJtQRFp8skYy5aZLGNmL9bMUpa,792482062426202673
tz1PuYitvGfsBm7C3oYAXqNc3t5wNhWZj5Dh,701731891736587796
tz1dbCAvra65bwTVk5mgkYUHUGz3hoKwovZ8,329661876172878977
tz1T5NfkdPfhkXzYx8akPkdznxSgU1Uf5jEG,592400298874234123
tz1PYqfNnkpZydtSY2Tn3Rv8mjkgUpHJpFXC,1646293399792868375
tz1WidyAU8wuyG25Pd7b93bcx9hMu7W9Pea8,483601512472670804
tz2Mz3ovkZR2HyC89CHHSdsrPya1mKSmLWfD,114203741937832691
tz1ae2d1BJt7YUqaaec6Xenh3mBqS7VjSZtK,81294716765083462
tz1L1XwcVmD2z4qPfLtBJ6RPThgAwLcXG6kW,17260688042726261
tz1VeyZaPimHfrJFy8WwsCYzxHR3VmGTMpgK,169155886579952986
tz1epFVHmqeWvvkFf2eskwhQ1AY3JwWd7Ej6,340190961486729855
tz1QRcnskFh7eaV7QdEnjoYdDfrDqHgmmrvF,884764675926227643
tz1XybkRZWjLx3hwcy1hQ7PT6FWEhpHm1FBv,12218594287101716
tz1XcuwadWbLKkc4mDVxRo25dbtwfEa7wf2c,609677486505270829
tz1MkNbJTzf6uADvfSJKJvArvRoVvjk3tZz4,8538858620645146
tz1hvRvzke27MGtp8CsSvsafxyyMWSVYM1ut,56132715847252123
tz1a7MJ4HMNbWDhKZAqrvzX5P6u2E2mJyJiV,1180392830258190953
tz1citPWufjty33AZ9KwZDztqrTzdNjfQU7P,6896181269317293180
tz1b58mxvQAc98hbXjcrgjf5xnSwYXzi5gX6,7511977964486161
tz1WeLuPLjUs53Yr1RCgq4EQ4d5SvV651Tqt,43830411710572602237
tz1Wo716Gggp5HfupfxtPgmYu23rDQNcLcD8,1098080905773088801
tz1imyQrFWHyTp4avUNAw52RxdFjU3HPviRN,220602864912798129
tz1isKR8pS4pdgU934K1S4UpLsF56ECJNArh,408382098598946494
tz1ZVoeS9T3H451BgjTe18pM1q1LPd2cgB6Z,23897161932505363
tz1Kx4ydaiJHThd2nTgXR25JPTZtKyLG9KC1,102531552509238325
tz1eL4fYCgegW8tLCbQ1mYiKY3TdDxWnnKo8,655740182486025197
tz1Rhg2UDkjgLhemdSMtiGVGRmzwVLVaHArD,81433018915663751
tz1dPHDXSCFo8PienbvDMyCKr5DXjPMrZkJ1,472190349173934391
tz1eFe7ufhpTuqh3LHB7zYLuFgB1rFCPXnzN,2320401737932757
tz1fkkxXSMtSQew8F78XdsnaC26AfsXtsGiY,114637205072038369
tz1ZuiTWKXKqYfzFPaSaAG3Huf9QM1AdZ1pJ,417404626362817461
tz1RsCndtupuxe2U3syGAdcRBzpNqJZ9ANNc,8718574911223926785
tz1MrZQhiNiHK14oEq595DLsVQ9wC4Nv2ZXW,196264020960229030
tz1LJQ6MPnjGekNAmhFmkm8XWtM6UGx4MyF4,1995302098669464573
tz1hmxzW7MuU8HeRoCFPGZJnavGf5unqgaph,1199317283323825895
tz1Z6QqrAbEAMDLsis3v6b956sfH6qLTSEex,39281482706661364
tz1NnBgY2ze24nQDpdY72wb1GVsee1UfAT3d,43871428576912279
tz1dAW94vB3yYfNPE4LM2txBT8PQ21Zq4Xzf,98132031087835685
tz1eeR22tmjPN3rGDikEMvpe8jcdXww3dqTt,327106696039568069
tz1MsfyCeQEt7khed67HHsAidezZ1Th6mjzB,113438784636412773
tz1WBMWCwjuFSsiiLUWKEQHEACNEat2S3EsD,171897632803462196
tz2SuPjN8dYMJQe548bTvSPL1fdStZPXv7gT,15809083878576225045
tz1N33TtiYBQ67sw32rhCsMSVpZkrSHWe9aq,5108555744648286029
tz1QMjzbw5Yoi2zPqUeg2yuv5GZdmXjhh9mr,327110938286169012
tz1ZutSZgCHEzxspXyoSYSREhwHh5g4PM8hN,326519102259386258
tz1NrRkB19Su8iBGVTz1cXbG3oCw29GSmasw,261322608331015972
tz1NJS9T6FKTnKUkVNv2g44GHTAhzH77qiYw,663460247645108047
tz1URL5HNuTa1fHqqCtUKXUM3hm6g9c88NgF,1032895293904414
tz2M9C5x1KoZGoQ9xEY6fQ6Xwbe2GU1RTzRx,164276912054809856
tz1c8JTzmA6c7cm6ZmUwR7WES6akdiMa1kwt,517900280638017703
tz1XRTNgXgWmR4PqxZpiB6HZJ8Siz3M2JAim,154997650398207194
tz1LxL9L2SmaFYw7XhyATaRAiLWCgxKmycBC,779173103222252834
tz1imbraxLCQ9TUpnJVP31LS18hpTqG5wv1k,367614220961477107
tz1iDuz9LvybPBC4kDc7ceBoKVDwwzJR7zKb,10029773349813204863
tz2HYjnnRbzPpUGMUYGKVXDnsfSKKqH3aCVT,1758669397221357093
tz1eiyML8sHGBL139FwJQJeLGHWAFtDqPz4U,32710670160038171
tz1YQDCB6Hbn2ozMyS2kf6WPJDeRvJtmtNqQ,191295206569110085
tz1eeNRXYK56vgSfXHFcXorubcaBBCVpUY1Y,9134995380062828
tz1TQw8erN1a2LpfRSNMExicRXMveBPbvTKE,119721046799
tz1gaRjULm9qy4D83VCvb4ABWLKpz4XXfqjx,158537271512137167
tz1hAZNx3LrRKFgfRytoLNVGhCrzU1uVDUHS,759232434443784947
tz2HGysnSAQAetSyFYCa7SoH6XXVwbVqMHnM,1075583376128159625
tz1W28xB2eAvRGCXmVduC63Gx6gGDp87zqbB,1550486073240606753
tz1gJaXdi7Gweq8TUSy9knB2wLjioTKy2tZF,1600032690186597022
tz1PoXtd7RGVBwWmmZvxX18NQXYpbNdiwwtE,905252760770497424
tz1RLCvv7wrWq4hTmyKk1zZuZeuUXNViSgRD,9348304671606665892
tz1fXXFNod2gQDT2Vf9ibBortMmsKKorUv7Q,20797534193240320
tz1QFk2DJhPkzp2nCN7Thpo4askJjQ3Zw6BU,331940687131440515
tz1bRDYJHp3ACUojEeM6Ja442YEwNmcb7ph9,321094997554140433
tz1MDs7ym4sp2FsQhL32vuAnEqG3ARhM9Vi4,323448038583707828
tz1Xy5UM1tC3CFcbPBVq5PjufaxcLjMwfQkE,9403393778622667
tz1RAKBnmd1X43pkkGqywYCRgf1Uo6D77zMx,9402732368905102
tz1ezWyS2cFiqrNyiSVz5VKEKnmDN9Ah1zSR,855789073936701253
tz1cXwKRD6AMy5nhqEVUU23SBxcAMnh2aKLn,104853859541849260
tz1WNQE7B2s8woZp1d5U4SeRKHmssN7TvsDi,99940278595236317
tz1imrUNR1R52GxhP4y6XQCDDXtQs11GarTN,6784282606320726
tz1chab75LnyqBqNwrK11459SGCFQXLg9uyx,101657246181705317
tz1USfPTFciXzVsQL7Rk8HmMWyWtFEas7fh3,375918391042308166
tz1btYY98CWBVCGEikD7s1buWjpicb9kG8aH,7061382202845566
tz1fj962xSPKTA57yWHA43VeVzo8KqdpNAeF,32367280092480167
tz1ioU6W4otB7ebgRZTq1EVVra3vMyXqeqsm,88550843377048351
tz1N8oU57qMgDRr6N9pSbhaiWRRQSxJRPGoZ,362334056860103762
tz1fCEeLBcuSMSittqTnMEhcFdPCtD1HsiZc,34766871288262356
tz1WsKkY3TLDvqTuK97Xu4zuVoTb2nsr7J8S,60480656833224838
tz1dAekzaZ2VrjvuNxoaTZ4dY9XjgrjBvBro,186699628187267126
tz2DsS3zeg4pqoUnRPHxvuRSuQrjDnTZcTNJ,3543585191609172
tz1gSGxwMrToBdzLeaxg4Bregv6W2oEbNLC8,3040650192630762506
tz1dWwKG6Z9unqwonQUWV65gkz2YhABiwF1R,419794056560025494
tz1X8AQxtn4KzBwMZ6MZUVFDcACrfnyfYhDg,134767954320
tz1KxARuCbAoiGGesnQjr2pvZa7CzJR7V9D7,238625882605657144
tz1LGVwoTMUhi76Jc8TeaNUQhanfeLLNF4xm,189293456003261528
tz1QS7N8HnRBG2RNh3Kjty58XFXuLFVdnKGY,19606510765643006639
tz1RAP1j8SjwT587jyccTNArBFhC9HhGKfHq,42040070770924983
tz1QiZCuJMuVz3aq7j1Bq2v3BRTQPCdTw3Fb,642050190365220503
tz1L8hBVpams2fWFC9kS1sPVxfGY6Hmg5TQ8,91308687690909792
tz1TQSPkLPqXUREhxvYzPbAib6Jz35w2a6tw,298069941624407280
tz1XD1xSVzgY8Qs1id1kNyFJDbv9e9pNMe2c,163565817163072233
tz1Tk1MJDZ96bK85RLAqtKfnptZZyXsJ2jaq,79326539559368212
tz1avT6pCusXgxhnffuJzk49Vq5QppLVegHB,127086891134278605
tz1RKg4C5yKTzm28Qj9gKmfUozCDrctDpx4G,342749145767838054
tz1Kw5M75chWdw3HUBMg2bsp164TrVXRsGJR,80185375182895781
tz1hes6aF3Px3D8nPQx27fdwBKrXmGs1UYxT,166877023276869127
tz1c1BG1PEeuhMFwmonTVSGafehicqbBJFec,27796683485302941
tz1WtkHVMtif3DXVCZ9pUCqWcBsmqgFjgdkk,7395377448934564
tz1THwbFPPPBHmBu4cmLV2SppLFrA5QfBhyF,115574905124189399
tz1U1aA8tyN6QByoYLhSvNu3krJPLYqnkRVa,165570741047317404
tz1QSwx2wnmrTjEGrid79c4tpFMxjCT86SAy,279747023687350514
tz1RcJYTsoYQ7adtNMANhwd8qf4zApM4i2Yd,150792086195160924
tz1cvrgSekgCqgyc1c2qFPSeMtux6AAAfDsk,135095061006
tz1a1ZcbAeBEjxYSwuNKxSu6FbFB4dxdL3m9,3833635070042149
tz1NZnfrNgCGdECyAhA93TLPTSciJcZBJqDY,217246733636458405
tz1UGuKv6PzgVbofb42VgeRwDwsVN47UpuZB,552575175414309486
tz1eCzNtidHvVgeRzQ38C81FPcYnxMsCEL6Z,3271066858992608265
tz1N3nvFqipu91tfU9s4GXGsopawpwxSoAJh,26896346540060656
tz1LFeLTRQZrgKxbmvjz2ckViRhVw9BZXw7t,6483137517738783022
tz1XuzzMTz1LhqbRPy9uxfRkccSxju3v8Y4j,303681579147686351
tz1MoiwNRQWHfA71aypNk8J9CsKjfmq39c2F,1171873901227122425
tz1hhphPmGxL6HEmEjoVSJBy82FMWbFwzNCD,6550554412299212
tz1YHLm7Lq27q3rgVXLY424zQMkvncVvNiaK,35981740283555498
tz1fKtBhuuZiMYhM3Pi1hcP2sjRbstgDrmqX,10528493250750585
tz1XEA7cp83PyiXfSxWu3uHjA3EF6Gdh3Vhq,35393902747421958
tz1UXMLCt7dqbUiJ2BHRhE1gFkdVkmCZYcM9,11533315921820584
tz1iKF8o1hCLaTNZcCJpgKQBQxkpcSiBy5V6,462010109164167818
tz1c2iwyckUCcicx2qxqtwLEartYFEHg1pvB,210320524346010131
tz1PQDUDph7dDCn8pLGXqaR79DiUWLiSZdEf,1309750094580537801
tz1fUZ5pMP1gUjuJsp5V631cXmA87Kxm3cuZ,82272623140641995
tz1KiUXfWuF65Ck5zY4otx8t5pHToY8stYhj,103808423387607645
tz1YQXd4LjZfDaKRvSTwBEwgggREFfX95JUc,63007043641635951
tz1hM6Pz2e5vJbd1YYkYHcj5RL7tXhcn59Xr,3196309937276119
tz1NVsmLrZX4jad9bNdvM1EskvcTq2LSZhLx,668958432562363450
tz1cBNfPUb3Gi6oezs6fpXtki8EzSwjnoNGS,180909571868799679
tz1h1ybLPkwDH85opBrU6hge8wSsRQBnAghf,133177583734937640
tz1PKoh9LB2P3pgh5ahaAFnrC2QBmUxcHDJU,101693834941625552
tz1cqoo91JCc6sKmNuTVKNzwUdi6E6moHWFb,432051672457019079
tz1ZGNErBKdYeEPjZuqKXhyTixQTTPn54bx3,65314341981929500
tz1iUyniY5PPWrzE53cs6jBwNKUun4btzMcW,163056479129250830
tz1XoiGxnmjnkaKcNyG4rrHNNEoh1u5VidxY,90723442802363504
tz1QVUXNoyCfKpAyxDpq8kR3rK2AShuzQxJ5,1116045179688055989
tz2HZ2yRFd9F3uLcKnLukEXhuUz3HqhZf8mA,1971612835192340846
tz1UVTMhbMiSETKCxFi413yZ7imF1xeyt3fV,333700082782553323
tz1XisBzUGgCmvC7pNS6hxvQ5hMvXUTd1p7D,5496652949131383
tz1S5TbsJCWmCyRh3ghJ2rWwQHHbcvoh1uYV,3271066859646821636
tz1UAYfFWmaTrQTYMptaGCw6LrXK5Yv84VnQ,1776347620516266
tz1hLhGe26gqt78sZboxiwne6zgKMqirRieW,428692573017902031
tz1YfiydbiaKMGPuavawX4rQtXdn9wgpdDKS,114549794142270988
tz1RYTr2WKdJD1MMV51kN9AoxPnxZJgJ5sqU,17824686370745827
tz1R6mtcAQwBTK9YpSqRL9y2a6JZWgDkBm6M,1592288810509533391
tz1Sv2XMQNxcAqyqyyv42FHjf3EGwJ3Godj1,1841759524789793369
tz1NCsGajb5YgZdhdviKrfisN3VteMasnzQi,58167621308852019
tz1Vh4cX8VutUUUnnjmnY2omSV4F26T5orLH,263924525749605219
tz1hgSYGDwHFqC5AwW3P7vYfXfdwwsx4ALAN,72177736730426
tz1QGCWjNpYmcS6T9qFGYSam25e36WeFUCK4,196640533512106805
tz1URdfSGhAfbtpEkjWBmpTt3pyLmxdHdPYy,5241181075145164
tz1LApX9pPhcDUDznHR5TTCcSXh3m6zPgFHA,105243954871725150
tz1hUY7paB2J5EhD73r4oWL6uZubf1UibHrk,353051021796797667
tz1MgDFQvyV8Vfc48HgeqMbCD2Po7nhoWDeL,103515044954942926
tz1PWZTKd1zhfuxrixGJoHJ6G17SQiypwe5m,162572022566
tz1V1Hu7nMcgVuMKDEZickAKHHZavLKTB7Vh,175002076606
tz1NKHjwrYfg7GWwbWZ3bvdejkVL34De72Pz,171403903068
tz1RaZeHEiKewSd14gZ7HKfcQ3HaNHJ5tnV6,3525822195937195353
tz1aiLrqvULcV2Kfvzt9dUmqnLQnoNXPPek8,141637194711
tz1M2h2hPZzov29kf7xcHXrunXb2jFSbfiNd,1643778789720408355
tz1MToDUySbYhPabULUyDPPsfDQF1cpZPdoH,246318653001603092
tz1gMfLSQs6xTM2TcLM6Sb2njJ6h9qhSsT9Z,32428853323166635
tz1LSFyZ4z6k34KQ9rsoxE6gTgmik1nn2Zmy,3474965010463934681
tz1Mt4ddsTmDs4of6kkWYvMWSUtM8zbGNMq2,159165628134130
tz1UNTxRbAYTSBSdHMjoUoYAtLH4MHMUiGwg,33713823347120636
tz1YUJitqsUrFfFzEp1d2RiqVwV61J8aPb4E,1880451176425579
tz1TqqKqc4t2Y6PTvxeuhF8kNjVn8HpZkKma,222969605992178985
tz2VoUZvPNLyq9bZ82VoDLrhkH8n6eaUoS6E,42113092683938655
tz1ZvbLR47deoqaSgsaRXe7hbgDgwonBicnV,1644107406763430394
tz1L8m6MGdvK2WA65wQ7DeVwXVmCS72JKWeN,22117972209417823634
tz1iCJRFVD1oY7yQBap6X59XktpKHJtgCGyS,9313194845472478
tz1bnWUvcfU77EBpbLUQ41c3hCBKovGuqyGY,587980820341617025
tz1STAzkywd9GnKGvJBPL4xWte3LCniyu5ho,168717747466958927
tz1g6cLrzLxNayiVyb7BLsKK6TfwboqWaYPx,6423432925696204
tz2Q6ugZbronUHSk8fbuHibBrBEJwrzgtL8X,47006315271526304
tz2Kn9u9cxvTczP6CjirJnEE1UApmoCzuGPB,132287646921179253
tz1aHfKHR887WzmpA56K2diKDufR3QJqn9iK,8796163248890812344
tz1fcuYiLoHA1qD8vLJmSJPPKhGANGLJZgin,129407293038837
tz1bdbHUpDrUx7m5g4VTSkjnc3mxnquzRTcw,1643255592370142909
tz1NoV2nnTuxavEAuozNyHm4nqT3qtkYUNYW,349454568364585
tz1TQJjDtzUWWAa5a9H61iyPZmuKRfX9hXi8,14986217572433
tz1ewd8gDnG3USrTRJVdbpsyieVv9fWDMPNk,278775139146317287
tz1PwxV2kaHhubkYaRWTnGBvsxXswz7V9GWc,673568173909136553
tz1Tpms3fccT8x1pVY9BQKgnvppew71pTDDd,21649646426001455
tz1bNLPqmLVxWF6puxbFZHU1yCJLiCZmHH2E,568043912710190
tz1ajJzH5YBGRuXnU7QDJzY2qVRGcysUbxJE,22655915450011055
tz1YT4u9DnGFiRM8AXXACY8LWuV1rW3A2hFb,1792459402692412482
tz1QppHuA9TUoFN5Ek2ZSmRPdU1xQiwRSnPb,6074473766501738
tz1fne8nhZuSRgzaQPyaomKQcFRfthyicBQc,19734546020546264
tz1PGFWJqZhk5BabfqxfYixpVH9S8vY7NKj8,4960900931725533
tz1Uva3ynPUXqpAsWJ3CxcXVPG7HEXB19rzU,195708657322693966
tz1cGZNvVyHrKgbRu4b23Nw896JD6GYhZKQm,195290573401793650
tz1i9THBDe13YzhSmcdpcWKJrL4raaJ1cpN3,194937277240746085
tz1apbBneTw4Ap2kdmv7gfTv4kDPYbR5HAkn,164676723305407369
tz1MJ4C21XhL6B3YptprRWMuL8oeJquUhz4u,4151883235803426774
tz1SMoz8tsJzeQPtGhPEjPnanQMvFc5KitVh,10590454918811628
tz1XuNQgqT23u9KcwmRLGGQ6w2n6dCE4bmoV,5074265210393848973
tz1WrZ2Th2eCuq5NuZb8nHXPJUjaBE25Uwgv,31253115423217
tz1QRRG3oUJBo66xvidmpzuwPuoVBBtLxUaG,21095612118175471
tz1idC7XEoSZ45sXLwp1ujYJ3yNFi2tkLT7A,1188237136751428
tz1d4649CmmMEzXBWzhTgTkFxy9ATNhb5HC3,2081371068994036
tz2CrWArLr8eRCj6mp6yYQAKshR9MuyaK3Qu,207216626840831651
tz1UdGjnCNd5ifzEShXft78CmazG9gj4fdrN,6882990686859261
tz1WqkwtGV3ttnchD3bqmucZwByduHq8EN8f,81849648847018
tz1fvhxJtMzKYkXM3fvXrQEyAXyMLYayTtZ2,915857199954379018
tz1dVTewmwhAqfBcAgDuDuF2sPUaafuPA8mr,191165487174287253
tz1ScePe2eXYo1RBdEe12hNY8KrvHyjFhHw6,44112000811764478
tz1XNmNga2NyqFiNpmEN66fpySDoGWoKpKXB,2532703628948336008
tz1dXpsNAWLHVYNWSqhrHCHT6wh6L1fKZfo1,31721728612680455
tz1N2AezxpvrXzvGaqNVW9BqXxJ6Rcup9M4p,272344788344134
tz1iFKBz9HbJDp6omQGG9LC9bTXF4zKdkJfR,709495279053270
tz1cp312oRvwp5honfR55EsWUF1nA7QZYxT7,335901499353825
tz1fFCF6FogyPLLjSk3FNTG7gVdDWfPCWVni,16975471437835
tz1WUmNdnrv1w75V7ntFSt5kSuyQfYuo2hqK,52705525665025983
tz1LYQiMSoy34xAUD2NnsJLCTmb8HYYR9th9,6751369181331483
tz1VYa9SB4LtsHLWZnJXc1JuL7wuX46orE2Z,1438678463909381434
tz1d9NBC61N2Xjo9LvXAQsKPqC4HaL1mFD9X,1098542540176677555
tz1cAxm3wHEUX9tY87sSfdVfHgCWcPCTkNTA,75071803263741053
tz1iNdzx7BJpGD2e2YaV2QbsteMQWMAXjjDf,468966434308285937
tz1YrFGJ542U6jpYHpe7BFHxNfa2mb1wpAdH,453015104190803
tz1SPVSDCDpbqigKWVYnbgHEudxSM3BASPZj,496281977403585638
tz1f7C7HeTczoCxoo8oQ3vBDRQTiNM3tFTZu,40656495891552270
tz1P8pHeW6qWzBkgeDvi3bc8depN63r5tt5s,18081751125813610
tz1iZnkruZaYGv3dfER3wEasjJj5xpaTtMjN,107126552900243301
tz1Y1svqGfYwEN9J3ne2WLEuzUVnwzP5qoYW,42164123534809
tz1YmwJZfEerVMbc8uuJc7xUzE64ma3Xfu7L,2965711497689341
tz1aQbe92zZy6MNeRFtgmgV5dV5R4BNTdqK1,2951952444724638
tz1THz87Wwo5DL34CELa6psvuH8RXShPmSbc,740709496439202
tz1cgAHrLkuj5NrLmQ6LnELKFKu3i13CokzB,20222608844096
tz1eQ9skdokeeUyTc4SdNQMPigjZ8JY4kzus,1669060225191753
tz1S35xPc2sh4kK5hd7KujsWU1G3SUdCnFqp,205177341794064
tz1dYEEirVkgSnE7eGK9vFUwxWBqibkafs8W,606953129838333
tz1VLGH7SJ4HA6kDXRiHYqVFkn2btjnoxqib,358000385660407
tz1XYkmAHtkZFjZLdWNoL2BTqUws4oD4H1PR,262295047418194
tz1dCyFm9jxuhxJEi8UW5sgiS7TFubaNT1J7,4332940967003
