Address,Amount
tz1NRbpmTuPEFCCYCqCr7i3hkMRDRhBFgmxz,1272683
tz1RDbEW7YUkwnnDdMNieSiF6kB4XBws7QSg,7033487
tz1eqt71cHna4YgyNg3ao6x22xU7c7CZXxcf,48459
tz1SBxNvpDFC4bjW23CtQfVLqN5cBATVf68B,5141696
tz1Rgo7URug42QnhBM6eLy4MWdfwn4RovHy6,1106403807
tz1YTQ3Lys25j8FhZQY61eoYErYUteSao3ez,2317765
tz1R3bKH1seset2h49p4vrZJCEL8voJgSK2G,386245
tz1bdRJkGkNQ7homh4PTnkVM7xzVWhuC4EMm,138175253
tz1Z2Ne4ZHxNPuCJeCcoykHVXTqhVdLMD9gV,336564383
tz1Qji1NnEPj4Cxa9s2WEoWi9U9KM6a9gdDL,34869928
tz1cmanHzitf3UgWgECzLpGUKpzEfmGZaFsw,6085556
tz1eZFb4bNMMdveGT7BPcktbYsurg2e8r1xR,5475
tz1RartAmPJhFsL9oAhZndSL2G7KCsaQqqkf,2308939207
tz1MyqKoe43P4Z8MfHoXVBTrohgcbehp2zLL,36048569
tz1SRcMg9GRXi7paNeAc3ARn23mS3Z5dXa6S,2706886
tz1hD7VdzRpWG3nmYpCyW2gNc8mQNs3TCgxu,39862
tz1f38MX7YT2Q7MAq3mDdj75GTN7vgqV2TfH,15117
tz1aBDeNFooBEmBXnWDVgLknNMUHMYhHVcRA,281333356
tz1hD5k7QW9ChHCgb2YLthKFirKDYQiNPDJz,7816192
tz1ZL7ekzieKxwngCCyjsCN5qhu1ohwJQEBy,16545739
tz1enbGpES1NDr2kTaocDhxvMqtpMy4ruhW6,6583461
tz1ehGMhxarDhwppx14PX1Y3eqbZ5W9Bc2Y1,1636951
tz1LN3wPFYuS5fCnodwxT94xVFLPtcFHvcHk,100269
tz1ed4brTwpFg8hFUJSJ4HqnsC7sEjVesMtb,46015175
tz1QJE62jTxHis7kZkbDT2zsYZyauNDNzWg7,20473474
tz1gWt7kUnJtGXoT5BYzHVa89qGp6QVvQmyp,128244475
tz1epR6pJmPaJ8vvzNi6V1T51ccocX1Y4VBb,837313
tz1W19DveaP3mW4WvFtdVdqGsWwBL5q1QDSK,169945978
tz1esdEqZC5Nz3HDFseHvpH6SmQJPocxLzA2,8431212
tz1XyTsb9DwkPru3eU1Cwnr5JkihEi5eisHo,646442
tz1ULQQ3S4kFLhhpPsegiMVFmXx2G6ewmbTA,83649994
tz2Lqs8WFf2HDG1RoxG3EAtuHjDS27XQANWT,2315
tz1LRrXCmELevk5znmVcYD63TChSpYh3vaE6,18152
tz1S8GvdiWQghwPMMzbNvRh66rcfmhEA6vj2,176090135
tz1N9qzry2ko1gwTK6HKWamZZK6FGx3Vr89U,373416
tz1M5swezYMnDaim71PSeb2cPFk49ajrvDV6,10550453
tz1QQ4HyGbCZDmQxeVHoLP99KLyfvGvyX21i,212968883
tz1WKygtstVY96oyc6Rmk945dMf33LeihgWT,33848727
tz1Rux3pGrp2KpZUBKvg3VQ4edRYVJsapr4z,3982184
tz1LWMmDzH79xyu6JvELrnvWLBBVjZg7TnfN,121654112
tz1RfSFe1dxP7wh1zSffEnskgqvVVWKNKZG1,557293
tz1czGMShkB8ZtCHKHeCPTY3CpuiCrjsGJBy,1337999
tz1UQ6cQZef4MuskJjV9g8pXNZa5s8ff1oQy,14669751
tz1dTmMLY7tan1HKfW5e3KxJcfZput6UuTH6,25241
tz1daKxrqyoFUCcuQj36BeMN9C1Ytmjg5p6n,23679982
tz1YZ4VZCRPoiDyGP3U69jCq2S8duDUcRjHP,1691999
tz1L5rXu3RqYBjZzjWXLaFANYZcwS5Pb1ZST,24993897
tz1NkFRjmkqqcGkAhqe78fdgemDNKXvL7Bod,19033815
tz1QkQLtDkqpw8VSymi13A86jh5iaCeMriMJ,134893178
tz1h6J2pn9X3KMghNHZikrh3PtEpgCcRAjHZ,29400744
tz1VCyNit49HjTmz8SEgeL67x4BLuoTaeYMy,175862189
tz1gACjUSBkWjqWv5ZBMRk6G9Sp8xNAYgwYV,10802111
tz1ieVZFcRity1eybQtgUyGg8NLEYWNqKtQe,5020977
tz1T5GmdYXDWwbhBrU7RubT7Z2dmz3ZmKwCE,90256066
tz1XLpud4YtVgwiAJezLKUsAo9K2s8n2YPqx,2536
tz1gmajxhmKt22CbcsSA7WWXSATgbuVEmzTC,13725332
tz1cfzEz3R8YKMqC2rbKnr2XtpNjZxH6RGdy,2458746
tz1hR9eQYNNTZ4VGUeipK4PHtyyDEDmQ9dSf,53695612
tz1RxeY78zE8hNJbqPypB1mTVyTsBRmPuqry,7130733
tz1SBF19iLiCc8dNpKe1Ym9juSAKaTPyeypF,7563
tz1X6ADVxP37XjYppBHMLVRJQwmxA2YxztbQ,738516
tz1T1u1CET7ek19f5P59vCdjTNFWAscYQ5ct,26623712
tz1V9qHfFxixcXJKWuEziUqvdrQ7BWpPnWTa,35865686
tz1Lqnwap8kKynTpefqqSH158i667Wdg8HVA,10537752
tz1Kp19QyYUnXuE6cxuXxsfQZbyqv5JtKPku,3
tz1cnojsw9qgMbdpgPeCcWPf5GX4YPvd4HAh,31368035
tz1fbJACCskangcgy9xjDSiEYgh7CUmSo9oc,1268468
tz1dKaw4xdNjfufDSLWRxumNBwe2VX4mxXyW,6966269
tz1RJf644pa7QAZqKzrPQGiYQPyubXarC4cv,332307
tz1YSwscBZCf26kSPvqsnUdhnS4XQD6mAjcz,314096033
tz1iCiA1vKmgfZbY533ZgMwFKZ14S1DQNooQ,1333275
tz1hNGWJUFPFV7AWLXvxGzJVEfCZ8KJ77PJA,5156218
tz1Qm3DHkV7V6peZPyWe4rv6aToH3nRmWEH7,2147035
tz1KsiwkQ9pyrt4Ra7QrAQp5LQJCGxHQrY1n,8516
tz1eKTUc8X17nVmtVRtxBcs3hwUPXWuqP2AS,248692701
tz1fkZtnjNfQHtEyUpyX9Tqq4RrLKx35qBxf,9148470
tz1chg2T1s4DTjLqthPc49HDcqkFHMwdSPwb,28808884
tz1Uzm53vPr2Giyi32yT9GUvBErKqHPBjvQL,23823
tz1aR3nrJgUyU5B623U9s1MtMsMjA5Wz5c3G,54942215
tz1YaPLZuVmZaKB69BjJXKUDgNaZrxBR4Lfn,1531057
tz1WNk2o2hJvzjuZRNmZQwjLQuv24wDv1zjU,4316
tz1QmBcwm7RH6swEYNpsZZfAWCCFaW6wugVT,129179969
tz1LxqBcvRbZhp34C2ab62CMy49wFbsQSzD7,744562
tz2Kmi3xEnXk8c7zqWSQqSSyfNpWt6ovG38D,153195930
tz1LgePVXLZYNhHoRQ6KgHfQjQ1uq7JJPZDa,1193193
tz1gk77xzDAG3sif9eFvsqUnzaGh4MrzaCp3,62831242
tz1cWUkZFBZ72Yn9desxcgS9KdH4BVfqd2ZW,30793654
tz1a3LNYNZTNN2SLMjWSUc5jtLWFvZ1kC7BR,661587522
tz1SGPStfd9v5upQUxRiHPC9666X4FpVAmK4,64408
tz1iF629Cc91SJkmQRAWAm6nYavf7RgpAqZh,57782
tz1WHGwmdEr4iruf4v9r6bdHgzC5v8SKYTkV,3410373
tz1Uza3jMhipiQMtmeEidizjbSqnqZMQyRv7,1732
tz1YqsEWdPxBmqVKsJircrwBmCmZDtHAgHzp,859286091
tz1ZLMaECyswARea2bTsBws9eMjgUm4jG8Uj,106335001
tz1NySiq6aHysD6Rpu4bYhFaVe3ASya2qB8D,7156124
tz1USU2xSWb7CBYGJYat2X7An9sr3cFfsLwi,4368417
tz1aoYg1xYeEdnLrAJ7y2r1T3aMBCyms6ppJ,78149
tz1WxCJ3UpzyWsXmmkE1YjYzbBv6jXYkbFYV,5184361
tz1fq3tMpnnsZ944DVxcJqsVNGsWTPvqJzvo,4455221
tz1PrecMTmNArbdvQxtZLUVUBT8rcC86dKZC,142594
tz1Q1LWn8wCK77L4xetjbH3Ar7sDaSANezZx,996313
tz1dugdoeZULYPA9phfkpofrP95rFqhZNXeR,10558
tz1UecmgMghaWovhh9EYfqTrK9gTtaiMtbzs,1150
tz1gGwXf6Ggkv9T4jGmp58jUMU2Gh2vYjDyH,3364048
tz1QjPnpmqAJYSfDtDM7uTf5bkZDNY7eBECd,11614348
tz1aVZZd883FwyEx5g2o3TgQ7pwEYi2f6apg,15639173
tz2MzvuRU1GEKi9udpqzLpGYfDoZTiKZ3C4C,39088109
tz1SEox4m6JwzUjLL2daQMKU7XDrvsEukR7X,670077
tz1XJqUrY2okTwoJFgHFJKQV98tsn2oC6Twj,3226758
tz1VqXA6L6hPEFjvsgWv7Viw4xQn5GyNszzy,312322033
tz1Wf1Lqz1yHm27P2RQJAVV2CMxnhYK4bBGc,11522459
tz1cTS1WwovU7SC783xgJxZrzr151mcshmNi,889712
tz1f4Z9FJfgStP7v6Rj7BMJnWJ9Mb1NdAGsS,12390
tz1ersiy3MYVu89DFXvW7Qb8AM6LYptSsoT7,14137130
tz1UFF5DSDDtk3fM1ewaLvVG6fhaAeCdgYEt,1086663
tz1dcpUhXGeXexEXispSpfv7CeufoFnV7AAf,86919481
tz1RKRhkvC7MQgKfPejvNaHGshWUDsyJKZdT,51307443
tz1SHzbhYsbX6Uk51hJC4JkjgWM1gWaSwBqQ,2846674
tz1NW1MMFL3jytxBjhx1qATMJyY47vLBMa4p,1280913
tz1QRm2TJKnarZ9tbL5CNjN4Ltq9pJtytuk7,3
tz1WJpBDRGfa21un4yQDKTGXZw561nsGg7Qe,78946
tz1UXAsfFeufr6p2PafNr2oXNrTDSdtwwdgm,1150420
tz1YPUNi7KW28VxZNEu3fNkRkJG55G9p7wsN,1647
tz1YpusrSty7ULz7w9sM814trSRmM1aNbmZd,58383398
tz1cuj9Cgi19KMRi83UuypS89kXM435qdhmy,139633
tz1htwxBMBFikeP8SnQiEQyA9n1ryDrDFyLK,715612
tz1XTyukKgkqq9P83UkV15np7EtSSEy4kAeY,732977
tz1WMFtCLLeRiayH19ZiaErKq4Zu9p5N73Sr,20157
tz1RFUjzPENm3vF7quaxfELQCfNTCSjAsFdA,7054840
tz1cLd3gXJ9Fk5c648hRzFvTnGfT97CxcHrj,12012202
tz1Te5JR7gzDBwtZLKPWSPuTGFE4JX21vVur,276
tz1YDRhXyq5ZHMoHXJX67rHSrUFTqhYjFo86,826518
tz1NGDuYTuuB1geX1K5b88cqa8JinFLdd3d5,3578075
tz1XykUaKpskyp7hDEZjmuNTk4gFU58a46KC,410498406
tz1dghYwdzvHc3tYHp8iHpNUSpmAvvs8Zjs8,177050127
tz1PuipWs33aqS2KSG5k1qQtC6Dff1P1GBmM,2678290
tz1ZNxMa8XsMa8JTv776X9iCETcNoo4SY629,1563282483
tz1iAAJhH465Cf3BnsKQ744XHypQGY1v7Ps9,3
tz1a5QW18ULwjJK71LSc7UqNGgryrFouHzf1,522580
tz1Z1ZX2B98nEAvEnLXJBCnsJ6K1GqaSp9jK,2572805
tz1enT2GWv7U8jyPmmoVb228u8hvi6hJh5FF,6706206
tz1gVon2mQhvutR49Yd5XK6k4ypwWfFjMZtz,2
tz2HSz8b961xoDjDLy3aFGogvW4HEqXXdcR6,3674648
tz1eSGjgq2NmLWnaQFQxafXK8ZQF5V7Sz72y,306800118
tz2EP3fw5CbUUgJdx4c3Xono8Gbc8PLXGRM9,5410965
tz1ZhteLTqobRVCYsPj44oFfom5BJ2SdGxeE,5527357
tz1aRF3qMDrbN95f8dGYTKPaey6J2qQQnk8j,1801074334
tz2ALu8Jxf2SMgzSZaZEwfiJQbogpUDPStwz,3
tz1fCHiWZ3ReGqvhxkMejVzcnXYz1rnsJpow,146940332
tz1Mdpj1npkpaxPHF2wFN6oX8SovVPfHyXSy,1787315
tz1L1i5BVehYJBebCGvPYU9kZYGKBELGUJGH,44679642
tz1TR56EbNTEEDeRrsPzQzoyvwFgZT25q3JR,2477217
tz1XbQgDFCaT228TPS2YUeHHfpVqGW7ANCDw,1090
tz1S1Aew75hMrPUymqenKfHo8FspppXKpW7h,299963
tz1Wb4LakUUYuFuuEgXXQrNZuBD49Trodhwx,2827747
tz1RAfKUFBX6P2jFkCpzLFntju7djjbtKAKr,105760314
tz1MiQ6euA3EEdnZxJ6EPwVsHzd6vQ7AHJmU,6
tz1UFwr89hcJvC4sNCYK7zSLcaD4JW2KkNYD,30103868
tz1TiJBTfVoXxregtdgCs1rYd55APXSAmniz,4
tz1ZPSGxrrPPfrmoGJgpXDArNJfNNy3qGvE4,2466598
tz1iQ5n52oSKgdtdYtqEJgKmQYbL1nn2poB8,66985065
tz1gueZ7eL2KnvxqWudHjoTH3ZPiUCmwNKR6,8323879
tz1QxepCwQ45EwtcxkgXZezHbnidvK7hUywy,45167679
tz1WT27PugwGBtre1hsj6BHmbAK2qQsVbRDo,11154198
tz1fL2TsQR271w84MXx3qFD7y4PZ1F2mpHFA,91
tz1KhU89QWZuuhhnDD1paFp1jYMdpJLh55im,16593785
tz1QQyhTMAmNQPcSGkM7GfDva8hmuFPAxUMB,11083475
tz1htnC2n5n27PFD41q5X8bDvDcjbGMUS3f5,181631726
tz1PoickddNEkRN6qp4K41u4KUW43vZ1UDvF,368356
tz1b9qYttBxHzoEseqabgvQiCxafZzkAtH9G,78254527
tz1MQotPcNdc9R3nWCTwXLMDqKLS46WqW7Wx,28310903
tz1favSqpvTLtedjTm1UjuEmKfgm4o9kyLd1,63823797
tz1XYuybht7U1RVsUip7H7S31fBDxpUgpTXP,3
tz1WHUWCMqVqq5AagGN5DrytqWz88tYgedUr,3093270
tz1YJvMiZyXnzvV9pxtAiuCFvaG7XoBZhbUQ,15789006
tz1TmSForCvNii8rmwL6q2jgicQfqjNFtj8K,31814118
tz1eoqCSmqPQtTLs53Rj6gBB14eQh2aHWVxu,638799
tz1XhZUHsJAFp4FHoeeQQ7auVBk5j6xoUKbS,864731
tz1Pwh2MBs6q2SeLHiko3iJpfMwsDV46bqQU,161950071
tz1hLWsybqnJtQRFp8skYy5aZLGNmL9bMUpa,17337157
tz1PuYitvGfsBm7C3oYAXqNc3t5wNhWZj5Dh,15351812
tz1dbCAvra65bwTVk5mgkYUHUGz3hoKwovZ8,5163903
tz1T5NfkdPfhkXzYx8akPkdznxSgU1Uf5jEG,12959961
tz1PYqfNnkpZydtSY2Tn3Rv8mjkgUpHJpFXC,36016017
tz1WidyAU8wuyG25Pd7b93bcx9hMu7W9Pea8,360273
tz2Mz3ovkZR2HyC89CHHSdsrPya1mKSmLWfD,2498439
tz1ae2d1BJt7YUqaaec6Xenh3mBqS7VjSZtK,2240836
tz1g1vr7gbU7kwxVqmbmnovTGtdeRxFE6uBk,586924
tz1L1XwcVmD2z4qPfLtBJ6RPThgAwLcXG6kW,377612
tz1epFVHmqeWvvkFf2eskwhQ1AY3JwWd7Ej6,7442369
tz1QRcnskFh7eaV7QdEnjoYdDfrDqHgmmrvF,19356027
tz1XybkRZWjLx3hwcy1hQ7PT6FWEhpHm1FBv,1892747
tz1XcuwadWbLKkc4mDVxRo25dbtwfEa7wf2c,13337935
tz1hvRvzke27MGtp8CsSvsafxyyMWSVYM1ut,675076
tz1a7MJ4HMNbWDhKZAqrvzX5P6u2E2mJyJiV,25823494
tz1WeLuPLjUs53Yr1RCgq4EQ4d5SvV651Tqt,253489
tz1Wo716Gggp5HfupfxtPgmYu23rDQNcLcD8,24022754
tz1imyQrFWHyTp4avUNAw52RxdFjU3HPviRN,6613215
tz1isKR8pS4pdgU934K1S4UpLsF56ECJNArh,8934189
tz1ZVoeS9T3H451BgjTe18pM1q1LPd2cgB6Z,14056
tz1eL4fYCgegW8tLCbQ1mYiKY3TdDxWnnKo8,14345650
tz1Rhg2UDkjgLhemdSMtiGVGRmzwVLVaHArD,1781512
tz1dPHDXSCFo8PienbvDMyCKr5DXjPMrZkJ1,11925005
tz1fkkxXSMtSQew8F78XdsnaC26AfsXtsGiY,2507922
tz1ZuiTWKXKqYfzFPaSaAG3Huf9QM1AdZ1pJ,9131575
tz1RsCndtupuxe2U3syGAdcRBzpNqJZ9ANNc,190736565
tz1MrZQhiNiHK14oEq595DLsVQ9wC4Nv2ZXW,1142417
tz1LJQ6MPnjGekNAmhFmkm8XWtM6UGx4MyF4,43651293
tz1hmxzW7MuU8HeRoCFPGZJnavGf5unqgaph,26237505
tz1Z6QqrAbEAMDLsis3v6b956sfH6qLTSEex,95642
tz1NnBgY2ze24nQDpdY72wb1GVsee1UfAT3d,959776
tz1dAW94vB3yYfNPE4LM2txBT8PQ21Zq4Xzf,2146837
tz1eeR22tmjPN3rGDikEMvpe8jcdXww3dqTt,7156124
tz1MsfyCeQEt7khed67HHsAidezZ1Th6mjzB,2481704
tz1WBMWCwjuFSsiiLUWKEQHEACNEat2S3EsD,414881
tz2SuPjN8dYMJQe548bTvSPL1fdStZPXv7gT,527209186
tz1N33TtiYBQ67sw32rhCsMSVpZkrSHWe9aq,111760050
tz1QMjzbw5Yoi2zPqUeg2yuv5GZdmXjhh9mr,7156217
tz1ZutSZgCHEzxspXyoSYSREhwHh5g4PM8hN,4
tz1NJS9T6FKTnKUkVNv2g44GHTAhzH77qiYw,14514542
tz1URL5HNuTa1fHqqCtUKXUM3hm6g9c88NgF,22596
tz2M9C5x1KoZGoQ9xEY6fQ6Xwbe2GU1RTzRx,5830
tz1RCQDHtpdcwfgF1Kbbyusd6xhfjbXanhZ5,84435458
tz1c8JTzmA6c7cm6ZmUwR7WES6akdiMa1kwt,11330122
tz1XRTNgXgWmR4PqxZpiB6HZJ8Siz3M2JAim,3398512
tz1imbraxLCQ9TUpnJVP31LS18hpTqG5wv1k,8042309
tz1iDuz9LvybPBC4kDc7ceBoKVDwwzJR7zKb,219421698
tz1eiyML8sHGBL139FwJQJeLGHWAFtDqPz4U,715612
tz1YQDCB6Hbn2ozMyS2kf6WPJDeRvJtmtNqQ,12821143
tz1eeNRXYK56vgSfXHFcXorubcaBBCVpUY1Y,4
tz1TQw8erN1a2LpfRSNMExicRXMveBPbvTKE,1328
tz1gaRjULm9qy4D83VCvb4ABWLKpz4XXfqjx,3468325
tz1hAZNx3LrRKFgfRytoLNVGhCrzU1uVDUHS,11316360
tz1gJaXdi7Gweq8TUSy9knB2wLjioTKy2tZF,1488062
tz1PoXtd7RGVBwWmmZvxX18NQXYpbNdiwwtE,19804245
tz1RLCvv7wrWq4hTmyKk1zZuZeuUXNViSgRD,400210
tz1QFk2DJhPkzp2nCN7Thpo4askJjQ3Zw6BU,7689
tz1bRDYJHp3ACUojEeM6Ja442YEwNmcb7ph9,7024606
tz1MDs7ym4sp2FsQhL32vuAnEqG3ARhM9Vi4,7585492
tz1Xy5UM1tC3CFcbPBVq5PjufaxcLjMwfQkE,205718
tz1RAKBnmd1X43pkkGqywYCRgf1Uo6D77zMx,205703
tz1cXwKRD6AMy5nhqEVUU23SBxcAMnh2aKLn,2293891
tz1imrUNR1R52GxhP4y6XQCDDXtQs11GarTN,148419
tz1chab75LnyqBqNwrK11459SGCFQXLg9uyx,3754069
tz1USfPTFciXzVsQL7Rk8HmMWyWtFEas7fh3,8223979
tz1btYY98CWBVCGEikD7s1buWjpicb9kG8aH,154482
tz1fj962xSPKTA57yWHA43VeVzo8KqdpNAeF,10838514
tz1ioU6W4otB7ebgRZTq1EVVra3vMyXqeqsm,2022853
tz1N8oU57qMgDRr6N9pSbhaiWRRQSxJRPGoZ,1569364
tz1fCEeLBcuSMSittqTnMEhcFdPCtD1HsiZc,36500
tz1WsKkY3TLDvqTuK97Xu4zuVoTb2nsr7J8S,1323137
tz2DsS3zeg4pqoUnRPHxvuRSuQrjDnTZcTNJ,23036
tz1gSGxwMrToBdzLeaxg4Bregv6W2oEbNLC8,66520409
tz1X8AQxtn4KzBwMZ6MZUVFDcACrfnyfYhDg,2
tz1KxARuCbAoiGGesnQjr2pvZa7CzJR7V9D7,5220426
tz1QS7N8HnRBG2RNh3Kjty58XFXuLFVdnKGY,428932315
tz1RAP1j8SjwT587jyccTNArBFhC9HhGKfHq,919712
tz1QiZCuJMuVz3aq7j1Bq2v3BRTQPCdTw3Fb,14046154
tz1L8hBVpams2fWFC9kS1sPVxfGY6Hmg5TQ8,1997563
tz1TQSPkLPqXUREhxvYzPbAib6Jz35w2a6tw,6547090
tz1XD1xSVzgY8Qs1id1kNyFJDbv9e9pNMe2c,3578341
tz1Tk1MJDZ96bK85RLAqtKfnptZZyXsJ2jaq,3238
tz1hes6aF3Px3D8nPQx27fdwBKrXmGs1UYxT,20803830
tz1c1BG1PEeuhMFwmonTVSGafehicqbBJFec,608109
tz1THwbFPPPBHmBu4cmLV2SppLFrA5QfBhyF,2851726
tz1QSwx2wnmrTjEGrid79c4tpFMxjCT86SAy,6120035
tz1RcJYTsoYQ7adtNMANhwd8qf4zApM4i2Yd,15164310
tz1cvrgSekgCqgyc1c2qFPSeMtux6AAAfDsk,92812
tz1a1ZcbAeBEjxYSwuNKxSu6FbFB4dxdL3m9,83868
tz1NZnfrNgCGdECyAhA93TLPTSciJcZBJqDY,347150
tz1UGuKv6PzgVbofb42VgeRwDwsVN47UpuZB,12088706
tz1eCzNtidHvVgeRzQ38C81FPcYnxMsCEL6Z,6
tz1N3nvFqipu91tfU9s4GXGsopawpwxSoAJh,588412
tz1LFeLTRQZrgKxbmvjz2ckViRhVw9BZXw7t,141831824
tz1XuzzMTz1LhqbRPy9uxfRkccSxju3v8Y4j,2341453
tz1MoiwNRQWHfA71aypNk8J9CsKjfmq39c2F,25637125
tz1hhphPmGxL6HEmEjoVSJBy82FMWbFwzNCD,143306
tz1YHLm7Lq27q3rgVXLY424zQMkvncVvNiaK,787173
tz1fKtBhuuZiMYhM3Pi1hcP2sjRbstgDrmqX,230332
tz1XEA7cp83PyiXfSxWu3uHjA3EF6Gdh3Vhq,774313
tz1UXMLCt7dqbUiJ2BHRhE1gFkdVkmCZYcM9,252314
tz1iKF8o1hCLaTNZcCJpgKQBQxkpcSiBy5V6,10107411
tz1c2iwyckUCcicx2qxqtwLEartYFEHg1pvB,4601189
tz1PQDUDph7dDCn8pLGXqaR79DiUWLiSZdEf,2418759
tz1fUZ5pMP1gUjuJsp5V631cXmA87Kxm3cuZ,36925601
tz1NVsmLrZX4jad9bNdvM1EskvcTq2LSZhLx,31894019
tz1PKoh9LB2P3pgh5ahaAFnrC2QBmUxcHDJU,2224759
tz1cqoo91JCc6sKmNuTVKNzwUdi6E6moHWFb,9452009
tz1ZGNErBKdYeEPjZuqKXhyTixQTTPn54bx3,263564
tz1QVUXNoyCfKpAyxDpq8kR3rK2AShuzQxJ5,24415759
tz1UVTMhbMiSETKCxFi413yZ7imF1xeyt3fV,7300368
tz1UAYfFWmaTrQTYMptaGCw6LrXK5Yv84VnQ,38861
tz1hLhGe26gqt78sZboxiwne6zgKMqirRieW,274938
tz1RYTr2WKdJD1MMV51kN9AoxPnxZJgJ5sqU,389951
tz1R6mtcAQwBTK9YpSqRL9y2a6JZWgDkBm6M,4465436
tz1Sv2XMQNxcAqyqyyv42FHjf3EGwJ3Godj1,79684
tz1Vh4cX8VutUUUnnjmnY2omSV4F26T5orLH,53841
tz1QGCWjNpYmcS6T9qFGYSam25e36WeFUCK4,4326193
tz1LApX9pPhcDUDznHR5TTCcSXh3m6zPgFHA,396519
tz1hUY7paB2J5EhD73r4oWL6uZubf1UibHrk,7723709
tz1PWZTKd1zhfuxrixGJoHJ6G17SQiypwe5m,3
tz1V1Hu7nMcgVuMKDEZickAKHHZavLKTB7Vh,3
tz1NKHjwrYfg7GWwbWZ3bvdejkVL34De72Pz,3
tz1RaZeHEiKewSd14gZ7HKfcQ3HaNHJ5tnV6,77134534
tz1aiLrqvULcV2Kfvzt9dUmqnLQnoNXPPek8,69909953
tz1M2h2hPZzov29kf7xcHXrunXb2jFSbfiNd,35961005
tz1MToDUySbYhPabULUyDPPsfDQF1cpZPdoH,5411394
tz1gMfLSQs6xTM2TcLM6Sb2njJ6h9qhSsT9Z,10835514
tz1Mt4ddsTmDs4of6kkWYvMWSUtM8zbGNMq2,3
tz1UNTxRbAYTSBSdHMjoUoYAtLH4MHMUiGwg,744968
tz1YUJitqsUrFfFzEp1d2RiqVwV61J8aPb4E,4
tz1TqqKqc4t2Y6PTvxeuhF8kNjVn8HpZkKma,5202667
tz2VoUZvPNLyq9bZ82VoDLrhkH8n6eaUoS6E,981680
tz1ZvbLR47deoqaSgsaRXe7hbgDgwonBicnV,105891305
tz1L8m6MGdvK2WA65wQ7DeVwXVmCS72JKWeN,1001117935
tz1iCJRFVD1oY7yQBap6X59XktpKHJtgCGyS,243613
tz1bnWUvcfU77EBpbLUQ41c3hCBKovGuqyGY,16376691
tz1STAzkywd9GnKGvJBPL4xWte3LCniyu5ho,4719564
tz1g6cLrzLxNayiVyb7BLsKK6TfwboqWaYPx,1814411
tz2Q6ugZbronUHSk8fbuHibBrBEJwrzgtL8X,1438381
tz2Kn9u9cxvTczP6CjirJnEE1UApmoCzuGPB,3970046
tz1aHfKHR887WzmpA56K2diKDufR3QJqn9iK,264311794
tz1bdbHUpDrUx7m5g4VTSkjnc3mxnquzRTcw,306372
tz1NoV2nnTuxavEAuozNyHm4nqT3qtkYUNYW,3
tz1TQJjDtzUWWAa5a9H61iyPZmuKRfX9hXi8,763579
tz1ewd8gDnG3USrTRJVdbpsyieVv9fWDMPNk,12941089
tz1PwxV2kaHhubkYaRWTnGBvsxXswz7V9GWc,26022
tz1Tpms3fccT8x1pVY9BQKgnvppew71pTDDd,715747
tz1bNLPqmLVxWF6puxbFZHU1yCJLiCZmHH2E,214223
tz1ajJzH5YBGRuXnU7QDJzY2qVRGcysUbxJE,715616
tz1YT4u9DnGFiRM8AXXACY8LWuV1rW3A2hFb,37870
tz1QppHuA9TUoFN5Ek2ZSmRPdU1xQiwRSnPb,398474
tz1fne8nhZuSRgzaQPyaomKQcFRfthyicBQc,715612
tz1PGFWJqZhk5BabfqxfYixpVH9S8vY7NKj8,4
tz1Uva3ynPUXqpAsWJ3CxcXVPG7HEXB19rzU,7312557
tz1cGZNvVyHrKgbRu4b23Nw896JD6GYhZKQm,7300510
tz1i9THBDe13YzhSmcdpcWKJrL4raaJ1cpN3,7288492
tz1apbBneTw4Ap2kdmv7gfTv4kDPYbR5HAkn,6175314
tz1MJ4C21XhL6B3YptprRWMuL8oeJquUhz4u,4822046
tz1SMoz8tsJzeQPtGhPEjPnanQMvFc5KitVh,399214
tz1XuNQgqT23u9KcwmRLGGQ6w2n6dCE4bmoV,595091
tz1WrZ2Th2eCuq5NuZb8nHXPJUjaBE25Uwgv,4
tz1idC7XEoSZ45sXLwp1ujYJ3yNFi2tkLT7A,2505997
tz1d4649CmmMEzXBWzhTgTkFxy9ATNhb5HC3,80638
tz2CrWArLr8eRCj6mp6yYQAKshR9MuyaK3Qu,8121345
tz1WqkwtGV3ttnchD3bqmucZwByduHq8EN8f,488657
tz1dVTewmwhAqfBcAgDuDuF2sPUaafuPA8mr,7601900
tz1ScePe2eXYo1RBdEe12hNY8KrvHyjFhHw6,64579
tz1XNmNga2NyqFiNpmEN66fpySDoGWoKpKXB,175256
tz1dXpsNAWLHVYNWSqhrHCHT6wh6L1fKZfo1,4
tz1N2AezxpvrXzvGaqNVW9BqXxJ6Rcup9M4p,268714
tz1iFKBz9HbJDp6omQGG9LC9bTXF4zKdkJfR,364747
tz1fFCF6FogyPLLjSk3FNTG7gVdDWfPCWVni,4
tz1WUmNdnrv1w75V7ntFSt5kSuyQfYuo2hqK,4
tz1LYQiMSoy34xAUD2NnsJLCTmb8HYYR9th9,367676
tz1VYa9SB4LtsHLWZnJXc1JuL7wuX46orE2Z,12618572
tz1cAxm3wHEUX9tY87sSfdVfHgCWcPCTkNTA,5200099
tz1YrFGJ542U6jpYHpe7BFHxNfa2mb1wpAdH,83311
tz1SPVSDCDpbqigKWVYnbgHEudxSM3BASPZj,64271984
tz1f7C7HeTczoCxoo8oQ3vBDRQTiNM3tFTZu,3143867
tz1P8pHeW6qWzBkgeDvi3bc8depN63r5tt5s,2438292
tz1iZnkruZaYGv3dfER3wEasjJj5xpaTtMjN,10734186
tz1Y1svqGfYwEN9J3ne2WLEuzUVnwzP5qoYW,1109
tz1YmwJZfEerVMbc8uuJc7xUzE64ma3Xfu7L,725162
tz1aQbe92zZy6MNeRFtgmgV5dV5R4BNTdqK1,688616
tz1THz87Wwo5DL34CELa6psvuH8RXShPmSbc,186062
tz1cgAHrLkuj5NrLmQ6LnELKFKu3i13CokzB,3
tz1eQ9skdokeeUyTc4SdNQMPigjZ8JY4kzus,9260711
tz1S35xPc2sh4kK5hd7KujsWU1G3SUdCnFqp,120773936
tz1dYEEirVkgSnE7eGK9vFUwxWBqibkafs8W,2151693
tz1VLGH7SJ4HA6kDXRiHYqVFkn2btjnoxqib,69569670
tz1XYkmAHtkZFjZLdWNoL2BTqUws4oD4H1PR,32127739
tz1dCyFm9jxuhxJEi8UW5sgiS7TFubaNT1J7,40573
tz1XbmhVLdDgsihnVoyn6aTRMURJ87YEbG9B,3936031
tz1Sk1mwyBQkcyrwWZkftmR3Mjv77BEGUw65,821195
tz1QHXGKA8NaCmpZLrvrUyBpYhgEiQDyWY1r,541487
tz1NS4ZXnzYBPJpspW2svbqdjGsgBsGZchzV,28655
tz1LUdy3KnxyyARheKtfcnRymhUq82SKLvyx,16563
tz1LxFeaR3ZNkMRstvhjNeVbpv9vz2LttLBz,3
tz1YRG68NdqtAcsFEwTUw6FsSsiBb5kagEDo,359803
tz1NiraRNtWgpXyyxopRTk2a7Py9oKFdrgkB,1800328473
tz1VnXCALwSCihScu984A3dbY6XXLzDqJWa1,3916142776
tz1ZDDHc1YycDdwQezjVDVCSfSB6A1xH3YxG,3
tz2R1iMz3wHEx6Z8dpdPVgb9eTDVh5NdeqNz,4045560
tz1hR6q1QMUC4wLD3izGsfeZ3HuyfJH5QajX,150710
tz1akJUKXFmNjxKaCqcEHmwbx4u86xfHLYJc,219145737
tz1V2FYediKBAEaTpXXJBSjuQpjkyCzrTSiE,573269
tz1Z1xRcvcqPPqja34fWNd1StABUV38LnbpW,75145
tz1egZ7YNcG81udp3pGXPBsYQsUNHB7xAH7V,1411520
tz1TSowSJAKRqQbqjspmyfN33nps1op2GodY,7191
tz1VV5912Qp7qqZaQ28MC2G3RQ89UhEdueqt,350921181
tz1codeYURj5z49HKX9zmLHms2vJN2qDjrtt,221811675
tz1WXSxKwhw9EectY8mAdUFXDBHFnPZE3HSG,31331678
tz1aDrsGYyNbiqUX6eTHLe5otZJwN5XQh2kG,479449040
tz1gu5jCJunSaHjR52rcu3n7SgDCJZDLTqJM,1570469
tz1SDmZnnzpH5GAfHoeXygPWwzJtHXADpohn,478688
tz2KgCQ3sTz3n3jrU21DveCfTVFgrMnzeA7x,692084209
tz1XT3SAzJh47s5DxMJud63MWnvDftqWFtS3,37189047
tz1bQxeuFnf9PTDRUwu94sU1GUvU425KqCeq,20974
tz1Rb2U9TbEkYVQM412wBzBbMbnqX2r4CTXs,18927
tz1gaTbRLDWJFA8bzcvDtkz8HxN6V1eL6gwL,299557
tz1U9RY2mXmwAaSSm67rEy49N5YE1Rs7K223,312925
tz1ZzEEVRzw78fhsLMM7JvV9CxZUaWGB98U8,1018645
tz1RSRuULmTkaXTjrhbFuNkE4mkJLRGPWJmy,4
tz1hHz9wjLaZ3p9sDo9SkqT1t5wxNsK7688s,1178654
tz2BzwVtwa2mTbspW1qqdiA2UtctbGntxAGi,118681294
tz1QjLLgQidRchfWMvHa23uhfgdzNKSevELK,90428135
tz1WW1xr4mdTif7jorgVr7aqY3YnnJPSDXj7,851061
tz1coEYWsh5bwhhCsK2Dc1SXTNQs1hWs1QtL,1231814
tz1YKkEwEXk5g5MeDzNTgfDwKd589rGJS9q7,436210
tz1PSiE9EmFbQFb7K1cBxPTsbPdgotHLdy9e,1335627
tz1hWxyYMfK3h3y7WvL1ErggtgneuNynC1JA,1162413
tz1agphvYoUaWn5BjTVHnqTTyYwURTGAZyBE,8555
tz1UVjnYXp5DZaCX3JZvxQQqxKnXaVMYAYZD,5170272
tz1N4Q2BLS4sYvKCoM5XxFAEL1yoEY8TSS7j,435508823
tz1XH15XMCB22rJJxHLsZgVhXA6t7kJnmFa1,2305150
tz1NEmMNjFtXgixkdCkkGsEn7k6QPeG1G1Qn,12857273
tz1gVmWVnkT2yQr9gmed4BgK22SrSPjfpkEn,11954470
tz1huGodLQWq9gKTZJ7D2Z9GeymHBJNnXvtd,856
tz1RVq5ohXzWvbqHzUgsmUNWHqin9HRkrWPz,9816
tz1aGLjZZLDwYYSevU3HLbEXenAxwRo6f6EM,2783
tz1VLnru4Qd3CFuj33ss2v1feACiaLaAQdvA,6
tz1cj6FQs2Zjuwwf1uY7e7fLQfzi3YAbNj46,3578091
tz1XksiJMYSGBzqZqbj4F1dbHBH85i9jR3Zi,6203645
tz1U6R3G9mF8n9qH5mhrMZjgJTMKAEYb9Uw7,120430478
tz1TtLSSFGrP1796nyd1ZhGH3o1AVitoukLj,173391
tz1QoX2rtnpKq3MxJ21E9NcEKxqPL4dKsEcn,29721934
tz1iXbbzm9Wogk7D2W2qNwYzePbQVmYP6BXN,536045
tz1aQGJFwYn3yzghyRbuWNapzDZjXCEfYHuW,76373
tz1YDowtv9HFd9eUoMZMNjicREmagF38XWyJ,7
tz1MtaUicPHBwrvkwnNwikGFfFWdaPxYAvJc,695671
tz1enSmESCGkRYo2CtDYKhqUHFTAQkpXjYjg,706325
tz1Wn4Wc6d6jieFpj2DJaNEC7HXcwKexW2By,9302962
tz1c2MCGJM3pFb88Spt1cWgxGtXAX38Ur3CS,5706594
tz1ZFS66zDerPgLPnYYEo8YXveudhGbzjESJ,1390056
tz1ZrtiLUXfjKsYskvr7fmZk9N277YQcv8Ws,3449228
tz1NqZnVNkS4N4XQqZaTigDQpSs8nc8RoMFW,1409316
tz1WEjGgTyPyhUapqCRvwBnHhLCNV38Jr1GU,761346
tz1f2NgqK2bX3LaPgeTrEWgFFqRJgPNzFAYv,1179832
tz1WGMbfVnzVSTD8oNgZA8feaYvNvBYzSVmD,852375
tz1MrpnRbw6HqHvKyBE3811uHgJYuvVj2hwN,722306
tz1TkqGsSx3gB17SLAcMAnDgfs53kYeFez9Z,1498661
tz1KssAq8Lofcu9MwuXqpvXh75ufZSCsLQun,1217439
tz1fhd4k1jSJRRcNVbkMwVzkKEhX3kzApsfk,2071252
tz1TRrpXyABLU7RfM1fR5AbFM4g3F71KpKVS,264942
tz1NkGJR1x59KMwfLr2a8bAqDYSm4WeDjeui,925808
tz1b4Y6E5szNCHKZadDnAvdUyBfr7eQoEM3Z,3421743
tz1Y8v9LUURRffBVoJNysYTMzb2NranuM3fd,525726
tz2ULsEpiuozejYYvEcwYq76vDHUEVcyYyE6,85204
tz1PQkArZXKyQjY8gmX9yAF8NEtEtbuekeqP,493486681
tz1bv7bDGmKDPNjX3FBJ5nPG3LWnT7yB1Wto,17010381
tz1LrMXpAmdVrP5daG1dyQnTia36EtXQGhzC,324654
tz1fkdpxhfX9pyAirzTZ5cKUKn7QRoPH635X,1683
tz1bRxQfpDiUrzfEyjn4Hah34a7HNmoC8qyN,100501378
tz1YrmdFnmRS5McKQyFsXRrTSS849k9CPdXL,460225
tz1TyTnxshr1r3xEQDsiX3sX96wvfwm41tWS,22892
tz1VFdHcm1vd6qTka7VHV5VmZPebpe4cJXsm,262798
tz1UJd94Mz9pyLzfC8SAZvTdDHUs5qkFvucK,6411308
tz1i3d4DrdmVrQRVALsNrxw9J2UsXR4a819E,96840
tz1ajbUoguHiipVftY865tu8r1aRYEVWMKZz,25593
tz1f94uZ7SF2fLKnMjFzGQTbznd8qpAZ12is,2653279
tz1bmKAXCTFwox8xP1uSsTYiSSBt4dhtjx3e,5036626
tz1b6XZn2k2tpS7uh3aHCMZ7J5xTR72ziJZv,4382195
tz1gqAonCuKe1Vg9zNwFhP44fdPpHypGfZh1,1292666
tz1fCCyqjcmwNw5Vv1b7yVXPvJzL42KqxWxd,1465
tz1Yhe4w3qt2wiRz1LJv6QWsdHavkuLZtA3Q,9996673
tz1eQpFrU6eQjmy2dcJiTeG18SK75yMPucec,1159
tz1biyDVy4Zq4vZyc91eJAKi7wYbNFPJTzHD,334949
tz1cd8cN3qrphyJ3n337tcbCP2G5QkMP271b,19882069
tz1MT9A2Fhs6PwsUXtYgVUxGNxHeuHX93sr8,273525
tz1igNamUNibU68i3pwGcdKLNr1Guf5oJ6nu,23124559
tz1Yu1qh4mk9ejf2MLxRNnRwdHoidXqoSqqm,78107037
tz1Yoe8QLauwLiYB6bpDo6tXNtfidrrcUyCx,246850
tz1Y1kdVWiz11sFffcydfFtP6Zam6N2h3iSF,4299
tz1ZPzoCDzn9kZD9kf9ZWg7bybBJdKnw9PMz,1237378
tz1Z4HEApoZ8Yum7RTc94Nqt2eepRcHFSqcQ,5137936
tz1aWwVu9MLbY2MiqL8H7WuzJ2g39m67oJQS,571732
tz1MAE9qgpWLsc2p6NdKZbnCcpzKt2QkQSzB,4832312
tz1bYyUrzvViYFF1LbXxWeFiorMBXUtEusSj,4470
tz1chAZukD7QacpWDUJ33dGqeWFvknj5Xpj9,10437537
tz1dDmngL167C8BFXJwX569z8KPoBS4Hrmua,473
tz1TwG24jP7Sow6uq8554A6AUSxwtMQk9sp8,884463
tz1Ziaxoio55wxE9UWpXnaMgRtSN3VBhgGTX,19867
tz1bp3oUKqHcF3BZZQcDNYqsk1nw91Nkr4fr,194883
tz1RYVLebe4eDwGTJSMppc83yugoYXN8G53H,194883
tz1QKxiyYVjjff51jz4RR36SxHsM6PiiExAn,194883
tz1MdzpED8Jx333i4MMnhisRxK4RZdN49AZy,194883
tz1bZHuPEvBTssxpk6TTErngCiqpedPz85Ku,194883
tz1PZ36aiHW5x5HmhNc7gvDNdu8m7NAuZbiG,194883
tz1WUqA3SszNphCmLgiDu5jSNKoGqAuHA77B,194883
tz1NXp5GJfJ6UZoiv5BYykyxkag123G6SQs3,194883
tz1SKjT7gZtxGYZzvwMJPczpnbrgy9S2CGq9,194883
tz1SXKgF1AcPkTDCHm1TaBSx1kkhEEiAv2ZV,194883
tz1hf9kC9q6s36AFnz5VdGPWfw3U3yjM5fd3,194883
tz1ZyPDo7hJ1xyUWg25q7rpZ6kZ7WjLNXPcq,194883
tz1L1CRSuow6DbyfL4T1iCrZcbvULU4Ndxbk,194883
tz1PHJKsafAGux2BN5RbnA9VVnJTLwHyEGKm,194883
tz1iuXgS8GQHX3UrFTeQeDJNRQwTqk5Ky71W,194883
tz1ZiutCQgTEedcG6bB4HyxHksneK2BGyRcX,194883
tz1SevLttnimTvtKcwteXobXLXeotdFivrCE,194883
tz1b7f2dYCGV3Mn9Kqd1rbCmjPLXaEwyHwQT,194883
tz1dpQJYQkWUcBTqx3sW8AEFsJeNUcAa7mVd,194883
tz1Xq2xFYJ6yewPo4G3AyYexq8YbDPFrMnJP,194883
tz1VfGyV1Dfava6M8oBYqmDRJR8UL2FfYoVi,194883
tz1fekve2hE2s2cRwLVMS82tXn4GPcugfCdY,194883
tz1Va9fLvE3yNPupePTdMPX7zF449Q8fjeRc,194883
tz1Wbc68JZxRJeaYQ7BV1WvnytzJfJ3LYFdY,194883
tz1aKbkT7her6XEBY5a5cyzG9sSRQXNdDfeB,194883
tz1LUSKkdCc4h33utT48d3dqqqWuNTHSy8Wc,194883
tz1abXSECVwRTMajFVmUzWXABPaGkTy35NKW,194883
tz1S6SSigi75RbYC2sR4xzTTyxZACqhpcxoZ,194883
tz1fgX3sRSUFc3NYTqj81Z7s97auxMoDdaHc,194883
tz1StsoAaqgEcbx65F1sWQs4F9KzXyycufcA,173652
tz1ZYCUaf3AHvBhVChWL2RDQ9vww4VtQqBQX,172832
tz1a3zH4CyejVgJ8bJL88F2bkb9DKTsVALu5,173248
tz1RPJZCCaXzywaZbUQ1AShwDGW2eqqopqio,32840963
tz1TjQAiE96rYCGCGrbWCzmwhuKgt556AgUx,243168
tz1S4nxXjJiSsn5h8DcUXBJhBL6MnPoyuTdC,127473
tz1QwQdgo79b1b3Uhcbviz66JeNq5NSkLMMU,122531
tz1PmrFyfaJsaoNswcXgc6xRHsimmSVmpZwQ,127630
tz1hkfSmFhSUdaGv6WNbtnMyfBcifEc4ZqiC,119736
tz1Y97DD3qM7xfwcg1N5vNP1RFPPmYFrT76k,125787
tz1QZZJyziNF4YKouMcpV7fNvZAbsxbqW9En,124182
tz1h3iUBUDeP3uyFTQ3hkhHQyTdc3AQxugdc,126551
tz1LK7fLAhbDFMkz3PEmmtPPdMThLCFdf2Ew,127079
tz1WWRakDQcrPLDSdoMSKfxA2quuejwrcdMC,127235
tz1MhPuAFdwmU7ZCFxBPAuHHdyZ87yxDmUFW,127705
tz1NHrBGrp8bExPpFyq7mE8PivPK38TRHV3v,114510
tz1dkSFiGuksdcLuFvwinHxDTxGcaZuMBhZo,126672
tz1aGPrBTV7uHxetHTDrDXehi8axBZjoJ94K,118516
tz1QX6fBCPCQdrLXeTQJy8yNpoxfXcPGrPaE,123765
tz1NdwCrV7Tacpaxu3HXpePoWaYYxndWZb5W,115722
tz1aBA3X3suZiyhPLADGU1vt9EazWNN9mpWs,126922
tz1S4exgAjybUiCXdYy93FFq6UiVfrxk4i69,127785
tz2M8wUVctsHkQq6zEugKTgieYbdzEuuhpkc,808170
tz1djbv9JAQkbn8uQqXJEmM4ymxHSqmdzGy4,9799533
tz1LXcSjjWHCuKHaJPAvPb18goJhMoaLgkaE,4545
tz2Q7GcWsdAV2krjJDmEz4CNfcDfnoREZDeT,210364
tz1h2AzE3kDAPJYZeJ7rqfojDHwZECie5kyh,11921939
tz1Rpm6NShycycR78Gd9iEtHVPcaUsfcTqcy,143725
tz1MBkViJxtsnZ8DSDxJFCR16azpks1uGgoR,19817
tz1PPvPurgxkRirjhsih7t5aPveMs1ENt74t,14270
tz1UChaj24fHGPfNn1aqABNBb5WWGZ7RfMuF,189026
tz1f5oxQvEXA9m18aiVGDaVs5At4oZdrR6Kt,3016
tz1e9jhSiUVy9vD7qwnotAVgxy1rpjqGJjcU,56905
tz1KwuJDP5WDyWWe8REH6RHTUJ1sfkJrGBL4,56350
tz1cZDhWdASeB2Nk93eT4mCAdw4VvnMEw9Sa,41328
tz1Li4CydFSpubMEDpKiNZ7NoWiMSgJJcqeA,42552
tz1P4owaJWbeXsuqGSvggi3imzR2mJDpyxTV,1043981
tz1PVV8i3pkUJC7FSNVQp5fatez52M9QLeAb,1513308
tz1TXXmPc2fsvzzRwdQmT3W9iEfWygty4X2Z,1662784
tz1ZZvnqtcmgdf4YKFTnVi9Cg1XEiueLCmBr,17021
tz1W4jZBoLM2AGZq2ptopYBu353rRvuSh2dK,3389256
tz1XpqxdnX8JwzcLtSSKkiemic12U4NkCbkG,1210086
tz1Q9Yyna7X9nxjHe4dbyj8Qk1ZuznCTch3a,30235
tz1Qg41X8F1dZPVZmc1n32fxRAk1WEgg3qUo,1511
tz1MN2zesLxjCfB3K8LUBf6rvnXLk8Z11hm6,35983
tz2SFxhkao5Kh35pbg3mQxbTvKbEbXPEhGds,242288
tz1bMLmaYWNNJBYUgPGsCV2C3B4CixzmnDk4,595738
tz1dHJmULw6DQSKAWYWpDXoqeecE4tG216yP,177957
tz1TiKTQkyc8KupyxY5QmPA7uf9xmhQzXAkq,195180517
tz1XUaLk6Y1T6PbJzfrmfvem29cDNp2dnSDM,83148
tz1cLB1J9PtkoJCnH3ovrn53ZWddfMbF2PL5,453538
tz1MhV6pu2sFcSKZvevrCtNRcb4yszVdVn5b,911
tz1bi7iZyxPCGjMUQMiouiHRxQwveQjuTu8b,959951
tz2PBAJo8zSWvHXh7Z2VineRxPP3tn27JPQf,151179
tz1duafqHy827Aw6bbFNVqUbpxphm8MSecwU,1268386
tz1VokTq5w2ngWQtfwzF6pyB24Ro6C692Wez,831488
tz1XkMZQCCAC1d2YCbHzSySvaiGU7fv24gx3,17348291
tz1VEbcByoqdaTKar1XRpada24pn8D5xRrkw,10388
tz1N6Rvgx7tFsXkNWjHNdwhDLLg4oSoFeMAU,1212461
tz1hZ3dazpeour6uTQCA26yzohhuYgesjzDT,226640
tz1XrThJDztPJoJEKbYXqaDxFzwp1Adbo1F8,3486
tz1YtUbTURpWeX1CzHFamxS7fGdaKwKKgMzq,314827
tz1NFiJUDasUpobcXVdtKyBj5eDcdmjnAPqt,141
tz1SqQoCZfqRem7eo2HtKHSL6zbdoevxc1S7,2725
tz1YcRfmH4JsdvLzzijq1mh4FXjoHmh2ANEQ,1511
tz1ht6fhcHXknEg7jE9nFVU2gXUD15cUifUs,2416087
tz1LxkEN5DUeU4usSqobNqYmvWa5VN1NC2B4,1743
tz1d4cbP98Sbni6mxUmvAN9vufMZskSv3F4K,182571
tz1Q4mLBtkz5CbKcpLBB6shR8QUzcMpphNrX,281276
tz1TreKYWjXdKDaKCga4b8zobDq2pdHdGZuA,1319738
tz1fwd9Ub1AwXaRNLUfdDCtQfWyeq8YcJvCV,1059559
tz1Qor64hy8s7jH8ZQkMoaYLiS6NVmkeSBbY,1897773
tz1TnjxYt7dKGzDoFj3j3sGudp4buKFEg7xF,601809
tz1ZgEA1VMzNomprfSrZB1aM5CBqi1nnCqHF,223315
tz1Mc61yajNASzh5KWZFtYs4i7EJbzAxQC4K,276516743
tz1PqercEyjV2AgKpNXgxeWnxgbYu31fw6CC,415952
tz1PzXjyPchzGUGH9yXLTgvyhhakFnyYDYge,7094
tz1XrwX7i9Nzh8e6UmG3VnFkAeoyWdTqDf3U,203209
tz1QFsmp3jUZXxwmwTAL6fYheo79RreoZXPV,2495223
tz1PsF3NELGCZnighkMmr4mLkCzbkoVPdGSS,192246
tz1SEEQNGjxP3SC8biDWMMHwgpYk1aeiQDyJ,13149531
tz1U3YJZ1pFfkaUWZVWv7FvNyiUi5vKYG696,170211
tz1XmqF5gnTjgE6Cxu5CzaT5H7vXiFfihe95,15117
tz1USBJ4HRxuvrVUqaxALcdXaRs8AC1PdYjM,590397
tz1ctD8vJYVazKJbCKa7LUVb7n1cEmfRQpe3,70941
tz1Zvu2PkSnZAJr3seWbEdt6W6KYWUgaanVh,25912
tz1ehz91i7CxXaMnUjFDWBhr5uVvr3bVkBxD,5730834
tz1cmp13ABTtQ8dhVazH5yWtx2hGZc42ywaV,6075729
tz1LfKbYRG3fWd5ccbmsq9ykYJQekZEouB3y,1707633
tz1P1NgMTMvhHi1amqUZrQHS9DZSizEW3p8w,42552
tz1ZD5nQNtzgTzZxHgxgFuGo9CNBuGJHVRXu,1401483
tz1QDp8TCD9dJgWoszxo77K6QukSTubjqd2C,57746
tz1TxrHpaBDeAG95HkTxx6D3d5RVwb91fRJY,27186
tz1U3ozNjAw2sguL8Pn36V7tX38aSYziM9Fs,232544
tz1amoqk71y4tqnZxRWGcttpK47XJnPx51jB,31217056
tz1ZfxjoBeGkRG7zLgyH6gnYVNAL9KQwRnCB,85105
tz1Zya25zMcv5a5UbYyLYVuES7SA5eWcis5b,4059833
tz1YHWL72KHVVRGxPfEA2r1jtLtuCmjM4hgW,6122951
tz2MBb5FxZXzhBuAPmY9z4zYTF8NeWPEkiV4,24679
tz1dsvBGt2bDoMMxagnpHf45ehgNtQ6ctg3z,6523874
tz1Us632Z8mVMLZqCs1FXuwyBEBe6o4KjHzG,255144
tz1SWd4hwQtHrzisTLp6vydczMypKPnxBFTw,432815
tz1day3KgAK3ZEP3hN1PaZiAPpbnGD3Lb8Kv,9010244
tz1LCPRSFPJ2kaqvj14SWo2VnxPMTeCVVrFn,2269
tz1L8VQ3oi6fCbddWYxCoL1ckjFK7wBHdT48,42015
tz1Mf4iUxRSb1NhhqdB2oNbo9rRekha11MDH,7295
tz1dham37JdHm31Lf63N3aBqxJJyhcnGA9GQ,138749
tz1NATazbFfnypvM7q32nnFP6m7aDXrtCm1g,53
