Address,Amount
tz1NRbpmTuPEFCCYCqCr7i3hkMRDRhBFgmxz,51518657462347
tz1SBxNvpDFC4bjW23CtQfVLqN5cBATVf68B,202394077849745
tz1Rgo7URug42QnhBM6eLy4MWdfwn4RovHy6,34505084640403769
tz1V3fPD3AKPNwZf42PKGzFaWU3vZ83Gjvfq,7245488984740
tz1YTQ3Lys25j8FhZQY61eoYErYUteSao3ez,108831107006086
tz1R3bKH1seset2h49p4vrZJCEL8voJgSK2G,2016762885723
tz1bdRJkGkNQ7homh4PTnkVM7xzVWhuC4EMm,5593208444648527
tz1Z2Ne4ZHxNPuCJeCcoykHVXTqhVdLMD9gV,10348274188367472
tz1Qji1NnEPj4Cxa9s2WEoWi9U9KM6a9gdDL,1754355548282606
tz1cmanHzitf3UgWgECzLpGUKpzEfmGZaFsw,871767504639769
tz1RartAmPJhFsL9oAhZndSL2G7KCsaQqqkf,44855511222817497
tz1YrfZhjFnhgERznXtYee6c29n3PBeam8A9,102568498552
tz1MyqKoe43P4Z8MfHoXVBTrohgcbehp2zLL,2834506960138152
tz1SRcMg9GRXi7paNeAc3ARn23mS3Z5dXa6S,99859701955075
tz1YjtCLzjw3bqPxJh6MqdVBFrM2zrsA9kyg,50736230840697
tz1hD7VdzRpWG3nmYpCyW2gNc8mQNs3TCgxu,500015251937337
tz1f38MX7YT2Q7MAq3mDdj75GTN7vgqV2TfH,6162507480116
tz1aBDeNFooBEmBXnWDVgLknNMUHMYhHVcRA,8194358842953470
tz1hD5k7QW9ChHCgb2YLthKFirKDYQiNPDJz,285741874648052
tz1cjTb6ijvnPrJBfaTEFphxDovW9xQbkmDK,112255849957
tz1ZL7ekzieKxwngCCyjsCN5qhu1ohwJQEBy,668675709323430
tz1enbGpES1NDr2kTaocDhxvMqtpMy4ruhW6,266500716381367
tz1ehGMhxarDhwppx14PX1Y3eqbZ5W9Bc2Y1,66264333784049
tz1ed4brTwpFg8hFUJSJ4HqnsC7sEjVesMtb,1862709750076744
tz1QJE62jTxHis7kZkbDT2zsYZyauNDNzWg7,828773128283283
tz1gWt7kUnJtGXoT5BYzHVa89qGp6QVvQmyp,1335706362758355
tz1epR6pJmPaJ8vvzNi6V1T51ccocX1Y4VBb,33894714453259
tz1W19DveaP3mW4WvFtdVdqGsWwBL5q1QDSK,611930829762812
tz1esdEqZC5Nz3HDFseHvpH6SmQJPocxLzA2,341298298615612
tz1ULQQ3S4kFLhhpPsegiMVFmXx2G6ewmbTA,1914999804705024
tz2Lqs8WFf2HDG1RoxG3EAtuHjDS27XQANWT,109339394223
tz1LRrXCmELevk5znmVcYD63TChSpYh3vaE6,29956398599248
tz1S8GvdiWQghwPMMzbNvRh66rcfmhEA6vj2,7128187846091912
tz1N9qzry2ko1gwTK6HKWamZZK6FGx3Vr89U,73739662102000
tz1M5swezYMnDaim71PSeb2cPFk49ajrvDV6,188458488013819
tz1QQ4HyGbCZDmQxeVHoLP99KLyfvGvyX21i,9043097644077179
tz1WKygtstVY96oyc6Rmk945dMf33LeihgWT,2434224652455640
tz1Rux3pGrp2KpZUBKvg3VQ4edRYVJsapr4z,5163274559292533
tz1LWMmDzH79xyu6JvELrnvWLBBVjZg7TnfN,4924599367182310
tz1esBaTjr9qFQ7FhrDQF7N7bTpNSVTkGbMU,224996998637160
tz1RfSFe1dxP7wh1zSffEnskgqvVVWKNKZG1,16358801302051
tz1czGMShkB8ZtCHKHeCPTY3CpuiCrjsGJBy,173519707
tz1UQ6cQZef4MuskJjV9g8pXNZa5s8ff1oQy,593836478883290
tz1dTmMLY7tan1HKfW5e3KxJcfZput6UuTH6,26712769590530
tz1daKxrqyoFUCcuQj36BeMN9C1Ytmjg5p6n,531635463253198
tz1YZ4VZCRPoiDyGP3U69jCq2S8duDUcRjHP,68492722529439
tz2LYELYe16viwVBaRjZc8GsauKRsxTGPvB1,143299601138010
tz1gN5Ch4VeDZjiM6R1KPMBxPWFxL3HHKZyT,16294426019437
tz2WYko4XXaV4B5mzjguTeRkkgw8LyB2jA2d,222295575895857
tz1NkFRjmkqqcGkAhqe78fdgemDNKXvL7Bod,708024910880105
tz1QkQLtDkqpw8VSymi13A86jh5iaCeMriMJ,5460389093332946
tz1h6J2pn9X3KMghNHZikrh3PtEpgCcRAjHZ,2177710252972
tz1VCyNit49HjTmz8SEgeL67x4BLuoTaeYMy,7087309146506527
tz1gACjUSBkWjqWv5ZBMRk6G9Sp8xNAYgwYV,990080061292135
tz1ieVZFcRity1eybQtgUyGg8NLEYWNqKtQe,169813799334644
tz1T5GmdYXDWwbhBrU7RubT7Z2dmz3ZmKwCE,3289821533470558
tz1gmajxhmKt22CbcsSA7WWXSATgbuVEmzTC,17184938864730
tz1cfzEz3R8YKMqC2rbKnr2XtpNjZxH6RGdy,99530873584089
tz1hR9eQYNNTZ4VGUeipK4PHtyyDEDmQ9dSf,2172617378013430
tz1RxeY78zE8hNJbqPypB1mTVyTsBRmPuqry,288654482304919
tz1SBF19iLiCc8dNpKe1Ym9juSAKaTPyeypF,1554194748117
tz1X6ADVxP37XjYppBHMLVRJQwmxA2YxztbQ,28288645259776
tz1T1u1CET7ek19f5P59vCdjTNFWAscYQ5ct,2156156834235820
tz1V9qHfFxixcXJKWuEziUqvdrQ7BWpPnWTa,1451855036904872
tz1Lqnwap8kKynTpefqqSH158i667Wdg8HVA,426571773381443
tz1Kp19QyYUnXuE6cxuXxsfQZbyqv5JtKPku,6739812259152
tz1cnojsw9qgMbdpgPeCcWPf5GX4YPvd4HAh,7252420911601477
tz1fbJACCskangcgy9xjDSiEYgh7CUmSo9oc,18321335390974
tz1dKaw4xdNjfufDSLWRxumNBwe2VX4mxXyW,4748054650022077
tz1RJf644pa7QAZqKzrPQGiYQPyubXarC4cv,243822073941
tz1iCiA1vKmgfZbY533ZgMwFKZ14S1DQNooQ,75668114007797
tz1hNGWJUFPFV7AWLXvxGzJVEfCZ8KJ77PJA,208725446672944
tz1NPu5aFQ12P3KGhBGgt7G79SAgVj2Skkn1,633811370375479
tz1Qm3DHkV7V6peZPyWe4rv6aToH3nRmWEH7,86912707907199
tz1KsiwkQ9pyrt4Ra7QrAQp5LQJCGxHQrY1n,411883811747555
tz1eKTUc8X17nVmtVRtxBcs3hwUPXWuqP2AS,3840883092315219
tz1hXx6tvTV3kzxpBR6E4hDYcxdgcRGHUTFj,6662693
tz1fkZtnjNfQHtEyUpyX9Tqq4RrLKx35qBxf,370333173921462
tz1chg2T1s4DTjLqthPc49HDcqkFHMwdSPwb,1166193341976575
tz1Uzm53vPr2Giyi32yT9GUvBErKqHPBjvQL,315401027040967
tz1aR3nrJgUyU5B623U9s1MtMsMjA5Wz5c3G,2224079337694216
tz1YaPLZuVmZaKB69BjJXKUDgNaZrxBR4Lfn,61977723796625
tz1WNk2o2hJvzjuZRNmZQwjLQuv24wDv1zjU,6282971464642280
tz1QmBcwm7RH6swEYNpsZZfAWCCFaW6wugVT,5229248563533723
tz1LxqBcvRbZhp34C2ab62CMy49wFbsQSzD7,94955664507612
tz1S5RkjdXMREayGWMawArqqpyMqGRjohJJr,229067071440944
tz1bZ8vsMAXmaWEV7FRnyhcuUs2fYMaQ6Hkk,120118834173
tz2Kmi3xEnXk8c7zqWSQqSSyfNpWt6ovG38D,1384697247182031
tz1LgePVXLZYNhHoRQ6KgHfQjQ1uq7JJPZDa,82463440199993
tz1gk77xzDAG3sif9eFvsqUnzaGh4MrzaCp3,177299420077901
tz1cWUkZFBZ72Yn9desxcgS9KdH4BVfqd2ZW,1246537485124915
tz1a3LNYNZTNN2SLMjWSUc5jtLWFvZ1kC7BR,3293903992236025
tz1SGPStfd9v5upQUxRiHPC9666X4FpVAmK4,2607261928657
tz1iF629Cc91SJkmQRAWAm6nYavf7RgpAqZh,1022900132823705
tz1WHGwmdEr4iruf4v9r6bdHgzC5v8SKYTkV,138053080531062
tz1YqsEWdPxBmqVKsJircrwBmCmZDtHAgHzp,11283469272965434
tz1ZLMaECyswARea2bTsBws9eMjgUm4jG8Uj,4304476594701456
tz1NySiq6aHysD6Rpu4bYhFaVe3ASya2qB8D,289682315716606
tz1Rb321A5bMKjQdczUs7TyJBeXjfCtB4mYd,2604848577775818
tz1USU2xSWb7CBYGJYat2X7An9sr3cFfsLwi,185356729363326
tz1aoYg1xYeEdnLrAJ7y2r1T3aMBCyms6ppJ,1764615733255178
tz1WxCJ3UpzyWsXmmkE1YjYzbBv6jXYkbFYV,194033554082004
tz1fq3tMpnnsZ944DVxcJqsVNGsWTPvqJzvo,90950020008021
tz1PrecMTmNArbdvQxtZLUVUBT8rcC86dKZC,2243146695789
tz1Q1LWn8wCK77L4xetjbH3Ar7sDaSANezZx,23569649072017
tz1dugdoeZULYPA9phfkpofrP95rFqhZNXeR,427407427489
tz1UecmgMghaWovhh9EYfqTrK9gTtaiMtbzs,5179347463235
tz1gGwXf6Ggkv9T4jGmp58jUMU2Gh2vYjDyH,136177795988862
tz1QjPnpmqAJYSfDtDM7uTf5bkZDNY7eBECd,470152725782361
tz1aVZZd883FwyEx5g2o3TgQ7pwEYi2f6apg,3107526955981
tz2MzvuRU1GEKi9udpqzLpGYfDoZTiKZ3C4C,91345215076830
tz1SEox4m6JwzUjLL2daQMKU7XDrvsEukR7X,2874227905547
tz1XJqUrY2okTwoJFgHFJKQV98tsn2oC6Twj,130620281896728
tz1VqXA6L6hPEFjvsgWv7Viw4xQn5GyNszzy,12642900853781833
tz1Wf1Lqz1yHm27P2RQJAVV2CMxnhYK4bBGc,290096650112727
tz1cTS1WwovU7SC783xgJxZrzr151mcshmNi,551014563637808
tz1f4Z9FJfgStP7v6Rj7BMJnWJ9Mb1NdAGsS,144841157
tz1ersiy3MYVu89DFXvW7Qb8AM6LYptSsoT7,572275790282950
tz1UFF5DSDDtk3fM1ewaLvVG6fhaAeCdgYEt,17858185686343
tz1dcpUhXGeXexEXispSpfv7CeufoFnV7AAf,3512472332673988
tz1RKRhkvC7MQgKfPejvNaHGshWUDsyJKZdT,2076942564805196
tz1ibTknNagJCgQPgcbPvJhpSyS5vxgdyFt4,93291243780
tz1SHzbhYsbX6Uk51hJC4JkjgWM1gWaSwBqQ,115234321911327
tz1NW1MMFL3jytxBjhx1qATMJyY47vLBMa4p,16897621241358
tz1QRm2TJKnarZ9tbL5CNjN4Ltq9pJtytuk7,455465746674
tz1WJpBDRGfa21un4yQDKTGXZw561nsGg7Qe,3195775017303
tz1UXAsfFeufr6p2PafNr2oXNrTDSdtwwdgm,46569390487252
tz1YPUNi7KW28VxZNEu3fNkRkJG55G9p7wsN,29913833208241
tz1YpusrSty7ULz7w9sM814trSRmM1aNbmZd,2341549403025640
tz1cuj9Cgi19KMRi83UuypS89kXM435qdhmy,5652416625903
tz1htwxBMBFikeP8SnQiEQyA9n1ryDrDFyLK,28968240551812
tz1XTyukKgkqq9P83UkV15np7EtSSEy4kAeY,29671173520249
tz1WMFtCLLeRiayH19ZiaErKq4Zu9p5N73Sr,77349107259
tz1RFUjzPENm3vF7quaxfELQCfNTCSjAsFdA,285582308648404
tz1cLd3gXJ9Fk5c648hRzFvTnGfT97CxcHrj,176483492853013
tz1Te5JR7gzDBwtZLKPWSPuTGFE4JX21vVur,11174785011
tz1NGDuYTuuB1geX1K5b88cqa8JinFLdd3d5,144841716365807
tz1XykUaKpskyp7hDEZjmuNTk4gFU58a46KC,16617113442721508
tz1dghYwdzvHc3tYHp8iHpNUSpmAvvs8Zjs8,3445167325124009
tz1PuipWs33aqS2KSG5k1qQtC6Dff1P1GBmM,40070184192313
tz1ZNxMa8XsMa8JTv776X9iCETcNoo4SY629,55114978139357297
tz1iAAJhH465Cf3BnsKQ744XHypQGY1v7Ps9,147737981
tz1a5QW18ULwjJK71LSc7UqNGgryrFouHzf1,46904215011322
tz1Z1ZX2B98nEAvEnLXJBCnsJ6K1GqaSp9jK,101033760211824
tz1enT2GWv7U8jyPmmoVb228u8hvi6hJh5FF,10082008590083
tz1RyhUycXcivQ3jzF7ZpFZNcoLcgmXqcrSz,235618925188906
tz1gVon2mQhvutR49Yd5XK6k4ypwWfFjMZtz,113555467
tz2HSz8b961xoDjDLy3aFGogvW4HEqXXdcR6,910645816670473
tz1eSGjgq2NmLWnaQFQxafXK8ZQF5V7Sz72y,2658118760791851
tz2EP3fw5CbUUgJdx4c3Xono8Gbc8PLXGRM9,219037713596910
tz1VCogGe8xeRgQCLrVhPbwo6mBSQxAXep65,116754221518111
tz1LFFspqhK9KRQNvS1ahZ1RcpQ2PNeM8TxA,274922188059886
tz1ZhteLTqobRVCYsPj44oFfom5BJ2SdGxeE,223749300287511
tz1aRF3qMDrbN95f8dGYTKPaey6J2qQQnk8j,9345545200148724
tz2ALu8Jxf2SMgzSZaZEwfiJQbogpUDPStwz,414546886668581
tz1fCHiWZ3ReGqvhxkMejVzcnXYz1rnsJpow,1010888853053942
tz1PXJVTDRHBcjJGpD4h6PzDovisMJuc8zVc,104562867727637
tz1L1i5BVehYJBebCGvPYU9kZYGKBELGUJGH,1826286485703423
tz1TR56EbNTEEDeRrsPzQzoyvwFgZT25q3JR,99666626538656
tz1XbQgDFCaT228TPS2YUeHHfpVqGW7ANCDw,53811094644678
tz1S1Aew75hMrPUymqenKfHo8FspppXKpW7h,123114984
tz1Wb4LakUUYuFuuEgXXQrNZuBD49Trodhwx,114468182289377
tz1RAfKUFBX6P2jFkCpzLFntju7djjbtKAKr,4281213085084307
tz1MiQ6euA3EEdnZxJ6EPwVsHzd6vQ7AHJmU,89428945500974
tz1UFwr89hcJvC4sNCYK7zSLcaD4JW2KkNYD,1208279414858646
tz1TiJBTfVoXxregtdgCs1rYd55APXSAmniz,198722068
tz1ZPSGxrrPPfrmoGJgpXDArNJfNNy3qGvE4,99848754155782
tz1iQ5n52oSKgdtdYtqEJgKmQYbL1nn2poB8,2711577959549841
tz1gueZ7eL2KnvxqWudHjoTH3ZPiUCmwNKR6,336953430907357
tz1QxepCwQ45EwtcxkgXZezHbnidvK7hUywy,1828402836517570
tz1TVZgy4rejPUkEF3bsxLGNCp6H4gz4PaGf,32599699682703
tz1WT27PugwGBtre1hsj6BHmbAK2qQsVbRDo,188214353052168
tz1fL2TsQR271w84MXx3qFD7y4PZ1F2mpHFA,486927791507787
tz1KhU89QWZuuhhnDD1paFp1jYMdpJLh55im,671722004210271
tz1QQyhTMAmNQPcSGkM7GfDva8hmuFPAxUMB,4628785030432042
tz1htnC2n5n27PFD41q5X8bDvDcjbGMUS3f5,7352513328560937
tz1PoickddNEkRN6qp4K41u4KUW43vZ1UDvF,2195920414884116
tz1b9qYttBxHzoEseqabgvQiCxafZzkAtH9G,2069599408621840
tz1MQotPcNdc9R3nWCTwXLMDqKLS46WqW7Wx,1146034875109578
tz1a89Pvs553YqhJdCfDdQrRuQeykHMvVSRX,16696768137
tz1favSqpvTLtedjTm1UjuEmKfgm4o9kyLd1,2017837451452728
tz1XYuybht7U1RVsUip7H7S31fBDxpUgpTXP,135571323
tz1WHUWCMqVqq5AagGN5DrytqWz88tYgedUr,63794885358296
tz1YJvMiZyXnzvV9pxtAiuCFvaG7XoBZhbUQ,639144297381633
tz1TmSForCvNii8rmwL6q2jgicQfqjNFtj8K,1287846203623865
tz1eoqCSmqPQtTLs53Rj6gBB14eQh2aHWVxu,217925495451425
tz1XhZUHsJAFp4FHoeeQQ7auVBk5j6xoUKbS,35004605305472
tz1Pwh2MBs6q2SeLHiko3iJpfMwsDV46bqQU,6555793301122998
tz1ZWbokP5pGwT3tTtLPP2KhXX5ssg1EtDPs,133164106401445
tz1hLWsybqnJtQRFp8skYy5aZLGNmL9bMUpa,701813962730590
tz1PuYitvGfsBm7C3oYAXqNc3t5wNhWZj5Dh,621446545056594
tz1dbCAvra65bwTVk5mgkYUHUGz3hoKwovZ8,291945166518685
tz1T5NfkdPfhkXzYx8akPkdznxSgU1Uf5jEG,524623611041578
tz1PYqfNnkpZydtSY2Tn3Rv8mjkgUpHJpFXC,1457940500493588
tz2Mz3ovkZR2HyC89CHHSdsrPya1mKSmLWfD,101137659119591
tz1ae2d1BJt7YUqaaec6Xenh3mBqS7VjSZtK,87664430311520
tz1L1XwcVmD2z4qPfLtBJ6RPThgAwLcXG6kW,15285887781025
tz1VeyZaPimHfrJFy8WwsCYzxHR3VmGTMpgK,59180846853030
tz1epFVHmqeWvvkFf2eskwhQ1AY3JwWd7Ej6,301269616166693
tz1QRcnskFh7eaV7QdEnjoYdDfrDqHgmmrvF,783538495994230
tz1XybkRZWjLx3hwcy1hQ7PT6FWEhpHm1FBv,120303251870121
tz1XcuwadWbLKkc4mDVxRo25dbtwfEa7wf2c,539924110688291
tz1hvRvzke27MGtp8CsSvsafxyyMWSVYM1ut,49710555753126
tz1a7MJ4HMNbWDhKZAqrvzX5P6u2E2mJyJiV,1045343748533641
tz1citPWufjty33AZ9KwZDztqrTzdNjfQU7P,4006955712965749
tz1WeLuPLjUs53Yr1RCgq4EQ4d5SvV651Tqt,11072833670045986
tz1Wo716Gggp5HfupfxtPgmYu23rDQNcLcD8,972449154899542
tz1imyQrFWHyTp4avUNAw52RxdFjU3HPviRN,267705202704095
tz1isKR8pS4pdgU934K1S4UpLsF56ECJNArh,361658985754836
tz1ZVoeS9T3H451BgjTe18pM1q1LPd2cgB6Z,244620935638865
tz1eL4fYCgegW8tLCbQ1mYiKY3TdDxWnnKo8,580716760431474
tz1Rhg2UDkjgLhemdSMtiGVGRmzwVLVaHArD,72116243902541
tz1dPHDXSCFo8PienbvDMyCKr5DXjPMrZkJ1,373032431042856
tz1fkkxXSMtSQew8F78XdsnaC26AfsXtsGiY,101521529612487
tz1ZuiTWKXKqYfzFPaSaAG3Huf9QM1AdZ1pJ,369649243533571
tz1RsCndtupuxe2U3syGAdcRBzpNqJZ9ANNc,7721080258998752
tz1MrZQhiNiHK14oEq595DLsVQ9wC4Nv2ZXW,30694230911981
tz1LJQ6MPnjGekNAmhFmkm8XWtM6UGx4MyF4,1767019014190345
tz1hmxzW7MuU8HeRoCFPGZJnavGf5unqgaph,1062103049504872
tz1Z6QqrAbEAMDLsis3v6b956sfH6qLTSEex,488763426029
tz1NnBgY2ze24nQDpdY72wb1GVsee1UfAT3d,38852085870501
tz1dAW94vB3yYfNPE4LM2txBT8PQ21Zq4Xzf,86904717310202
tz1eeR22tmjPN3rGDikEMvpe8jcdXww3dqTt,289682325276122
tz1MsfyCeQEt7khed67HHsAidezZ1Th6mjzB,100460220802078
tz1WBMWCwjuFSsiiLUWKEQHEACNEat2S3EsD,16794550963818
tz2SuPjN8dYMJQe548bTvSPL1fdStZPXv7gT,12940156327386397
tz1N33TtiYBQ67sw32rhCsMSVpZkrSHWe9aq,4524084419028224
tz1QMjzbw5Yoi2zPqUeg2yuv5GZdmXjhh9mr,289686082166075
tz1ZutSZgCHEzxspXyoSYSREhwHh5g4PM8hN,181341129
tz1NJS9T6FKTnKUkVNv2g44GHTAhzH77qiYw,587553570725005
tz1URL5HNuTa1fHqqCtUKXUM3hm6g9c88NgF,914721447551
tz2M9C5x1KoZGoQ9xEY6fQ6Xwbe2GU1RTzRx,334305401856
tz1RCQDHtpdcwfgF1Kbbyusd6xhfjbXanhZ5,342141931028001
tz1c8JTzmA6c7cm6ZmUwR7WES6akdiMa1kwt,458647161225430
tz1XRTNgXgWmR4PqxZpiB6HZJ8Siz3M2JAim,137264324831360
tz1imbraxLCQ9TUpnJVP31LS18hpTqG5wv1k,325555372672070
tz1iDuz9LvybPBC4kDc7ceBoKVDwwzJR7zKb,8882264108757113
tz1eiyML8sHGBL139FwJQJeLGHWAFtDqPz4U,28968233020072
tz1YQDCB6Hbn2ozMyS2kf6WPJDeRvJtmtNqQ,393926239366640
tz1eeNRXYK56vgSfXHFcXorubcaBBCVpUY1Y,186555411
tz1TQw8erN1a2LpfRSNMExicRXMveBPbvTKE,106023727
tz1gaRjULm9qy4D83VCvb4ABWLKpz4XXfqjx,140398976880047
tz1hAZNx3LrRKFgfRytoLNVGhCrzU1uVDUHS,114121894450614
tz1W28xB2eAvRGCXmVduC63Gx6gGDp87zqbB,7965842624621
tz1gJaXdi7Gweq8TUSy9knB2wLjioTKy2tZF,57910386781107
tz1PoXtd7RGVBwWmmZvxX18NQXYpbNdiwwtE,801682533184543
tz1RLCvv7wrWq4hTmyKk1zZuZeuUXNViSgRD,13619157271616
tz1QFk2DJhPkzp2nCN7Thpo4askJjQ3Zw6BU,92580205221625
tz1bRDYJHp3ACUojEeM6Ja442YEwNmcb7ph9,284358426935909
tz1MDs7ym4sp2FsQhL32vuAnEqG3ARhM9Vi4,307063271750859
tz1Xy5UM1tC3CFcbPBVq5PjufaxcLjMwfQkE,8327548803675
tz1RAKBnmd1X43pkkGqywYCRgf1Uo6D77zMx,8326963066032
tz1cXwKRD6AMy5nhqEVUU23SBxcAMnh2aKLn,92857499445944
tz1imrUNR1R52GxhP4y6XQCDDXtQs11GarTN,6008090890599
tz1chab75LnyqBqNwrK11459SGCFQXLg9uyx,151965977262495
tz1USfPTFciXzVsQL7Rk8HmMWyWtFEas7fh3,332909460275989
tz1btYY98CWBVCGEikD7s1buWjpicb9kG8aH,6253487442936
tz1fj962xSPKTA57yWHA43VeVzo8KqdpNAeF,308967920804053
tz1ioU6W4otB7ebgRZTq1EVVra3vMyXqeqsm,78419716029054
tz1N8oU57qMgDRr6N9pSbhaiWRRQSxJRPGoZ,71370071979084
tz1fCEeLBcuSMSittqTnMEhcFdPCtD1HsiZc,7887624926481
tz1WsKkY3TLDvqTuK97Xu4zuVoTb2nsr7J8S,53561047565826
tz2DsS3zeg4pqoUnRPHxvuRSuQrjDnTZcTNJ,16884438514149
tz1gSGxwMrToBdzLeaxg4Bregv6W2oEbNLC8,2692768533377937
tz1X8AQxtn4KzBwMZ6MZUVFDcACrfnyfYhDg,119349114
tz1KxARuCbAoiGGesnQjr2pvZa7CzJR7V9D7,211324627044358
tz1LGVwoTMUhi76Jc8TeaNUQhanfeLLNF4xm,75891077738769
tz1QS7N8HnRBG2RNh3Kjty58XFXuLFVdnKGY,17363324254468244
tz1RAP1j8SjwT587jyccTNArBFhC9HhGKfHq,37230254235520
tz1QiZCuJMuVz3aq7j1Bq2v3BRTQPCdTw3Fb,568593044229447
tz1L8hBVpams2fWFC9kS1sPVxfGY6Hmg5TQ8,80862034585236
tz1TQSPkLPqXUREhxvYzPbAib6Jz35w2a6tw,263967674248502
tz1XD1xSVzgY8Qs1id1kNyFJDbv9e9pNMe2c,144857704819445
tz1Tk1MJDZ96bK85RLAqtKfnptZZyXsJ2jaq,16670394949385
tz1RKg4C5yKTzm28Qj9gKmfUozCDrctDpx4G,175615578868688
tz1hes6aF3Px3D8nPQx27fdwBKrXmGs1UYxT,398204613216141
tz1c1BG1PEeuhMFwmonTVSGafehicqbBJFec,24616456967951
tz1e826sMLNdz1CQLzthLDBJCFsinxqGDzv2,9643107157583
tz1THwbFPPPBHmBu4cmLV2SppLFrA5QfBhyF,102351947133153
tz1U1aA8tyN6QByoYLhSvNu3krJPLYqnkRVa,14368508345067
tz1QSwx2wnmrTjEGrid79c4tpFMxjCT86SAy,247741086599534
tz1RcJYTsoYQ7adtNMANhwd8qf4zApM4i2Yd,224569788297892
tz1cvrgSekgCqgyc1c2qFPSeMtux6AAAfDsk,5100272219602
tz1a1ZcbAeBEjxYSwuNKxSu6FbFB4dxdL3m9,3395027783887
tz1NZnfrNgCGdECyAhA93TLPTSciJcZBJqDY,20528236620807
tz1UGuKv6PzgVbofb42VgeRwDwsVN47UpuZB,489354891360939
tz1eCzNtidHvVgeRzQ38C81FPcYnxMsCEL6Z,1015973557496214
tz1N3nvFqipu91tfU9s4GXGsopawpwxSoAJh,23819127830433
tz1LFeLTRQZrgKxbmvjz2ckViRhVw9BZXw7t,5741399897837207
tz1XuzzMTz1LhqbRPy9uxfRkccSxju3v8Y4j,268937282715806
tz1MoiwNRQWHfA71aypNk8J9CsKjfmq39c2F,1037799472612479
tz1hhphPmGxL6HEmEjoVSJBy82FMWbFwzNCD,5801103606185
tz1YHLm7Lq27q3rgVXLY424zQMkvncVvNiaK,31865059074061
tz1fKtBhuuZiMYhM3Pi1hcP2sjRbstgDrmqX,9323925323015
tz1XEA7cp83PyiXfSxWu3uHjA3EF6Gdh3Vhq,31344476198768
tz1UXMLCt7dqbUiJ2BHRhE1gFkdVkmCZYcM9,10213785944549
tz1iKF8o1hCLaTNZcCJpgKQBQxkpcSiBy5V6,409151400274490
tz1c2iwyckUCcicx2qxqtwLEartYFEHg1pvB,186257692928657
tz1PQDUDph7dDCn8pLGXqaR79DiUWLiSZdEf,107817869885169
tz1fUZ5pMP1gUjuJsp5V631cXmA87Kxm3cuZ,384752896193864
tz1NVsmLrZX4jad9bNdvM1EskvcTq2LSZhLx,1006094374286719
tz1PKoh9LB2P3pgh5ahaAFnrC2QBmUxcHDJU,90059014165129
tz1cqoo91JCc6sKmNuTVKNzwUdi6E6moHWFb,382620516889839
tz1ZGNErBKdYeEPjZuqKXhyTixQTTPn54bx3,194087151
tz1XoiGxnmjnkaKcNyG4rrHNNEoh1u5VidxY,59231604003923
tz1QVUXNoyCfKpAyxDpq8kR3rK2AShuzQxJ5,988358131091688
tz1UVTMhbMiSETKCxFi413yZ7imF1xeyt3fV,295521360753775
tz1S5TbsJCWmCyRh3ghJ2rWwQHHbcvoh1uYV,212515713957013
tz1UAYfFWmaTrQTYMptaGCw6LrXK5Yv84VnQ,1573115180581
tz1hLhGe26gqt78sZboxiwne6zgKMqirRieW,96679074292971
tz1RYTr2WKdJD1MMV51kN9AoxPnxZJgJ5sqU,15785358898830
tz1R6mtcAQwBTK9YpSqRL9y2a6JZWgDkBm6M,193367775911123
tz1Sv2XMQNxcAqyqyyv42FHjf3EGwJ3Godj1,1092836840843833
tz1NCsGajb5YgZdhdviKrfisN3VteMasnzQi,72422146666085
tz1Vh4cX8VutUUUnnjmnY2omSV4F26T5orLH,15963906090290
tz1QGCWjNpYmcS6T9qFGYSam25e36WeFUCK4,174142833763433
tz1LApX9pPhcDUDznHR5TTCcSXh3m6zPgFHA,93202963857422
tz1hUY7paB2J5EhD73r4oWL6uZubf1UibHrk,312658353294107
tz1MgDFQvyV8Vfc48HgeqMbCD2Po7nhoWDeL,431703591522307
tz1PWZTKd1zhfuxrixGJoHJ6G17SQiypwe5m,143972110
tz1V1Hu7nMcgVuMKDEZickAKHHZavLKTB7Vh,154980038
tz1NKHjwrYfg7GWwbWZ3bvdejkVL34De72Pz,151793533
tz1RaZeHEiKewSd14gZ7HKfcQ3HaNHJ5tnV6,3122431868853287
tz1aiLrqvULcV2Kfvzt9dUmqnLQnoNXPPek8,498569840110958
tz1M2h2hPZzov29kf7xcHXrunXb2jFSbfiNd,1455713587679596
tz1MToDUySbYhPabULUyDPPsfDQF1cpZPdoH,218137265376418
tz1gMfLSQs6xTM2TcLM6Sb2njJ6h9qhSsT9Z,218710636724737
tz1Mt4ddsTmDs4of6kkWYvMWSUtM8zbGNMq2,135281641
tz1UNTxRbAYTSBSdHMjoUoYAtLH4MHMUiGwg,30156593597330
tz1YUJitqsUrFfFzEp1d2RiqVwV61J8aPb4E,166277649
tz1TqqKqc4t2Y6PTvxeuhF8kNjVn8HpZkKma,210605746485076
tz2VoUZvPNLyq9bZ82VoDLrhkH8n6eaUoS6E,39738766938938
tz1ZvbLR47deoqaSgsaRXe7hbgDgwonBicnV,1620146881200897
tz1L8m6MGdvK2WA65wQ7DeVwXVmCS72JKWeN,12859560862747880
tz1iCJRFVD1oY7yQBap6X59XktpKHJtgCGyS,9861565851787
tz1bnWUvcfU77EBpbLUQ41c3hCBKovGuqyGY,662933990881648
tz1STAzkywd9GnKGvJBPL4xWte3LCniyu5ho,191049539870698
tz1g6cLrzLxNayiVyb7BLsKK6TfwboqWaYPx,7448505209492
tz2Q6ugZbronUHSk8fbuHibBrBEJwrzgtL8X,58226156466965
tz2Kn9u9cxvTczP6CjirJnEE1UApmoCzuGPB,160708818689534
tz1aHfKHR887WzmpA56K2diKDufR3QJqn9iK,10699430257470190
tz1fcuYiLoHA1qD8vLJmSJPPKhGANGLJZgin,112034650891
tz1bdbHUpDrUx7m5g4VTSkjnc3mxnquzRTcw,1189939116143276
tz1NoV2nnTuxavEAuozNyHm4nqT3qtkYUNYW,156138768
tz1TQJjDtzUWWAa5a9H61iyPZmuKRfX9hXi8,5383832525171
tz1ewd8gDnG3USrTRJVdbpsyieVv9fWDMPNk,565830064564663
tz1Tpms3fccT8x1pVY9BQKgnvppew71pTDDd,28973715547579
tz1bNLPqmLVxWF6puxbFZHU1yCJLiCZmHH2E,409686898629
tz1ajJzH5YBGRuXnU7QDJzY2qVRGcysUbxJE,28968394373122
tz1YT4u9DnGFiRM8AXXACY8LWuV1rW3A2hFb,8220454928068
tz1QppHuA9TUoFN5Ek2ZSmRPdU1xQiwRSnPb,16130384731282
tz1fne8nhZuSRgzaQPyaomKQcFRfthyicBQc,28968243158953
tz1PGFWJqZhk5BabfqxfYixpVH9S8vY7NKj8,185106999
tz1Uva3ynPUXqpAsWJ3CxcXVPG7HEXB19rzU,296014801844497
tz1cGZNvVyHrKgbRu4b23Nw896JD6GYhZKQm,295527115872341
tz1i9THBDe13YzhSmcdpcWKJrL4raaJ1cpN3,295040634978619
tz1apbBneTw4Ap2kdmv7gfTv4kDPYbR5HAkn,249978824551982
tz1MJ4C21XhL6B3YptprRWMuL8oeJquUhz4u,57606779381908
tz1SMoz8tsJzeQPtGhPEjPnanQMvFc5KitVh,16160332378763
tz1XuNQgqT23u9KcwmRLGGQ6w2n6dCE4bmoV,33667489991782
tz1WrZ2Th2eCuq5NuZb8nHXPJUjaBE25Uwgv,100017607820
tz1idC7XEoSZ45sXLwp1ujYJ3yNFi2tkLT7A,24199511059518
tz1d4649CmmMEzXBWzhTgTkFxy9ATNhb5HC3,3264272428630
tz2CrWArLr8eRCj6mp6yYQAKshR9MuyaK3Qu,328754778567518
tz1UdGjnCNd5ifzEShXft78CmazG9gj4fdrN,1521712730324
tz1WqkwtGV3ttnchD3bqmucZwByduHq8EN8f,17133401383426
tz1fvhxJtMzKYkXM3fvXrQEyAXyMLYayTtZ2,9869103669565
tz1dVTewmwhAqfBcAgDuDuF2sPUaafuPA8mr,307727505769057
tz1ScePe2eXYo1RBdEe12hNY8KrvHyjFhHw6,3607193447642
tz1XNmNga2NyqFiNpmEN66fpySDoGWoKpKXB,18921381173556
tz1dXpsNAWLHVYNWSqhrHCHT6wh6L1fKZfo1,4565263285490
tz1N2AezxpvrXzvGaqNVW9BqXxJ6Rcup9M4p,134122912
tz1iFKBz9HbJDp6omQGG9LC9bTXF4zKdkJfR,12713096882477
tz1fFCF6FogyPLLjSk3FNTG7gVdDWfPCWVni,163960190
tz1WUmNdnrv1w75V7ntFSt5kSuyQfYuo2hqK,9956882151687
tz1LYQiMSoy34xAUD2NnsJLCTmb8HYYR9th9,14883658671370
tz1VYa9SB4LtsHLWZnJXc1JuL7wuX46orE2Z,74677846170148
tz1d9NBC61N2Xjo9LvXAQsKPqC4HaL1mFD9X,108503886046159
tz1cAxm3wHEUX9tY87sSfdVfHgCWcPCTkNTA,210501759513885
tz1iNdzx7BJpGD2e2YaV2QbsteMQWMAXjjDf,9297719914108
tz1YrFGJ542U6jpYHpe7BFHxNfa2mb1wpAdH,1111890440304
tz1SPVSDCDpbqigKWVYnbgHEudxSM3BASPZj,2023407201097386
tz1f7C7HeTczoCxoo8oQ3vBDRQTiNM3tFTZu,127264832538590
tz1P8pHeW6qWzBkgeDvi3bc8depN63r5tt5s,35329798435786
tz1iZnkruZaYGv3dfER3wEasjJj5xpaTtMjN,434523481106649
tz1Y1svqGfYwEN9J3ne2WLEuzUVnwzP5qoYW,136730053
tz1YmwJZfEerVMbc8uuJc7xUzE64ma3Xfu7L,29354804221197
tz1aQbe92zZy6MNeRFtgmgV5dV5R4BNTdqK1,29351157120842
tz1THz87Wwo5DL34CELa6psvuH8RXShPmSbc,7531872593450
tz1cgAHrLkuj5NrLmQ6LnELKFKu3i13CokzB,135861006
tz1eQ9skdokeeUyTc4SdNQMPigjZ8JY4kzus,47524368200743
tz1S35xPc2sh4kK5hd7KujsWU1G3SUdCnFqp,2118764702354356
tz1dYEEirVkgSnE7eGK9vFUwxWBqibkafs8W,87101292543142
tz1VLGH7SJ4HA6kDXRiHYqVFkn2btjnoxqib,1774052778491439
tz1XYkmAHtkZFjZLdWNoL2BTqUws4oD4H1PR,429001388403872
tz1dCyFm9jxuhxJEi8UW5sgiS7TFubaNT1J7,1642423412711
tz1XbmhVLdDgsihnVoyn6aTRMURJ87YEbG9B,121609235356436
tz1Sk1mwyBQkcyrwWZkftmR3Mjv77BEGUw65,33039907026939
tz1QHXGKA8NaCmpZLrvrUyBpYhgEiQDyWY1r,1898503878098
tz1NS4ZXnzYBPJpspW2svbqdjGsgBsGZchzV,3006597044581
tz1LUdy3KnxyyARheKtfcnRymhUq82SKLvyx,18031031208948
tz1LxFeaR3ZNkMRstvhjNeVbpv9vz2LttLBz,370977063191
tz1SFJ5pW5FVR8cRfAqY3NqQBuQQq8TNsjvv,22491912332211
tz1YRG68NdqtAcsFEwTUw6FsSsiBb5kagEDo,224219595274629
tz1XUmPaRxfbi6Mjj6vUWf9zhjwHdfL9gEdk,1116408069405
tz1NiraRNtWgpXyyxopRTk2a7Py9oKFdrgkB,18647177887972581
tz1VnXCALwSCihScu984A3dbY6XXLzDqJWa1,2937994578398971
tz1ZDDHc1YycDdwQezjVDVCSfSB6A1xH3YxG,1181195426120
tz1dx37ewvwHWAaRxdjd5sayKBR8LnJUT1XE,20158609049
tz2R1iMz3wHEx6Z8dpdPVgb9eTDVh5NdeqNz,155603386877383
tz1hR6q1QMUC4wLD3izGsfeZ3HuyfJH5QajX,4581412248617
tz1akJUKXFmNjxKaCqcEHmwbx4u86xfHLYJc,3491648456698081
tz1V2FYediKBAEaTpXXJBSjuQpjkyCzrTSiE,17952262435842
tz1Z1xRcvcqPPqja34fWNd1StABUV38LnbpW,1060879645769
tz1egZ7YNcG81udp3pGXPBsYQsUNHB7xAH7V,54687757305744
tz1TSowSJAKRqQbqjspmyfN33nps1op2GodY,8137124944643
tz1VV5912Qp7qqZaQ28MC2G3RQ89UhEdueqt,98971039691222
tz2RJZQGhhkdVX3kq5agHahLmh8TByJWaedL,53089746832204
tz1codeYURj5z49HKX9zmLHms2vJN2qDjrtt,7744893873092610
tz1WXSxKwhw9EectY8mAdUFXDBHFnPZE3HSG,838127934449150
tz1aDrsGYyNbiqUX6eTHLe5otZJwN5XQh2kG,2823280159087670
tz1gu5jCJunSaHjR52rcu3n7SgDCJZDLTqJM,17205112571640
tz1SDmZnnzpH5GAfHoeXygPWwzJtHXADpohn,1315725755596
tz2KgCQ3sTz3n3jrU21DveCfTVFgrMnzeA7x,9342617960054503
tz1XT3SAzJh47s5DxMJud63MWnvDftqWFtS3,559267569973147
tz2RjcKqwtC4vVKN878Bx7L9oNHR4mPTHDc4,48031628934519
tz1bQxeuFnf9PTDRUwu94sU1GUvU425KqCeq,705666888888
tz1Rb2U9TbEkYVQM412wBzBbMbnqX2r4CTXs,588912534363
tz1gaTbRLDWJFA8bzcvDtkz8HxN6V1eL6gwL,24538884561307
tz1U9RY2mXmwAaSSm67rEy49N5YE1Rs7K223,419640236003
tz1ZzEEVRzw78fhsLMM7JvV9CxZUaWGB98U8,17140138790858
tz1RSRuULmTkaXTjrhbFuNkE4mkJLRGPWJmy,15459528414110
tz1hHz9wjLaZ3p9sDo9SkqT1t5wxNsK7688s,37054035904210
tz2BzwVtwa2mTbspW1qqdiA2UtctbGntxAGi,300784990784191
tz1QjLLgQidRchfWMvHa23uhfgdzNKSevELK,2802954503172920
tz1WW1xr4mdTif7jorgVr7aqY3YnnJPSDXj7,108445470603
tz1coEYWsh5bwhhCsK2Dc1SXTNQs1hWs1QtL,37519143533560
tz1YKkEwEXk5g5MeDzNTgfDwKd589rGJS9q7,24307057335145
tz1PSiE9EmFbQFb7K1cBxPTsbPdgotHLdy9e,60158070608494
tz1hWxyYMfK3h3y7WvL1ErggtgneuNynC1JA,1398628902963879
tz1agphvYoUaWn5BjTVHnqTTyYwURTGAZyBE,442748283575
tz1VXAAqokxhhf5iwfvkJ8tRukgVLN8BVyce,1225199087886
tz1UVjnYXp5DZaCX3JZvxQQqxKnXaVMYAYZD,17145912911965
tz1N4Q2BLS4sYvKCoM5XxFAEL1yoEY8TSS7j,3077802645927592
tz1XH15XMCB22rJJxHLsZgVhXA6t7kJnmFa1,61086259714314
tz1NEmMNjFtXgixkdCkkGsEn7k6QPeG1G1Qn,60516360395825
tz1gVmWVnkT2yQr9gmed4BgK22SrSPjfpkEn,130989592722796
tz1huGodLQWq9gKTZJ7D2Z9GeymHBJNnXvtd,20753321860
tz1RVq5ohXzWvbqHzUgsmUNWHqin9HRkrWPz,1698647059357
tz1az9uytyQ2tv3aKXJuNBjrX29vBsYuWDuR,78656330118531
tz1LovFrdT3D2uY5ijGnb16172szCqFazDCE,3208631439622
tz1aGLjZZLDwYYSevU3HLbEXenAxwRo6f6EM,336732628685
tz1VLnru4Qd3CFuj33ss2v1feACiaLaAQdvA,6582674866
tz1cj6FQs2Zjuwwf1uY7e7fLQfzi3YAbNj46,71865849087911
tz1XksiJMYSGBzqZqbj4F1dbHBH85i9jR3Zi,126310667369514
tz1U6R3G9mF8n9qH5mhrMZjgJTMKAEYb9Uw7,743471914300784
tz1TtLSSFGrP1796nyd1ZhGH3o1AVitoukLj,4086113320286
tz1QoX2rtnpKq3MxJ21E9NcEKxqPL4dKsEcn,132116009875225
tz1iXbbzm9Wogk7D2W2qNwYzePbQVmYP6BXN,595755210809
tz1aQGJFwYn3yzghyRbuWNapzDZjXCEfYHuW,4564508710528
tz1YDowtv9HFd9eUoMZMNjicREmagF38XWyJ,527153395108
tz1MtaUicPHBwrvkwnNwikGFfFWdaPxYAvJc,11781034526801
tz1enSmESCGkRYo2CtDYKhqUHFTAQkpXjYjg,10977600277904
tz1Wn4Wc6d6jieFpj2DJaNEC7HXcwKexW2By,137199122360304
tz1c2MCGJM3pFb88Spt1cWgxGtXAX38Ur3CS,81815489969687
tz1ZFS66zDerPgLPnYYEo8YXveudhGbzjESJ,49606067970471
tz1eAR5bUqFqx85oRxGDSqriJbYzsC6Ff6Dj,981635876766
tz1ZrtiLUXfjKsYskvr7fmZk9N277YQcv8Ws,3814226910971
tz1NqZnVNkS4N4XQqZaTigDQpSs8nc8RoMFW,16246692114270
tz1WEjGgTyPyhUapqCRvwBnHhLCNV38Jr1GU,2018533815489
tz1f2NgqK2bX3LaPgeTrEWgFFqRJgPNzFAYv,13462590119344
tz1WGMbfVnzVSTD8oNgZA8feaYvNvBYzSVmD,18326563347717
tz2WnujX4qC7yfQF1SAHQuLMUcB3pA5GJhfU,6564206261594
tz1MrpnRbw6HqHvKyBE3811uHgJYuvVj2hwN,7614125144312
tz1TkqGsSx3gB17SLAcMAnDgfs53kYeFez9Z,9354406751602
tz1KssAq8Lofcu9MwuXqpvXh75ufZSCsLQun,11956077410155
tz1fhd4k1jSJRRcNVbkMwVzkKEhX3kzApsfk,43122592893336
tz1XFukdhsw2szhabNoSDMBPCwqsyPLAkSfB,1888874573
tz1TRrpXyABLU7RfM1fR5AbFM4g3F71KpKVS,29614213662087
tz1NkGJR1x59KMwfLr2a8bAqDYSm4WeDjeui,554462381947
tz1USgVdDHovucdwWXcd943nkjN9Dc2kZ36s,128083177314
tz1cVcDkvek2UNAo8ihaycH6GqEZknuxjz9L,63115231900
tz1Z4eLXZquq6x1kMujWqCN3eQbTzwkMb5A6,63155877764
tz1VYfSekJV2Jcjbgt4VaaDUDH1knN1ytNUU,125451397204
tz1Z6ikQVtLws398W5w6qMLQ7pjv8eEutu9u,124145466208
tz1iAafYqNNj9ZqP2Z3iPwokaUfMmrNd4UkY,308244407460
tz1ceVRLF5yAKvGcFXu2ngFtqXbqkKd1kAZe,122368985582
tz1gSHNQkhh8qNCXgLn4MWnH9DZ34NGUn8Hz,122182239205
tz1bxpnJwhqrdhf5Dmsp8QusjL9zN4qbDCWs,120346288779
tz1b4Y6E5szNCHKZadDnAvdUyBfr7eQoEM3Z,2874831344783
tz1Y8v9LUURRffBVoJNysYTMzb2NranuM3fd,556013832761
tz2ULsEpiuozejYYvEcwYq76vDHUEVcyYyE6,12252694277
tz1PQkArZXKyQjY8gmX9yAF8NEtEtbuekeqP,657417615710284
tz1bv7bDGmKDPNjX3FBJ5nPG3LWnT7yB1Wto,546019303619
