Address,Amount
tz1NRbpmTuPEFCCYCqCr7i3hkMRDRhBFgmxz,6514875175451
tz1eqt71cHna4YgyNg3ao6x22xU7c7CZXxcf,94415971594388
tz1SBxNvpDFC4bjW23CtQfVLqN5cBATVf68B,88363054162582
tz1Rgo7URug42QnhBM6eLy4MWdfwn4RovHy6,14116023603815103
tz1P6DFx1Biicriaz37h6oLAhndhBL8eMoAt,2416937586179172
tz1R3bKH1seset2h49p4vrZJCEL8voJgSK2G,2154574857851030
tz1bdRJkGkNQ7homh4PTnkVM7xzVWhuC4EMm,2441934003148077
tz1Z2Ne4ZHxNPuCJeCcoykHVXTqhVdLMD9gV,3658244294481829
tz1Qji1NnEPj4Cxa9s2WEoWi9U9KM6a9gdDL,765932560775855
tz1eZFb4bNMMdveGT7BPcktbYsurg2e8r1xR,2496968823911
tz1RartAmPJhFsL9oAhZndSL2G7KCsaQqqkf,16046044162475745
tz1MyqKoe43P4Z8MfHoXVBTrohgcbehp2zLL,9169230868080842
tz1SRcMg9GRXi7paNeAc3ARn23mS3Z5dXa6S,99622185670476
tz1YjtCLzjw3bqPxJh6MqdVBFrM2zrsA9kyg,24373774554902
tz1hD7VdzRpWG3nmYpCyW2gNc8mQNs3TCgxu,3392063557524613
tz1f38MX7YT2Q7MAq3mDdj75GTN7vgqV2TfH,65006685
tz1aBDeNFooBEmBXnWDVgLknNMUHMYhHVcRA,4080428538259811
tz1hD5k7QW9ChHCgb2YLthKFirKDYQiNPDJz,124751796170579
tz1ZL7ekzieKxwngCCyjsCN5qhu1ohwJQEBy,291936545515004
tz1enbGpES1NDr2kTaocDhxvMqtpMy4ruhW6,116351315642032
tz1ehGMhxarDhwppx14PX1Y3eqbZ5W9Bc2Y1,28930287770348
tz1ed4brTwpFg8hFUJSJ4HqnsC7sEjVesMtb,813238827360329
tz1QJE62jTxHis7kZkbDT2zsYZyauNDNzWg7,361833338213363
tz1gWt7kUnJtGXoT5BYzHVa89qGp6QVvQmyp,468127895063476
tz1epR6pJmPaJ8vvzNi6V1T51ccocX1Y4VBb,14798063860752
tz1TrxaPKNsRpcgw58155HdX6USrpV2fERQm,506595543525207
tz1W19DveaP3mW4WvFtdVdqGsWwBL5q1QDSK,267162347972591
tz1esdEqZC5Nz3HDFseHvpH6SmQJPocxLzA2,149007126920767
tz1XyTsb9DwkPru3eU1Cwnr5JkihEi5eisHo,24385418137146
tz1ULQQ3S4kFLhhpPsegiMVFmXx2G6ewmbTA,274615167700113
tz1LRrXCmELevk5znmVcYD63TChSpYh3vaE6,142523465158615
tz3T9ZKHLVzc23dxD85p9xo6L8L5mx1hvb5x,342076526536674
tz1dZuKxjVojU7gtRDU1nMmG8uRdowF2Q3Sn,201764951060363
tz1S8GvdiWQghwPMMzbNvRh66rcfmhEA6vj2,3112089323052666
tz1N9qzry2ko1gwTK6HKWamZZK6FGx3Vr89U,269824361734128
tz1QQ4HyGbCZDmQxeVHoLP99KLyfvGvyX21i,4019954589700714
tz1WKygtstVY96oyc6Rmk945dMf33LeihgWT,1439378782013323
tz1Rux3pGrp2KpZUBKvg3VQ4edRYVJsapr4z,10545235653981460
tz1LWMmDzH79xyu6JvELrnvWLBBVjZg7TnfN,2150026548377576
tz1esBaTjr9qFQ7FhrDQF7N7bTpNSVTkGbMU,3290018328358
tz1LaWQ2BUAdTVNz9nb7AhKDcPDQsb99tzhD,15449595509562
tz1czGMShkB8ZtCHKHeCPTY3CpuiCrjsGJBy,47051228610503
tz1UQ6cQZef4MuskJjV9g8pXNZa5s8ff1oQy,259262551082334
tz1aZsKPTRdkm9vaQhWv9Mz8ZbwxSHmf7t9T,6002737450504
tz1dTmMLY7tan1HKfW5e3KxJcfZput6UuTH6,144796298683
tz1daKxrqyoFUCcuQj36BeMN9C1Ytmjg5p6n,1166826306866643
tz1YZ4VZCRPoiDyGP3U69jCq2S8duDUcRjHP,29903178071764
tz3VvvqkW6D7bSPej9x3pghjTozTRbaB4Gn2,25722575187422
tz2LYELYe16viwVBaRjZc8GsauKRsxTGPvB1,389518577968688
tz1gXcAJZUYqK8JkkGDPN63cPQGu8LiBndK1,175518587258788
tz1gN5Ch4VeDZjiM6R1KPMBxPWFxL3HHKZyT,165593289946987
tz2WYko4XXaV4B5mzjguTeRkkgw8LyB2jA2d,128604747798769
tz1NkFRjmkqqcGkAhqe78fdgemDNKXvL7Bod,2518873785945396
tz1QkQLtDkqpw8VSymi13A86jh5iaCeMriMJ,2383946518243253
tz1VCyNit49HjTmz8SEgeL67x4BLuoTaeYMy,3094242127206151
tz1gACjUSBkWjqWv5ZBMRk6G9Sp8xNAYgwYV,432258191596885
tz1bKUD8UtyPfknyWyMbtTqsfdMuWomrPdSp,84039331346004
tz1T5GmdYXDWwbhBrU7RubT7Z2dmz3ZmKwCE,1284063300265078
tz1gmajxhmKt22CbcsSA7WWXSATgbuVEmzTC,239777204312
tz1cfzEz3R8YKMqC2rbKnr2XtpNjZxH6RGdy,43454097406393
tz1hR9eQYNNTZ4VGUeipK4PHtyyDEDmQ9dSf,948541128710750
tz1RxeY78zE8hNJbqPypB1mTVyTsBRmPuqry,126023409010600
tz1ecAtwNdrsABBKa7Bvn9ZEq1Ze1EvS9WTW,159105057926275
tz1SBF19iLiCc8dNpKe1Ym9juSAKaTPyeypF,23640126500463
tz1X6ADVxP37XjYppBHMLVRJQwmxA2YxztbQ,12350514994472
tz1T1u1CET7ek19f5P59vCdjTNFWAscYQ5ct,941354634240065
tz1V9qHfFxixcXJKWuEziUqvdrQ7BWpPnWTa,633864125992286
tz1Lqnwap8kKynTpefqqSH158i667Wdg8HVA,186236598995333
tz1Kp19QyYUnXuE6cxuXxsfQZbyqv5JtKPku,129961852936349
tz1cnojsw9qgMbdpgPeCcWPf5GX4YPvd4HAh,3166328128916122
tz1fbJACCskangcgy9xjDSiEYgh7CUmSo9oc,3639539576596
tz1dKaw4xdNjfufDSLWRxumNBwe2VX4mxXyW,7951496316964994
tz1iCiA1vKmgfZbY533ZgMwFKZ14S1DQNooQ,83157465640067
tz1hNGWJUFPFV7AWLXvxGzJVEfCZ8KJ77PJA,91127260962462
tz1NPu5aFQ12P3KGhBGgt7G79SAgVj2Skkn1,286654249501347
tz1Qm3DHkV7V6peZPyWe4rv6aToH3nRmWEH7,37945143443979
tz1KsiwkQ9pyrt4Ra7QrAQp5LQJCGxHQrY1n,228665562225795
tz1dz7eYRd5uV2DndcPWFeEHYGgw4bJZoCBN,72963168661382
tz1eKTUc8X17nVmtVRtxBcs3hwUPXWuqP2AS,439750835430233
tz1hXx6tvTV3kzxpBR6E4hDYcxdgcRGHUTFj,2908859
tz1fkZtnjNfQHtEyUpyX9Tqq4RrLKx35qBxf,161683437841086
tz1chg2T1s4DTjLqthPc49HDcqkFHMwdSPwb,509147335415718
tz1Uzm53vPr2Giyi32yT9GUvBErKqHPBjvQL,320119023951455
tz1aR3nrJgUyU5B623U9s1MtMsMjA5Wz5c3G,971008860864266
tz1YaPLZuVmZaKB69BjJXKUDgNaZrxBR4Lfn,27058800449588
tz1WNk2o2hJvzjuZRNmZQwjLQuv24wDv1zjU,2996284089997741
tz1br5Mvr9VMEb1sb7HDtxpCxKVbZ5XnDqJi,16156974282974
tz1PMB2EKqwkD2NDuf9tvdqhEjhBy3pBGQKX,1258063770154
tz1QmBcwm7RH6swEYNpsZZfAWCCFaW6wugVT,2283033075662293
tz1LxqBcvRbZhp34C2ab62CMy49wFbsQSzD7,27248597584367
tz1S5RkjdXMREayGWMawArqqpyMqGRjohJJr,229695614018332
tz1bZ8vsMAXmaWEV7FRnyhcuUs2fYMaQ6Hkk,66271406
tz2Kmi3xEnXk8c7zqWSQqSSyfNpWt6ovG38D,484273160889839
tz1LgePVXLZYNhHoRQ6KgHfQjQ1uq7JJPZDa,632360749522816
tz1cWUkZFBZ72Yn9desxcgS9KdH4BVfqd2ZW,544224714892867
tz1a3LNYNZTNN2SLMjWSUc5jtLWFvZ1kC7BR,2535126752879756
tz1SGPStfd9v5upQUxRiHPC9666X4FpVAmK4,1138302214499
tz1iF629Cc91SJkmQRAWAm6nYavf7RgpAqZh,740295333344456
tz1WHGwmdEr4iruf4v9r6bdHgzC5v8SKYTkV,60272474184417
tz1YqsEWdPxBmqVKsJircrwBmCmZDtHAgHzp,1473543826710311
tz1ZLMaECyswARea2bTsBws9eMjgUm4jG8Uj,1879287687268921
tz1NySiq6aHysD6Rpu4bYhFaVe3ASya2qB8D,542565258435736
tz1Rb321A5bMKjQdczUs7TyJBeXjfCtB4mYd,3307880551751429
tz1USU2xSWb7CBYGJYat2X7An9sr3cFfsLwi,80924733026477
tz1aoYg1xYeEdnLrAJ7y2r1T3aMBCyms6ppJ,617614334991002
tz1WxCJ3UpzyWsXmmkE1YjYzbBv6jXYkbFYV,55041354043794
tz1fq3tMpnnsZ944DVxcJqsVNGsWTPvqJzvo,525015910774484
tz1PrecMTmNArbdvQxtZLUVUBT8rcC86dKZC,1091201709
tz1Ty6Hq9GpzxmMs5Sv1VQ7cP2U4KuSCAN3K,27987915337073
tz1Q1LWn8wCK77L4xetjbH3Ar7sDaSANezZx,28714060106266
tz1dugdoeZULYPA9phfkpofrP95rFqhZNXeR,186601436494
tz1UecmgMghaWovhh9EYfqTrK9gTtaiMtbzs,9562976485906
tz1gGwXf6Ggkv9T4jGmp58jUMU2Gh2vYjDyH,59453745339516
tz1QjPnpmqAJYSfDtDM7uTf5bkZDNY7eBECd,205263569044912
tz2MzvuRU1GEKi9udpqzLpGYfDoZTiKZ3C4C,664270801522377
tz1SEox4m6JwzUjLL2daQMKU7XDrvsEukR7X,42736888255161
tz1XJqUrY2okTwoJFgHFJKQV98tsn2oC6Twj,57027395102642
tz1VqXA6L6hPEFjvsgWv7Viw4xQn5GyNszzy,5519753071748742
tz1Wf1Lqz1yHm27P2RQJAVV2CMxnhYK4bBGc,24998637737287
tz1cTS1WwovU7SC783xgJxZrzr151mcshmNi,486956555896700
tz1f4Z9FJfgStP7v6Rj7BMJnWJ9Mb1NdAGsS,63236074
tz1ersiy3MYVu89DFXvW7Qb8AM6LYptSsoT7,249849388825735
tz1UFF5DSDDtk3fM1ewaLvVG6fhaAeCdgYEt,31618101723992
tz1dcpUhXGeXexEXispSpfv7CeufoFnV7AAf,1535539699675144
tz1RKRhkvC7MQgKfPejvNaHGshWUDsyJKZdT,906770545345211
tz1ibTknNagJCgQPgcbPvJhpSyS5vxgdyFt4,169999853364926
tz1SHzbhYsbX6Uk51hJC4JkjgWM1gWaSwBqQ,50310052233832
tz1LGkz6e1mTymuFyHBVFQZsHEtHepCYYgXD,971129590956009
tz1NW1MMFL3jytxBjhx1qATMJyY47vLBMa4p,2797453554802308
tz1QRm2TJKnarZ9tbL5CNjN4Ltq9pJtytuk7,1332457073675
tz1WJpBDRGfa21un4yQDKTGXZw561nsGg7Qe,19301002997894
tz1UXAsfFeufr6p2PafNr2oXNrTDSdtwwdgm,20331689630753
tz1YPUNi7KW28VxZNEu3fNkRkJG55G9p7wsN,17350928868645
tz1YpusrSty7ULz7w9sM814trSRmM1aNbmZd,613824765480016
tz1cuj9Cgi19KMRi83UuypS89kXM435qdhmy,2467783651431
tz1htwxBMBFikeP8SnQiEQyA9n1ryDrDFyLK,12647218911092
tz1XTyukKgkqq9P83UkV15np7EtSSEy4kAeY,12954111803526
tz1WMFtCLLeRiayH19ZiaErKq4Zu9p5N73Sr,48565305
tz1RFUjzPENm3vF7quaxfELQCfNTCSjAsFdA,124682131389775
tz1cLd3gXJ9Fk5c648hRzFvTnGfT97CxcHrj,123417288098049
tz1Te5JR7gzDBwtZLKPWSPuTGFE4JX21vVur,4878789654
tz1NGDuYTuuB1geX1K5b88cqa8JinFLdd3d5,68972461079211
tz1XykUaKpskyp7hDEZjmuNTk4gFU58a46KC,7254851084403049
tz1dghYwdzvHc3tYHp8iHpNUSpmAvvs8Zjs8,49012599742391
tz1PuipWs33aqS2KSG5k1qQtC6Dff1P1GBmM,61718409
tz1ZNxMa8XsMa8JTv776X9iCETcNoo4SY629,19646074686854437
tz1iAAJhH465Cf3BnsKQ744XHypQGY1v7Ps9,64500796
tz1a5QW18ULwjJK71LSc7UqNGgryrFouHzf1,531232243760069
tz1Z1ZX2B98nEAvEnLXJBCnsJ6K1GqaSp9jK,44110241370178
tz1enT2GWv7U8jyPmmoVb228u8hvi6hJh5FF,4401695348885
tz1RyhUycXcivQ3jzF7ZpFZNcoLcgmXqcrSz,1236575573969364
tz1gVon2mQhvutR49Yd5XK6k4ypwWfFjMZtz,49577082
tz2HSz8b961xoDjDLy3aFGogvW4HEqXXdcR6,397578063924974
tz2EP3fw5CbUUgJdx4c3Xono8Gbc8PLXGRM9,600793230254440
tz1VCogGe8xeRgQCLrVhPbwo6mBSQxAXep65,74959829257557
tz1LFFspqhK9KRQNvS1ahZ1RcpQ2PNeM8TxA,791197754948
tz1ZhteLTqobRVCYsPj44oFfom5BJ2SdGxeE,97686512126225
tz1aRF3qMDrbN95f8dGYTKPaey6J2qQQnk8j,8828318310507563
tz2ALu8Jxf2SMgzSZaZEwfiJQbogpUDPStwz,1677661063294516
tz1gLNb49fErXUiYdreLAAV6twp4v3Lm8V4H,91993270942109
tz1fCHiWZ3ReGqvhxkMejVzcnXYz1rnsJpow,4341649533914
tz1PXJVTDRHBcjJGpD4h6PzDovisMJuc8zVc,509754597514148
tz1L1i5BVehYJBebCGvPYU9kZYGKBELGUJGH,805871350863714
tz1TR56EbNTEEDeRrsPzQzoyvwFgZT25q3JR,43513365670586
tz1XbQgDFCaT228TPS2YUeHHfpVqGW7ANCDw,2641920245143630
tz1S1Aew75hMrPUymqenKfHo8FspppXKpW7h,53750663
tz1ip7fCgktJzFWxnoDdNBjpF4ZCWw9qfScc,3886222295336440
tz1Wb4LakUUYuFuuEgXXQrNZuBD49Trodhwx,49975564003595
tz1RAfKUFBX6P2jFkCpzLFntju7djjbtKAKr,1891767111003551
tz1MiQ6euA3EEdnZxJ6EPwVsHzd6vQ7AHJmU,95487477872704
tz1UFwr89hcJvC4sNCYK7zSLcaD4JW2KkNYD,527521657318208
tz1TiJBTfVoXxregtdgCs1rYd55APXSAmniz,96082065308731
tz1ZPSGxrrPPfrmoGJgpXDArNJfNNy3qGvE4,43592880608314
tz1iQ5n52oSKgdtdYtqEJgKmQYbL1nn2poB8,1183845459567479
tz1gueZ7eL2KnvxqWudHjoTH3ZPiUCmwNKR6,147110204912412
tz1QxepCwQ45EwtcxkgXZezHbnidvK7hUywy,798260801850952
tz1TVZgy4rejPUkEF3bsxLGNCp6H4gz4PaGf,473172631296308
tz1WT27PugwGBtre1hsj6BHmbAK2qQsVbRDo,126472152813422
tz1fL2TsQR271w84MXx3qFD7y4PZ1F2mpHFA,353671661260017
tz1KhU89QWZuuhhnDD1paFp1jYMdpJLh55im,293266524746319
tz1QQyhTMAmNQPcSGkM7GfDva8hmuFPAxUMB,2972642189519206
tz1htnC2n5n27PFD41q5X8bDvDcjbGMUS3f5,3210027390055662
tz1PoickddNEkRN6qp4K41u4KUW43vZ1UDvF,1743959740528303
tz1b9qYttBxHzoEseqabgvQiCxafZzkAtH9G,11855473006264
tz1MQotPcNdc9R3nWCTwXLMDqKLS46WqW7Wx,500346367924340
tz1a89Pvs553YqhJdCfDdQrRuQeykHMvVSRX,8356604207251
tz1favSqpvTLtedjTm1UjuEmKfgm4o9kyLd1,665427050962996
tz1XYuybht7U1RVsUip7H7S31fBDxpUgpTXP,59188966
tz1YJvMiZyXnzvV9pxtAiuCFvaG7XoBZhbUQ,279043452097282
tz1TmSForCvNii8rmwL6q2jgicQfqjNFtj8K,562259652322308
tz1Su8UYhcLvUPYABx7kYsWRVibZdiZPnmh3,4156476898533268
tz1eoqCSmqPQtTLs53Rj6gBB14eQh2aHWVxu,126772138176444
tz1XhZUHsJAFp4FHoeeQQ7auVBk5j6xoUKbS,15282630141201
tz1Pwh2MBs6q2SeLHiko3iJpfMwsDV46bqQU,2862188087222022
tz1hLWsybqnJtQRFp8skYy5aZLGNmL9bMUpa,306404346706520
tz1PuYitvGfsBm7C3oYAXqNc3t5wNhWZj5Dh,271316805824488
tz1dbCAvra65bwTVk5mgkYUHUGz3hoKwovZ8,127460085965293
tz1T5NfkdPfhkXzYx8akPkdznxSgU1Uf5jEG,229044965395933
tz1PYqfNnkpZydtSY2Tn3Rv8mjkgUpHJpFXC,636520973240027
tz1WidyAU8wuyG25Pd7b93bcx9hMu7W9Pea8,186979128640242
tz2Mz3ovkZR2HyC89CHHSdsrPya1mKSmLWfD,44155602503823
tz1ae2d1BJt7YUqaaec6Xenh3mBqS7VjSZtK,31431695128640
tz1L1XwcVmD2z4qPfLtBJ6RPThgAwLcXG6kW,6673652432264
tz1VeyZaPimHfrJFy8WwsCYzxHR3VmGTMpgK,65402236058711
tz1epFVHmqeWvvkFf2eskwhQ1AY3JwWd7Ej6,131531039315493
tz1QRcnskFh7eaV7QdEnjoYdDfrDqHgmmrvF,342084389501784
tz1XybkRZWjLx3hwcy1hQ7PT6FWEhpHm1FBv,4724183142706
tz1XcuwadWbLKkc4mDVxRo25dbtwfEa7wf2c,235724997209910
tz1MkNbJTzf6uADvfSJKJvArvRoVvjk3tZz4,3301454406763
tz1hvRvzke27MGtp8CsSvsafxyyMWSVYM1ut,21703088238216
tz1a7MJ4HMNbWDhKZAqrvzX5P6u2E2mJyJiV,456385716674819
tz1citPWufjty33AZ9KwZDztqrTzdNjfQU7P,2666331538313748
tz1b58mxvQAc98hbXjcrgjf5xnSwYXzi5gX6,2904422459273
tz1WeLuPLjUs53Yr1RCgq4EQ4d5SvV651Tqt,16946539616228144
tz1Wo716Gggp5HfupfxtPgmYu23rDQNcLcD8,424560729531514
tz1imyQrFWHyTp4avUNAw52RxdFjU3HPviRN,85293636171717
tz1isKR8pS4pdgU934K1S4UpLsF56ECJNArh,157896381584662
tz1ZVoeS9T3H451BgjTe18pM1q1LPd2cgB6Z,9239571010165
tz1Kx4ydaiJHThd2nTgXR25JPTZtKyLG9KC1,39642680702724
tz1eL4fYCgegW8tLCbQ1mYiKY3TdDxWnnKo8,253534624630769
tz1Rhg2UDkjgLhemdSMtiGVGRmzwVLVaHArD,31485168111949
tz1dPHDXSCFo8PienbvDMyCKr5DXjPMrZkJ1,182567129679652
tz1eFe7ufhpTuqh3LHB7zYLuFgB1rFCPXnzN,897157440297
tz1fkkxXSMtSQew8F78XdsnaC26AfsXtsGiY,44323196187964
tz1ZuiTWKXKqYfzFPaSaAG3Huf9QM1AdZ1pJ,161384841268742
tz1RsCndtupuxe2U3syGAdcRBzpNqJZ9ANNc,3370939705192626
tz1MrZQhiNiHK14oEq595DLsVQ9wC4Nv2ZXW,75883293736902
tz1LJQ6MPnjGekNAmhFmkm8XWtM6UGx4MyF4,771461292326599
tz1hmxzW7MuU8HeRoCFPGZJnavGf5unqgaph,463702645288449
tz1Z6QqrAbEAMDLsis3v6b956sfH6qLTSEex,15187746975053
tz1NnBgY2ze24nQDpdY72wb1GVsee1UfAT3d,16962398329921
tz1dAW94vB3yYfNPE4LM2txBT8PQ21Zq4Xzf,37941654836196
tz1eeR22tmjPN3rGDikEMvpe8jcdXww3dqTt,126472154078144
tz1MsfyCeQEt7khed67HHsAidezZ1Th6mjzB,43859840298831
tz1WBMWCwjuFSsiiLUWKEQHEACNEat2S3EsD,66462301642880
tz2SuPjN8dYMJQe548bTvSPL1fdStZPXv7gT,6112405879590258
tz1N33TtiYBQ67sw32rhCsMSVpZkrSHWe9aq,1975166076012683
tz1QMjzbw5Yoi2zPqUeg2yuv5GZdmXjhh9mr,126473794295456
tz1ZutSZgCHEzxspXyoSYSREhwHh5g4PM8hN,126244967499568
tz1NrRkB19Su8iBGVTz1cXbG3oCw29GSmasw,101037470602390
tz1NJS9T6FKTnKUkVNv2g44GHTAhzH77qiYw,256519501681940
tz1URL5HNuTa1fHqqCtUKXUM3hm6g9c88NgF,399357440061
tz2M9C5x1KoZGoQ9xEY6fQ6Xwbe2GU1RTzRx,63515834999490
tz1c8JTzmA6c7cm6ZmUwR7WES6akdiMa1kwt,200240364636382
tz1XRTNgXgWmR4PqxZpiB6HZJ8Siz3M2JAim,59928112020492
tz1LxL9L2SmaFYw7XhyATaRAiLWCgxKmycBC,301258586135302
tz1imbraxLCQ9TUpnJVP31LS18hpTqG5wv1k,142133936595210
tz1iDuz9LvybPBC4kDc7ceBoKVDwwzJR7zKb,3877899950764077
tz2HYjnnRbzPpUGMUYGKVXDnsfSKKqH3aCVT,679969898723783
tz1eiyML8sHGBL139FwJQJeLGHWAFtDqPz4U,12647215622817
tz1YQDCB6Hbn2ozMyS2kf6WPJDeRvJtmtNqQ,73962157095959
tz1eeNRXYK56vgSfXHFcXorubcaBBCVpUY1Y,3531944032936
tz1TQw8erN1a2LpfRSNMExicRXMveBPbvTKE,46288806
tz1gaRjULm9qy4D83VCvb4ABWLKpz4XXfqjx,61296667028137
tz1hAZNx3LrRKFgfRytoLNVGhCrzU1uVDUHS,293548749055518
tz2HGysnSAQAetSyFYCa7SoH6XXVwbVqMHnM,415862310727862
tz1W28xB2eAvRGCXmVduC63Gx6gGDp87zqbB,599478139472824
tz1gJaXdi7Gweq8TUSy9knB2wLjioTKy2tZF,618634786060352
tz1PoXtd7RGVBwWmmZvxX18NQXYpbNdiwwtE,350005878895193
tz1RLCvv7wrWq4hTmyKk1zZuZeuUXNViSgRD,3614417690348530
tz1fXXFNod2gQDT2Vf9ibBortMmsKKorUv7Q,8041134531268
tz1QFk2DJhPkzp2nCN7Thpo4askJjQ3Zw6BU,128341162794828
tz1bRDYJHp3ACUojEeM6Ja442YEwNmcb7ph9,124147797938921
tz1MDs7ym4sp2FsQhL32vuAnEqG3ARhM9Vi4,125057574997131
tz1Xy5UM1tC3CFcbPBVq5PjufaxcLjMwfQkE,3635717278877
tz1RAKBnmd1X43pkkGqywYCRgf1Uo6D77zMx,3635461552189
tz1ezWyS2cFiqrNyiSVz5VKEKnmDN9Ah1zSR,330881296310187
tz1cXwKRD6AMy5nhqEVUU23SBxcAMnh2aKLn,40540574803949
tz1WNQE7B2s8woZp1d5U4SeRKHmssN7TvsDi,38640793558015
tz1imrUNR1R52GxhP4y6XQCDDXtQs11GarTN,2623067168861
tz1chab75LnyqBqNwrK11459SGCFQXLg9uyx,39304639916931
tz1USfPTFciXzVsQL7Rk8HmMWyWtFEas7fh3,145344651296774
tz1btYY98CWBVCGEikD7s1buWjpicb9kG8aH,2730204635905
tz1fj962xSPKTA57yWHA43VeVzo8KqdpNAeF,12514447684835
tz1ioU6W4otB7ebgRZTq1EVVra3vMyXqeqsm,34237195517321
tz1N8oU57qMgDRr6N9pSbhaiWRRQSxJRPGoZ,140092420062923
tz1fCEeLBcuSMSittqTnMEhcFdPCtD1HsiZc,13442222845393
tz1WsKkY3TLDvqTuK97Xu4zuVoTb2nsr7J8S,23384171104934
tz1dAekzaZ2VrjvuNxoaTZ4dY9XjgrjBvBro,72185327993334
tz2DsS3zeg4pqoUnRPHxvuRSuQrjDnTZcTNJ,1370087674047
tz1gSGxwMrToBdzLeaxg4Bregv6W2oEbNLC8,1175633468578152
tz1dWwKG6Z9unqwonQUWV65gkz2YhABiwF1R,162308687792580
tz1X8AQxtn4KzBwMZ6MZUVFDcACrfnyfYhDg,52106525
tz1KxARuCbAoiGGesnQjr2pvZa7CzJR7V9D7,92262034856923
tz1LGVwoTMUhi76Jc8TeaNUQhanfeLLNF4xm,73188202575752
tz1QS7N8HnRBG2RNh3Kjty58XFXuLFVdnKGY,7580638612751742
tz1RAP1j8SjwT587jyccTNArBFhC9HhGKfHq,16254324269024
tz1QiZCuJMuVz3aq7j1Bq2v3BRTQPCdTw3Fb,248241541933918
tz1L8hBVpams2fWFC9kS1sPVxfGY6Hmg5TQ8,35303485248498
tz1TQSPkLPqXUREhxvYzPbAib6Jz35w2a6tw,115245416983532
tz1XD1xSVzgY8Qs1id1kNyFJDbv9e9pNMe2c,63240898094190
tz1Tk1MJDZ96bK85RLAqtKfnptZZyXsJ2jaq,30670721373508
tz1avT6pCusXgxhnffuJzk49Vq5QppLVegHB,49136728386943
tz1RKg4C5yKTzm28Qj9gKmfUozCDrctDpx4G,132520132722867
tz1Kw5M75chWdw3HUBMg2bsp164TrVXRsGJR,31002780584223
tz1hes6aF3Px3D8nPQx27fdwBKrXmGs1UYxT,64521138990750
tz1c1BG1PEeuhMFwmonTVSGafehicqbBJFec,10747277506631
tz1WtkHVMtif3DXVCZ9pUCqWcBsmqgFjgdkk,2859340170995
tz1THwbFPPPBHmBu4cmLV2SppLFrA5QfBhyF,44685747450016
tz1U1aA8tyN6QByoYLhSvNu3krJPLYqnkRVa,64016079542547
tz1QSwx2wnmrTjEGrid79c4tpFMxjCT86SAy,108161065215275
tz1RcJYTsoYQ7adtNMANhwd8qf4zApM4i2Yd,58302077548214
tz1cvrgSekgCqgyc1c2qFPSeMtux6AAAfDsk,52232997
tz1a1ZcbAeBEjxYSwuNKxSu6FbFB4dxdL3m9,1482232223088
tz1NZnfrNgCGdECyAhA93TLPTSciJcZBJqDY,83996025462346
tz1UGuKv6PzgVbofb42VgeRwDwsVN47UpuZB,213647025789721
tz1eCzNtidHvVgeRzQ38C81FPcYnxMsCEL6Z,1264721501575076
tz1N3nvFqipu91tfU9s4GXGsopawpwxSoAJh,10399172272958
tz1LFeLTRQZrgKxbmvjz2ckViRhVw9BZXw7t,2506632780620530
tz1XuzzMTz1LhqbRPy9uxfRkccSxju3v8Y4j,117415094015728
tz1MoiwNRQWHfA71aypNk8J9CsKjfmq39c2F,453091967821486
tz1hhphPmGxL6HEmEjoVSJBy82FMWbFwzNCD,2532698770646
tz1YHLm7Lq27q3rgVXLY424zQMkvncVvNiaK,13911938386584
tz1fKtBhuuZiMYhM3Pi1hcP2sjRbstgDrmqX,4070724435609
tz1XEA7cp83PyiXfSxWu3uHjA3EF6Gdh3Vhq,13684657562489
tz1UXMLCt7dqbUiJ2BHRhE1gFkdVkmCZYcM9,4459227909293
tz1iKF8o1hCLaTNZcCJpgKQBQxkpcSiBy5V6,178631053473765
tz1c2iwyckUCcicx2qxqtwLEartYFEHg1pvB,81318083924723
tz1PQDUDph7dDCn8pLGXqaR79DiUWLiSZdEf,506400259521488
tz1fUZ5pMP1gUjuJsp5V631cXmA87Kxm3cuZ,31809791717005
tz1KiUXfWuF65Ck5zY4otx8t5pHToY8stYhj,40136368580173
tz1YQXd4LjZfDaKRvSTwBEwgggREFfX95JUc,24360970374294
tz1hM6Pz2e5vJbd1YYkYHcj5RL7tXhcn59Xr,1235817571951
tz1NVsmLrZX4jad9bNdvM1EskvcTq2LSZhLx,258645313529953
tz1cBNfPUb3Gi6oezs6fpXtki8EzSwjnoNGS,69946667324823
tz1h1ybLPkwDH85opBrU6hge8wSsRQBnAghf,51491626719382
tz1PKoh9LB2P3pgh5ahaAFnrC2QBmUxcHDJU,39318786552687
tz1cqoo91JCc6sKmNuTVKNzwUdi6E6moHWFb,167047958205338
tz1ZGNErBKdYeEPjZuqKXhyTixQTTPn54bx3,25253061532106
tz1iUyniY5PPWrzE53cs6jBwNKUun4btzMcW,63043968226745
tz1XoiGxnmjnkaKcNyG4rrHNNEoh1u5VidxY,35077206842663
tz1QVUXNoyCfKpAyxDpq8kR3rK2AShuzQxJ5,431506415590478
tz2HZ2yRFd9F3uLcKnLukEXhuUz3HqhZf8mA,762302102934419
tz1UVTMhbMiSETKCxFi413yZ7imF1xeyt3fV,129021413491515
tz1XisBzUGgCmvC7pNS6hxvQ5hMvXUTd1p7D,2125219529631
tz1S5TbsJCWmCyRh3ghJ2rWwQHHbcvoh1uYV,1264721501828020
tz1UAYfFWmaTrQTYMptaGCw6LrXK5Yv84VnQ,686804986502
tz1hLhGe26gqt78sZboxiwne6zgKMqirRieW,165749199888949
tz1YfiydbiaKMGPuavawX4rQtXdn9wgpdDKS,44289399727324
tz1RYTr2WKdJD1MMV51kN9AoxPnxZJgJ5sqU,6891716092546
tz1R6mtcAQwBTK9YpSqRL9y2a6JZWgDkBm6M,615640701391533
tz1Sv2XMQNxcAqyqyyv42FHjf3EGwJ3Godj1,712095769405858
tz1NCsGajb5YgZdhdviKrfisN3VteMasnzQi,22489861728915
tz1Vh4cX8VutUUUnnjmnY2omSV4F26T5orLH,102043472939384
tz1hgSYGDwHFqC5AwW3P7vYfXfdwwsx4ALAN,27906716527
tz1QGCWjNpYmcS6T9qFGYSam25e36WeFUCK4,76028868113856
tz1URdfSGhAfbtpEkjWBmpTt3pyLmxdHdPYy,2026444180179
tz1LApX9pPhcDUDznHR5TTCcSXh3m6zPgFHA,40691400810456
tz1hUY7paB2J5EhD73r4oWL6uZubf1UibHrk,136503238138328
tz1MgDFQvyV8Vfc48HgeqMbCD2Po7nhoWDeL,40022937082779
tz1PWZTKd1zhfuxrixGJoHJ6G17SQiypwe5m,62856658
tz1V1Hu7nMcgVuMKDEZickAKHHZavLKTB7Vh,67662600
tz1NKHjwrYfg7GWwbWZ3bvdejkVL34De72Pz,66271406
tz1RaZeHEiKewSd14gZ7HKfcQ3HaNHJ5tnV6,1363219809975305
tz1aiLrqvULcV2Kfvzt9dUmqnLQnoNXPPek8,54762440
tz1M2h2hPZzov29kf7xcHXrunXb2jFSbfiNd,635548727314214
tz1MToDUySbYhPabULUyDPPsfDQF1cpZPdoH,95236358692490
tz1gMfLSQs6xTM2TcLM6Sb2njJ6h9qhSsT9Z,12538254287429
tz1LSFyZ4z6k34KQ9rsoxE6gTgmik1nn2Zmy,1343556446690388
tz1Mt4ddsTmDs4of6kkWYvMWSUtM8zbGNMq2,61539614104
tz1UNTxRbAYTSBSdHMjoUoYAtLH4MHMUiGwg,13035073609146
tz1YUJitqsUrFfFzEp1d2RiqVwV61J8aPb4E,727055464778
tz1TqqKqc4t2Y6PTvxeuhF8kNjVn8HpZkKma,86208710201318
tz2VoUZvPNLyq9bZ82VoDLrhkH8n6eaUoS6E,16282557376893
tz1ZvbLR47deoqaSgsaRXe7hbgDgwonBicnV,635675783427100
tz1L8m6MGdvK2WA65wQ7DeVwXVmCS72JKWeN,8551667156416852
tz1iCJRFVD1oY7yQBap6X59XktpKHJtgCGyS,3600842867838
tz1bnWUvcfU77EBpbLUQ41c3hCBKovGuqyGY,227336223335041
tz1STAzkywd9GnKGvJBPL4xWte3LCniyu5ho,65232834459547
tz1g6cLrzLxNayiVyb7BLsKK6TfwboqWaYPx,2483548666307
tz2Q6ugZbronUHSk8fbuHibBrBEJwrzgtL8X,18174467290474
tz2Kn9u9cxvTczP6CjirJnEE1UApmoCzuGPB,51147542580500
tz1aHfKHR887WzmpA56K2diKDufR3QJqn9iK,3400938370199736
tz1fcuYiLoHA1qD8vLJmSJPPKhGANGLJZgin,50033885891
tz1bdbHUpDrUx7m5g4VTSkjnc3mxnquzRTcw,635346438896712
tz1NoV2nnTuxavEAuozNyHm4nqT3qtkYUNYW,135112709548
tz1TQJjDtzUWWAa5a9H61iyPZmuKRfX9hXi8,5794253804
tz1ewd8gDnG3USrTRJVdbpsyieVv9fWDMPNk,107785296902036
tz1PwxV2kaHhubkYaRWTnGBvsxXswz7V9GWc,260427618584934
tz1Tpms3fccT8x1pVY9BQKgnvppew71pTDDd,8370594217965
tz1bNLPqmLVxWF6puxbFZHU1yCJLiCZmHH2E,219627840460
tz1ajJzH5YBGRuXnU7QDJzY2qVRGcysUbxJE,8759656907875
tz1YT4u9DnGFiRM8AXXACY8LWuV1rW3A2hFb,693034427301088
tz1QppHuA9TUoFN5Ek2ZSmRPdU1xQiwRSnPb,2348627501186
tz1fne8nhZuSRgzaQPyaomKQcFRfthyicBQc,7630142015407
tz1PGFWJqZhk5BabfqxfYixpVH9S8vY7NKj8,1918076990168
tz1Uva3ynPUXqpAsWJ3CxcXVPG7HEXB19rzU,75668568583348
tz1cGZNvVyHrKgbRu4b23Nw896JD6GYhZKQm,75506921100426
tz1i9THBDe13YzhSmcdpcWKJrL4raaJ1cpN3,75370323081931
tz1apbBneTw4Ap2kdmv7gfTv4kDPYbR5HAkn,63670417558331
tz1MJ4C21XhL6B3YptprRWMuL8oeJquUhz4u,1605279325280083
tz1SMoz8tsJzeQPtGhPEjPnanQMvFc5KitVh,4094681223179
tz1XuNQgqT23u9KcwmRLGGQ6w2n6dCE4bmoV,1961908023566320
tz1WrZ2Th2eCuq5NuZb8nHXPJUjaBE25Uwgv,12083668347
tz1QRRG3oUJBo66xvidmpzuwPuoVBBtLxUaG,8156383034910
tz1idC7XEoSZ45sXLwp1ujYJ3yNFi2tkLT7A,459418630251
tz1d4649CmmMEzXBWzhTgTkFxy9ATNhb5HC3,804738899321
tz2CrWArLr8eRCj6mp6yYQAKshR9MuyaK3Qu,80117996588479
tz1UdGjnCNd5ifzEShXft78CmazG9gj4fdrN,2661231546790
tz1WqkwtGV3ttnchD3bqmucZwByduHq8EN8f,31646253426
tz1fvhxJtMzKYkXM3fvXrQEyAXyMLYayTtZ2,354105966978422
tz1dVTewmwhAqfBcAgDuDuF2sPUaafuPA8mr,73912002539395
tz1ScePe2eXYo1RBdEe12hNY8KrvHyjFhHw6,17055412900156
tz1XNmNga2NyqFiNpmEN66fpySDoGWoKpKXB,979241597536366
tz1dXpsNAWLHVYNWSqhrHCHT6wh6L1fKZfo1,12264852408410
tz1N2AezxpvrXzvGaqNVW9BqXxJ6Rcup9M4p,105299073515
tz1iFKBz9HbJDp6omQGG9LC9bTXF4zKdkJfR,274318432904
tz1cp312oRvwp5honfR55EsWUF1nA7QZYxT7,129872566644
tz1fFCF6FogyPLLjSk3FNTG7gVdDWfPCWVni,6563376614
tz1WUmNdnrv1w75V7ntFSt5kSuyQfYuo2hqK,20378003395780
tz1LYQiMSoy34xAUD2NnsJLCTmb8HYYR9th9,2610341560346
tz1VYa9SB4LtsHLWZnJXc1JuL7wuX46orE2Z,556248974904645
tz1d9NBC61N2Xjo9LvXAQsKPqC4HaL1mFD9X,424739215322619
tz1cAxm3wHEUX9tY87sSfdVfHgCWcPCTkNTA,29025675060309
tz1iNdzx7BJpGD2e2YaV2QbsteMQWMAXjjDf,181320638970169
tz1YrFGJ542U6jpYHpe7BFHxNfa2mb1wpAdH,175153235169
tz1SPVSDCDpbqigKWVYnbgHEudxSM3BASPZj,191881888913701
tz1f7C7HeTczoCxoo8oQ3vBDRQTiNM3tFTZu,15719380480220
tz1P8pHeW6qWzBkgeDvi3bc8depN63r5tt5s,6991107311694
tz1iZnkruZaYGv3dfER3wEasjJj5xpaTtMjN,41419286331641
tz1Y1svqGfYwEN9J3ne2WLEuzUVnwzP5qoYW,16302287885
tz1YmwJZfEerVMbc8uuJc7xUzE64ma3Xfu7L,1146659258365
tz1aQbe92zZy6MNeRFtgmgV5dV5R4BNTdqK1,1141339474063
tz1THz87Wwo5DL34CELa6psvuH8RXShPmSbc,286387061760
tz1cgAHrLkuj5NrLmQ6LnELKFKu3i13CokzB,7818846060
tz1eQ9skdokeeUyTc4SdNQMPigjZ8JY4kzus,645323512242
tz1S35xPc2sh4kK5hd7KujsWU1G3SUdCnFqp,79329529780
tz1dYEEirVkgSnE7eGK9vFUwxWBqibkafs8W,234671655103
tz1VLGH7SJ4HA6kDXRiHYqVFkn2btjnoxqib,138416854449
tz1XYkmAHtkZFjZLdWNoL2BTqUws4oD4H1PR,101413453324
tz1dCyFm9jxuhxJEi8UW5sgiS7TFubaNT1J7,1675283276
