Address,Amount
tz1NRbpmTuPEFCCYCqCr7i3hkMRDRhBFgmxz,3949726077778
tz1foujP81wtDKMCX95CBY35TUYzWapuuuLg,10206953138062536
tz1NBpWeS2gVpwPpT9NUn9ifBRfriwicJT4y,784478612982627
tz1RDbEW7YUkwnnDdMNieSiF6kB4XBws7QSg,559346848770031
tz1XwT7cC7UnvMi4GooA3qUNEA22cPcUXxLp,871993767020684
tz1WdQ1dak79v48jXAQjYtt5ZMGnPiwn1ktL,1521276417113
tz1eqt71cHna4YgyNg3ao6x22xU7c7CZXxcf,225785111634079
tz1SBxNvpDFC4bjW23CtQfVLqN5cBATVf68B,59034783216001
tz1Rgo7URug42QnhBM6eLy4MWdfwn4RovHy6,2022231655976563
tz1ek9wEDD2edxuV1JniLuh2ckh5DeM4FjQo,276743400842531
tz1S4Sp3WtEz3MfdBjiaRWEAG3ZDSngAR5L6,216359204562
tz1V3fPD3AKPNwZf42PKGzFaWU3vZ83Gjvfq,183334216110037
tz1P6DFx1Biicriaz37h6oLAhndhBL8eMoAt,2348766815045307
tz2UD7tXJyBrfDBHnFzhnaeL8ZGHxcDZuDa3,971149260970263
tz1drEV5soQL85qJMNts3JfkgZxD1oL88gsh,45861210720437881
tz1YTQ3Lys25j8FhZQY61eoYErYUteSao3ez,13091469691191
tz1R3bKH1seset2h49p4vrZJCEL8voJgSK2G,1381916433599144
tz1Z6nhkXDgJjDzSpDEX5g2o1ris8Ga4xjDY,244054837934693
tz1bdRJkGkNQ7homh4PTnkVM7xzVWhuC4EMm,1551072777987033
tz1Z2Ne4ZHxNPuCJeCcoykHVXTqhVdLMD9gV,1871940594439461
tz1Qji1NnEPj4Cxa9s2WEoWi9U9KM6a9gdDL,489438535565514
tz1VjYmQHw4QE6tYTQLLfWNjqkUNwMC7YPoF,339001703984971
tz1czaureyspHk1etv1dKV1WmHCs9pb4fXBr,151544497687492
tz1cmanHzitf3UgWgECzLpGUKpzEfmGZaFsw,1412952430144524
tz1eZFb4bNMMdveGT7BPcktbYsurg2e8r1xR,4964887967377
tz1RartAmPJhFsL9oAhZndSL2G7KCsaQqqkf,9919069754506821
tz1bEi1SEPrZh28Vqa2gKi7veuJ7AksFC5GL,18190449511861
tz1YrfZhjFnhgERznXtYee6c29n3PBeam8A9,41597348706464
tz1MyqKoe43P4Z8MfHoXVBTrohgcbehp2zLL,5297278556082655
tz1SRcMg9GRXi7paNeAc3ARn23mS3Z5dXa6S,44343434510868
tz1YjtCLzjw3bqPxJh6MqdVBFrM2zrsA9kyg,17270588093538
tz1hD7VdzRpWG3nmYpCyW2gNc8mQNs3TCgxu,551277223848895
tz1MstraWa1kkCRoGRYpYEtMncugi99rUx2H,2068892637622
tz1f38MX7YT2Q7MAq3mDdj75GTN7vgqV2TfH,1458732614930404
tz1U1Pfo6gY5UKitBztSaAbmbwFxgmmN2oaP,54104852185015
tz1aBDeNFooBEmBXnWDVgLknNMUHMYhHVcRA,698908439157614
tz1hD5k7QW9ChHCgb2YLthKFirKDYQiNPDJz,79376938133429
tz1cjTb6ijvnPrJBfaTEFphxDovW9xQbkmDK,5281286632510
tz1ZL7ekzieKxwngCCyjsCN5qhu1ohwJQEBy,185758043681421
tz1enbGpES1NDr2kTaocDhxvMqtpMy4ruhW6,74033871762426
tz1SKobyM2ZGQYYWKiWYnc58GhJ4TBnQN7gy,255861460496
tz1ehGMhxarDhwppx14PX1Y3eqbZ5W9Bc2Y1,18408225150024
tz1LN3wPFYuS5fCnodwxT94xVFLPtcFHvcHk,956702690352475
tz1SRqikWtR2KNpugCApreA9QeZuqh8swQMa,7779288769521
tz1dPPVGVRxY45ZvnRMU3vebaBVMuhPq5bxh,4054820969514
tz1deYjddv6VT4o656x2FsaaN1owykAT7Nmx,36568541277387
tz1ed4brTwpFg8hFUJSJ4HqnsC7sEjVesMtb,517231291923396
tz1QJE62jTxHis7kZkbDT2zsYZyauNDNzWg7,230028121742931
tz1UcwKfokzWm6g2jpnVVqjRBd9iFJQHhH2m,86719555639335
tz1gWt7kUnJtGXoT5BYzHVa89qGp6QVvQmyp,229486630713023
tz1TJspN7PEXSA4tsGJZ1EAE3iJGDBoXJz2Z,111248426032143
tz1epR6pJmPaJ8vvzNi6V1T51ccocX1Y4VBb,9388943272962
tz1TrxaPKNsRpcgw58155HdX6USrpV2fERQm,245879821401132
tz1W19DveaP3mW4WvFtdVdqGsWwBL5q1QDSK,169768605234509
tz1esdEqZC5Nz3HDFseHvpH6SmQJPocxLzA2,94746104647667
tz1ZLGi9hMam6Gf6kixB1XK1yJED6CYu1tGg,1907277470105747
tz1XyTsb9DwkPru3eU1Cwnr5JkihEi5eisHo,372185843799010
tz1ULQQ3S4kFLhhpPsegiMVFmXx2G6ewmbTA,13704695689250
tz2Lqs8WFf2HDG1RoxG3EAtuHjDS27XQANWT,4389117417649
tz1LRrXCmELevk5znmVcYD63TChSpYh3vaE6,206168958386985
tz1dNTV2DXUpqC7SEiJ4BTB5RvL53bPPHZfM,157156664574847
tz3T9ZKHLVzc23dxD85p9xo6L8L5mx1hvb5x,481176774612014
tz1dZuKxjVojU7gtRDU1nMmG8uRdowF2Q3Sn,389666747829073
tz1iPeVakaABzkhWFmG8mjYMpcN3JCpHBvZ2,16086182485
tz1S8GvdiWQghwPMMzbNvRh66rcfmhEA6vj2,1977678630937236
tz1N9qzry2ko1gwTK6HKWamZZK6FGx3Vr89U,171349895981018
tz1M5swezYMnDaim71PSeb2cPFk49ajrvDV6,324371682532437
tz1QQ4HyGbCZDmQxeVHoLP99KLyfvGvyX21i,2552863014502728
tz1WKygtstVY96oyc6Rmk945dMf33LeihgWT,914200289460492
tz1Rux3pGrp2KpZUBKvg3VQ4edRYVJsapr4z,6579063579477900
tz1d9Y652aoNq7351TAYiNeWy4FdWuuw1JxD,15086140524340
tz1LWMmDzH79xyu6JvELrnvWLBBVjZg7TnfN,1366597115325864
tz1esBaTjr9qFQ7FhrDQF7N7bTpNSVTkGbMU,47971351372488
tz1LaWQ2BUAdTVNz9nb7AhKDcPDQsb99tzhD,9836217184966
tz1RfSFe1dxP7wh1zSffEnskgqvVVWKNKZG1,60217412931778
tz1czGMShkB8ZtCHKHeCPTY3CpuiCrjsGJBy,93084344978562
tz1UQ6cQZef4MuskJjV9g8pXNZa5s8ff1oQy,164617610117617
tz1aZsKPTRdkm9vaQhWv9Mz8ZbwxSHmf7t9T,38467981914866
tz1KyRUKbkuBTK5uaidmF8FbWHYrMjdw6GuP,19930764410923
tz1dTmMLY7tan1HKfW5e3KxJcfZput6UuTH6,3131879132131
tz1daKxrqyoFUCcuQj36BeMN9C1Ytmjg5p6n,862550418362970
tz1YZ4VZCRPoiDyGP3U69jCq2S8duDUcRjHP,19283919751681
tz3VvvqkW6D7bSPej9x3pghjTozTRbaB4Gn2,103878951986447
tz1Y2QaG5AtmfN7rwBG1coLQKFTTSw55g3Kk,335694473642
tz2LYELYe16viwVBaRjZc8GsauKRsxTGPvB1,473622341773978
tz1gXcAJZUYqK8JkkGDPN63cPQGu8LiBndK1,654640834581871
tz1gN5Ch4VeDZjiM6R1KPMBxPWFxL3HHKZyT,106113924193748
tz1L5rXu3RqYBjZzjWXLaFANYZcwS5Pb1ZST,15787405579438
tz1Md6npfDk8cL8rjnPNZU15tHvyCZkcGDuu,47260052746220
tz2WYko4XXaV4B5mzjguTeRkkgw8LyB2jA2d,91533296411281
tz1NkFRjmkqqcGkAhqe78fdgemDNKXvL7Bod,2798783333893728
tz1TgtGGP3TDUMnUw4UzRTZHrsmzsSKraau7,259052520198
tz1QkQLtDkqpw8VSymi13A86jh5iaCeMriMJ,1295411686044652
tz1h6J2pn9X3KMghNHZikrh3PtEpgCcRAjHZ,3591526742047397
tz1VCyNit49HjTmz8SEgeL67x4BLuoTaeYMy,1952104400902688
tz1gACjUSBkWjqWv5ZBMRk6G9Sp8xNAYgwYV,169374392195809
tz1ieVZFcRity1eybQtgUyGg8NLEYWNqKtQe,31387556306784
tz1bKUD8UtyPfknyWyMbtTqsfdMuWomrPdSp,56007484282275
tz1T5GmdYXDWwbhBrU7RubT7Z2dmz3ZmKwCE,805705750907530
tz1XLpud4YtVgwiAJezLKUsAo9K2s8n2YPqx,109125090847940
tz1gmajxhmKt22CbcsSA7WWXSATgbuVEmzTC,48015469630944
tz1cfzEz3R8YKMqC2rbKnr2XtpNjZxH6RGdy,27406262771960
tz1MNGNi6vfbqGdhikvLBGbcz3FncMpuvU6J,552291759661
tz1hR9eQYNNTZ4VGUeipK4PHtyyDEDmQ9dSf,597734956883196
tz1RxeY78zE8hNJbqPypB1mTVyTsBRmPuqry,79398570020619
tz1UnGY1PRznh3CJzSFaW2V9EZdK36AYneHi,4549930566397959
tz1ecAtwNdrsABBKa7Bvn9ZEq1Ze1EvS9WTW,428824800354759
tz1SBF19iLiCc8dNpKe1Ym9juSAKaTPyeypF,15451316663072
tz1X6ADVxP37XjYppBHMLVRJQwmxA2YxztbQ,151348620800469
tz1T1u1CET7ek19f5P59vCdjTNFWAscYQ5ct,592603134756980
tz1c6Brwut7ZqXQfkjxDXvyAUL2Mr43p2JZZ,1090234297730
tz1V9qHfFxixcXJKWuEziUqvdrQ7BWpPnWTa,398951382698996
tz1Lqnwap8kKynTpefqqSH158i667Wdg8HVA,117169747508461
tz1Kp19QyYUnXuE6cxuXxsfQZbyqv5JtKPku,81756654358053
tz1cnojsw9qgMbdpgPeCcWPf5GX4YPvd4HAh,1991483302291466
tz1fbJACCskangcgy9xjDSiEYgh7CUmSo9oc,27995535676609
tz1dKaw4xdNjfufDSLWRxumNBwe2VX4mxXyW,1236953513004065
tz1RJf644pa7QAZqKzrPQGiYQPyubXarC4cv,21610580432733
tz1PTR7wFs8pTFarkpsZ7zrtVBJhusyNRRM5,74772114032605
tz1awQgCgLpgnkxRvbnKemRws9uqp6WASwRD,999496241459
tz1PaJwmmL2nrRt5K6HvwFEc6fUfxNe6Dyp5,53163019669085
tz1YSwscBZCf26kSPvqsnUdhnS4XQD6mAjcz,566383508388081
tz1iCiA1vKmgfZbY533ZgMwFKZ14S1DQNooQ,52258745870280
tz1hNGWJUFPFV7AWLXvxGzJVEfCZ8KJ77PJA,57168777356354
tz1MqSihmFMUS3qAmWPhdQWhzrhJJSBMaVCB,3893646678433
tz1NPu5aFQ12P3KGhBGgt7G79SAgVj2Skkn1,179815090007171
tz1Qm3DHkV7V6peZPyWe4rv6aToH3nRmWEH7,9776592661069
tz1KsiwkQ9pyrt4Ra7QrAQp5LQJCGxHQrY1n,143396996922290
tz1dz7eYRd5uV2DndcPWFeEHYGgw4bJZoCBN,247010156924833
tz1eKTUc8X17nVmtVRtxBcs3hwUPXWuqP2AS,230703644218478
tz1hXx6tvTV3kzxpBR6E4hDYcxdgcRGHUTFj,11469945177652
tz1fkZtnjNfQHtEyUpyX9Tqq4RrLKx35qBxf,101301868867169
tz1chg2T1s4DTjLqthPc49HDcqkFHMwdSPwb,357406836452497
tz1Uzm53vPr2Giyi32yT9GUvBErKqHPBjvQL,200467876773306
tz1aR3nrJgUyU5B623U9s1MtMsMjA5Wz5c3G,451859829731099
tz1YaPLZuVmZaKB69BjJXKUDgNaZrxBR4Lfn,17499302891367
tz1WNk2o2hJvzjuZRNmZQwjLQuv24wDv1zjU,1872600283903888
tz1br5Mvr9VMEb1sb7HDtxpCxKVbZ5XnDqJi,79010434585181
tz1PMB2EKqwkD2NDuf9tvdqhEjhBy3pBGQKX,78979045336775
tz1QmBcwm7RH6swEYNpsZZfAWCCFaW6wugVT,1425703373752447
tz1LxqBcvRbZhp34C2ab62CMy49wFbsQSzD7,16920657886426
tz1S5RkjdXMREayGWMawArqqpyMqGRjohJJr,143354858753507
tz1bZ8vsMAXmaWEV7FRnyhcuUs2fYMaQ6Hkk,24166645733084
tz2Kmi3xEnXk8c7zqWSQqSSyfNpWt6ovG38D,421569367218777
tz1LgePVXLZYNhHoRQ6KgHfQjQ1uq7JJPZDa,320275304926393
tz1gk77xzDAG3sif9eFvsqUnzaGh4MrzaCp3,101811081774167
tz1cWUkZFBZ72Yn9desxcgS9KdH4BVfqd2ZW,339387397222607
tz1a3LNYNZTNN2SLMjWSUc5jtLWFvZ1kC7BR,786167356689304
tz1MiKQQw6u5CWaBZHtn7Xmbr6f7fCQZyZKa,1643101555853
tz1SGPStfd9v5upQUxRiHPC9666X4FpVAmK4,2317602487051
tz1iF629Cc91SJkmQRAWAm6nYavf7RgpAqZh,362081447679786
tz1hJso9uzj2UFHr4rGA2o6s41UK8NLnGpUd,53091772169941
tz1WHGwmdEr4iruf4v9r6bdHgzC5v8SKYTkV,22966121250584
tz1Uza3jMhipiQMtmeEidizjbSqnqZMQyRv7,4509644368596
tz1YqsEWdPxBmqVKsJircrwBmCmZDtHAgHzp,529389051183731
tz1ZLMaECyswARea2bTsBws9eMjgUm4jG8Uj,1169109761418235
tz1hKW9ZbV7U1hb1zPfrE6HG5UWsKt6eppMa,916507868203882
tz2H21wDMLHDJ4jcJwPr8cmhFatSv276Jama,172245145758288
tz1NySiq6aHysD6Rpu4bYhFaVe3ASya2qB8D,753163520385888
tz1Rb321A5bMKjQdczUs7TyJBeXjfCtB4mYd,2055835362575271
tz1USU2xSWb7CBYGJYat2X7An9sr3cFfsLwi,50268075330502
tz1aoYg1xYeEdnLrAJ7y2r1T3aMBCyms6ppJ,402848480465225
tz1Z5RUwr1F7BZiHjeHkPSpWBwb1EgwiqXk8,38118200891057
tz1WxCJ3UpzyWsXmmkE1YjYzbBv6jXYkbFYV,23600589452232
tz1Y9QxwVevgnxVtG56YS6s53W6MBKVdCPCB,177653866855827
tz1fq3tMpnnsZ944DVxcJqsVNGsWTPvqJzvo,242529305149944
tz1PrecMTmNArbdvQxtZLUVUBT8rcC86dKZC,22341459571327
tz1Ty6Hq9GpzxmMs5Sv1VQ7cP2U4KuSCAN3K,59487195171415
tz1gV6MqrjtV5MtVaATuemVsXDQZJgiaFiaU,85228033464752
tz1Q1LWn8wCK77L4xetjbH3Ar7sDaSANezZx,17738088794114
tz1dugdoeZULYPA9phfkpofrP95rFqhZNXeR,5087816100782
tz1UecmgMghaWovhh9EYfqTrK9gTtaiMtbzs,5898259139876
tz1gGwXf6Ggkv9T4jGmp58jUMU2Gh2vYjDyH,36611714853853
tz1QjPnpmqAJYSfDtDM7uTf5bkZDNY7eBECd,126015994288930
tz1aVZZd883FwyEx5g2o3TgQ7pwEYi2f6apg,21824250578717
tz2MzvuRU1GEKi9udpqzLpGYfDoZTiKZ3C4C,352956514024455
tz1SEox4m6JwzUjLL2daQMKU7XDrvsEukR7X,72847528774286
tz1XJqUrY2okTwoJFgHFJKQV98tsn2oC6Twj,31360882613312
tz1VqXA6L6hPEFjvsgWv7Viw4xQn5GyNszzy,3373319578310696
tz1Wf1Lqz1yHm27P2RQJAVV2CMxnhYK4bBGc,151231316601998
tz1f6qSGVtbzq9kMbuefmSX62cRJgPUKo54w,773029807880
tz1iuQgH6htUbmdLALotF4HHbbKxjN7MkGd8,15326642541814
tz1cTS1WwovU7SC783xgJxZrzr151mcshmNi,298163331059081
tz1f4Z9FJfgStP7v6Rj7BMJnWJ9Mb1NdAGsS,539438077182
tz1ersiy3MYVu89DFXvW7Qb8AM6LYptSsoT7,152858757444793
tz1UFF5DSDDtk3fM1ewaLvVG6fhaAeCdgYEt,19349492141691
tz1dcpUhXGeXexEXispSpfv7CeufoFnV7AAf,937177577724231
tz1RKRhkvC7MQgKfPejvNaHGshWUDsyJKZdT,453100894988386
tz1ibTknNagJCgQPgcbPvJhpSyS5vxgdyFt4,154675895497135
tz1SHzbhYsbX6Uk51hJC4JkjgWM1gWaSwBqQ,30530511548274
tz1LGkz6e1mTymuFyHBVFQZsHEtHepCYYgXD,753590799968908
tz1NW1MMFL3jytxBjhx1qATMJyY47vLBMa4p,1232428582474249
tz1QRm2TJKnarZ9tbL5CNjN4Ltq9pJtytuk7,514624450681
tz1WJpBDRGfa21un4yQDKTGXZw561nsGg7Qe,15317729503230
tz1UXAsfFeufr6p2PafNr2oXNrTDSdtwwdgm,12246718352719
tz1dpa4iDvAySDpgrcDCQky5Qk4kzLxHm8gf,117353875755444
tz1YPUNi7KW28VxZNEu3fNkRkJG55G9p7wsN,10129176985858
tz1YpusrSty7ULz7w9sM814trSRmM1aNbmZd,339488965031790
tz1cuj9Cgi19KMRi83UuypS89kXM435qdhmy,1485707356609
tz1N5jTEgaMoMWi1i5bU69wRCNrLvLL9iYpY,29776068042445
tz1htwxBMBFikeP8SnQiEQyA9n1ryDrDFyLK,7594875865556
tz1XTyukKgkqq9P83UkV15np7EtSSEy4kAeY,7770493908381
tz1WMFtCLLeRiayH19ZiaErKq4Zu9p5N73Sr,46656237646
tz1RFUjzPENm3vF7quaxfELQCfNTCSjAsFdA,74509195162656
tz1UvkN6NDmGtkBB84svr5MRWsqQxMmM5chq,3846418099863
tz1YjsPAFc2RmuKa784bkeQhdVLzbnRVtB7c,39025286159650
tz1cLd3gXJ9Fk5c648hRzFvTnGfT97CxcHrj,73106460628208
tz1Te5JR7gzDBwtZLKPWSPuTGFE4JX21vVur,9590131401498
tz1YDRhXyq5ZHMoHXJX67rHSrUFTqhYjFo86,38243183483551
tz1NGDuYTuuB1geX1K5b88cqa8JinFLdd3d5,49042652013891
tz1gqVB5kR6VTTDZc5BU5cdADzxJhot3JoQq,1260097301
tz1XykUaKpskyp7hDEZjmuNTk4gFU58a46KC,4255194392863829
tz1dghYwdzvHc3tYHp8iHpNUSpmAvvs8Zjs8,28705884148019
tz1RwqsGoUqGfTegy7fnWg5b1ArKevJSudE8,7252361792295
tz1PuipWs33aqS2KSG5k1qQtC6Dff1P1GBmM,1366435199015
tz1ZNxMa8XsMa8JTv776X9iCETcNoo4SY629,9409328072454135
tz1iAAJhH465Cf3BnsKQ744XHypQGY1v7Ps9,21670435436
tz1a5QW18ULwjJK71LSc7UqNGgryrFouHzf1,364709684658694
tz1Z1ZX2B98nEAvEnLXJBCnsJ6K1GqaSp9jK,25432329623669
tz1enT2GWv7U8jyPmmoVb228u8hvi6hJh5FF,2533890383491
tz1RyhUycXcivQ3jzF7ZpFZNcoLcgmXqcrSz,285245633175373
tz1gVon2mQhvutR49Yd5XK6k4ypwWfFjMZtz,19581931224
tz2HSz8b961xoDjDLy3aFGogvW4HEqXXdcR6,228131356717755
tz1eSGjgq2NmLWnaQFQxafXK8ZQF5V7Sz72y,424444485510294
tz2EP3fw5CbUUgJdx4c3Xono8Gbc8PLXGRM9,1187219231357049
tz1e5b7RDRhmUWsiXur9MhyRBBTpCoNeUuwa,529898833278
tz1VCogGe8xeRgQCLrVhPbwo6mBSQxAXep65,42639928801997
tz1LFFspqhK9KRQNvS1ahZ1RcpQ2PNeM8TxA,84543510722
tz1ZhteLTqobRVCYsPj44oFfom5BJ2SdGxeE,53484099550124
tz1aRF3qMDrbN95f8dGYTKPaey6J2qQQnk8j,4947538086823795
tz2ALu8Jxf2SMgzSZaZEwfiJQbogpUDPStwz,759178477305350
tz1gLNb49fErXUiYdreLAAV6twp4v3Lm8V4H,114193821838324
tz1fCHiWZ3ReGqvhxkMejVzcnXYz1rnsJpow,2425605644250
tz1Mdpj1npkpaxPHF2wFN6oX8SovVPfHyXSy,7335968884627
tz1PXJVTDRHBcjJGpD4h6PzDovisMJuc8zVc,282381059259183
tz1L1i5BVehYJBebCGvPYU9kZYGKBELGUJGH,331215812971632
tz1TR56EbNTEEDeRrsPzQzoyvwFgZT25q3JR,24147426347547
tz1XbQgDFCaT228TPS2YUeHHfpVqGW7ANCDw,1434141414459153
tz1cJPtF6fU9DQFVhTifFCPxDNjKiCm5TKHB,21844981511160
tz1S1Aew75hMrPUymqenKfHo8FspppXKpW7h,3612161941421
tz1ip7fCgktJzFWxnoDdNBjpF4ZCWw9qfScc,3063988973594071
tz1Wb4LakUUYuFuuEgXXQrNZuBD49Trodhwx,26801318387121
tz1WzQh4yDUuTpZBDdRwMrnkV9bs1upnSANF,68480636957
tz1RAfKUFBX6P2jFkCpzLFntju7djjbtKAKr,1029222870049870
tz1MiQ6euA3EEdnZxJ6EPwVsHzd6vQ7AHJmU,50570963097812
tz1UFwr89hcJvC4sNCYK7zSLcaD4JW2KkNYD,278852806384056
tz1Rm5QmNUnQetDKSVW8srM29hjPRiQCgqJx,400586901180
tz1TiJBTfVoXxregtdgCs1rYd55APXSAmniz,56627165613943
tz1UNdZnQnfmxaG5Uh2v5TsoYFPox7pyQkZ4,309958417970
tz1ZPSGxrrPPfrmoGJgpXDArNJfNNy3qGvE4,22784582140417
tz1ZU7vwEU4aoKard1acgnpGi8fFc4VkKzbP,3670870992968
tz1iQ5n52oSKgdtdYtqEJgKmQYbL1nn2poB8,612338967095371
tz1gueZ7eL2KnvxqWudHjoTH3ZPiUCmwNKR6,75384223925842
tz1QxepCwQ45EwtcxkgXZezHbnidvK7hUywy,408134167253523
tz1TVZgy4rejPUkEF3bsxLGNCp6H4gz4PaGf,11712802864947
tz1WT27PugwGBtre1hsj6BHmbAK2qQsVbRDo,63377195188557
tz1fL2TsQR271w84MXx3qFD7y4PZ1F2mpHFA,172944835910820
tz1KhU89QWZuuhhnDD1paFp1jYMdpJLh55im,143275191065374
tz1QQyhTMAmNQPcSGkM7GfDva8hmuFPAxUMB,504766882592185
tz1htnC2n5n27PFD41q5X8bDvDcjbGMUS3f5,1536021610637746
tz1PoickddNEkRN6qp4K41u4KUW43vZ1UDvF,819965410497542
tz1b9qYttBxHzoEseqabgvQiCxafZzkAtH9G,228232474776961
tz1MQotPcNdc9R3nWCTwXLMDqKLS46WqW7Wx,229577281906641
tz1a89Pvs553YqhJdCfDdQrRuQeykHMvVSRX,5287268686808
tz1favSqpvTLtedjTm1UjuEmKfgm4o9kyLd1,137264704209455
tz1XYuybht7U1RVsUip7H7S31fBDxpUgpTXP,36991905432
tz1WHUWCMqVqq5AagGN5DrytqWz88tYgedUr,2767910981848
tz1YJvMiZyXnzvV9pxtAiuCFvaG7XoBZhbUQ,128249915037988
tz1TmSForCvNii8rmwL6q2jgicQfqjNFtj8K,258274006993408
tz1RSYHrs9rpGHn2CcgKGGUQL4RvMqXxtLdA,56199537953139
tz1Su8UYhcLvUPYABx7kYsWRVibZdiZPnmh3,4562330922044120
tz1eoqCSmqPQtTLs53Rj6gBB14eQh2aHWVxu,57998963869025
tz1XhZUHsJAFp4FHoeeQQ7auVBk5j6xoUKbS,6990930698690
tz1Pwh2MBs6q2SeLHiko3iJpfMwsDV46bqQU,1308030962732949
tz1ZWbokP5pGwT3tTtLPP2KhXX5ssg1EtDPs,1914079212924
tz1hLWsybqnJtQRFp8skYy5aZLGNmL9bMUpa,130376349809423
tz1PuYitvGfsBm7C3oYAXqNc3t5wNhWZj5Dh,123857769470940
tz1NsE7vEgP3M9bDdkNGF4rCaTUENp5h56ZU,741450950109
tz1eRrQnioaBfZkWnXxYth5ZHYJqr48E854Q,303328574854259
tz1dbCAvra65bwTVk5mgkYUHUGz3hoKwovZ8,58130954317742
tz1T5NfkdPfhkXzYx8akPkdznxSgU1Uf5jEG,104432757723498
tz1PYqfNnkpZydtSY2Tn3Rv8mjkgUpHJpFXC,290142480522304
tz1WidyAU8wuyG25Pd7b93bcx9hMu7W9Pea8,279367837838511
tz1VRQHQLw8Yq8tjxYLuybyHfhdqZpj3yXMw,88598152567
tz2CCSPbBJLu3mrEWzP4RJn9jNMz6JDboRCJ,408622230320
tz2Mz3ovkZR2HyC89CHHSdsrPya1mKSmLWfD,20097429684994
tz1ae2d1BJt7YUqaaec6Xenh3mBqS7VjSZtK,27156820281201
tz1MA5sPsCo8ySkTpMbyAEbKf5v4WwBr6XLg,53149440451785
tz1g1vr7gbU7kwxVqmbmnovTGtdeRxFE6uBk,47684515089587
tz1L1XwcVmD2z4qPfLtBJ6RPThgAwLcXG6kW,3026048112373
tz1VeyZaPimHfrJFy8WwsCYzxHR3VmGTMpgK,29493511466936
tz1epFVHmqeWvvkFf2eskwhQ1AY3JwWd7Ej6,59241301080717
tz1QRcnskFh7eaV7QdEnjoYdDfrDqHgmmrvF,153840875144904
tz1XybkRZWjLx3hwcy1hQ7PT6FWEhpHm1FBv,2123663641451
tz1XcuwadWbLKkc4mDVxRo25dbtwfEa7wf2c,105936337023241
tz1MkNbJTzf6uADvfSJKJvArvRoVvjk3tZz4,20904620715129
tz1hvRvzke27MGtp8CsSvsafxyyMWSVYM1ut,9726655649669
tz1a7MJ4HMNbWDhKZAqrvzX5P6u2E2mJyJiV,204453597331471
tz1citPWufjty33AZ9KwZDztqrTzdNjfQU7P,1194146032828373
tz1WntXgznbivRjyhE7Y5jEzoebAhMPB2iJa,86626336576943
tz1b58mxvQAc98hbXjcrgjf5xnSwYXzi5gX6,69257368656449
tz1WeLuPLjUs53Yr1RCgq4EQ4d5SvV651Tqt,6993217564804135
tz1Wo716Gggp5HfupfxtPgmYu23rDQNcLcD8,188487495710639
tz1imyQrFWHyTp4avUNAw52RxdFjU3HPviRN,18759380918219
tz1isKR8pS4pdgU934K1S4UpLsF56ECJNArh,68149163268179
tz1ZVoeS9T3H451BgjTe18pM1q1LPd2cgB6Z,3003050288002
tz1Kx4ydaiJHThd2nTgXR25JPTZtKyLG9KC1,35523145169900
tz1eL4fYCgegW8tLCbQ1mYiKY3TdDxWnnKo8,90607042551263
tz1Rhg2UDkjgLhemdSMtiGVGRmzwVLVaHArD,15656700027007
tz1dPHDXSCFo8PienbvDMyCKr5DXjPMrZkJ1,82420173766405
tz1a7by2HMBv9QA8WT3t5fhu3E4XPofzcukg,12878419141367
tz1eFe7ufhpTuqh3LHB7zYLuFgB1rFCPXnzN,42343559167596
tz1fkkxXSMtSQew8F78XdsnaC26AfsXtsGiY,19430562760605
tz1ZuiTWKXKqYfzFPaSaAG3Huf9QM1AdZ1pJ,43968356045713
tz1RsCndtupuxe2U3syGAdcRBzpNqJZ9ANNc,1473489745808978
tz1MrZQhiNiHK14oEq595DLsVQ9wC4Nv2ZXW,32986244603038
tz1LJQ6MPnjGekNAmhFmkm8XWtM6UGx4MyF4,334924498492229
tz1cGtKd7EeDGW1v3d6B5tuiy81LfzMp1FfU,17604091602971
tz1hmxzW7MuU8HeRoCFPGZJnavGf5unqgaph,200006237558571
tz1Z6QqrAbEAMDLsis3v6b956sfH6qLTSEex,18922129818789
tz1NnBgY2ze24nQDpdY72wb1GVsee1UfAT3d,7230027015704
tz1dAW94vB3yYfNPE4LM2txBT8PQ21Zq4Xzf,7666233055670
tz1eeR22tmjPN3rGDikEMvpe8jcdXww3dqTt,53885312962824
tz1MsfyCeQEt7khed67HHsAidezZ1Th6mjzB,18679073970834
tz1WBMWCwjuFSsiiLUWKEQHEACNEat2S3EsD,178969187610893
tz2SuPjN8dYMJQe548bTvSPL1fdStZPXv7gT,2834043051943074
tz1N33TtiYBQ67sw32rhCsMSVpZkrSHWe9aq,836377735042941
tz1QMjzbw5Yoi2zPqUeg2yuv5GZdmXjhh9mr,52847730371441
tz1ZutSZgCHEzxspXyoSYSREhwHh5g4PM8hN,51244298071222
tz1dDw2YD657qFqQq5tCtbkLxrgnEAECm2Fj,78607564068246
tz1NrRkB19Su8iBGVTz1cXbG3oCw29GSmasw,83814359242377
tz1NJS9T6FKTnKUkVNv2g44GHTAhzH77qiYw,106629394156644
tz1URL5HNuTa1fHqqCtUKXUM3hm6g9c88NgF,165714514052
tz1YPBTsfVCgRSzri3cUfNzBRbQ84G5RQ6DF,194992097821381
tz1VLGEhMhsb2HDhUaa2oeHQ8qM7Y7s72d3s,443311288372994
tz2M9C5x1KoZGoQ9xEY6fQ6Xwbe2GU1RTzRx,36040819300148
tz1RCQDHtpdcwfgF1Kbbyusd6xhfjbXanhZ5,68480620299395
tz1c8JTzmA6c7cm6ZmUwR7WES6akdiMa1kwt,80809976383874
tz1XRTNgXgWmR4PqxZpiB6HZJ8Siz3M2JAim,24170399430673
tz1LxL9L2SmaFYw7XhyATaRAiLWCgxKmycBC,234419922012589
tz1imbraxLCQ9TUpnJVP31LS18hpTqG5wv1k,56664646875996
tz1iDuz9LvybPBC4kDc7ceBoKVDwwzJR7zKb,1544833067179322
tz1eJiCVNV3YVn2im3wzJZQLj4TdFJ5KabzE,102183599230991
tz2HYjnnRbzPpUGMUYGKVXDnsfSKKqH3aCVT,676782180993496
tz1eiyML8sHGBL139FwJQJeLGHWAFtDqPz4U,4969355610738
tz1YQDCB6Hbn2ozMyS2kf6WPJDeRvJtmtNqQ,21459219624154
tz1eeNRXYK56vgSfXHFcXorubcaBBCVpUY1Y,1392003076696
tz1TQw8erN1a2LpfRSNMExicRXMveBPbvTKE,27616266578
tz1gaRjULm9qy4D83VCvb4ABWLKpz4XXfqjx,23682962795933
tz1hAZNx3LrRKFgfRytoLNVGhCrzU1uVDUHS,78032544790125
tz2HGysnSAQAetSyFYCa7SoH6XXVwbVqMHnM,106680928637774
tz1W28xB2eAvRGCXmVduC63Gx6gGDp87zqbB,207112676043008
tz1gJaXdi7Gweq8TUSy9knB2wLjioTKy2tZF,224364438245442
tz1PoXtd7RGVBwWmmZvxX18NQXYpbNdiwwtE,133482967067798
tz1RLCvv7wrWq4hTmyKk1zZuZeuUXNViSgRD,652205821019069
tz1fXXFNod2gQDT2Vf9ibBortMmsKKorUv7Q,6922947237751
tz1QFk2DJhPkzp2nCN7Thpo4askJjQ3Zw6BU,55661247799081
tz1bRDYJHp3ACUojEeM6Ja442YEwNmcb7ph9,40210251464087
tz1MDs7ym4sp2FsQhL32vuAnEqG3ARhM9Vi4,15823024866699
tz1Xy5UM1tC3CFcbPBVq5PjufaxcLjMwfQkE,1364788430768
tz1RAKBnmd1X43pkkGqywYCRgf1Uo6D77zMx,1362525096942
tz1ezWyS2cFiqrNyiSVz5VKEKnmDN9Ah1zSR,110252963935501
tz1KgzP46kFAohMo8NHXkFU7STZDkAv8LVYq,10192001775827
tz1cXwKRD6AMy5nhqEVUU23SBxcAMnh2aKLn,15004569014475
tz1WNQE7B2s8woZp1d5U4SeRKHmssN7TvsDi,59433728635235
tz1imrUNR1R52GxhP4y6XQCDDXtQs11GarTN,970259728682
tz1c19XDWSTDVAZJXdxdGAPuGpoemUnGtXYb,20800304063
tz1chab75LnyqBqNwrK11459SGCFQXLg9uyx,1884841573050
tz1USfPTFciXzVsQL7Rk8HmMWyWtFEas7fh3,47316447943648
tz1btYY98CWBVCGEikD7s1buWjpicb9kG8aH,955850828474
tz1fj962xSPKTA57yWHA43VeVzo8KqdpNAeF,2274598990012
tz1ioU6W4otB7ebgRZTq1EVVra3vMyXqeqsm,11929763457064
tz1N8oU57qMgDRr6N9pSbhaiWRRQSxJRPGoZ,2120712424694
tz1fCEeLBcuSMSittqTnMEhcFdPCtD1HsiZc,4628180305113
tz1WsKkY3TLDvqTuK97Xu4zuVoTb2nsr7J8S,7891118437521
tz1dAekzaZ2VrjvuNxoaTZ4dY9XjgrjBvBro,70895753006216
tz2DsS3zeg4pqoUnRPHxvuRSuQrjDnTZcTNJ,388418054399
tz1gSGxwMrToBdzLeaxg4Bregv6W2oEbNLC8,377474858677111
tz1dWwKG6Z9unqwonQUWV65gkz2YhABiwF1R,51348964755089
tz1X8AQxtn4KzBwMZ6MZUVFDcACrfnyfYhDg,16965264368
tz1KxARuCbAoiGGesnQjr2pvZa7CzJR7V9D7,28495096331601
tz1LGVwoTMUhi76Jc8TeaNUQhanfeLLNF4xm,22357704736915
tz1QS7N8HnRBG2RNh3Kjty58XFXuLFVdnKGY,2307425865997833
tz1RAP1j8SjwT587jyccTNArBFhC9HhGKfHq,4917284964163
tz1QiZCuJMuVz3aq7j1Bq2v3BRTQPCdTw3Fb,74785367970514
tz1L8hBVpams2fWFC9kS1sPVxfGY6Hmg5TQ8,10629188864435
tz1TQSPkLPqXUREhxvYzPbAib6Jz35w2a6tw,21653807978350
tz1XD1xSVzgY8Qs1id1kNyFJDbv9e9pNMe2c,18504308573315
tz1Tk1MJDZ96bK85RLAqtKfnptZZyXsJ2jaq,48354577624191
tz1avT6pCusXgxhnffuJzk49Vq5QppLVegHB,16580648359008
tz1RKg4C5yKTzm28Qj9gKmfUozCDrctDpx4G,22077946088446
tz1Kw5M75chWdw3HUBMg2bsp164TrVXRsGJR,15492816647408
tz1XAFvpynqgRBizrYs12fBt563NSHm9FWve,12881052812224
tz1hes6aF3Px3D8nPQx27fdwBKrXmGs1UYxT,18349794106983
tz1c1BG1PEeuhMFwmonTVSGafehicqbBJFec,3055146273509
tz1UZ78ecNwH3T583wmY6nUrjpyrXP7do4hL,19460269981010
tz1bF5LgAwDooVGC1cT6eSnsvmPt7WaByJD5,5792466887381
tz1e826sMLNdz1CQLzthLDBJCFsinxqGDzv2,12600655251013
tz1WtkHVMtif3DXVCZ9pUCqWcBsmqgFjgdkk,1581563325427
tz1ivMszr6h94yTACLXjJzK3tuvRoDHqfpwN,1399689161947
tz1THwbFPPPBHmBu4cmLV2SppLFrA5QfBhyF,11952346304310
tz1U1aA8tyN6QByoYLhSvNu3krJPLYqnkRVa,17045168375490
tz1QSwx2wnmrTjEGrid79c4tpFMxjCT86SAy,28044237479273
tz1RcJYTsoYQ7adtNMANhwd8qf4zApM4i2Yd,14324930797738
tz1cvrgSekgCqgyc1c2qFPSeMtux6AAAfDsk,323534436764
tz1a1ZcbAeBEjxYSwuNKxSu6FbFB4dxdL3m9,399401848812
tz1NZnfrNgCGdECyAhA93TLPTSciJcZBJqDY,21148361218981
tz1UGuKv6PzgVbofb42VgeRwDwsVN47UpuZB,52188159684701
tz1eCzNtidHvVgeRzQ38C81FPcYnxMsCEL6Z,305530715251326
tz1N3nvFqipu91tfU9s4GXGsopawpwxSoAJh,2494285590627
tz1LFeLTRQZrgKxbmvjz2ckViRhVw9BZXw7t,590986650428339
tz1XuzzMTz1LhqbRPy9uxfRkccSxju3v8Y4j,27289809881801
tz1MoiwNRQWHfA71aypNk8J9CsKjfmq39c2F,105081253268302
tz1hhphPmGxL6HEmEjoVSJBy82FMWbFwzNCD,560060687207
tz1YHLm7Lq27q3rgVXLY424zQMkvncVvNiaK,2879343393633
tz1fKtBhuuZiMYhM3Pi1hcP2sjRbstgDrmqX,830300970608
tz1aoz4qrvkwo1ezDQaNCFZb5kg5tAvC25xR,5834330075766
tz1XEA7cp83PyiXfSxWu3uHjA3EF6Gdh3Vhq,2564499286962
tz1UXMLCt7dqbUiJ2BHRhE1gFkdVkmCZYcM9,803626644885
tz1iKF8o1hCLaTNZcCJpgKQBQxkpcSiBy5V6,30193132055160
tz1c2iwyckUCcicx2qxqtwLEartYFEHg1pvB,13587421664506
tz1YQs3qHgQGGQm14vX8vMDWwzY1DFXHCzJB,13985472587128
tz1PQDUDph7dDCn8pLGXqaR79DiUWLiSZdEf,71889687564540
tz1XYkHggnKNoYbm965gwKattMWK6bomgVSX,10462700121062
tz1fUZ5pMP1gUjuJsp5V631cXmA87Kxm3cuZ,82977828529700
tz1KiUXfWuF65Ck5zY4otx8t5pHToY8stYhj,2025874352245
tz1YQXd4LjZfDaKRvSTwBEwgggREFfX95JUc,7177655900440
tz1hM6Pz2e5vJbd1YYkYHcj5RL7tXhcn59Xr,33443645437412
tz1NVsmLrZX4jad9bNdvM1EskvcTq2LSZhLx,41746765803282
tz1cBNfPUb3Gi6oezs6fpXtki8EzSwjnoNGS,66770414771211
tz1h1ybLPkwDH85opBrU6hge8wSsRQBnAghf,642493591748937
tz1PKoh9LB2P3pgh5ahaAFnrC2QBmUxcHDJU,4968311188702
tz1cqoo91JCc6sKmNuTVKNzwUdi6E6moHWFb,20168464906554
tz2HdbFWnzRZ7B9fM2xZCYdZv8rM5frGKDCo,15111026974978
tz1ZGNErBKdYeEPjZuqKXhyTixQTTPn54bx3,2958266375945
tz1iUyniY5PPWrzE53cs6jBwNKUun4btzMcW,126134268664144
tz1gi68wGST7UtzkNpnnc354mpqCcVNQVcSw,12358303141501
tz1XoiGxnmjnkaKcNyG4rrHNNEoh1u5VidxY,29216135862174
tz1QVUXNoyCfKpAyxDpq8kR3rK2AShuzQxJ5,47918519182250
tz2HZ2yRFd9F3uLcKnLukEXhuUz3HqhZf8mA,311656496414413
tz1UVTMhbMiSETKCxFi413yZ7imF1xeyt3fV,13618213633357
tz1XisBzUGgCmvC7pNS6hxvQ5hMvXUTd1p7D,33929049488078
tz1S5TbsJCWmCyRh3ghJ2rWwQHHbcvoh1uYV,131802016621025
tz1UAYfFWmaTrQTYMptaGCw6LrXK5Yv84VnQ,61077424257583
tz1XgakycyAAuhtzXcbb3Eh57ZQ8cBBHT8YG,6712354769427
tz1hLhGe26gqt78sZboxiwne6zgKMqirRieW,15951810548266
tz1YfiydbiaKMGPuavawX4rQtXdn9wgpdDKS,6540863950744
tz1RYTr2WKdJD1MMV51kN9AoxPnxZJgJ5sqU,657112748001
tz1R6mtcAQwBTK9YpSqRL9y2a6JZWgDkBm6M,65070032824554
tz1Sv2XMQNxcAqyqyyv42FHjf3EGwJ3Godj1,65707111717718
tz1NCsGajb5YgZdhdviKrfisN3VteMasnzQi,3186858652922
tz1Vh4cX8VutUUUnnjmnY2omSV4F26T5orLH,68849700169127
tz1hgSYGDwHFqC5AwW3P7vYfXfdwwsx4ALAN,25742995606
tz1QGCWjNpYmcS6T9qFGYSam25e36WeFUCK4,5801788175397
tz1URdfSGhAfbtpEkjWBmpTt3pyLmxdHdPYy,1715403773955
tz1LApX9pPhcDUDznHR5TTCcSXh3m6zPgFHA,2545882878410
tz1hUY7paB2J5EhD73r4oWL6uZubf1UibHrk,7490667475322
tz1MgDFQvyV8Vfc48HgeqMbCD2Po7nhoWDeL,123496013417
tz1PWZTKd1zhfuxrixGJoHJ6G17SQiypwe5m,43523052315
tz1V1Hu7nMcgVuMKDEZickAKHHZavLKTB7Vh,15977414103
tz1NKHjwrYfg7GWwbWZ3bvdejkVL34De72Pz,23859503889
tz1RaZeHEiKewSd14gZ7HKfcQ3HaNHJ5tnV6,49716118707567
tz1aiLrqvULcV2Kfvzt9dUmqnLQnoNXPPek8,4653569626326
tz1M2h2hPZzov29kf7xcHXrunXb2jFSbfiNd,2341524343493
tz1MToDUySbYhPabULUyDPPsfDQF1cpZPdoH,214420284818
