Address,Amount
tz1NRbpmTuPEFCCYCqCr7i3hkMRDRhBFgmxz,16313549432937869
tz1foujP81wtDKMCX95CBY35TUYzWapuuuLg,42157767728318646048
tz1NBpWeS2gVpwPpT9NUn9ifBRfriwicJT4y,3240131183773888203
tz1RDbEW7YUkwnnDdMNieSiF6kB4XBws7QSg,2310269696652100890
tz1XwT7cC7UnvMi4GooA3qUNEA22cPcUXxLp,3601594931744498986
tz1WdQ1dak79v48jXAQjYtt5ZMGnPiwn1ktL,6283326373283013
tz1eqt71cHna4YgyNg3ao6x22xU7c7CZXxcf,932560007284292637
tz1SBxNvpDFC4bjW23CtQfVLqN5cBATVf68B,243831302549142778
tz1Rgo7URug42QnhBM6eLy4MWdfwn4RovHy6,8352421265421392103
tz1ek9wEDD2edxuV1JniLuh2ckh5DeM4FjQo,1143032975193907732
tz1S4Sp3WtEz3MfdBjiaRWEAG3ZDSngAR5L6,893628193294977
tz1V3fPD3AKPNwZf42PKGzFaWU3vZ83Gjvfq,757225118492848151
tz1P6DFx1Biicriaz37h6oLAhndhBL8eMoAt,9701109086845319289
tz2UD7tXJyBrfDBHnFzhnaeL8ZGHxcDZuDa3,4011136763314669388
tz1drEV5soQL85qJMNts3JfkgZxD1oL88gsh,189420510032702335093
tz1YTQ3Lys25j8FhZQY61eoYErYUteSao3ez,54071683390556053
tz1R3bKH1seset2h49p4vrZJCEL8voJgSK2G,5707727981072883449
tz1Z6nhkXDgJjDzSpDEX5g2o1ris8Ga4xjDY,1008019438460578948
tz1bdRJkGkNQ7homh4PTnkVM7xzVWhuC4EMm,6406394251018131333
tz1Z2Ne4ZHxNPuCJeCcoykHVXTqhVdLMD9gV,7731674253240411404
tz1Qji1NnEPj4Cxa9s2WEoWi9U9KM6a9gdDL,2021527464715688618
tz1VjYmQHw4QE6tYTQLLfWNjqkUNwMC7YPoF,1400178378678778710
tz1czaureyspHk1etv1dKV1WmHCs9pb4fXBr,625924078184486303
tz1cmanHzitf3UgWgECzLpGUKpzEfmGZaFsw,5835915924710821172
tz1eZFb4bNMMdveGT7BPcktbYsurg2e8r1xR,20506471509631984
tz1RartAmPJhFsL9oAhZndSL2G7KCsaQqqkf,40968723294331165758
tz1bEi1SEPrZh28Vqa2gKi7veuJ7AksFC5GL,75131994339727006
tz1YrfZhjFnhgERznXtYee6c29n3PBeam8A9,171809485275435044
tz1MyqKoe43P4Z8MfHoXVBTrohgcbehp2zLL,21879344005876977656
tz1SRcMg9GRXi7paNeAc3ARn23mS3Z5dXa6S,183151640562932154
tz1YjtCLzjw3bqPxJh6MqdVBFrM2zrsA9kyg,71332691698541235
tz1hD7VdzRpWG3nmYpCyW2gNc8mQNs3TCgxu,2276939733392913016
tz1MstraWa1kkCRoGRYpYEtMncugi99rUx2H,8545145068460532
tz1f38MX7YT2Q7MAq3mDdj75GTN7vgqV2TfH,6025001773411895384
tz1U1Pfo6gY5UKitBztSaAbmbwFxgmmN2oaP,223469213636837593
tz1aBDeNFooBEmBXnWDVgLknNMUHMYhHVcRA,2886700785515834417
tz1hD5k7QW9ChHCgb2YLthKFirKDYQiNPDJz,327850483444999321
tz1cjTb6ijvnPrJBfaTEFphxDovW9xQbkmDK,21813292580896895
tz1ZL7ekzieKxwngCCyjsCN5qhu1ohwJQEBy,767236250942044510
tz1enbGpES1NDr2kTaocDhxvMqtpMy4ruhW6,305782022075682084
tz1SKobyM2ZGQYYWKiWYnc58GhJ4TBnQN7gy,1056784319113869
tz1ehGMhxarDhwppx14PX1Y3eqbZ5W9Bc2Y1,76031472827219618
tz1LN3wPFYuS5fCnodwxT94xVFLPtcFHvcHk,3951468108003191389
tz1SRqikWtR2KNpugCApreA9QeZuqh8swQMa,32130788159890826
tz1dPPVGVRxY45ZvnRMU3vebaBVMuhPq5bxh,16747622752889963
tz1deYjddv6VT4o656x2FsaaN1owykAT7Nmx,151039007280889956
tz1ed4brTwpFg8hFUJSJ4HqnsC7sEjVesMtb,2136319856844545106
tz1QJE62jTxHis7kZkbDT2zsYZyauNDNzWg7,950084907439936146
tz1UcwKfokzWm6g2jpnVVqjRBd9iFJQHhH2m,358177688747580605
tz1gWt7kUnJtGXoT5BYzHVa89qGp6QVvQmyp,947848387613007036
tz1TJspN7PEXSA4tsGJZ1EAE3iJGDBoXJz2Z,459489256134115285
tz1epR6pJmPaJ8vvzNi6V1T51ccocX1Y4VBb,38779142449463230
tz1TrxaPKNsRpcgw58155HdX6USrpV2fERQm,1015557165737808231
tz1W19DveaP3mW4WvFtdVdqGsWwBL5q1QDSK,701195090271139914
tz1esdEqZC5Nz3HDFseHvpH6SmQJPocxLzA2,391329735609772737
tz1ZLGi9hMam6Gf6kixB1XK1yJED6CYu1tGg,7877626113353149349
tz1XyTsb9DwkPru3eU1Cwnr5JkihEi5eisHo,1537238796182551442
tz1ULQQ3S4kFLhhpPsegiMVFmXx2G6ewmbTA,56604490080414645
tz2Lqs8WFf2HDG1RoxG3EAtuHjDS27XQANWT,18128367018320337
tz1LRrXCmELevk5znmVcYD63TChSpYh3vaE6,851539430317965867
tz1dNTV2DXUpqC7SEiJ4BTB5RvL53bPPHZfM,649104005131281410
tz3T9ZKHLVzc23dxD85p9xo6L8L5mx1hvb5x,1987403922205657869
tz1dZuKxjVojU7gtRDU1nMmG8uRdowF2Q3Sn,1609440155570815069
tz1iPeVakaABzkhWFmG8mjYMpcN3JCpHBvZ2,66440742472741
tz1S8GvdiWQghwPMMzbNvRh66rcfmhEA6vj2,8168403953320905249
tz1N9qzry2ko1gwTK6HKWamZZK6FGx3Vr89U,707726293765521363
tz1M5swezYMnDaim71PSeb2cPFk49ajrvDV6,1339752016578977161
tz1QQ4HyGbCZDmQxeVHoLP99KLyfvGvyX21i,10544087403153316394
tz1WKygtstVY96oyc6Rmk945dMf33LeihgWT,3775920486645127775
tz1Rux3pGrp2KpZUBKvg3VQ4edRYVJsapr4z,27173499329508790885
tz1d9Y652aoNq7351TAYiNeWy4FdWuuw1JxD,62310270218663704
tz1LWMmDzH79xyu6JvELrnvWLBBVjZg7TnfN,5644454617044907573
tz1esBaTjr9qFQ7FhrDQF7N7bTpNSVTkGbMU,198136021731438697
tz1LaWQ2BUAdTVNz9nb7AhKDcPDQsb99tzhD,40626517414170803
tz1RfSFe1dxP7wh1zSffEnskgqvVVWKNKZG1,248715916810807365
tz1czGMShkB8ZtCHKHeCPTY3CpuiCrjsGJBy,384466171409678912
tz1UQ6cQZef4MuskJjV9g8pXNZa5s8ff1oQy,679919940599114675
tz1aZsKPTRdkm9vaQhWv9Mz8ZbwxSHmf7t9T,158884264932752333
tz1KyRUKbkuBTK5uaidmF8FbWHYrMjdw6GuP,82320015122852520
tz1dTmMLY7tan1HKfW5e3KxJcfZput6UuTH6,12935597060126334
tz1daKxrqyoFUCcuQj36BeMN9C1Ytmjg5p6n,3562591078792057236
tz1YZ4VZCRPoiDyGP3U69jCq2S8duDUcRjHP,79648353312340368
tz3VvvqkW6D7bSPej9x3pghjTozTRbaB4Gn2,429051125293700933
tz1Y2QaG5AtmfN7rwBG1coLQKFTTSw55g3Kk,1386518528700076
tz2LYELYe16viwVBaRjZc8GsauKRsxTGPvB1,1956201856261272534
tz1gXcAJZUYqK8JkkGDPN63cPQGu8LiBndK1,2703862345253584934
tz1gN5Ch4VeDZjiM6R1KPMBxPWFxL3HHKZyT,438282228632785817
tz1L5rXu3RqYBjZzjWXLaFANYZcwS5Pb1ZST,65206704532501565
tz1Md6npfDk8cL8rjnPNZU15tHvyCZkcGDuu,195198145769232987
tz2WYko4XXaV4B5mzjguTeRkkgw8LyB2jA2d,378059877156115503
tz1NkFRjmkqqcGkAhqe78fdgemDNKXvL7Bod,11559811837695752672
tz1TgtGGP3TDUMnUw4UzRTZHrsmzsSKraau7,1069964349620837
tz1QkQLtDkqpw8VSymi13A86jh5iaCeMriMJ,5350437513930467735
tz1h6J2pn9X3KMghNHZikrh3PtEpgCcRAjHZ,14834079096205162845
tz1VCyNit49HjTmz8SEgeL67x4BLuoTaeYMy,8062774738114011098
tz1gACjUSBkWjqWv5ZBMRk6G9Sp8xNAYgwYV,699566872575205265
tz1ieVZFcRity1eybQtgUyGg8NLEYWNqKtQe,129639990547868317
tz1bKUD8UtyPfknyWyMbtTqsfdMuWomrPdSp,231327652971650997
tz1T5GmdYXDWwbhBrU7RubT7Z2dmz3ZmKwCE,3327805609047571018
tz1XLpud4YtVgwiAJezLKUsAo9K2s8n2YPqx,450719247073217034
tz1gmajxhmKt22CbcsSA7WWXSATgbuVEmzTC,198318243327580816
tz1cfzEz3R8YKMqC2rbKnr2XtpNjZxH6RGdy,113196058080549956
tz1MNGNi6vfbqGdhikvLBGbcz3FncMpuvU6J,2281130069582774
tz1hR9eQYNNTZ4VGUeipK4PHtyyDEDmQ9dSf,2468824058906341718
tz1RxeY78zE8hNJbqPypB1mTVyTsBRmPuqry,327939829605734078
tz1UnGY1PRznh3CJzSFaW2V9EZdK36AYneHi,18792573396157711310
tz1ecAtwNdrsABBKa7Bvn9ZEq1Ze1EvS9WTW,1771174618416065872
tz1SBF19iLiCc8dNpKe1Ym9juSAKaTPyeypF,63818556837437081
tz1X6ADVxP37XjYppBHMLVRJQwmxA2YxztbQ,625115048085615388
tz1T1u1CET7ek19f5P59vCdjTNFWAscYQ5ct,2447628099417382003
tz1c6Brwut7ZqXQfkjxDXvyAUL2Mr43p2JZZ,4502993564435027
tz1V9qHfFxixcXJKWuEziUqvdrQ7BWpPnWTa,1647788473133756465
tz1Lqnwap8kKynTpefqqSH158i667Wdg8HVA,483946083952050870
tz1Kp19QyYUnXuE6cxuXxsfQZbyqv5JtKPku,337679422845422296
tz1cnojsw9qgMbdpgPeCcWPf5GX4YPvd4HAh,8225421372784425295
tz1fbJACCskangcgy9xjDSiEYgh7CUmSo9oc,115629931334081918
tz1dKaw4xdNjfufDSLWRxumNBwe2VX4mxXyW,5108987783777720752
tz1RJf644pa7QAZqKzrPQGiYQPyubXarC4cv,89258157457382976
tz1PTR7wFs8pTFarkpsZ7zrtVBJhusyNRRM5,308831183341780986
tz1awQgCgLpgnkxRvbnKemRws9uqp6WASwRD,4128218266784287
tz1PaJwmmL2nrRt5K6HvwFEc6fUfxNe6Dyp5,219579163794491310
tz1YSwscBZCf26kSPvqsnUdhnS4XQD6mAjcz,2339333204414742476
tz1iCiA1vKmgfZbY533ZgMwFKZ14S1DQNooQ,215844242681681573
tz1hNGWJUFPFV7AWLXvxGzJVEfCZ8KJ77PJA,236124140524723605
tz1MqSihmFMUS3qAmWPhdQWhzrhJJSBMaVCB,16081924749258838
tz1NPu5aFQ12P3KGhBGgt7G79SAgVj2Skkn1,742690075679919716
tz1Qm3DHkV7V6peZPyWe4rv6aToH3nRmWEH7,40380250306310729
tz1KsiwkQ9pyrt4Ra7QrAQp5LQJCGxHQrY1n,592272464409086330
tz1dz7eYRd5uV2DndcPWFeEHYGgw4bJZoCBN,1020225789353368304
tz1eKTUc8X17nVmtVRtxBcs3hwUPXWuqP2AS,952875017204736565
tz1hXx6tvTV3kzxpBR6E4hDYcxdgcRGHUTFj,47374302410858125
tz1fkZtnjNfQHtEyUpyX9Tqq4RrLKx35qBxf,418407001617467032
tz1chg2T1s4DTjLqthPc49HDcqkFHMwdSPwb,1476197077802753918
tz1Uzm53vPr2Giyi32yT9GUvBErKqHPBjvQL,827992258971267717
tz1aR3nrJgUyU5B623U9s1MtMsMjA5Wz5c3G,1866316175835527356
tz1YaPLZuVmZaKB69BjJXKUDgNaZrxBR4Lfn,72277352185612178
tz1WNk2o2hJvzjuZRNmZQwjLQuv24wDv1zjU,7734398967936166657
tz1br5Mvr9VMEb1sb7HDtxpCxKVbZ5XnDqJi,326336714228108038
tz1PMB2EKqwkD2NDuf9tvdqhEjhBy3pBGQKX,326207067248684623
tz1QmBcwm7RH6swEYNpsZZfAWCCFaW6wugVT,5888581133580561075
tz1LxqBcvRbZhp34C2ab62CMy49wFbsQSzD7,69887375334977647
tz1S5RkjdXMREayGWMawArqqpyMqGRjohJJr,592098421175219544
tz1bZ8vsMAXmaWEV7FRnyhcuUs2fYMaQ6Hkk,99815471258380989
tz2Kmi3xEnXk8c7zqWSQqSSyfNpWt6ovG38D,1741207510624175228
tz1LgePVXLZYNhHoRQ6KgHfQjQ1uq7JJPZDa,1322832752494273492
tz1gk77xzDAG3sif9eFvsqUnzaGh4MrzaCp3,420510203147549755
tz1cWUkZFBZ72Yn9desxcgS9KdH4BVfqd2ZW,1401771407049408758
tz1a3LNYNZTNN2SLMjWSUc5jtLWFvZ1kC7BR,3247106200115766426
tz1MiKQQw6u5CWaBZHtn7Xmbr6f7fCQZyZKa,6786500614703546
tz1SGPStfd9v5upQUxRiHPC9666X4FpVAmK4,9572391095963198
tz1iF629Cc91SJkmQRAWAm6nYavf7RgpAqZh,1495504619600445910
tz1hJso9uzj2UFHr4rGA2o6s41UK8NLnGpUd,219284890324289581
tz1WHGwmdEr4iruf4v9r6bdHgzC5v8SKYTkV,94856946260685714
tz1Uza3jMhipiQMtmeEidizjbSqnqZMQyRv7,18626179356074801
tz1YqsEWdPxBmqVKsJircrwBmCmZDtHAgHzp,2186535037032127193
tz1ZLMaECyswARea2bTsBws9eMjgUm4jG8Uj,4828772808506847697
tz1hKW9ZbV7U1hb1zPfrE6HG5UWsKt6eppMa,3785451476683268079
tz2H21wDMLHDJ4jcJwPr8cmhFatSv276Jama,711423942971747279
tz1NySiq6aHysD6Rpu4bYhFaVe3ASya2qB8D,3110790490010822708
tz1Rb321A5bMKjQdczUs7TyJBeXjfCtB4mYd,8491214619171207097
tz1USU2xSWb7CBYGJYat2X7An9sr3cFfsLwi,207622178261045374
tz1aoYg1xYeEdnLrAJ7y2r1T3aMBCyms6ppJ,1663884651907277119
tz1Z5RUwr1F7BZiHjeHkPSpWBwb1EgwiqXk8,157439564740828627
tz1WxCJ3UpzyWsXmmkE1YjYzbBv6jXYkbFYV,97477489601515216
tz1Y9QxwVevgnxVtG56YS6s53W6MBKVdCPCB,733763577988491089
tz1fq3tMpnnsZ944DVxcJqsVNGsWTPvqJzvo,1001718532016563954
tz1PrecMTmNArbdvQxtZLUVUBT8rcC86dKZC,92276906788898027
tz1Ty6Hq9GpzxmMs5Sv1VQ7cP2U4KuSCAN3K,245699899169098664
tz1gV6MqrjtV5MtVaATuemVsXDQZJgiaFiaU,352017256290687108
tz1Q1LWn8wCK77L4xetjbH3Ar7sDaSANezZx,73263609346650738
tz1dugdoeZULYPA9phfkpofrP95rFqhZNXeR,21014201448747546
tz1UecmgMghaWovhh9EYfqTrK9gTtaiMtbzs,24361573474173372
tz1gGwXf6Ggkv9T4jGmp58jUMU2Gh2vYjDyH,151217327058012016
tz1QjPnpmqAJYSfDtDM7uTf5bkZDNY7eBECd,520483727653741482
tz1aVZZd883FwyEx5g2o3TgQ7pwEYi2f6apg,90140679034883525
tz2MzvuRU1GEKi9udpqzLpGYfDoZTiKZ3C4C,1457815915794878107
tz1SEox4m6JwzUjLL2daQMKU7XDrvsEukR7X,300882070889114332
tz1XJqUrY2okTwoJFgHFJKQV98tsn2oC6Twj,129529820219987260
tz1VqXA6L6hPEFjvsgWv7Viw4xQn5GyNszzy,13932818279089942423
tz1Wf1Lqz1yHm27P2RQJAVV2CMxnhYK4bBGc,624630546678993012
tz1f6qSGVtbzq9kMbuefmSX62cRJgPUKo54w,3192844196194581
tz1iuQgH6htUbmdLALotF4HHbbKxjN7MkGd8,63303615446543093
tz1cTS1WwovU7SC783xgJxZrzr151mcshmNi,1231503690265449129
tz1f4Z9FJfgStP7v6Rj7BMJnWJ9Mb1NdAGsS,2228040518465850
tz1ersiy3MYVu89DFXvW7Qb8AM6LYptSsoT7,631352363867149248
tz1UFF5DSDDtk3fM1ewaLvVG6fhaAeCdgYEt,79919186885305380
tz1dcpUhXGeXexEXispSpfv7CeufoFnV7AAf,3870823556008411078
tz1RKRhkvC7MQgKfPejvNaHGshWUDsyJKZdT,1871442146352357507
tz1ibTknNagJCgQPgcbPvJhpSyS5vxgdyFt4,638857687238845583
tz1SHzbhYsbX6Uk51hJC4JkjgWM1gWaSwBqQ,126100139490130278
tz1LGkz6e1mTymuFyHBVFQZsHEtHepCYYgXD,3112555282419720824
tz1NW1MMFL3jytxBjhx1qATMJyY47vLBMa4p,5090298468006159403
tz1QRm2TJKnarZ9tbL5CNjN4Ltq9pJtytuk7,2125552823227657
tz1WJpBDRGfa21un4yQDKTGXZw561nsGg7Qe,63266801932723891
tz1UXAsfFeufr6p2PafNr2oXNrTDSdtwwdgm,50582607832573385
tz1dpa4iDvAySDpgrcDCQky5Qk4kzLxHm8gf,484706588655417403
tz1YPUNi7KW28VxZNEu3fNkRkJG55G9p7wsN,41836528969300963
tz1YpusrSty7ULz7w9sM814trSRmM1aNbmZd,1402190912464031625
tz1cuj9Cgi19KMRi83UuypS89kXM435qdhmy,6136415520379279
tz1N5jTEgaMoMWi1i5bU69wRCNrLvLL9iYpY,122984062277598894
tz1htwxBMBFikeP8SnQiEQyA9n1ryDrDFyLK,31369107738093129
tz1XTyukKgkqq9P83UkV15np7EtSSEy4kAeY,32094462754243191
tz1WMFtCLLeRiayH19ZiaErKq4Zu9p5N73Sr,192704208902201
tz1RFUjzPENm3vF7quaxfELQCfNTCSjAsFdA,307745249811881467
tz1UvkN6NDmGtkBB84svr5MRWsqQxMmM5chq,15886856601245850
tz1YjsPAFc2RmuKa784bkeQhdVLzbnRVtB7c,161186098064324975
tz1cLd3gXJ9Fk5c648hRzFvTnGfT97CxcHrj,301951536850939415
tz1Te5JR7gzDBwtZLKPWSPuTGFE4JX21vVur,39610109563526508
tz1YDRhXyq5ZHMoHXJX67rHSrUFTqhYjFo86,157955780210144538
tz1NGDuYTuuB1geX1K5b88cqa8JinFLdd3d5,202560813635207382
tz1gqVB5kR6VTTDZc5BU5cdADzxJhot3JoQq,5204578547299
tz1XykUaKpskyp7hDEZjmuNTk4gFU58a46KC,17575224890985301049
tz1dghYwdzvHc3tYHp8iHpNUSpmAvvs8Zjs8,118563882872684369
tz1RwqsGoUqGfTegy7fnWg5b1ArKevJSudE8,29954422224313952
tz1PuipWs33aqS2KSG5k1qQtC6Dff1P1GBmM,5643785854278335
tz1ZNxMa8XsMa8JTv776X9iCETcNoo4SY629,38863337765197768759
tz1iAAJhH465Cf3BnsKQ744XHypQGY1v7Ps9,89505376517548
tz1a5QW18ULwjJK71LSc7UqNGgryrFouHzf1,1506360024008896897
tz1Z1ZX2B98nEAvEnLXJBCnsJ6K1GqaSp9jK,105043124090234651
tz1enT2GWv7U8jyPmmoVb228u8hvi6hJh5FF,10465724765396217
tz1RyhUycXcivQ3jzF7ZpFZNcoLcgmXqcrSz,1178149736387169179
tz1gVon2mQhvutR49Yd5XK6k4ypwWfFjMZtz,80879229783277
tz2HSz8b961xoDjDLy3aFGogvW4HEqXXdcR6,942250700866733594
tz1eSGjgq2NmLWnaQFQxafXK8ZQF5V7Sz72y,1753082608656439792
tz2EP3fw5CbUUgJdx4c3Xono8Gbc8PLXGRM9,4903570333001840863
tz1e5b7RDRhmUWsiXur9MhyRBBTpCoNeUuwa,2188640589478440
tz1VCogGe8xeRgQCLrVhPbwo6mBSQxAXep65,176115652739035898
tz1LFFspqhK9KRQNvS1ahZ1RcpQ2PNeM8TxA,349189972731854
tz1ZhteLTqobRVCYsPj44oFfom5BJ2SdGxeE,220905319686851253
tz1aRF3qMDrbN95f8dGYTKPaey6J2qQQnk8j,20434811316368921086
tz2ALu8Jxf2SMgzSZaZEwfiJQbogpUDPStwz,3135634060200337336
tz1gLNb49fErXUiYdreLAAV6twp4v3Lm8V4H,471654621310713690
tz1fCHiWZ3ReGqvhxkMejVzcnXYz1rnsJpow,10018476421672305
tz1Mdpj1npkpaxPHF2wFN6oX8SovVPfHyXSy,30299744509164810
tz1PXJVTDRHBcjJGpD4h6PzDovisMJuc8zVc,1166318189777144808
tz1L1i5BVehYJBebCGvPYU9kZYGKBELGUJGH,1368020321278247873
tz1TR56EbNTEEDeRrsPzQzoyvwFgZT25q3JR,99736089450669783
tz1XbQgDFCaT228TPS2YUeHHfpVqGW7ANCDw,5923432764168424467
tz1cJPtF6fU9DQFVhTifFCPxDNjKiCm5TKHB,90226303983180777
tz1S1Aew75hMrPUymqenKfHo8FspppXKpW7h,14919308638308451
tz1ip7fCgktJzFWxnoDdNBjpF4ZCWw9qfScc,12655190410272355740
tz1Wb4LakUUYuFuuEgXXQrNZuBD49Trodhwx,110697456928996849
tz1WzQh4yDUuTpZBDdRwMrnkV9bs1upnSANF,282845502244477
tz1RAfKUFBX6P2jFkCpzLFntju7djjbtKAKr,4250998129346961300
tz1MiQ6euA3EEdnZxJ6EPwVsHzd6vQ7AHJmU,208873195285350336
tz1UFwr89hcJvC4sNCYK7zSLcaD4JW2KkNYD,1151745450666418026
tz1Rm5QmNUnQetDKSVW8srM29hjPRiQCgqJx,1654543653385638
tz1TiJBTfVoXxregtdgCs1rYd55APXSAmniz,233887122119071075
tz1UNdZnQnfmxaG5Uh2v5TsoYFPox7pyQkZ4,1280220925236125
tz1ZPSGxrrPPfrmoGJgpXDArNJfNNy3qGvE4,94107135466369121
tz1ZU7vwEU4aoKard1acgnpGi8fFc4VkKzbP,15161794571690570
tz1iQ5n52oSKgdtdYtqEJgKmQYbL1nn2poB8,2529142986807651483
tz1gueZ7eL2KnvxqWudHjoTH3ZPiUCmwNKR6,311359380185070438
tz1QxepCwQ45EwtcxkgXZezHbnidvK7hUywy,1685716118446960047
tz1TVZgy4rejPUkEF3bsxLGNCp6H4gz4PaGf,48377377259298378
tz1WT27PugwGBtre1hsj6BHmbAK2qQsVbRDo,261766762117093817
tz1fL2TsQR271w84MXx3qFD7y4PZ1F2mpHFA,714313872467188485
tz1KhU89QWZuuhhnDD1paFp1jYMdpJLh55im,591769369807360018
tz1QQyhTMAmNQPcSGkM7GfDva8hmuFPAxUMB,2084838120194223825
tz1htnC2n5n27PFD41q5X8bDvDcjbGMUS3f5,6344228430467323140
tz1PoickddNEkRN6qp4K41u4KUW43vZ1UDvF,3386702265939124074
tz1b9qYttBxHzoEseqabgvQiCxafZzkAtH9G,942668348679502469
tz1MQotPcNdc9R3nWCTwXLMDqKLS46WqW7Wx,948222804141931194
tz1a89Pvs553YqhJdCfDdQrRuQeykHMvVSRX,21838000253422863
tz1favSqpvTLtedjTm1UjuEmKfgm4o9kyLd1,566944262316563091
tz1XYuybht7U1RVsUip7H7S31fBDxpUgpTXP,152787627803417
tz1WHUWCMqVqq5AagGN5DrytqWz88tYgedUr,11432299794764156
tz1YJvMiZyXnzvV9pxtAiuCFvaG7XoBZhbUQ,529710488155962427
tz1TmSForCvNii8rmwL6q2jgicQfqjNFtj8K,1066748857353628503
tz1RSYHrs9rpGHn2CcgKGGUQL4RvMqXxtLdA,232120892044871739
tz1Su8UYhcLvUPYABx7kYsWRVibZdiZPnmh3,18843790571940552337
tz1eoqCSmqPQtTLs53Rj6gBB14eQh2aHWVxu,239553058998136102
tz1XhZUHsJAFp4FHoeeQQ7auVBk5j6xoUKbS,28874633655476435
tz1Pwh2MBs6q2SeLHiko3iJpfMwsDV46bqQU,5402558899061624346
tz1ZWbokP5pGwT3tTtLPP2KhXX5ssg1EtDPs,7905719344510243
tz1hLWsybqnJtQRFp8skYy5aZLGNmL9bMUpa,538493299438719356
tz1PuYitvGfsBm7C3oYAXqNc3t5wNhWZj5Dh,511569613975391896
tz1NsE7vEgP3M9bDdkNGF4rCaTUENp5h56ZU,3062414073412195
tz1eRrQnioaBfZkWnXxYth5ZHYJqr48E854Q,1252837691238300966
tz1dbCAvra65bwTVk5mgkYUHUGz3hoKwovZ8,240098219008583709
tz1T5NfkdPfhkXzYx8akPkdznxSgU1Uf5jEG,431338508542494791
tz1PYqfNnkpZydtSY2Tn3Rv8mjkgUpHJpFXC,1198375179794283171
tz1WidyAU8wuyG25Pd7b93bcx9hMu7W9Pea8,1153872684536899180
tz1VRQHQLw8Yq8tjxYLuybyHfhdqZpj3yXMw,365936855650301
tz2CCSPbBJLu3mrEWzP4RJn9jNMz6JDboRCJ,1687731964816245
tz2Mz3ovkZR2HyC89CHHSdsrPya1mKSmLWfD,83008392527708953
tz1ae2d1BJt7YUqaaec6Xenh3mBqS7VjSZtK,112165786025338813
tz1MA5sPsCo8ySkTpMbyAEbKf5v4WwBr6XLg,219523077567668477
tz1g1vr7gbU7kwxVqmbmnovTGtdeRxFE6uBk,196951302136174030
tz1L1XwcVmD2z4qPfLtBJ6RPThgAwLcXG6kW,12498483311384152
tz1VeyZaPimHfrJFy8WwsCYzxHR3VmGTMpgK,121817019153244289
tz1epFVHmqeWvvkFf2eskwhQ1AY3JwWd7Ej6,244684283066901096
tz1QRcnskFh7eaV7QdEnjoYdDfrDqHgmmrvF,635408803563023890
tz1XybkRZWjLx3hwcy1hQ7PT6FWEhpHm1FBv,8771365687524258
tz1XcuwadWbLKkc4mDVxRo25dbtwfEa7wf2c,437548740530657612
tz1MkNbJTzf6uADvfSJKJvArvRoVvjk3tZz4,86342332783973469
tz1hvRvzke27MGtp8CsSvsafxyyMWSVYM1ut,40173995521051391
tz1a7MJ4HMNbWDhKZAqrvzX5P6u2E2mJyJiV,844454476368398233
tz1citPWufjty33AZ9KwZDztqrTzdNjfQU7P,4932180093777491725
tz1WntXgznbivRjyhE7Y5jEzoebAhMPB2iJa,357792666152982324
tz1b58mxvQAc98hbXjcrgjf5xnSwYXzi5gX6,286053636359436133
tz1WeLuPLjUs53Yr1RCgq4EQ4d5SvV651Tqt,28884079096161377625
tz1Wo716Gggp5HfupfxtPgmYu23rDQNcLcD8,778509703765518561
tz1imyQrFWHyTp4avUNAw52RxdFjU3HPviRN,77481851124426464
tz1isKR8pS4pdgU934K1S4UpLsF56ECJNArh,281476416818792698
tz1ZVoeS9T3H451BgjTe18pM1q1LPd2cgB6Z,12403495421759434
tz1Kx4ydaiJHThd2nTgXR25JPTZtKyLG9KC1,146721208846098688
tz1eL4fYCgegW8tLCbQ1mYiKY3TdDxWnnKo8,374234171819771245
tz1Rhg2UDkjgLhemdSMtiGVGRmzwVLVaHArD,64666851527824885
tz1dPHDXSCFo8PienbvDMyCKr5DXjPMrZkJ1,340419956354508863
tz1a7by2HMBv9QA8WT3t5fhu3E4XPofzcukg,53191720930420509
tz1eFe7ufhpTuqh3LHB7zYLuFgB1rFCPXnzN,174891557552180055
tz1fkkxXSMtSQew8F78XdsnaC26AfsXtsGiY,80254032776680119
tz1ZuiTWKXKqYfzFPaSaAG3Huf9QM1AdZ1pJ,181602454375827303
tz1RsCndtupuxe2U3syGAdcRBzpNqJZ9ANNc,6085953135439349166
tz1MrZQhiNiHK14oEq595DLsVQ9wC4Nv2ZXW,136243051123517756
tz1LJQ6MPnjGekNAmhFmkm8XWtM6UGx4MyF4,1383338301153324167
tz1cGtKd7EeDGW1v3d6B5tuiy81LfzMp1FfU,72710160890087924
tz1hmxzW7MuU8HeRoCFPGZJnavGf5unqgaph,826085551011916219
tz1Z6QqrAbEAMDLsis3v6b956sfH6qLTSEex,78154052735962807
tz1NnBgY2ze24nQDpdY72wb1GVsee1UfAT3d,29862172920233196
tz1dAW94vB3yYfNPE4LM2txBT8PQ21Zq4Xzf,31663834264793201
tz1eeR22tmjPN3rGDikEMvpe8jcdXww3dqTt,222562451020101061
tz1MsfyCeQEt7khed67HHsAidezZ1Th6mjzB,77150159424753465
tz1WBMWCwjuFSsiiLUWKEQHEACNEat2S3EsD,739196245909098058
tz2SuPjN8dYMJQe548bTvSPL1fdStZPXv7gT,11705445013785016687
tz1N33TtiYBQ67sw32rhCsMSVpZkrSHWe9aq,3454490072614413133
tz1QMjzbw5Yoi2zPqUeg2yuv5GZdmXjhh9mr,218276924742594240
tz1ZutSZgCHEzxspXyoSYSREhwHh5g4PM8hN,211654270012393799
tz1dDw2YD657qFqQq5tCtbkLxrgnEAECm2Fj,324672738558990720
tz1NrRkB19Su8iBGVTz1cXbG3oCw29GSmasw,346178359148293904
tz1NJS9T6FKTnKUkVNv2g44GHTAhzH77qiYw,440411273674217806
tz1URL5HNuTa1fHqqCtUKXUM3hm6g9c88NgF,684450481760506
tz1YPBTsfVCgRSzri3cUfNzBRbQ84G5RQ6DF,805375654969627284
tz1VLGEhMhsb2HDhUaa2oeHQ8qM7Y7s72d3s,1831008144524301598
tz2M9C5x1KoZGoQ9xEY6fQ6Xwbe2GU1RTzRx,148859357757603364
tz1RCQDHtpdcwfgF1Kbbyusd6xhfjbXanhZ5,282845433443531241
tz1c8JTzmA6c7cm6ZmUwR7WES6akdiMa1kwt,333769359812007493
tz1XRTNgXgWmR4PqxZpiB6HZJ8Siz3M2JAim,99830975151557532
tz1LxL9L2SmaFYw7XhyATaRAiLWCgxKmycBC,968224355439063998
tz1imbraxLCQ9TUpnJVP31LS18hpTqG5wv1k,234041930936004822
tz1iDuz9LvybPBC4kDc7ceBoKVDwwzJR7zKb,6380622380082187525
tz1eJiCVNV3YVn2im3wzJZQLj4TdFJ5KabzE,422048811604660425
tz2HYjnnRbzPpUGMUYGKVXDnsfSKKqH3aCVT,2795312724871051612
tz1eiyML8sHGBL139FwJQJeLGHWAFtDqPz4U,20524924212270284
tz1YQDCB6Hbn2ozMyS2kf6WPJDeRvJtmtNqQ,88632992070127712
tz1eeNRXYK56vgSfXHFcXorubcaBBCVpUY1Y,5749388832368690
tz1TQw8erN1a2LpfRSNMExicRXMveBPbvTKE,114063436580573
tz1gaRjULm9qy4D83VCvb4ABWLKpz4XXfqjx,97817716135699563
tz1hAZNx3LrRKFgfRytoLNVGhCrzU1uVDUHS,322297737044001604
tz2HGysnSAQAetSyFYCa7SoH6XXVwbVqMHnM,440624126487007757
tz1W28xB2eAvRGCXmVduC63Gx6gGDp87zqbB,855437266352439624
tz1gJaXdi7Gweq8TUSy9knB2wLjioTKy2tZF,926692201492901352
tz1PoXtd7RGVBwWmmZvxX18NQXYpbNdiwwtE,551324557408442041
tz1RLCvv7wrWq4hTmyKk1zZuZeuUXNViSgRD,2693805011315888359
tz1fXXFNod2gQDT2Vf9ibBortMmsKKorUv7Q,28593841638811713
tz1QFk2DJhPkzp2nCN7Thpo4askJjQ3Zw6BU,229897592792070933
tz1bRDYJHp3ACUojEeM6Ja442YEwNmcb7ph9,166080359005355548
tz1MDs7ym4sp2FsQhL32vuAnEqG3ARhM9Vi4,65353822836924527
tz1Xy5UM1tC3CFcbPBVq5PjufaxcLjMwfQkE,5636984209132506
tz1RAKBnmd1X43pkkGqywYCRgf1Uo6D77zMx,5627635963831937
tz1ezWyS2cFiqrNyiSVz5VKEKnmDN9Ah1zSR,455377700091394121
tz1KgzP46kFAohMo8NHXkFU7STZDkAv8LVYq,42096014132724946
tz1cXwKRD6AMy5nhqEVUU23SBxcAMnh2aKLn,61973355497924535
tz1WNQE7B2s8woZp1d5U4SeRKHmssN7TvsDi,245479066391384112
tz1imrUNR1R52GxhP4y6XQCDDXtQs11GarTN,4007462729048491
tz1c19XDWSTDVAZJXdxdGAPuGpoemUnGtXYb,85911473829847
tz1chab75LnyqBqNwrK11459SGCFQXLg9uyx,7784959151524336
tz1USfPTFciXzVsQL7Rk8HmMWyWtFEas7fh3,195431074793398893
tz1btYY98CWBVCGEikD7s1buWjpicb9kG8aH,3947949663793119
tz1fj962xSPKTA57yWHA43VeVzo8KqdpNAeF,9394773797717829
tz1ioU6W4otB7ebgRZTq1EVVra3vMyXqeqsm,49273489362974273
tz1N8oU57qMgDRr6N9pSbhaiWRRQSxJRPGoZ,8759176280081077
tz1fCEeLBcuSMSittqTnMEhcFdPCtD1HsiZc,19115768209041081
tz1WsKkY3TLDvqTuK97Xu4zuVoTb2nsr7J8S,32592678119107938
tz1dAekzaZ2VrjvuNxoaTZ4dY9XjgrjBvBro,292820653502840102
tz2DsS3zeg4pqoUnRPHxvuRSuQrjDnTZcTNJ,1604282678422741
tz1gSGxwMrToBdzLeaxg4Bregv6W2oEbNLC8,1559084008728017075
tz1dWwKG6Z9unqwonQUWV65gkz2YhABiwF1R,212086574705838898
tz1X8AQxtn4KzBwMZ6MZUVFDcACrfnyfYhDg,70071613442372
tz1KxARuCbAoiGGesnQjr2pvZa7CzJR7V9D7,117693266177938056
tz1LGVwoTMUhi76Jc8TeaNUQhanfeLLNF4xm,92344004179107600
tz1QS7N8HnRBG2RNh3Kjty58XFXuLFVdnKGY,9530358608809671083
tz1RAP1j8SjwT587jyccTNArBFhC9HhGKfHq,20309856875907159
tz1QiZCuJMuVz3aq7j1Bq2v3BRTQPCdTw3Fb,308885926067477890
tz1L8hBVpams2fWFC9kS1sPVxfGY6Hmg5TQ8,43901727501453117
tz1TQSPkLPqXUREhxvYzPbAib6Jz35w2a6tw,89436700143232158
tz1XD1xSVzgY8Qs1id1kNyFJDbv9e9pNMe2c,76428326088605844
tz1Tk1MJDZ96bK85RLAqtKfnptZZyXsJ2jaq,199718860712684534
tz1avT6pCusXgxhnffuJzk49Vq5QppLVegHB,68483034344243159
tz1RKg4C5yKTzm28Qj9gKmfUozCDrctDpx4G,91188517329838346
tz1Kw5M75chWdw3HUBMg2bsp164TrVXRsGJR,63989964178756876
tz1XAFvpynqgRBizrYs12fBt563NSHm9FWve,53202598778368154
tz1hes6aF3Px3D8nPQx27fdwBKrXmGs1UYxT,75790135152077114
tz1c1BG1PEeuhMFwmonTVSGafehicqbBJFec,12618667415484805
tz1UZ78ecNwH3T583wmY6nUrjpyrXP7do4hL,80376732477634817
tz1bF5LgAwDooVGC1cT6eSnsvmPt7WaByJD5,23924619845817370
tz1e826sMLNdz1CQLzthLDBJCFsinxqGDzv2,52044473028479050
tz1WtkHVMtif3DXVCZ9pUCqWcBsmqgFjgdkk,6532329326798171
tz1ivMszr6h94yTACLXjJzK3tuvRoDHqfpwN,5781134662134407
tz1THwbFPPPBHmBu4cmLV2SppLFrA5QfBhyF,49366763273021443
tz1U1aA8tyN6QByoYLhSvNu3krJPLYqnkRVa,70401640875998882
tz1QSwx2wnmrTjEGrid79c4tpFMxjCT86SAy,115831084338007084
tz1RcJYTsoYQ7adtNMANhwd8qf4zApM4i2Yd,59166246491647752
tz1cvrgSekgCqgyc1c2qFPSeMtux6AAAfDsk,1336293941271389
tz1a1ZcbAeBEjxYSwuNKxSu6FbFB4dxdL3m9,1649649032843559
tz1NZnfrNgCGdECyAhA93TLPTSciJcZBJqDY,87349053928705477
tz1UGuKv6PzgVbofb42VgeRwDwsVN47UpuZB,215552700634194510
tz1eCzNtidHvVgeRzQ38C81FPcYnxMsCEL6Z,1261933189386369226
tz1N3nvFqipu91tfU9s4GXGsopawpwxSoAJh,10302145131402726
tz1LFeLTRQZrgKxbmvjz2ckViRhVw9BZXw7t,2440951535908026603
tz1XuzzMTz1LhqbRPy9uxfRkccSxju3v8Y4j,112715072831750477
tz1MoiwNRQWHfA71aypNk8J9CsKjfmq39c2F,434016989003889547
tz1hhphPmGxL6HEmEjoVSJBy82FMWbFwzNCD,2313218062795175
tz1YHLm7Lq27q3rgVXLY424zQMkvncVvNiaK,11892548967059321
tz1fKtBhuuZiMYhM3Pi1hcP2sjRbstgDrmqX,3429391218911082
tz1aoz4qrvkwo1ezDQaNCFZb5kg5tAvC25xR,24097527328433860
tz1XEA7cp83PyiXfSxWu3uHjA3EF6Gdh3Vhq,10592148686962150
tz1UXMLCt7dqbUiJ2BHRhE1gFkdVkmCZYcM9,3319218279647471
tz1iKF8o1hCLaTNZcCJpgKQBQxkpcSiBy5V6,124706661327291663
tz1c2iwyckUCcicx2qxqtwLEartYFEHg1pvB,56120113300307369
tz1YQs3qHgQGGQm14vX8vMDWwzY1DFXHCzJB,57764182604139446
tz1PQDUDph7dDCn8pLGXqaR79DiUWLiSZdEf,296925900355663761
tz1XYkHggnKNoYbm965gwKattMWK6bomgVSX,43214079221151795
tz1fUZ5pMP1gUjuJsp5V631cXmA87Kxm3cuZ,342723237232320168
tz1KiUXfWuF65Ck5zY4otx8t5pHToY8stYhj,8367466689958630
tz1YQXd4LjZfDaKRvSTwBEwgggREFfX95JUc,29645864558363549
tz1hM6Pz2e5vJbd1YYkYHcj5RL7tXhcn59Xr,138132253304955767
tz1NVsmLrZX4jad9bNdvM1EskvcTq2LSZhLx,172426622552063389
tz1cBNfPUb3Gi6oezs6fpXtki8EzSwjnoNGS,275781773363031980
tz1h1ybLPkwDH85opBrU6hge8wSsRQBnAghf,2653690601054949928
tz1PKoh9LB2P3pgh5ahaAFnrC2QBmUxcHDJU,20520610437040797
tz1cqoo91JCc6sKmNuTVKNzwUdi6E6moHWFb,83301789228030570
tz2HdbFWnzRZ7B9fM2xZCYdZv8rM5frGKDCo,62413058699360737
tz1ZGNErBKdYeEPjZuqKXhyTixQTTPn54bx3,12218524477252772
tz1iUyniY5PPWrzE53cs6jBwNKUun4btzMcW,520972236180336796
tz1gi68wGST7UtzkNpnnc354mpqCcVNQVcSw,51043486367419106
tz1XoiGxnmjnkaKcNyG4rrHNNEoh1u5VidxY,120671374986869449
tz1QVUXNoyCfKpAyxDpq8kR3rK2AShuzQxJ5,197917808992090464
tz2HZ2yRFd9F3uLcKnLukEXhuUz3HqhZf8mA,1287234496831871185
tz1UVTMhbMiSETKCxFi413yZ7imF1xeyt3fV,56247293336617445
tz1XisBzUGgCmvC7pNS6hxvQ5hMvXUTd1p7D,140137117140968397
tz1S5TbsJCWmCyRh3ghJ2rWwQHHbcvoh1uYV,544381729559689865
tz1UAYfFWmaTrQTYMptaGCw6LrXK5Yv84VnQ,252268020678298847
tz1XgakycyAAuhtzXcbb3Eh57ZQ8cBBHT8YG,27724031790090840
tz1hLhGe26gqt78sZboxiwne6zgKMqirRieW,65885746201007878
tz1YfiydbiaKMGPuavawX4rQtXdn9wgpdDKS,27015723443435921
tz1RYTr2WKdJD1MMV51kN9AoxPnxZJgJ5sqU,2714072086632020
tz1R6mtcAQwBTK9YpSqRL9y2a6JZWgDkBm6M,268758687610900374
tz1Sv2XMQNxcAqyqyyv42FHjf3EGwJ3Godj1,271390013888129736
tz1NCsGajb5YgZdhdviKrfisN3VteMasnzQi,13162678916578965
tz1Vh4cX8VutUUUnnjmnY2omSV4F26T5orLH,284369843638314155
tz1hgSYGDwHFqC5AwW3P7vYfXfdwwsx4ALAN,106326267468525
tz1QGCWjNpYmcS6T9qFGYSam25e36WeFUCK4,23963119551830764
tz1URdfSGhAfbtpEkjWBmpTt3pyLmxdHdPYy,7085130389502559
tz1LApX9pPhcDUDznHR5TTCcSXh3m6zPgFHA,10515257354449152
tz1hUY7paB2J5EhD73r4oWL6uZubf1UibHrk,30938695934352526
tz1MgDFQvyV8Vfc48HgeqMbCD2Po7nhoWDeL,510075453329550
tz1PWZTKd1zhfuxrixGJoHJ6G17SQiypwe5m,179763216851361
tz1V1Hu7nMcgVuMKDEZickAKHHZavLKTB7Vh,65991496539235
tz1NKHjwrYfg7GWwbWZ3bvdejkVL34De72Pz,98546883628822
tz1RaZeHEiKewSd14gZ7HKfcQ3HaNHJ5tnV6,205342432406327583
tz1aiLrqvULcV2Kfvzt9dUmqnLQnoNXPPek8,19220633695537154
tz1M2h2hPZzov29kf7xcHXrunXb2jFSbfiNd,9671195514269851
tz1MToDUySbYhPabULUyDPPsfDQF1cpZPdoH,885619875134225
