Address,Amount
tz1NRbpmTuPEFCCYCqCr7i3hkMRDRhBFgmxz,4360833829565
tz1RDbEW7YUkwnnDdMNieSiF6kB4XBws7QSg,24100155540856
tz1eqt71cHna4YgyNg3ao6x22xU7c7CZXxcf,166045292592
tz1SBxNvpDFC4bjW23CtQfVLqN5cBATVf68B,17617956084487
tz1Rgo7URug42QnhBM6eLy4MWdfwn4RovHy6,3791078452777160
tz1YTQ3Lys25j8FhZQY61eoYErYUteSao3ez,7941795168049
tz1R3bKH1seset2h49p4vrZJCEL8voJgSK2G,1323466702918
tz1bdRJkGkNQ7homh4PTnkVM7xzVWhuC4EMm,473455733874837
tz1Z2Ne4ZHxNPuCJeCcoykHVXTqhVdLMD9gV,1153233541153450
tz1Qji1NnEPj4Cxa9s2WEoWi9U9KM6a9gdDL,119481363694131
tz1cmanHzitf3UgWgECzLpGUKpzEfmGZaFsw,20852081285578
tz1eZFb4bNMMdveGT7BPcktbYsurg2e8r1xR,18762489669
tz1RartAmPJhFsL9oAhZndSL2G7KCsaQqqkf,7911550574744215
tz1MyqKoe43P4Z8MfHoXVBTrohgcbehp2zLL,123519962443077
tz1SRcMg9GRXi7paNeAc3ARn23mS3Z5dXa6S,9275111600068
tz1hD7VdzRpWG3nmYpCyW2gNc8mQNs3TCgxu,136587063328
tz1f38MX7YT2Q7MAq3mDdj75GTN7vgqV2TfH,51801516277
tz1aBDeNFooBEmBXnWDVgLknNMUHMYhHVcRA,963985135348465
tz1hD5k7QW9ChHCgb2YLthKFirKDYQiNPDJz,26782082546223
tz1ZL7ekzieKxwngCCyjsCN5qhu1ohwJQEBy,56693763333393
tz1enbGpES1NDr2kTaocDhxvMqtpMy4ruhW6,22558144890492
tz1ehGMhxarDhwppx14PX1Y3eqbZ5W9Bc2Y1,5608992211613
tz1LN3wPFYuS5fCnodwxT94xVFLPtcFHvcHk,343573067880
tz1ed4brTwpFg8hFUJSJ4HqnsC7sEjVesMtb,157670407050737
tz1QJE62jTxHis7kZkbDT2zsYZyauNDNzWg7,70152097761744
tz1gWt7kUnJtGXoT5BYzHVa89qGp6QVvQmyp,439428048970018
tz1epR6pJmPaJ8vvzNi6V1T51ccocX1Y4VBb,2869042492795
tz1W19DveaP3mW4WvFtdVdqGsWwBL5q1QDSK,582317716590905
tz1esdEqZC5Nz3HDFseHvpH6SmQJPocxLzA2,28889440057008
tz1XyTsb9DwkPru3eU1Cwnr5JkihEi5eisHo,2215028060393
tz1ULQQ3S4kFLhhpPsegiMVFmXx2G6ewmbTA,286625632449785
tz2Lqs8WFf2HDG1RoxG3EAtuHjDS27XQANWT,7935649312
tz1LRrXCmELevk5znmVcYD63TChSpYh3vaE6,62199494815
tz1S8GvdiWQghwPMMzbNvRh66rcfmhEA6vj2,603370589100706
tz1N9qzry2ko1gwTK6HKWamZZK6FGx3Vr89U,1279508469541
tz1M5swezYMnDaim71PSeb2cPFk49ajrvDV6,36150993036066
tz1QQ4HyGbCZDmQxeVHoLP99KLyfvGvyX21i,729735146192395
tz1WKygtstVY96oyc6Rmk945dMf33LeihgWT,115982230026981
tz1Rux3pGrp2KpZUBKvg3VQ4edRYVJsapr4z,13644902858183
tz1LWMmDzH79xyu6JvELrnvWLBBVjZg7TnfN,416846256779109
tz1RfSFe1dxP7wh1zSffEnskgqvVVWKNKZG1,1909558117523
tz1czGMShkB8ZtCHKHeCPTY3CpuiCrjsGJBy,4584638012023
tz1UQ6cQZef4MuskJjV9g8pXNZa5s8ff1oQy,50265716031844
tz1dTmMLY7tan1HKfW5e3KxJcfZput6UuTH6,86488746110
tz1daKxrqyoFUCcuQj36BeMN9C1Ytmjg5p6n,81139156258181
tz1YZ4VZCRPoiDyGP3U69jCq2S8duDUcRjHP,5797615780335
tz1L5rXu3RqYBjZzjWXLaFANYZcwS5Pb1ZST,85641269034186
tz1NkFRjmkqqcGkAhqe78fdgemDNKXvL7Bod,65219122938784
tz1QkQLtDkqpw8VSymi13A86jh5iaCeMriMJ,462209745409762
tz1h6J2pn9X3KMghNHZikrh3PtEpgCcRAjHZ,100741274396855
tz1VCyNit49HjTmz8SEgeL67x4BLuoTaeYMy,602589535503206
tz1gACjUSBkWjqWv5ZBMRk6G9Sp8xNAYgwYV,37013297635350
tz1ieVZFcRity1eybQtgUyGg8NLEYWNqKtQe,17204314644768
tz1T5GmdYXDWwbhBrU7RubT7Z2dmz3ZmKwCE,309261252343105
tz1XLpud4YtVgwiAJezLKUsAo9K2s8n2YPqx,8689644904
tz1gmajxhmKt22CbcsSA7WWXSATgbuVEmzTC,47029674890237
tz1cfzEz3R8YKMqC2rbKnr2XtpNjZxH6RGdy,8424862408903
tz1hR9eQYNNTZ4VGUeipK4PHtyyDEDmQ9dSf,183987329010161
tz1RxeY78zE8hNJbqPypB1mTVyTsBRmPuqry,24433366347151
tz1SBF19iLiCc8dNpKe1Ym9juSAKaTPyeypF,25916132330
tz1X6ADVxP37XjYppBHMLVRJQwmxA2YxztbQ,2530517982163
tz1T1u1CET7ek19f5P59vCdjTNFWAscYQ5ct,91225808084536
tz1V9qHfFxixcXJKWuEziUqvdrQ7BWpPnWTa,122893314236436
tz1Lqnwap8kKynTpefqqSH158i667Wdg8HVA,36107474684467
tz1Kp19QyYUnXuE6cxuXxsfQZbyqv5JtKPku,13608804
tz1cnojsw9qgMbdpgPeCcWPf5GX4YPvd4HAh,107482171201799
tz1fbJACCskangcgy9xjDSiEYgh7CUmSo9oc,4346390439094
tz1dKaw4xdNjfufDSLWRxumNBwe2VX4mxXyW,23869832550059
tz1RJf644pa7QAZqKzrPQGiYQPyubXarC4cv,1138646536508
tz1YSwscBZCf26kSPvqsnUdhnS4XQD6mAjcz,1076246030675676
tz1iCiA1vKmgfZbY533ZgMwFKZ14S1DQNooQ,4568449917125
tz1hNGWJUFPFV7AWLXvxGzJVEfCZ8KJ77PJA,17667715615604
tz1Qm3DHkV7V6peZPyWe4rv6aToH3nRmWEH7,7356788696169
tz1KsiwkQ9pyrt4Ra7QrAQp5LQJCGxHQrY1n,29181763162
tz1eKTUc8X17nVmtVRtxBcs3hwUPXWuqP2AS,852142350247690
tz1hXx6tvTV3kzxpBR6E4hDYcxdgcRGHUTFj,563968
tz1fkZtnjNfQHtEyUpyX9Tqq4RrLKx35qBxf,31347117968423
tz1chg2T1s4DTjLqthPc49HDcqkFHMwdSPwb,98713274530147
tz1Uzm53vPr2Giyi32yT9GUvBErKqHPBjvQL,81630928350
tz1aR3nrJgUyU5B623U9s1MtMsMjA5Wz5c3G,188258795806987
tz1YaPLZuVmZaKB69BjJXKUDgNaZrxBR4Lfn,5246149024929
tz1WNk2o2hJvzjuZRNmZQwjLQuv24wDv1zjU,14791348055
tz1QmBcwm7RH6swEYNpsZZfAWCCFaW6wugVT,442633507205231
tz1LxqBcvRbZhp34C2ab62CMy49wFbsQSzD7,2551234998633
tz2Kmi3xEnXk8c7zqWSQqSSyfNpWt6ovG38D,524923889756287
tz1LgePVXLZYNhHoRQ6KgHfQjQ1uq7JJPZDa,4088461284116
tz1gk77xzDAG3sif9eFvsqUnzaGh4MrzaCp3,215290446509757
tz1cWUkZFBZ72Yn9desxcgS9KdH4BVfqd2ZW,105514062336094
tz1a3LNYNZTNN2SLMjWSUc5jtLWFvZ1kC7BR,2266921159709984
tz1SGPStfd9v5upQUxRiHPC9666X4FpVAmK4,220693561926
tz1iF629Cc91SJkmQRAWAm6nYavf7RgpAqZh,197990751387
tz1WHGwmdEr4iruf4v9r6bdHgzC5v8SKYTkV,11685602333398
tz1Uza3jMhipiQMtmeEidizjbSqnqZMQyRv7,5936581509
tz1YqsEWdPxBmqVKsJircrwBmCmZDtHAgHzp,2944332767473791
tz1ZLMaECyswARea2bTsBws9eMjgUm4jG8Uj,364355518512205
tz1NySiq6aHysD6Rpu4bYhFaVe3ASya2qB8D,24520368045829
tz1USU2xSWb7CBYGJYat2X7An9sr3cFfsLwi,14968326141459
tz1aoYg1xYeEdnLrAJ7y2r1T3aMBCyms6ppJ,267777253883
tz1WxCJ3UpzyWsXmmkE1YjYzbBv6jXYkbFYV,17764149343575
tz1fq3tMpnnsZ944DVxcJqsVNGsWTPvqJzvo,15265760476978
tz1PrecMTmNArbdvQxtZLUVUBT8rcC86dKZC,488597289792
tz1Q1LWn8wCK77L4xetjbH3Ar7sDaSANezZx,3413854605692
tz1dugdoeZULYPA9phfkpofrP95rFqhZNXeR,36178209227
tz1UecmgMghaWovhh9EYfqTrK9gTtaiMtbzs,3941453000
tz1gGwXf6Ggkv9T4jGmp58jUMU2Gh2vYjDyH,11526867524020
tz1QjPnpmqAJYSfDtDM7uTf5bkZDNY7eBECd,39796415757776
tz1aVZZd883FwyEx5g2o3TgQ7pwEYi2f6apg,53587428242771
tz2MzvuRU1GEKi9udpqzLpGYfDoZTiKZ3C4C,133934904515700
tz1SEox4m6JwzUjLL2daQMKU7XDrvsEukR7X,2296011730753
tz1XJqUrY2okTwoJFgHFJKQV98tsn2oC6Twj,11056447744953
tz1VqXA6L6hPEFjvsgWv7Viw4xQn5GyNszzy,1070167439578696
tz1Wf1Lqz1yHm27P2RQJAVV2CMxnhYK4bBGc,39481559917511
tz1cTS1WwovU7SC783xgJxZrzr151mcshmNi,3048588004432
tz1f4Z9FJfgStP7v6Rj7BMJnWJ9Mb1NdAGsS,42454927619
tz1ersiy3MYVu89DFXvW7Qb8AM6LYptSsoT7,48440696031938
tz1UFF5DSDDtk3fM1ewaLvVG6fhaAeCdgYEt,3723439343671
tz1dcpUhXGeXexEXispSpfv7CeufoFnV7AAf,297828487583214
tz1RKRhkvC7MQgKfPejvNaHGshWUDsyJKZdT,175804297798058
tz1SHzbhYsbX6Uk51hJC4JkjgWM1gWaSwBqQ,9754092091495
tz1NW1MMFL3jytxBjhx1qATMJyY47vLBMa4p,4389034780317
tz1QRm2TJKnarZ9tbL5CNjN4Ltq9pJtytuk7,12995795
tz1WJpBDRGfa21un4yQDKTGXZw561nsGg7Qe,270508675761
tz1UXAsfFeufr6p2PafNr2oXNrTDSdtwwdgm,3941899565365
tz1YPUNi7KW28VxZNEu3fNkRkJG55G9p7wsN,5644220918
tz1YpusrSty7ULz7w9sM814trSRmM1aNbmZd,200049966735309
tz1cuj9Cgi19KMRi83UuypS89kXM435qdhmy,478452872322
tz1htwxBMBFikeP8SnQiEQyA9n1ryDrDFyLK,2452037564714
tz1XTyukKgkqq9P83UkV15np7EtSSEy4kAeY,2511537831601
tz1WMFtCLLeRiayH19ZiaErKq4Zu9p5N73Sr,69070780113
tz1RFUjzPENm3vF7quaxfELQCfNTCSjAsFdA,24173319997508
tz1cLd3gXJ9Fk5c648hRzFvTnGfT97CxcHrj,41159656686591
tz1Te5JR7gzDBwtZLKPWSPuTGFE4JX21vVur,945897717
tz1YDRhXyq5ZHMoHXJX67rHSrUFTqhYjFo86,2832055613099
tz1NGDuYTuuB1geX1K5b88cqa8JinFLdd3d5,12260231298184
tz1XykUaKpskyp7hDEZjmuNTk4gFU58a46KC,1406567523691892
tz1dghYwdzvHc3tYHp8iHpNUSpmAvvs8Zjs8,606659989871117
tz1PuipWs33aqS2KSG5k1qQtC6Dff1P1GBmM,9177127439051
tz1ZNxMa8XsMa8JTv776X9iCETcNoo4SY629,5356567374634977
tz1iAAJhH465Cf3BnsKQ744XHypQGY1v7Ps9,12505387
tz1a5QW18ULwjJK71LSc7UqNGgryrFouHzf1,1790617068995
tz1Z1ZX2B98nEAvEnLXJBCnsJ6K1GqaSp9jK,8815685794993
tz1enT2GWv7U8jyPmmoVb228u8hvi6hJh5FF,22978732174180
tz1gVon2mQhvutR49Yd5XK6k4ypwWfFjMZtz,9611984
tz2HSz8b961xoDjDLy3aFGogvW4HEqXXdcR6,12591135065855
tz1eSGjgq2NmLWnaQFQxafXK8ZQF5V7Sz72y,1051246670833004
tz2EP3fw5CbUUgJdx4c3Xono8Gbc8PLXGRM9,18540604869258
tz1ZhteLTqobRVCYsPj44oFfom5BJ2SdGxeE,18939420514761
tz1aRF3qMDrbN95f8dGYTKPaey6J2qQQnk8j,6171358102690236
tz2ALu8Jxf2SMgzSZaZEwfiJQbogpUDPStwz,12358265
tz1fCHiWZ3ReGqvhxkMejVzcnXYz1rnsJpow,503489164338407
tz1Mdpj1npkpaxPHF2wFN6oX8SovVPfHyXSy,6124214243139
tz1L1i5BVehYJBebCGvPYU9kZYGKBELGUJGH,153094221617588
tz1TR56EbNTEEDeRrsPzQzoyvwFgZT25q3JR,8488154831697
tz1XbQgDFCaT228TPS2YUeHHfpVqGW7ANCDw,3735306800
tz1S1Aew75hMrPUymqenKfHo8FspppXKpW7h,1027819868003
tz1Wb4LakUUYuFuuEgXXQrNZuBD49Trodhwx,9689241651943
tz1RAfKUFBX6P2jFkCpzLFntju7djjbtKAKr,362386362002119
tz1MiQ6euA3EEdnZxJ6EPwVsHzd6vQ7AHJmU,21970249
tz1UFwr89hcJvC4sNCYK7zSLcaD4JW2KkNYD,103150519846722
tz1TiJBTfVoXxregtdgCs1rYd55APXSAmniz,16820972
tz1ZPSGxrrPPfrmoGJgpXDArNJfNNy3qGvE4,8451769638615
tz1iQ5n52oSKgdtdYtqEJgKmQYbL1nn2poB8,229523467418591
tz1gueZ7eL2KnvxqWudHjoTH3ZPiUCmwNKR6,28521665603627
tz1QxepCwQ45EwtcxkgXZezHbnidvK7hUywy,154766473668037
tz1WT27PugwGBtre1hsj6BHmbAK2qQsVbRDo,38219716472118
tz1fL2TsQR271w84MXx3qFD7y4PZ1F2mpHFA,313509676
tz1KhU89QWZuuhhnDD1paFp1jYMdpJLh55im,56858392363280
tz1QQyhTMAmNQPcSGkM7GfDva8hmuFPAxUMB,37977385594285
tz1htnC2n5n27PFD41q5X8bDvDcjbGMUS3f5,622358780970796
tz1PoickddNEkRN6qp4K41u4KUW43vZ1UDvF,1262170238129
tz1b9qYttBxHzoEseqabgvQiCxafZzkAtH9G,268138135065260
tz1MQotPcNdc9R3nWCTwXLMDqKLS46WqW7Wx,97006946597785
tz1favSqpvTLtedjTm1UjuEmKfgm4o9kyLd1,218691424965061
tz1XYuybht7U1RVsUip7H7S31fBDxpUgpTXP,11475532
tz1WHUWCMqVqq5AagGN5DrytqWz88tYgedUr,10599052139859
tz1YJvMiZyXnzvV9pxtAiuCFvaG7XoBZhbUQ,54100828928483
tz1TmSForCvNii8rmwL6q2jgicQfqjNFtj8K,109010668535855
tz1eoqCSmqPQtTLs53Rj6gBB14eQh2aHWVxu,2188839368746
tz1XhZUHsJAFp4FHoeeQQ7auVBk5j6xoUKbS,2962990002568
tz1Pwh2MBs6q2SeLHiko3iJpfMwsDV46bqQU,554919840992928
tz1hLWsybqnJtQRFp8skYy5aZLGNmL9bMUpa,59405547843975
tz1PuYitvGfsBm7C3oYAXqNc3t5wNhWZj5Dh,52602789949057
tz1dbCAvra65bwTVk5mgkYUHUGz3hoKwovZ8,17694050517667
tz1T5NfkdPfhkXzYx8akPkdznxSgU1Uf5jEG,44407143033393
tz1PYqfNnkpZydtSY2Tn3Rv8mjkgUpHJpFXC,123408422680511
tz1WidyAU8wuyG25Pd7b93bcx9hMu7W9Pea8,1234473164820
tz2Mz3ovkZR2HyC89CHHSdsrPya1mKSmLWfD,8560869926668
tz1ae2d1BJt7YUqaaec6Xenh3mBqS7VjSZtK,7678196221016
tz1g1vr7gbU7kwxVqmbmnovTGtdeRxFE6uBk,2011089856137
tz1L1XwcVmD2z4qPfLtBJ6RPThgAwLcXG6kW,1293884969715
tz1epFVHmqeWvvkFf2eskwhQ1AY3JwWd7Ej6,25501183429713
tz1QRcnskFh7eaV7QdEnjoYdDfrDqHgmmrvF,66323179764449
tz1XybkRZWjLx3hwcy1hQ7PT6FWEhpHm1FBv,6485476076140
tz1XcuwadWbLKkc4mDVxRo25dbtwfEa7wf2c,45702264834992
tz1hvRvzke27MGtp8CsSvsafxyyMWSVYM1ut,2313142310132
tz1a7MJ4HMNbWDhKZAqrvzX5P6u2E2mJyJiV,88483873739562
tz1WeLuPLjUs53Yr1RCgq4EQ4d5SvV651Tqt,868577646086
tz1Wo716Gggp5HfupfxtPgmYu23rDQNcLcD8,82313658412342
tz1imyQrFWHyTp4avUNAw52RxdFjU3HPviRN,22660099501930
tz1isKR8pS4pdgU934K1S4UpLsF56ECJNArh,30612885069814
tz1ZVoeS9T3H451BgjTe18pM1q1LPd2cgB6Z,48166089828
tz1eL4fYCgegW8tLCbQ1mYiKY3TdDxWnnKo8,49155188023600
tz1Rhg2UDkjgLhemdSMtiGVGRmzwVLVaHArD,6104331354155
tz1dPHDXSCFo8PienbvDMyCKr5DXjPMrZkJ1,40860879287682
tz1fkkxXSMtSQew8F78XdsnaC26AfsXtsGiY,8593362920742
tz1ZuiTWKXKqYfzFPaSaAG3Huf9QM1AdZ1pJ,31289226188639
tz1RsCndtupuxe2U3syGAdcRBzpNqJZ9ANNc,653556393988700
tz1MrZQhiNiHK14oEq595DLsVQ9wC4Nv2ZXW,3914477614236
tz1LJQ6MPnjGekNAmhFmkm8XWtM6UGx4MyF4,149570595860308
tz1hmxzW7MuU8HeRoCFPGZJnavGf5unqgaph,89902476828912
tz1Z6QqrAbEAMDLsis3v6b956sfH6qLTSEex,327716803163
tz1NnBgY2ze24nQDpdY72wb1GVsee1UfAT3d,3288662763331
tz1dAW94vB3yYfNPE4LM2txBT8PQ21Zq4Xzf,7356112326337
tz1eeR22tmjPN3rGDikEMvpe8jcdXww3dqTt,24520368855002
tz1MsfyCeQEt7khed67HHsAidezZ1Th6mjzB,8503527672853
tz1WBMWCwjuFSsiiLUWKEQHEACNEat2S3EsD,1421586850334
tz2SuPjN8dYMJQe548bTvSPL1fdStZPXv7gT,1806475514148965
tz1N33TtiYBQ67sw32rhCsMSVpZkrSHWe9aq,382944380814398
tz1QMjzbw5Yoi2zPqUeg2yuv5GZdmXjhh9mr,24520686859655
tz1ZutSZgCHEzxspXyoSYSREhwHh5g4PM8hN,15349750
tz1NJS9T6FKTnKUkVNv2g44GHTAhzH77qiYw,49733894750113
tz1URL5HNuTa1fHqqCtUKXUM3hm6g9c88NgF,77427255087
tz2M9C5x1KoZGoQ9xEY6fQ6Xwbe2GU1RTzRx,19977169746
tz1RCQDHtpdcwfgF1Kbbyusd6xhfjbXanhZ5,289317014534728
tz1c8JTzmA6c7cm6ZmUwR7WES6akdiMa1kwt,38822518967380
tz1XRTNgXgWmR4PqxZpiB6HZJ8Siz3M2JAim,11644958593109
tz1imbraxLCQ9TUpnJVP31LS18hpTqG5wv1k,27556868763179
tz1iDuz9LvybPBC4kDc7ceBoKVDwwzJR7zKb,751845636445610
tz1eiyML8sHGBL139FwJQJeLGHWAFtDqPz4U,2452036927184
tz1YQDCB6Hbn2ozMyS2kf6WPJDeRvJtmtNqQ,43931483693041
tz1eeNRXYK56vgSfXHFcXorubcaBBCVpUY1Y,15791117
tz1TQw8erN1a2LpfRSNMExicRXMveBPbvTKE,4551408017
tz1gaRjULm9qy4D83VCvb4ABWLKpz4XXfqjx,11884172417775
tz1hAZNx3LrRKFgfRytoLNVGhCrzU1uVDUHS,38775364753368
tz1gJaXdi7Gweq8TUSy9knB2wLjioTKy2tZF,5098828030030
tz1PoXtd7RGVBwWmmZvxX18NQXYpbNdiwwtE,67858994847407
tz1RLCvv7wrWq4hTmyKk1zZuZeuUXNViSgRD,1371317131469
tz1QFk2DJhPkzp2nCN7Thpo4askJjQ3Zw6BU,26347544211
tz1bRDYJHp3ACUojEeM6Ja442YEwNmcb7ph9,24069723649347
tz1MDs7ym4sp2FsQhL32vuAnEqG3ARhM9Vi4,25991591575281
tz1Xy5UM1tC3CFcbPBVq5PjufaxcLjMwfQkE,704891360318
tz1RAKBnmd1X43pkkGqywYCRgf1Uo6D77zMx,704841780134
tz1cXwKRD6AMy5nhqEVUU23SBxcAMnh2aKLn,7859989853358
tz1imrUNR1R52GxhP4y6XQCDDXtQs11GarTN,508559176371
tz1chab75LnyqBqNwrK11459SGCFQXLg9uyx,12863269487827
tz1USfPTFciXzVsQL7Rk8HmMWyWtFEas7fh3,28179360799820
tz1btYY98CWBVCGEikD7s1buWjpicb9kG8aH,529330944111
tz1fj962xSPKTA57yWHA43VeVzo8KqdpNAeF,37138030219063
tz1ioU6W4otB7ebgRZTq1EVVra3vMyXqeqsm,6931281922671
tz1N8oU57qMgDRr6N9pSbhaiWRRQSxJRPGoZ,5377406474650
tz1fCEeLBcuSMSittqTnMEhcFdPCtD1HsiZc,125068364930
tz1WsKkY3TLDvqTuK97Xu4zuVoTb2nsr7J8S,4533713409413
tz2DsS3zeg4pqoUnRPHxvuRSuQrjDnTZcTNJ,78934930788
tz1gSGxwMrToBdzLeaxg4Bregv6W2oEbNLC8,227931330006527
tz1X8AQxtn4KzBwMZ6MZUVFDcACrfnyfYhDg,10102391
tz1KxARuCbAoiGGesnQjr2pvZa7CzJR7V9D7,17887725108303
tz1QS7N8HnRBG2RNh3Kjty58XFXuLFVdnKGY,1469731074765226
tz1RAP1j8SjwT587jyccTNArBFhC9HhGKfHq,3151381657649
tz1QiZCuJMuVz3aq7j1Bq2v3BRTQPCdTw3Fb,48128967342433
tz1L8hBVpams2fWFC9kS1sPVxfGY6Hmg5TQ8,6844625099256
tz1TQSPkLPqXUREhxvYzPbAib6Jz35w2a6tw,22433521462748
tz1XD1xSVzgY8Qs1id1kNyFJDbv9e9pNMe2c,12261142867387
tz1Tk1MJDZ96bK85RLAqtKfnptZZyXsJ2jaq,11098379770
tz1hes6aF3Px3D8nPQx27fdwBKrXmGs1UYxT,71284058136350
tz1c1BG1PEeuhMFwmonTVSGafehicqbBJFec,2083677712066
tz1THwbFPPPBHmBu4cmLV2SppLFrA5QfBhyF,9771405072497
tz1QSwx2wnmrTjEGrid79c4tpFMxjCT86SAy,20970222529694
tz1RcJYTsoYQ7adtNMANhwd8qf4zApM4i2Yd,51960314185671
tz1cvrgSekgCqgyc1c2qFPSeMtux6AAAfDsk,318022351493
tz1a1ZcbAeBEjxYSwuNKxSu6FbFB4dxdL3m9,287374569554
tz1NZnfrNgCGdECyAhA93TLPTSciJcZBJqDY,1189505937393
tz1UGuKv6PzgVbofb42VgeRwDwsVN47UpuZB,41421796879503
tz1eCzNtidHvVgeRzQ38C81FPcYnxMsCEL6Z,22387096
tz1N3nvFqipu91tfU9s4GXGsopawpwxSoAJh,2016187213527
tz1LFeLTRQZrgKxbmvjz2ckViRhVw9BZXw7t,485984925400085
tz1XuzzMTz1LhqbRPy9uxfRkccSxju3v8Y4j,8022959899813
tz1MoiwNRQWHfA71aypNk8J9CsKjfmq39c2F,87845283075964
tz1hhphPmGxL6HEmEjoVSJBy82FMWbFwzNCD,491038588751
tz1YHLm7Lq27q3rgVXLY424zQMkvncVvNiaK,2697240852846
tz1fKtBhuuZiMYhM3Pi1hcP2sjRbstgDrmqX,789230367710
tz1XEA7cp83PyiXfSxWu3uHjA3EF6Gdh3Vhq,2653175740798
tz1UXMLCt7dqbUiJ2BHRhE1gFkdVkmCZYcM9,864553260291
tz1iKF8o1hCLaTNZcCJpgKQBQxkpcSiBy5V6,34632914668536
tz1c2iwyckUCcicx2qxqtwLEartYFEHg1pvB,15765916433938
tz1PQDUDph7dDCn8pLGXqaR79DiUWLiSZdEf,8287847790581
tz1fUZ5pMP1gUjuJsp5V631cXmA87Kxm3cuZ,126525100121817
tz1NVsmLrZX4jad9bNdvM1EskvcTq2LSZhLx,109284448081591
tz1PKoh9LB2P3pgh5ahaAFnrC2QBmUxcHDJU,7623110053200
tz1cqoo91JCc6sKmNuTVKNzwUdi6E6moHWFb,32387188954961
tz1ZGNErBKdYeEPjZuqKXhyTixQTTPn54bx3,903100151548
tz1QVUXNoyCfKpAyxDpq8kR3rK2AShuzQxJ5,83660285148941
tz1UVTMhbMiSETKCxFi413yZ7imF1xeyt3fV,25014618214306
tz1UAYfFWmaTrQTYMptaGCw6LrXK5Yv84VnQ,133157466346
tz1hLhGe26gqt78sZboxiwne6zgKMqirRieW,942071829230
tz1RYTr2WKdJD1MMV51kN9AoxPnxZJgJ5sqU,1336163061860
tz1R6mtcAQwBTK9YpSqRL9y2a6JZWgDkBm6M,15300761719342
tz1Sv2XMQNxcAqyqyyv42FHjf3EGwJ3Godj1,273036758375
tz1Vh4cX8VutUUUnnjmnY2omSV4F26T5orLH,184487946134
tz1QGCWjNpYmcS6T9qFGYSam25e36WeFUCK4,14823646739685
tz1LApX9pPhcDUDznHR5TTCcSXh3m6zPgFHA,1358667711835
tz1hUY7paB2J5EhD73r4oWL6uZubf1UibHrk,26465191278278
tz1PWZTKd1zhfuxrixGJoHJ6G17SQiypwe5m,12186622
tz1V1Hu7nMcgVuMKDEZickAKHHZavLKTB7Vh,13118396
tz1NKHjwrYfg7GWwbWZ3bvdejkVL34De72Pz,12848672
tz1RaZeHEiKewSd14gZ7HKfcQ3HaNHJ5tnV6,264300492188871
tz1aiLrqvULcV2Kfvzt9dUmqnLQnoNXPPek8,239545560169043
tz1M2h2hPZzov29kf7xcHXrunXb2jFSbfiNd,123219924043064
tz1MToDUySbYhPabULUyDPPsfDQF1cpZPdoH,18542074775643
tz1gMfLSQs6xTM2TcLM6Sb2njJ6h9qhSsT9Z,37127753026082
tz1Mt4ddsTmDs4of6kkWYvMWSUtM8zbGNMq2,11451011
tz1UNTxRbAYTSBSdHMjoUoYAtLH4MHMUiGwg,2552626563295
tz1YUJitqsUrFfFzEp1d2RiqVwV61J8aPb4E,14074691
tz1TqqKqc4t2Y6PTvxeuhF8kNjVn8HpZkKma,17826874946114
tz2VoUZvPNLyq9bZ82VoDLrhkH8n6eaUoS6E,3363716520353
tz1ZvbLR47deoqaSgsaRXe7hbgDgwonBicnV,362835200498015
tz1L8m6MGdvK2WA65wQ7DeVwXVmCS72JKWeN,3430317762626560
tz1iCJRFVD1oY7yQBap6X59XktpKHJtgCGyS,834739337110
tz1bnWUvcfU77EBpbLUQ41c3hCBKovGuqyGY,56114524651934
tz1STAzkywd9GnKGvJBPL4xWte3LCniyu5ho,16171525766173
tz1g6cLrzLxNayiVyb7BLsKK6TfwboqWaYPx,6217056435388
tz2Q6ugZbronUHSk8fbuHibBrBEJwrzgtL8X,4928594908985
tz2Kn9u9cxvTczP6CjirJnEE1UApmoCzuGPB,13603313591061
tz1aHfKHR887WzmpA56K2diKDufR3QJqn9iK,905660972589423
tz1bdbHUpDrUx7m5g4VTSkjnc3mxnquzRTcw,1049782903128
tz1NoV2nnTuxavEAuozNyHm4nqT3qtkYUNYW,13216478
tz1TQJjDtzUWWAa5a9H61iyPZmuKRfX9hXi8,2616395797238
tz1ewd8gDnG3USrTRJVdbpsyieVv9fWDMPNk,44342476868182
tz1PwxV2kaHhubkYaRWTnGBvsxXswz7V9GWc,89164298231
tz1Tpms3fccT8x1pVY9BQKgnvppew71pTDDd,2452500999670
tz1bNLPqmLVxWF6puxbFZHU1yCJLiCZmHH2E,734034120627
tz1ajJzH5YBGRuXnU7QDJzY2qVRGcysUbxJE,2452050585029
tz1YT4u9DnGFiRM8AXXACY8LWuV1rW3A2hFb,129763098830
tz1QppHuA9TUoFN5Ek2ZSmRPdU1xQiwRSnPb,1365368021701
tz1fne8nhZuSRgzaQPyaomKQcFRfthyicBQc,2452037785397
tz1PGFWJqZhk5BabfqxfYixpVH9S8vY7NKj8,15668515
tz1Uva3ynPUXqpAsWJ3CxcXVPG7HEXB19rzU,25056385890470
tz1cGZNvVyHrKgbRu4b23Nw896JD6GYhZKQm,25015105360458
tz1i9THBDe13YzhSmcdpcWKJrL4raaJ1cpN3,24973926835176
tz1apbBneTw4Ap2kdmv7gfTv4kDPYbR5HAkn,21159637468774
tz1MJ4C21XhL6B3YptprRWMuL8oeJquUhz4u,16522681973242
tz1SMoz8tsJzeQPtGhPEjPnanQMvFc5KitVh,1367902961870
tz1XuNQgqT23u9KcwmRLGGQ6w2n6dCE4bmoV,2039072354964
tz1WrZ2Th2eCuq5NuZb8nHXPJUjaBE25Uwgv,16281524
tz1idC7XEoSZ45sXLwp1ujYJ3yNFi2tkLT7A,8586767162421
tz1d4649CmmMEzXBWzhTgTkFxy9ATNhb5HC3,276306688428
tz2CrWArLr8eRCj6mp6yYQAKshR9MuyaK3Qu,27827684777233
tz1WqkwtGV3ttnchD3bqmucZwByduHq8EN8f,1674378039920
tz1dVTewmwhAqfBcAgDuDuF2sPUaafuPA8mr,26047816141681
tz1ScePe2eXYo1RBdEe12hNY8KrvHyjFhHw6,221282498949
tz1XNmNga2NyqFiNpmEN66fpySDoGWoKpKXB,600514741790
tz1dXpsNAWLHVYNWSqhrHCHT6wh6L1fKZfo1,16943574
tz1N2AezxpvrXzvGaqNVW9BqXxJ6Rcup9M4p,920746743795
tz1iFKBz9HbJDp6omQGG9LC9bTXF4zKdkJfR,1249802104920
tz1fFCF6FogyPLLjSk3FNTG7gVdDWfPCWVni,13878528
tz1WUmNdnrv1w75V7ntFSt5kSuyQfYuo2hqK,15815637
tz1LYQiMSoy34xAUD2NnsJLCTmb8HYYR9th9,1259837997316
tz1VYa9SB4LtsHLWZnJXc1JuL7wuX46orE2Z,43237375588527
tz1cAxm3wHEUX9tY87sSfdVfHgCWcPCTkNTA,17818072894117
tz1YrFGJ542U6jpYHpe7BFHxNfa2mb1wpAdH,285466972001
tz1SPVSDCDpbqigKWVYnbgHEudxSM3BASPZj,220227131709208
tz1f7C7HeTczoCxoo8oQ3vBDRQTiNM3tFTZu,10772423319723
tz1P8pHeW6qWzBkgeDvi3bc8depN63r5tt5s,8354777904316
tz1iZnkruZaYGv3dfER3wEasjJj5xpaTtMjN,36780552706274
tz1Y1svqGfYwEN9J3ne2WLEuzUVnwzP5qoYW,3803052244
tz1YmwJZfEerVMbc8uuJc7xUzE64ma3Xfu7L,2484758524649
tz1aQbe92zZy6MNeRFtgmgV5dV5R4BNTdqK1,2359536544393
tz1THz87Wwo5DL34CELa6psvuH8RXShPmSbc,637540774999
tz1cgAHrLkuj5NrLmQ6LnELKFKu3i13CokzB,11500052
tz1eQ9skdokeeUyTc4SdNQMPigjZ8JY4kzus,31731708605587
tz1S35xPc2sh4kK5hd7KujsWU1G3SUdCnFqp,413830345655851
tz1dYEEirVkgSnE7eGK9vFUwxWBqibkafs8W,7372751578369
tz1VLGH7SJ4HA6kDXRiHYqVFkn2btjnoxqib,238379583728353
tz1XYkmAHtkZFjZLdWNoL2BTqUws4oD4H1PR,110085287755921
tz1dCyFm9jxuhxJEi8UW5sgiS7TFubaNT1J7,139024111524
tz1XbmhVLdDgsihnVoyn6aTRMURJ87YEbG9B,13486762017896
tz1Sk1mwyBQkcyrwWZkftmR3Mjv77BEGUw65,2813816346741
tz1QHXGKA8NaCmpZLrvrUyBpYhgEiQDyWY1r,1855401678813
tz1NS4ZXnzYBPJpspW2svbqdjGsgBsGZchzV,98186665530
tz1LUdy3KnxyyARheKtfcnRymhUq82SKLvyx,56753453588
tz1LxFeaR3ZNkMRstvhjNeVbpv9vz2LttLBz,11426491
tz1YRG68NdqtAcsFEwTUw6FsSsiBb5kagEDo,1232861999366
tz1NiraRNtWgpXyyxopRTk2a7Py9oKFdrgkB,6168802419204311
tz1VnXCALwSCihScu984A3dbY6XXLzDqJWa1,13418612982508873
tz1ZDDHc1YycDdwQezjVDVCSfSB6A1xH3YxG,11230328
tz2R1iMz3wHEx6Z8dpdPVgb9eTDVh5NdeqNz,13862061047769
tz1hR6q1QMUC4wLD3izGsfeZ3HuyfJH5QajX,516405923536
tz1akJUKXFmNjxKaCqcEHmwbx4u86xfHLYJc,750900057154259
tz1V2FYediKBAEaTpXXJBSjuQpjkyCzrTSiE,1964301254097
tz1Z1xRcvcqPPqja34fWNd1StABUV38LnbpW,257485985719
tz1egZ7YNcG81udp3pGXPBsYQsUNHB7xAH7V,4836556371156
tz1TSowSJAKRqQbqjspmyfN33nps1op2GodY,24640599686
tz1VV5912Qp7qqZaQ28MC2G3RQ89UhEdueqt,1202426924894981
tz1codeYURj5z49HKX9zmLHms2vJN2qDjrtt,760034860028720
tz1WXSxKwhw9EectY8mAdUFXDBHFnPZE3HSG,107357595017712
tz1aDrsGYyNbiqUX6eTHLe5otZJwN5XQh2kG,1642825985041279
tz1gu5jCJunSaHjR52rcu3n7SgDCJZDLTqJM,5381193106311
tz1SDmZnnzpH5GAfHoeXygPWwzJtHXADpohn,1640219627645
tz2KgCQ3sTz3n3jrU21DveCfTVFgrMnzeA7x,2371417666535172
tz1XT3SAzJh47s5DxMJud63MWnvDftqWFtS3,127427794314711
tz1bQxeuFnf9PTDRUwu94sU1GUvU425KqCeq,71870522842
tz1Rb2U9TbEkYVQM412wBzBbMbnqX2r4CTXs,64853406516
tz1gaTbRLDWJFA8bzcvDtkz8HxN6V1eL6gwL,1026431532974
tz1U9RY2mXmwAaSSm67rEy49N5YE1Rs7K223,1072235516003
tz1ZzEEVRzw78fhsLMM7JvV9CxZUaWGB98U8,3490375022482
tz1RSRuULmTkaXTjrhbFuNkE4mkJLRGPWJmy,15006465
tz1hHz9wjLaZ3p9sDo9SkqT1t5wxNsK7688s,4038643059146
tz2BzwVtwa2mTbspW1qqdiA2UtctbGntxAGi,406659932099170
tz1QjLLgQidRchfWMvHa23uhfgdzNKSevELK,309850846429077
tz1WW1xr4mdTif7jorgVr7aqY3YnnJPSDXj7,2916149831989
tz1coEYWsh5bwhhCsK2Dc1SXTNQs1hWs1QtL,4220796659035
tz1YKkEwEXk5g5MeDzNTgfDwKd589rGJS9q7,1494670824795
tz1PSiE9EmFbQFb7K1cBxPTsbPdgotHLdy9e,4576511600127
tz1hWxyYMfK3h3y7WvL1ErggtgneuNynC1JA,3982993759113
tz1agphvYoUaWn5BjTVHnqTTyYwURTGAZyBE,29315128357
tz1UVjnYXp5DZaCX3JZvxQQqxKnXaVMYAYZD,17715873319517
tz1N4Q2BLS4sYvKCoM5XxFAEL1yoEY8TSS7j,1492265397887114
tz1XH15XMCB22rJJxHLsZgVhXA6t7kJnmFa1,7898567650323
tz1NEmMNjFtXgixkdCkkGsEn7k6QPeG1G1Qn,44055282519556
tz1gVmWVnkT2yQr9gmed4BgK22SrSPjfpkEn,40961840113123
tz1huGodLQWq9gKTZJ7D2Z9GeymHBJNnXvtd,2935750105
tz1RVq5ohXzWvbqHzUgsmUNWHqin9HRkrWPz,33637786966
tz1aGLjZZLDwYYSevU3HLbEXenAxwRo6f6EM,9537728245
tz1VLnru4Qd3CFuj33ss2v1feACiaLaAQdvA,23098186
tz1cj6FQs2Zjuwwf1uY7e7fLQfzi3YAbNj46,12260284433822
tz1XksiJMYSGBzqZqbj4F1dbHBH85i9jR3Zi,21256712894777
tz1U6R3G9mF8n9qH5mhrMZjgJTMKAEYb9Uw7,412653490249552
tz1TtLSSFGrP1796nyd1ZhGH3o1AVitoukLj,594123446824
tz1QoX2rtnpKq3MxJ21E9NcEKxqPL4dKsEcn,101841828147132
tz1iXbbzm9Wogk7D2W2qNwYzePbQVmYP6BXN,1836753526025
tz1aQGJFwYn3yzghyRbuWNapzDZjXCEfYHuW,261691702798
tz1YDowtv9HFd9eUoMZMNjicREmagF38XWyJ,27095006
tz1MtaUicPHBwrvkwnNwikGFfFWdaPxYAvJc,2383710259575
tz1enSmESCGkRYo2CtDYKhqUHFTAQkpXjYjg,2420216428725
tz1Wn4Wc6d6jieFpj2DJaNEC7HXcwKexW2By,31876480985176
tz1c2MCGJM3pFb88Spt1cWgxGtXAX38Ur3CS,19553574277646
tz1ZFS66zDerPgLPnYYEo8YXveudhGbzjESJ,4763011264797
tz1ZrtiLUXfjKsYskvr7fmZk9N277YQcv8Ws,11818738897708
tz1NqZnVNkS4N4XQqZaTigDQpSs8nc8RoMFW,4829006096217
tz1WEjGgTyPyhUapqCRvwBnHhLCNV38Jr1GU,2608744177395
tz1f2NgqK2bX3LaPgeTrEWgFFqRJgPNzFAYv,4042681024315
tz1WGMbfVnzVSTD8oNgZA8feaYvNvBYzSVmD,2920654606322
tz1MrpnRbw6HqHvKyBE3811uHgJYuvVj2hwN,2474972298640
tz1TkqGsSx3gB17SLAcMAnDgfs53kYeFez9Z,5135143437195
tz1KssAq8Lofcu9MwuXqpvXh75ufZSCsLQun,4171540266306
tz1fhd4k1jSJRRcNVbkMwVzkKEhX3kzApsfk,7097120043685
tz1TRrpXyABLU7RfM1fR5AbFM4g3F71KpKVS,907823035119
tz1NkGJR1x59KMwfLr2a8bAqDYSm4WeDjeui,3172270248109
tz1b4Y6E5szNCHKZadDnAvdUyBfr7eQoEM3Z,11724560404205
tz1Y8v9LUURRffBVoJNysYTMzb2NranuM3fd,1801393400298
tz2ULsEpiuozejYYvEcwYq76vDHUEVcyYyE6,291950544790
tz1PQkArZXKyQjY8gmX9yAF8NEtEtbuekeqP,1690925782110111
tz1bv7bDGmKDPNjX3FBJ5nPG3LWnT7yB1Wto,58285855691459
tz1LrMXpAmdVrP5daG1dyQnTia36EtXQGhzC,1112423947390
tz1fkdpxhfX9pyAirzTZ5cKUKn7QRoPH635X,5768244553
tz1bRxQfpDiUrzfEyjn4Hah34a7HNmoC8qyN,344366685701202
tz1YrmdFnmRS5McKQyFsXRrTSS849k9CPdXL,1576956720504
tz1TyTnxshr1r3xEQDsiX3sX96wvfwm41tWS,78442460952
tz1VFdHcm1vd6qTka7VHV5VmZPebpe4cJXsm,900477079650
tz1UJd94Mz9pyLzfC8SAZvTdDHUs5qkFvucK,21968264628596
tz1i3d4DrdmVrQRVALsNrxw9J2UsXR4a819E,331821923793
tz1ajbUoguHiipVftY865tu8r1aRYEVWMKZz,87696666948
tz1f94uZ7SF2fLKnMjFzGQTbznd8qpAZ12is,9091427414780
tz1bmKAXCTFwox8xP1uSsTYiSSBt4dhtjx3e,17257935055207
tz1b6XZn2k2tpS7uh3aHCMZ7J5xTR72ziJZv,15015537930417
tz1gqAonCuKe1Vg9zNwFhP44fdPpHypGfZh1,4429304810146
tz1fCCyqjcmwNw5Vv1b7yVXPvJzL42KqxWxd,5021262170
tz1Yhe4w3qt2wiRz1LJv6QWsdHavkuLZtA3Q,34253473741863
tz1eQpFrU6eQjmy2dcJiTeG18SK75yMPucec,3972765376
tz1biyDVy4Zq4vZyc91eJAKi7wYbNFPJTzHD,1147699324967
tz1cd8cN3qrphyJ3n337tcbCP2G5QkMP271b,68125656878629
tz1MT9A2Fhs6PwsUXtYgVUxGNxHeuHX93sr8,937232257015
tz1igNamUNibU68i3pwGcdKLNr1Guf5oJ6nu,79236006633680
tz1Yu1qh4mk9ejf2MLxRNnRwdHoidXqoSqqm,267632762259492
tz1Yoe8QLauwLiYB6bpDo6tXNtfidrrcUyCx,845829840489
tz1Y1kdVWiz11sFffcydfFtP6Zam6N2h3iSF,14732137323
tz1ZPzoCDzn9kZD9kf9ZWg7bybBJdKnw9PMz,4239862512120
tz1Z4HEApoZ8Yum7RTc94Nqt2eepRcHFSqcQ,17605072451178
tz1aWwVu9MLbY2MiqL8H7WuzJ2g39m67oJQS,1959034229507
tz1MAE9qgpWLsc2p6NdKZbnCcpzKt2QkQSzB,16557856794995
tz1bYyUrzvViYFF1LbXxWeFiorMBXUtEusSj,15316570267
tz1chAZukD7QacpWDUJ33dGqeWFvknj5Xpj9,35764089068401
tz1dDmngL167C8BFXJwX569z8KPoBS4Hrmua,1621514332
tz1TwG24jP7Sow6uq8554A6AUSxwtMQk9sp8,3030601853573
tz1Ziaxoio55wxE9UWpXnaMgRtSN3VBhgGTX,68074312579
tz1bp3oUKqHcF3BZZQcDNYqsk1nw91Nkr4fr,667764625931
tz1RYVLebe4eDwGTJSMppc83yugoYXN8G53H,667764625931
tz1QKxiyYVjjff51jz4RR36SxHsM6PiiExAn,667764625931
tz1MdzpED8Jx333i4MMnhisRxK4RZdN49AZy,667764625931
tz1bZHuPEvBTssxpk6TTErngCiqpedPz85Ku,667764625931
tz1PZ36aiHW5x5HmhNc7gvDNdu8m7NAuZbiG,667764625931
tz1WUqA3SszNphCmLgiDu5jSNKoGqAuHA77B,667764625931
tz1NXp5GJfJ6UZoiv5BYykyxkag123G6SQs3,667764625931
tz1SKjT7gZtxGYZzvwMJPczpnbrgy9S2CGq9,667764625931
tz1SXKgF1AcPkTDCHm1TaBSx1kkhEEiAv2ZV,667764625931
tz1hf9kC9q6s36AFnz5VdGPWfw3U3yjM5fd3,667764625931
tz1ZyPDo7hJ1xyUWg25q7rpZ6kZ7WjLNXPcq,667764625931
tz1L1CRSuow6DbyfL4T1iCrZcbvULU4Ndxbk,667764625931
tz1PHJKsafAGux2BN5RbnA9VVnJTLwHyEGKm,667764625931
tz1iuXgS8GQHX3UrFTeQeDJNRQwTqk5Ky71W,667764625931
tz1ZiutCQgTEedcG6bB4HyxHksneK2BGyRcX,667764625931
tz1SevLttnimTvtKcwteXobXLXeotdFivrCE,667764625931
tz1b7f2dYCGV3Mn9Kqd1rbCmjPLXaEwyHwQT,667764625931
tz1dpQJYQkWUcBTqx3sW8AEFsJeNUcAa7mVd,667764625931
tz1Xq2xFYJ6yewPo4G3AyYexq8YbDPFrMnJP,667764625931
tz1VfGyV1Dfava6M8oBYqmDRJR8UL2FfYoVi,667764625931
tz1fekve2hE2s2cRwLVMS82tXn4GPcugfCdY,667764625931
tz1Va9fLvE3yNPupePTdMPX7zF449Q8fjeRc,667764625931
tz1Wbc68JZxRJeaYQ7BV1WvnytzJfJ3LYFdY,667764625931
tz1aKbkT7her6XEBY5a5cyzG9sSRQXNdDfeB,667764625931
tz1LUSKkdCc4h33utT48d3dqqqWuNTHSy8Wc,667764625931
tz1abXSECVwRTMajFVmUzWXABPaGkTy35NKW,667764625931
tz1S6SSigi75RbYC2sR4xzTTyxZACqhpcxoZ,667764625931
tz1fgX3sRSUFc3NYTqj81Z7s97auxMoDdaHc,667764625931
tz1StsoAaqgEcbx65F1sWQs4F9KzXyycufcA,595017285567
tz1ZYCUaf3AHvBhVChWL2RDQ9vww4VtQqBQX,592209715628
tz1a3zH4CyejVgJ8bJL88F2bkb9DKTsVALu5,593634203507
tz1RPJZCCaXzywaZbUQ1AShwDGW2eqqopqio,112529139854657
tz1TjQAiE96rYCGCGrbWCzmwhuKgt556AgUx,833214158245
tz1S4nxXjJiSsn5h8DcUXBJhBL6MnPoyuTdC,436784850307
tz1QwQdgo79b1b3Uhcbviz66JeNq5NSkLMMU,419851023462
tz1PmrFyfaJsaoNswcXgc6xRHsimmSVmpZwQ,437322594201
tz1hkfSmFhSUdaGv6WNbtnMyfBcifEc4ZqiC,410277035396
tz1Y97DD3qM7xfwcg1N5vNP1RFPPmYFrT76k,431008258464
tz1QZZJyziNF4YKouMcpV7fNvZAbsxbqW9En,425509020861
tz1h3iUBUDeP3uyFTQ3hkhHQyTdc3AQxugdc,433627480566
tz1LK7fLAhbDFMkz3PEmmtPPdMThLCFdf2Ew,435436608581
tz1WWRakDQcrPLDSdoMSKfxA2quuejwrcdMC,435970774889
tz1MhPuAFdwmU7ZCFxBPAuHHdyZ87yxDmUFW,437582081961
tz1NHrBGrp8bExPpFyq7mE8PivPK38TRHV3v,392368512037
tz1dkSFiGuksdcLuFvwinHxDTxGcaZuMBhZo,434041334842
tz1aGPrBTV7uHxetHTDrDXehi8axBZjoJ94K,406093736304
tz1QX6fBCPCQdrLXeTQJy8yNpoxfXcPGrPaE,424080784587
tz1NdwCrV7Tacpaxu3HXpePoWaYYxndWZb5W,396522094095
tz1aBA3X3suZiyhPLADGU1vt9EazWNN9mpWs,434898969519
tz1S4exgAjybUiCXdYy93FFq6UiVfrxk4i69,437856213937
tz2M8wUVctsHkQq6zEugKTgieYbdzEuuhpkc,2769184294194
tz1djbv9JAQkbn8uQqXJEmM4ymxHSqmdzGy4,33577974311590
tz1LXcSjjWHCuKHaJPAvPb18goJhMoaLgkaE,15573649388
tz2Q7GcWsdAV2krjJDmEz4CNfcDfnoREZDeT,720810538023
tz1h2AzE3kDAPJYZeJ7rqfojDHwZECie5kyh,40850374458972
tz1SJsRzVgciEYuGiRAxJ9S5NFFuFnomUgco,2826117
tz1Rpm6NShycycR78Gd9iEtHVPcaUsfcTqcy,492471961184
tz1MBkViJxtsnZ8DSDxJFCR16azpks1uGgoR,67904712911
tz1PPvPurgxkRirjhsih7t5aPveMs1ENt74t,48898772793
tz1UChaj24fHGPfNn1aqABNBb5WWGZ7RfMuF,647697580304
tz1f5oxQvEXA9m18aiVGDaVs5At4oZdrR6Kt,10335696652
tz1e9jhSiUVy9vD7qwnotAVgxy1rpjqGJjcU,194986051125
tz1KwuJDP5WDyWWe8REH6RHTUJ1sfkJrGBL4,193084013856
tz1cZDhWdASeB2Nk93eT4mCAdw4VvnMEw9Sa,141612950233
tz1Li4CydFSpubMEDpKiNZ7NoWiMSgJJcqeA,145806565876
tz1P4owaJWbeXsuqGSvggi3imzR2mJDpyxTV,3577187553221
tz1PVV8i3pkUJC7FSNVQp5fatez52M9QLeAb,5185331788021
tz1TXXmPc2fsvzzRwdQmT3W9iEfWygty4X2Z,5697510557737
tz1ZZvnqtcmgdf4YKFTnVi9Cg1XEiueLCmBr,58322626350
tz1W4jZBoLM2AGZq2ptopYBu353rRvuSh2dK,11613245293387
tz1XpqxdnX8JwzcLtSSKkiemic12U4NkCbkG,4146344998033
tz1Q9Yyna7X9nxjHe4dbyj8Qk1ZuznCTch3a,103603032713
tz1Qg41X8F1dZPVZmc1n32fxRAk1WEgg3qUo,5180151548
tz1MN2zesLxjCfB3K8LUBf6rvnXLk8Z11hm6,123297393907
tz2SFxhkao5Kh35pbg3mQxbTvKbEbXPEhGds,830199586775
tz1bMLmaYWNNJBYUgPGsCV2C3B4CixzmnDk4,2041291923378
tz1dHJmULw6DQSKAWYWpDXoqeecE4tG216yP,609769728734
tz1TiKTQkyc8KupyxY5QmPA7uf9xmhQzXAkq,668783539495158
tz1XUaLk6Y1T6PbJzfrmfvem29cDNp2dnSDM,284908339923
tz1cLB1J9PtkoJCnH3ovrn53ZWddfMbF2PL5,1554045490862
tz1MhV6pu2sFcSKZvevrCtNRcb4yszVdVn5b,3124767033
tz1bi7iZyxPCGjMUQMiouiHRxQwveQjuTu8b,3289260885652
tz2PBAJo8zSWvHXh7Z2VineRxPP3tn27JPQf,518015163568
tz1duafqHy827Aw6bbFNVqUbpxphm8MSecwU,4346110856261
tz1VokTq5w2ngWQtfwzF6pyB24Ro6C692Wez,2849083400020
tz1XkMZQCCAC1d2YCbHzSySvaiGU7fv24gx3,59443698989707
tz1VEbcByoqdaTKar1XRpada24pn8D5xRrkw,35595063109
tz1N6Rvgx7tFsXkNWjHNdwhDLLg4oSoFeMAU,4154483176407
tz1hZ3dazpeour6uTQCA26yzohhuYgesjzDT,776582423151
tz1XrThJDztPJoJEKbYXqaDxFzwp1Adbo1F8,11947421831
tz1YtUbTURpWeX1CzHFamxS7fGdaKwKKgMzq,1078753404341
tz1NFiJUDasUpobcXVdtKyBj5eDcdmjnAPqt,486163013
tz1SqQoCZfqRem7eo2HtKHSL6zbdoevxc1S7,9338979349
tz1YcRfmH4JsdvLzzijq1mh4FXjoHmh2ANEQ,5180151548
tz1ht6fhcHXknEg7jE9nFVU2gXUD15cUifUs,8278692560642
tz1LxkEN5DUeU4usSqobNqYmvWa5VN1NC2B4,5973710915
tz1d4cbP98Sbni6mxUmvAN9vufMZskSv3F4K,625579269499
tz1Q4mLBtkz5CbKcpLBB6shR8QUzcMpphNrX,963790898461
tz1TreKYWjXdKDaKCga4b8zobDq2pdHdGZuA,4522066936907
tz1fwd9Ub1AwXaRNLUfdDCtQfWyeq8YcJvCV,3630566520723
tz1Qor64hy8s7jH8ZQkMoaYLiS6NVmkeSBbY,6502694930911
tz1TnjxYt7dKGzDoFj3j3sGudp4buKFEg7xF,2062091358487
tz1ZgEA1VMzNomprfSrZB1aM5CBqi1nnCqHF,765187640525
tz1Mc61yajNASzh5KWZFtYs4i7EJbzAxQC4K,947481074110258
tz1PqercEyjV2AgKpNXgxeWnxgbYu31fw6CC,1425254705262
tz1PzXjyPchzGUGH9yXLTgvyhhakFnyYDYge,24308151292
tz1XrwX7i9Nzh8e6UmG3VnFkAeoyWdTqDf3U,696295748027
tz1QFsmp3jUZXxwmwTAL6fYheo79RreoZXPV,8549849624402
tz1PsF3NELGCZnighkMmr4mLkCzbkoVPdGSS,658730484331
tz1SEEQNGjxP3SC8biDWMMHwgpYk1aeiQDyJ,45056699923586
tz1U3YJZ1pFfkaUWZVWv7FvNyiUi5vKYG696,583226263822
tz1XmqF5gnTjgE6Cxu5CzaT5H7vXiFfihe95,51801516277
tz1USBJ4HRxuvrVUqaxALcdXaRs8AC1PdYjM,2022988939283
tz1ctD8vJYVazKJbCKa7LUVb7n1cEmfRQpe3,243081513396
tz1Zvu2PkSnZAJr3seWbEdt6W6KYWUgaanVh,88787421553
tz1ehz91i7CxXaMnUjFDWBhr5uVvr3bVkBxD,19636629413569
tz1cmp13ABTtQ8dhVazH5yWtx2hGZc42ywaV,20818408608612
tz1LfKbYRG3fWd5ccbmsq9ykYJQekZEouB3y,5851183267113
tz1P1NgMTMvhHi1amqUZrQHS9DZSizEW3p8w,145806565876
tz1ZD5nQNtzgTzZxHgxgFuGo9CNBuGJHVRXu,4802165009873
tz1QDp8TCD9dJgWoszxo77K6QukSTubjqd2C,197868351904
tz1TxrHpaBDeAG95HkTxx6D3d5RVwb91fRJY,93152719449
tz1U3ozNjAw2sguL8Pn36V7tX38aSYziM9Fs,796812000638
tz1amoqk71y4tqnZxRWGcttpK47XJnPx51jB,106964843163235
tz1ZfxjoBeGkRG7zLgyH6gnYVNAL9KQwRnCB,291613131911
tz1Zya25zMcv5a5UbYyLYVuES7SA5eWcis5b,13910966024885
tz1YHWL72KHVVRGxPfEA2r1jtLtuCmjM4hgW,20980213249551
tz2MBb5FxZXzhBuAPmY9z4zYTF8NeWPEkiV4,84563217487
tz1dsvBGt2bDoMMxagnpHf45ehgNtQ6ctg3z,22353972844276
tz1Us632Z8mVMLZqCs1FXuwyBEBe6o4KjHzG,874249929101
tz1SWd4hwQtHrzisTLp6vydczMypKPnxBFTw,1483038239457
tz1day3KgAK3ZEP3hN1PaZiAPpbnGD3Lb8Kv,30873488896657
tz1LCPRSFPJ2kaqvj14SWo2VnxPMTeCVVrFn,7777272556
tz1L8VQ3oi6fCbddWYxCoL1ckjFK7wBHdT48,143964893495
tz1Mf4iUxRSb1NhhqdB2oNbo9rRekha11MDH,24996274157
tz1dham37JdHm31Lf63N3aBqxJJyhcnGA9GQ,475425016937
tz1NATazbFfnypvM7q32nnFP6m7aDXrtCm1g,181640213
