Address,Amount
tz1NRbpmTuPEFCCYCqCr7i3hkMRDRhBFgmxz,46629721651177711
tz1SBxNvpDFC4bjW23CtQfVLqN5cBATVf68B,183187605788794392
tz1Rgo7URug42QnhBM6eLy4MWdfwn4RovHy6,31230675867442198635
tz1V3fPD3AKPNwZf42PKGzFaWU3vZ83Gjvfq,6557918067489363
tz1YTQ3Lys25j8FhZQY61eoYErYUteSao3ez,98503425295821143
tz1R3bKH1seset2h49p4vrZJCEL8voJgSK2G,1825379321393375
tz1bdRJkGkNQ7homh4PTnkVM7xzVWhuC4EMm,5062433024416270972
tz1Z2Ne4ZHxNPuCJeCcoykHVXTqhVdLMD9gV,9366260084054128982
tz1Qji1NnEPj4Cxa9s2WEoWi9U9KM6a9gdDL,1587873499098937071
tz1cmanHzitf3UgWgECzLpGUKpzEfmGZaFsw,789039895218612911
tz1RartAmPJhFsL9oAhZndSL2G7KCsaQqqkf,40598884091067586375
tz1YrfZhjFnhgERznXtYee6c29n3PBeam8A9,92835115922197
tz1MyqKoe43P4Z8MfHoXVBTrohgcbehp2zLL,2565522416149264679
tz1SRcMg9GRXi7paNeAc3ARn23mS3Z5dXa6S,90383374406405967
tz1YjtCLzjw3bqPxJh6MqdVBFrM2zrsA9kyg,45921544509591794
tz1hD7VdzRpWG3nmYpCyW2gNc8mQNs3TCgxu,452565597933560352
tz1f38MX7YT2Q7MAq3mDdj75GTN7vgqV2TfH,5577707623323554
tz1aBDeNFooBEmBXnWDVgLknNMUHMYhHVcRA,7416743579470143345
tz1hD5k7QW9ChHCgb2YLthKFirKDYQiNPDJz,258625995614546819
tz1cjTb6ijvnPrJBfaTEFphxDovW9xQbkmDK,101603172424314
tz1ZL7ekzieKxwngCCyjsCN5qhu1ohwJQEBy,605220782848300842
tz1enbGpES1NDr2kTaocDhxvMqtpMy4ruhW6,241210754255093466
tz1ehGMhxarDhwppx14PX1Y3eqbZ5W9Bc2Y1,59976086178278239
tz1ed4brTwpFg8hFUJSJ4HqnsC7sEjVesMtb,1685945275776907827
tz1QJE62jTxHis7kZkbDT2zsYZyauNDNzWg7,750125530970395511
tz1gWt7kUnJtGXoT5BYzHVa89qGp6QVvQmyp,1208952619711592189
tz1epR6pJmPaJ8vvzNi6V1T51ccocX1Y4VBb,30678227621842945
tz1W19DveaP3mW4WvFtdVdqGsWwBL5q1QDSK,553860788831083867
tz1esdEqZC5Nz3HDFseHvpH6SmQJPocxLzA2,308910314211852151
tz1ULQQ3S4kFLhhpPsegiMVFmXx2G6ewmbTA,1733273191769741850
tz2Lqs8WFf2HDG1RoxG3EAtuHjDS27XQANWT,98963477879075
tz1LRrXCmELevk5znmVcYD63TChSpYh3vaE6,27113643816817155
tz1S8GvdiWQghwPMMzbNvRh66rcfmhEA6vj2,6451748386174440125
tz1N9qzry2ko1gwTK6HKWamZZK6FGx3Vr89U,66742032650621841
tz1M5swezYMnDaim71PSeb2cPFk49ajrvDV6,170574453445506830
tz1QQ4HyGbCZDmQxeVHoLP99KLyfvGvyX21i,8184940112539302079
tz1WKygtstVY96oyc6Rmk945dMf33LeihgWT,2203225463772972393
tz1Rux3pGrp2KpZUBKvg3VQ4edRYVJsapr4z,4673298322736375039
tz1LWMmDzH79xyu6JvELrnvWLBBVjZg7TnfN,4457272550300923222
tz1esBaTjr9qFQ7FhrDQF7N7bTpNSVTkGbMU,203645590463396221
tz1RfSFe1dxP7wh1zSffEnskgqvVVWKNKZG1,14806409732611375
tz1czGMShkB8ZtCHKHeCPTY3CpuiCrjsGJBy,157053309272
tz1UQ6cQZef4MuskJjV9g8pXNZa5s8ff1oQy,537483526951006753
tz1dTmMLY7tan1HKfW5e3KxJcfZput6UuTH6,24177823567100095
tz1daKxrqyoFUCcuQj36BeMN9C1Ytmjg5p6n,481185164607781450
tz1YZ4VZCRPoiDyGP3U69jCq2S8duDUcRjHP,61993008824294484
tz2LYELYe16viwVBaRjZc8GsauKRsxTGPvB1,129700982962799133
tz1gN5Ch4VeDZjiM6R1KPMBxPWFxL3HHKZyT,14748143433423019
tz2WYko4XXaV4B5mzjguTeRkkgw8LyB2jA2d,201200523051047694
tz1NkFRjmkqqcGkAhqe78fdgemDNKXvL7Bod,640835886311057833
tz1QkQLtDkqpw8VSymi13A86jh5iaCeMriMJ,4942217753157272887
tz1h6J2pn9X3KMghNHZikrh3PtEpgCcRAjHZ,1971053360760523
tz1VCyNit49HjTmz8SEgeL67x4BLuoTaeYMy,6414748928560046244
tz1gACjUSBkWjqWv5ZBMRk6G9Sp8xNAYgwYV,896125014596404419
tz1ieVZFcRity1eybQtgUyGg8NLEYWNqKtQe,153699078849067548
tz1T5GmdYXDWwbhBrU7RubT7Z2dmz3ZmKwCE,2977629269549543397
tz1gmajxhmKt22CbcsSA7WWXSATgbuVEmzTC,15554149803700414
tz1cfzEz3R8YKMqC2rbKnr2XtpNjZxH6RGdy,90085750668417373
tz1hR9eQYNNTZ4VGUeipK4PHtyyDEDmQ9dSf,1966443781368321378
tz1RxeY78zE8hNJbqPypB1mTVyTsBRmPuqry,261262207251429323
tz1SBF19iLiCc8dNpKe1Ym9juSAKaTPyeypF,1406707240952721
tz1X6ADVxP37XjYppBHMLVRJQwmxA2YxztbQ,25604154287528842
tz1T1u1CET7ek19f5P59vCdjTNFWAscYQ5ct,1951545284156162323
tz1V9qHfFxixcXJKWuEziUqvdrQ7BWpPnWTa,1314079201272141411
tz1Lqnwap8kKynTpefqqSH158i667Wdg8HVA,386091642072841369
tz1Kp19QyYUnXuE6cxuXxsfQZbyqv5JtKPku,6100228249448714
tz1cnojsw9qgMbdpgPeCcWPf5GX4YPvd4HAh,6564192179353976030
tz1fbJACCskangcgy9xjDSiEYgh7CUmSo9oc,16582706375517934
tz1dKaw4xdNjfufDSLWRxumNBwe2VX4mxXyW,4297481293586127892
tz1RJf644pa7QAZqKzrPQGiYQPyubXarC4cv,220684233640940
tz1iCiA1vKmgfZbY533ZgMwFKZ14S1DQNooQ,68487481387338646
tz1hNGWJUFPFV7AWLXvxGzJVEfCZ8KJ77PJA,188918150419396863
tz1NPu5aFQ12P3KGhBGgt7G79SAgVj2Skkn1,573664944618560370
tz1Qm3DHkV7V6peZPyWe4rv6aToH3nRmWEH7,78665003656680199
tz1KsiwkQ9pyrt4Ra7QrAQp5LQJCGxHQrY1n,372797515316686782
tz1eKTUc8X17nVmtVRtxBcs3hwUPXWuqP2AS,3476397062952749594
tz1hXx6tvTV3kzxpBR6E4hDYcxdgcRGHUTFj,6030427568
tz1fkZtnjNfQHtEyUpyX9Tqq4RrLKx35qBxf,335189883990585648
tz1chg2T1s4DTjLqthPc49HDcqkFHMwdSPwb,1055525776609526065
tz1Uzm53vPr2Giyi32yT9GUvBErKqHPBjvQL,285470600823877773
tz1aR3nrJgUyU5B623U9s1MtMsMjA5Wz5c3G,2013022185654049966
tz1YaPLZuVmZaKB69BjJXKUDgNaZrxBR4Lfn,56096260103873877
tz1WNk2o2hJvzjuZRNmZQwjLQuv24wDv1zjU,5686740007786153886
tz1QmBcwm7RH6swEYNpsZZfAWCCFaW6wugVT,4733011630604086015
tz1LxqBcvRbZhp34C2ab62CMy49wFbsQSzD7,85944712523392774
tz1S5RkjdXMREayGWMawArqqpyMqGRjohJJr,207329427956234333
tz1bZ8vsMAXmaWEV7FRnyhcuUs2fYMaQ6Hkk,108719987640335
tz2Kmi3xEnXk8c7zqWSQqSSyfNpWt6ovG38D,1253294444919103263
tz1LgePVXLZYNhHoRQ6KgHfQjQ1uq7JJPZDa,74637955496696299
tz1gk77xzDAG3sif9eFvsqUnzaGh4MrzaCp3,160474341032470385
tz1cWUkZFBZ72Yn9desxcgS9KdH4BVfqd2ZW,1128245548743486023
tz1a3LNYNZTNN2SLMjWSUc5jtLWFvZ1kC7BR,2981324317620726274
tz1SGPStfd9v5upQUxRiHPC9666X4FpVAmK4,2359842123096137
tz1iF629Cc91SJkmQRAWAm6nYavf7RgpAqZh,925830579055403271
tz1WHGwmdEr4iruf4v9r6bdHgzC5v8SKYTkV,124952338343751528
tz1YqsEWdPxBmqVKsJircrwBmCmZDtHAgHzp,10212708509388649216
tz1ZLMaECyswARea2bTsBws9eMjgUm4jG8Uj,3895997204733692579
tz1NySiq6aHysD6Rpu4bYhFaVe3ASya2qB8D,262192502958877836
tz1Rb321A5bMKjQdczUs7TyJBeXjfCtB4mYd,2357657790557225301
tz1USU2xSWb7CBYGJYat2X7An9sr3cFfsLwi,167767040565866229
tz1aoYg1xYeEdnLrAJ7y2r1T3aMBCyms6ppJ,1597160029317825423
tz1WxCJ3UpzyWsXmmkE1YjYzbBv6jXYkbFYV,175620465739914803
tz1fq3tMpnnsZ944DVxcJqsVNGsWTPvqJzvo,82319189319764993
tz1PrecMTmNArbdvQxtZLUVUBT8rcC86dKZC,2030280119855046
tz1Q1LWn8wCK77L4xetjbH3Ar7sDaSANezZx,21332973912360646
tz1dugdoeZULYPA9phfkpofrP95rFqhZNXeR,386847995603131
tz1UecmgMghaWovhh9EYfqTrK9gTtaiMtbzs,4687845965743889
tz1gGwXf6Ggkv9T4jGmp58jUMU2Gh2vYjDyH,123255011578521966
tz1QjPnpmqAJYSfDtDM7uTf5bkZDNY7eBECd,425536918402746644
tz1aVZZd883FwyEx5g2o3TgQ7pwEYi2f6apg,2812633793628003
tz2MzvuRU1GEKi9udpqzLpGYfDoZTiKZ3C4C,82676881793989701
tz1SEox4m6JwzUjLL2daQMKU7XDrvsEukR7X,2601473986306043
tz1XJqUrY2okTwoJFgHFJKQV98tsn2oC6Twj,118224885640591314
tz1VqXA6L6hPEFjvsgWv7Viw4xQn5GyNszzy,11443134909059834224
tz1Wf1Lqz1yHm27P2RQJAVV2CMxnhYK4bBGc,262567518506900014
tz1cTS1WwovU7SC783xgJxZrzr151mcshmNi,498725257872925797
tz1f4Z9FJfgStP7v6Rj7BMJnWJ9Mb1NdAGsS,131096251479
tz1ersiy3MYVu89DFXvW7Qb8AM6LYptSsoT7,517968870367101216
tz1UFF5DSDDtk3fM1ewaLvVG6fhaAeCdgYEt,16163507916677185
tz1dcpUhXGeXexEXispSpfv7CeufoFnV7AAf,3179151306490355342
tz1RKRhkvC7MQgKfPejvNaHGshWUDsyJKZdT,1879848164776625639
tz1ibTknNagJCgQPgcbPvJhpSyS5vxgdyFt4,84438239353574
tz1SHzbhYsbX6Uk51hJC4JkjgWM1gWaSwBqQ,104298998072970791
tz1NW1MMFL3jytxBjhx1qATMJyY47vLBMa4p,15294097592263914
tz1QRm2TJKnarZ9tbL5CNjN4Ltq9pJtytuk7,412243680934750
tz1WJpBDRGfa21un4yQDKTGXZw561nsGg7Qe,2892507430449837
tz1UXAsfFeufr6p2PafNr2oXNrTDSdtwwdgm,42150122360479828
tz1YPUNi7KW28VxZNEu3fNkRkJG55G9p7wsN,27075117728747338
tz1YpusrSty7ULz7w9sM814trSRmM1aNbmZd,2119344763115492479
tz1cuj9Cgi19KMRi83UuypS89kXM435qdhmy,5116022561632506
tz1htwxBMBFikeP8SnQiEQyA9n1ryDrDFyLK,26219258423855375
tz1XTyukKgkqq9P83UkV15np7EtSSEy4kAeY,26855485574797784
tz1WMFtCLLeRiayH19ZiaErKq4Zu9p5N73Sr,70008954408228
tz1RFUjzPENm3vF7quaxfELQCfNTCSjAsFdA,258481571855949477
tz1cLd3gXJ9Fk5c648hRzFvTnGfT97CxcHrj,159735842374738064
tz1Te5JR7gzDBwtZLKPWSPuTGFE4JX21vVur,10114337994141
tz1NGDuYTuuB1geX1K5b88cqa8JinFLdd3d5,131096756986584623
tz1XykUaKpskyp7hDEZjmuNTk4gFU58a46KC,15040208977620383807
tz1dghYwdzvHc3tYHp8iHpNUSpmAvvs8Zjs8,3118233302753948591
tz1PuipWs33aqS2KSG5k1qQtC6Dff1P1GBmM,36267667432222703
tz1ZNxMa8XsMa8JTv776X9iCETcNoo4SY629,49884764394865381240
tz1iAAJhH465Cf3BnsKQ744XHypQGY1v7Ps9,133718176509
tz1a5QW18ULwjJK71LSc7UqNGgryrFouHzf1,42453173238130824
tz1Z1ZX2B98nEAvEnLXJBCnsJ6K1GqaSp9jK,91446018745585682
tz1enT2GWv7U8jyPmmoVb228u8hvi6hJh5FF,9125262136032316
tz1RyhUycXcivQ3jzF7ZpFZNcoLcgmXqcrSz,213259534283053567
tz1gVon2mQhvutR49Yd5XK6k4ypwWfFjMZtz,102779461159
tz2HSz8b961xoDjDLy3aFGogvW4HEqXXdcR6,824228794882473361
tz1eSGjgq2NmLWnaQFQxafXK8ZQF5V7Sz72y,2405872824269241408
tz2EP3fw5CbUUgJdx4c3Xono8Gbc8PLXGRM9,198251820199293588
tz1VCogGe8xeRgQCLrVhPbwo6mBSQxAXep65,105674664658495737
tz1LFFspqhK9KRQNvS1ahZ1RcpQ2PNeM8TxA,248833058476619778
tz1ZhteLTqobRVCYsPj44oFfom5BJ2SdGxeE,202516294212008754
tz1aRF3qMDrbN95f8dGYTKPaey6J2qQQnk8j,8458686480328531492
tz2ALu8Jxf2SMgzSZaZEwfiJQbogpUDPStwz,375207873979359607
tz1fCHiWZ3ReGqvhxkMejVzcnXYz1rnsJpow,914959126654924815
tz1PXJVTDRHBcjJGpD4h6PzDovisMJuc8zVc,94640226616000582
tz1L1i5BVehYJBebCGvPYU9kZYGKBELGUJGH,1652978448553265809
tz1TR56EbNTEEDeRrsPzQzoyvwFgZT25q3JR,90208621154501483
tz1XbQgDFCaT228TPS2YUeHHfpVqGW7ANCDw,48704614767191778
tz1S1Aew75hMrPUymqenKfHo8FspppXKpW7h,111431813757
tz1Wb4LakUUYuFuuEgXXQrNZuBD49Trodhwx,103605562353230275
tz1RAfKUFBX6P2jFkCpzLFntju7djjbtKAKr,3874941318739964060
tz1MiQ6euA3EEdnZxJ6EPwVsHzd6vQ7AHJmU,80942459327797012
tz1UFwr89hcJvC4sNCYK7zSLcaD4JW2KkNYD,1093618032125237317
tz1TiJBTfVoXxregtdgCs1rYd55APXSAmniz,179864057029
tz1ZPSGxrrPPfrmoGJgpXDArNJfNNy3qGvE4,90373465513999274
tz1iQ5n52oSKgdtdYtqEJgKmQYbL1nn2poB8,2454258936807246345
tz1gueZ7eL2KnvxqWudHjoTH3ZPiUCmwNKR6,304977758865370232
tz1QxepCwQ45EwtcxkgXZezHbnidvK7hUywy,1654893965265867091
tz1TVZgy4rejPUkEF3bsxLGNCp6H4gz4PaGf,29506105108181686
tz1WT27PugwGBtre1hsj6BHmbAK2qQsVbRDo,170353486016077528
tz1fL2TsQR271w84MXx3qFD7y4PZ1F2mpHFA,440720090557970630
tz1KhU89QWZuuhhnDD1paFp1jYMdpJLh55im,607977995276528857
tz1QQyhTMAmNQPcSGkM7GfDva8hmuFPAxUMB,4189529933110753279
tz1htnC2n5n27PFD41q5X8bDvDcjbGMUS3f5,6654786184945529128
tz1PoickddNEkRN6qp4K41u4KUW43vZ1UDvF,1987535443620999007
tz1b9qYttBxHzoEseqabgvQiCxafZzkAtH9G,1873201847777366710
tz1MQotPcNdc9R3nWCTwXLMDqKLS46WqW7Wx,1037280275945818123
tz1a89Pvs553YqhJdCfDdQrRuQeykHMvVSRX,15112304727598
tz1favSqpvTLtedjTm1UjuEmKfgm4o9kyLd1,1826351914688952451
tz1XYuybht7U1RVsUip7H7S31fBDxpUgpTXP,122706091384
tz1WHUWCMqVqq5AagGN5DrytqWz88tYgedUr,57740979550956730
tz1YJvMiZyXnzvV9pxtAiuCFvaG7XoBZhbUQ,578491795979443112
tz1TmSForCvNii8rmwL6q2jgicQfqjNFtj8K,1165634218018897209
tz1eoqCSmqPQtTLs53Rj6gBB14eQh2aHWVxu,197245147566621725
tz1XhZUHsJAFp4FHoeeQQ7auVBk5j6xoUKbS,31682793813027110
tz1Pwh2MBs6q2SeLHiko3iJpfMwsDV46bqQU,5933672030515135922
tz1ZWbokP5pGwT3tTtLPP2KhXX5ssg1EtDPs,120527310323747520
tz1hLWsybqnJtQRFp8skYy5aZLGNmL9bMUpa,635214334864119631
tz1PuYitvGfsBm7C3oYAXqNc3t5wNhWZj5Dh,562473496873509442
tz1dbCAvra65bwTVk5mgkYUHUGz3hoKwovZ8,264240617336008584
tz1T5NfkdPfhkXzYx8akPkdznxSgU1Uf5jEG,474838712021629049
tz1PYqfNnkpZydtSY2Tn3Rv8mjkgUpHJpFXC,1319587176193024652
tz2Mz3ovkZR2HyC89CHHSdsrPya1mKSmLWfD,91540058019659428
tz1ae2d1BJt7YUqaaec6Xenh3mBqS7VjSZtK,79345390301034792
tz1L1XwcVmD2z4qPfLtBJ6RPThgAwLcXG6kW,13835311856510864
tz1VeyZaPimHfrJFy8WwsCYzxHR3VmGTMpgK,53564796750665007
tz1epFVHmqeWvvkFf2eskwhQ1AY3JwWd7Ej6,272680210156430529
tz1QRcnskFh7eaV7QdEnjoYdDfrDqHgmmrvF,709183503042484192
tz1XybkRZWjLx3hwcy1hQ7PT6FWEhpHm1FBv,108886904759409886
tz1XcuwadWbLKkc4mDVxRo25dbtwfEa7wf2c,488687249130181662
tz1hvRvzke27MGtp8CsSvsafxyyMWSVYM1ut,44993202309041869
tz1a7MJ4HMNbWDhKZAqrvzX5P6u2E2mJyJiV,946144376132999675
tz1citPWufjty33AZ9KwZDztqrTzdNjfQU7P,3626709987556335895
tz1WeLuPLjUs53Yr1RCgq4EQ4d5SvV651Tqt,10022061469699383767
tz1Wo716Gggp5HfupfxtPgmYu23rDQNcLcD8,880167217983683527
tz1imyQrFWHyTp4avUNAw52RxdFjU3HPviRN,242300939145926350
tz1isKR8pS4pdgU934K1S4UpLsF56ECJNArh,327338845169255614
tz1ZVoeS9T3H451BgjTe18pM1q1LPd2cgB6Z,221407286228828732
tz1eL4fYCgegW8tLCbQ1mYiKY3TdDxWnnKo8,525608822723764111
tz1Rhg2UDkjgLhemdSMtiGVGRmzwVLVaHArD,65272671015575915
tz1dPHDXSCFo8PienbvDMyCKr5DXjPMrZkJ1,337632991292587402
tz1fkkxXSMtSQew8F78XdsnaC26AfsXtsGiY,91887500579607864
tz1ZuiTWKXKqYfzFPaSaAG3Huf9QM1AdZ1pJ,334570856143452335
tz1RsCndtupuxe2U3syGAdcRBzpNqJZ9ANNc,6988377435624078984
tz1MrZQhiNiHK14oEq595DLsVQ9wC4Nv2ZXW,27781458489455415
tz1LJQ6MPnjGekNAmhFmkm8XWtM6UGx4MyF4,1599335247512094451
tz1hmxzW7MuU8HeRoCFPGZJnavGf5unqgaph,961313279552657801
tz1Z6QqrAbEAMDLsis3v6b956sfH6qLTSEex,442381529947166
tz1NnBgY2ze24nQDpdY72wb1GVsee1UfAT3d,35165162272196109
tz1dAW94vB3yYfNPE4LM2txBT8PQ21Zq4Xzf,78657771338678581
tz1eeR22tmjPN3rGDikEMvpe8jcdXww3dqTt,262192511611230434
tz1MsfyCeQEt7khed67HHsAidezZ1Th6mjzB,90926906168709926
tz1WBMWCwjuFSsiiLUWKEQHEACNEat2S3EsD,15200808314380676
tz2SuPjN8dYMJQe548bTvSPL1fdStZPXv7gT,11712181904385753790
tz1N33TtiYBQ67sw32rhCsMSVpZkrSHWe9aq,4094765034199396903
tz1QMjzbw5Yoi2zPqUeg2yuv5GZdmXjhh9mr,262195911985801307
tz1ZutSZgCHEzxspXyoSYSREhwHh5g4PM8hN,164132506852
tz1NJS9T6FKTnKUkVNv2g44GHTAhzH77qiYw,531796844242031770
tz1URL5HNuTa1fHqqCtUKXUM3hm6g9c88NgF,827917663010662
tz2M9C5x1KoZGoQ9xEY6fQ6Xwbe2GU1RTzRx,302581018273442
tz1RCQDHtpdcwfgF1Kbbyusd6xhfjbXanhZ5,309673888934162251
tz1c8JTzmA6c7cm6ZmUwR7WES6akdiMa1kwt,415123190655251319
tz1XRTNgXgWmR4PqxZpiB6HZJ8Siz3M2JAim,124238432730920006
tz1imbraxLCQ9TUpnJVP31LS18hpTqG5wv1k,294661335475188000
tz1iDuz9LvybPBC4kDc7ceBoKVDwwzJR7zKb,8039369102859349512
tz1eiyML8sHGBL139FwJQJeLGHWAFtDqPz4U,26219251606850298
tz1YQDCB6Hbn2ozMyS2kf6WPJDeRvJtmtNqQ,356544052146281687
tz1eeNRXYK56vgSfXHFcXorubcaBBCVpUY1Y,168851971905
tz1TQw8erN1a2LpfRSNMExicRXMveBPbvTKE,95962456082
tz1gaRjULm9qy4D83VCvb4ABWLKpz4XXfqjx,127075617543245520
tz1hAZNx3LrRKFgfRytoLNVGhCrzU1uVDUHS,103292135988334856
tz1W28xB2eAvRGCXmVduC63Gx6gGDp87zqbB,7209912730638187
tz1gJaXdi7Gweq8TUSy9knB2wLjioTKy2tZF,52414898782807356
tz1PoXtd7RGVBwWmmZvxX18NQXYpbNdiwwtE,725605736180668813
tz1RLCvv7wrWq4hTmyKk1zZuZeuUXNViSgRD,12326748094381270
tz1QFk2DJhPkzp2nCN7Thpo4askJjQ3Zw6BU,83794675803583962
tz1bRDYJHp3ACUojEeM6Ja442YEwNmcb7ph9,257373832128273484
tz1MDs7ym4sp2FsQhL32vuAnEqG3ARhM9Vi4,277924068605768181
tz1Xy5UM1tC3CFcbPBVq5PjufaxcLjMwfQkE,7537294290631884
tz1RAKBnmd1X43pkkGqywYCRgf1Uo6D77zMx,7536764137390902
tz1cXwKRD6AMy5nhqEVUU23SBxcAMnh2aKLn,84045655800586586
tz1imrUNR1R52GxhP4y6XQCDDXtQs11GarTN,5437944614305440
tz1chab75LnyqBqNwrK11459SGCFQXLg9uyx,137544951076768364
tz1USfPTFciXzVsQL7Rk8HmMWyWtFEas7fh3,301317546542406742
tz1btYY98CWBVCGEikD7s1buWjpicb9kG8aH,5660053913989473
tz1fj962xSPKTA57yWHA43VeVzo8KqdpNAeF,279647973295220617
tz1ioU6W4otB7ebgRZTq1EVVra3vMyXqeqsm,70977966245950943
tz1N8oU57qMgDRr6N9pSbhaiWRRQSxJRPGoZ,64597308131359918
tz1fCEeLBcuSMSittqTnMEhcFdPCtD1HsiZc,7139117611508824
tz1WsKkY3TLDvqTuK97Xu4zuVoTb2nsr7J8S,48478296259279126
tz2DsS3zeg4pqoUnRPHxvuRSuQrjDnTZcTNJ,15282165858584558
tz1gSGxwMrToBdzLeaxg4Bregv6W2oEbNLC8,2437234457715272797
tz1X8AQxtn4KzBwMZ6MZUVFDcACrfnyfYhDg,108023311219
tz1KxARuCbAoiGGesnQjr2pvZa7CzJR7V9D7,191270677896045454
tz1LGVwoTMUhi76Jc8TeaNUQhanfeLLNF4xm,68689286659945151
tz1QS7N8HnRBG2RNh3Kjty58XFXuLFVdnKGY,15715607059767227458
tz1RAP1j8SjwT587jyccTNArBFhC9HhGKfHq,33697236642350370
tz1QiZCuJMuVz3aq7j1Bq2v3BRTQPCdTw3Fb,514635603705167351
tz1L8hBVpams2fWFC9kS1sPVxfGY6Hmg5TQ8,73188517531017313
tz1TQSPkLPqXUREhxvYzPbAib6Jz35w2a6tw,238918088735372926
tz1XD1xSVzgY8Qs1id1kNyFJDbv9e9pNMe2c,131111228193317803
tz1Tk1MJDZ96bK85RLAqtKfnptZZyXsJ2jaq,15088434260406486
tz1RKg4C5yKTzm28Qj9gKmfUozCDrctDpx4G,158950290314576974
tz1hes6aF3Px3D8nPQx27fdwBKrXmGs1UYxT,360416423662712491
tz1c1BG1PEeuhMFwmonTVSGafehicqbBJFec,22280443493557816
tz1e826sMLNdz1CQLzthLDBJCFsinxqGDzv2,8728010875268300
tz1THwbFPPPBHmBu4cmLV2SppLFrA5QfBhyF,92639114456022428
tz1U1aA8tyN6QByoYLhSvNu3krJPLYqnkRVa,13004988438659888
tz1QSwx2wnmrTjEGrid79c4tpFMxjCT86SAy,224231346054378549
tz1RcJYTsoYQ7adtNMANhwd8qf4zApM4i2Yd,203258920853048877
tz1cvrgSekgCqgyc1c2qFPSeMtux6AAAfDsk,4616274679111982
tz1a1ZcbAeBEjxYSwuNKxSu6FbFB4dxdL3m9,3072851824145048
tz1NZnfrNgCGdECyAhA93TLPTSciJcZBJqDY,18580180594133980
tz1UGuKv6PzgVbofb42VgeRwDwsVN47UpuZB,442916867340339217
tz1eCzNtidHvVgeRzQ38C81FPcYnxMsCEL6Z,919561310882937925
tz1N3nvFqipu91tfU9s4GXGsopawpwxSoAJh,21558778031408724
tz1LFeLTRQZrgKxbmvjz2ckViRhVw9BZXw7t,5196561640215740532
tz1XuzzMTz1LhqbRPy9uxfRkccSxju3v8Y4j,243416099183628582
tz1MoiwNRQWHfA71aypNk8J9CsKjfmq39c2F,939316024937695809
tz1hhphPmGxL6HEmEjoVSJBy82FMWbFwzNCD,5250599680781227
tz1YHLm7Lq27q3rgVXLY424zQMkvncVvNiaK,28841179258364106
tz1fKtBhuuZiMYhM3Pi1hcP2sjRbstgDrmqX,8439118251991590
tz1XEA7cp83PyiXfSxWu3uHjA3EF6Gdh3Vhq,28369997830761760
tz1UXMLCt7dqbUiJ2BHRhE1gFkdVkmCZYcM9,9244534292205819
tz1iKF8o1hCLaTNZcCJpgKQBQxkpcSiBy5V6,370324399892073409
tz1c2iwyckUCcicx2qxqtwLEartYFEHg1pvB,168582505920333866
tz1PQDUDph7dDCn8pLGXqaR79DiUWLiSZdEf,97586340743500637
tz1fUZ5pMP1gUjuJsp5V631cXmA87Kxm3cuZ,348241226338565420
tz1NVsmLrZX4jad9bNdvM1EskvcTq2LSZhLx,910619626726350264
tz1PKoh9LB2P3pgh5ahaAFnrC2QBmUxcHDJU,81512736735592252
tz1cqoo91JCc6sKmNuTVKNzwUdi6E6moHWFb,346311202182286227
tz1ZGNErBKdYeEPjZuqKXhyTixQTTPn54bx3,175668976982
tz1XoiGxnmjnkaKcNyG4rrHNNEoh1u5VidxY,53610737229989437
tz1QVUXNoyCfKpAyxDpq8kR3rK2AShuzQxJ5,894566489395931251
tz1UVTMhbMiSETKCxFi413yZ7imF1xeyt3fV,267477443564926605
tz1S5TbsJCWmCyRh3ghJ2rWwQHHbcvoh1uYV,192348734932762553
tz1UAYfFWmaTrQTYMptaGCw6LrXK5Yv84VnQ,1423832192238138
tz1hLhGe26gqt78sZboxiwne6zgKMqirRieW,87504576901476321
tz1RYTr2WKdJD1MMV51kN9AoxPnxZJgJ5sqU,14287384956690070
tz1R6mtcAQwBTK9YpSqRL9y2a6JZWgDkBm6M,175017867529503560
tz1Sv2XMQNxcAqyqyyv42FHjf3EGwJ3Godj1,989130544326463612
tz1NCsGajb5YgZdhdviKrfisN3VteMasnzQi,65549544704041114
tz1Vh4cX8VutUUUnnjmnY2omSV4F26T5orLH,14448988660075557
tz1QGCWjNpYmcS6T9qFGYSam25e36WeFUCK4,157617303437515074
tz1LApX9pPhcDUDznHR5TTCcSXh3m6zPgFHA,84358336878492734
tz1hUY7paB2J5EhD73r4oWL6uZubf1UibHrk,282988196978445054
tz1MgDFQvyV8Vfc48HgeqMbCD2Po7nhoWDeL,390736469078433327
tz1PWZTKd1zhfuxrixGJoHJ6G17SQiypwe5m,130309673970
tz1V1Hu7nMcgVuMKDEZickAKHHZavLKTB7Vh,140272989082
tz1NKHjwrYfg7GWwbWZ3bvdejkVL34De72Pz,137388871550
tz1RaZeHEiKewSd14gZ7HKfcQ3HaNHJ5tnV6,2826124283727817050
tz1aiLrqvULcV2Kfvzt9dUmqnLQnoNXPPek8,451257350505244616
tz1M2h2hPZzov29kf7xcHXrunXb2jFSbfiNd,1317571589417810983
tz1MToDUySbYhPabULUyDPPsfDQF1cpZPdoH,197436821285288715
tz1gMfLSQs6xTM2TcLM6Sb2njJ6h9qhSsT9Z,197955781749163637
tz1Mt4ddsTmDs4of6kkWYvMWSUtM8zbGNMq2,122443898881
tz1UNTxRbAYTSBSdHMjoUoYAtLH4MHMUiGwg,27294841027620970
tz1YUJitqsUrFfFzEp1d2RiqVwV61J8aPb4E,150498496698
tz1TqqKqc4t2Y6PTvxeuhF8kNjVn8HpZkKma,190620016523430152
tz2VoUZvPNLyq9bZ82VoDLrhkH8n6eaUoS6E,35967700487497861
tz1ZvbLR47deoqaSgsaRXe7hbgDgwonBicnV,1466400753156956017
tz1L8m6MGdvK2WA65wQ7DeVwXVmCS72JKWeN,11639234660269619231
tz1iCJRFVD1oY7yQBap6X59XktpKHJtgCGyS,8925738622938166
tz1bnWUvcfU77EBpbLUQ41c3hCBKovGuqyGY,600023932892818688
tz1STAzkywd9GnKGvJBPL4xWte3LCniyu5ho,172919623774496327
tz1g6cLrzLxNayiVyb7BLsKK6TfwboqWaYPx,6741668780670643
tz2Q6ugZbronUHSk8fbuHibBrBEJwrzgtL8X,52700703058049557
tz2Kn9u9cxvTczP6CjirJnEE1UApmoCzuGPB,145458128210337138
tz1aHfKHR887WzmpA56K2diKDufR3QJqn9iK,9684092701690732643
tz1fcuYiLoHA1qD8vLJmSJPPKhGANGLJZgin,101402964356365
tz1bdbHUpDrUx7m5g4VTSkjnc3mxnquzRTcw,1077018161976793022
tz1NoV2nnTuxavEAuozNyHm4nqT3qtkYUNYW,141321759094
tz1TQJjDtzUWWAa5a9H61iyPZmuKRfX9hXi8,4872926128729147
tz1ewd8gDnG3USrTRJVdbpsyieVv9fWDMPNk,512134820900590845
tz1Tpms3fccT8x1pVY9BQKgnvppew71pTDDd,26224213862161298
tz1bNLPqmLVxWF6puxbFZHU1yCJLiCZmHH2E,370809081373829
tz1ajJzH5YBGRuXnU7QDJzY2qVRGcysUbxJE,26219397648074446
tz1YT4u9DnGFiRM8AXXACY8LWuV1rW3A2hFb,7440363239706219
tz1QppHuA9TUoFN5Ek2ZSmRPdU1xQiwRSnPb,14599669075146738
tz1fne8nhZuSRgzaQPyaomKQcFRfthyicBQc,26219260783587902
tz1PGFWJqZhk5BabfqxfYixpVH9S8vY7NKj8,167541009390
tz1Uva3ynPUXqpAsWJ3CxcXVPG7HEXB19rzU,267924058865964219
tz1cGZNvVyHrKgbRu4b23Nw896JD6GYhZKQm,267482652543382889
tz1i9THBDe13YzhSmcdpcWKJrL4raaJ1cpN3,267042336941613868
tz1apbBneTw4Ap2kdmv7gfTv4kDPYbR5HAkn,226256730701235289
tz1MJ4C21XhL6B3YptprRWMuL8oeJquUhz4u,52140102636843407
tz1SMoz8tsJzeQPtGhPEjPnanQMvFc5KitVh,14626774798295130
tz1XuNQgqT23u9KcwmRLGGQ6w2n6dCE4bmoV,30472565946774102
tz1WrZ2Th2eCuq5NuZb8nHXPJUjaBE25Uwgv,90526295571315
tz1idC7XEoSZ45sXLwp1ujYJ3yNFi2tkLT7A,21903064256374688
tz1d4649CmmMEzXBWzhTgTkFxy9ATNhb5HC3,2954504683121984
tz2CrWArLr8eRCj6mp6yYQAKshR9MuyaK3Qu,297557129226469924
tz1UdGjnCNd5ifzEShXft78CmazG9gj4fdrN,1377307650145278
tz1WqkwtGV3ttnchD3bqmucZwByduHq8EN8f,15507503044522890
tz1fvhxJtMzKYkXM3fvXrQEyAXyMLYayTtZ2,8932561128845003
tz1dVTewmwhAqfBcAgDuDuF2sPUaafuPA8mr,278525269198047811
tz1ScePe2eXYo1RBdEe12hNY8KrvHyjFhHw6,3264883727384240
tz1XNmNga2NyqFiNpmEN66fpySDoGWoKpKXB,17125809965518158
tz1dXpsNAWLHVYNWSqhrHCHT6wh6L1fKZfo1,4132036173930523
tz1N2AezxpvrXzvGaqNVW9BqXxJ6Rcup9M4p,121395128869
tz1iFKBz9HbJDp6omQGG9LC9bTXF4zKdkJfR,11506669586403989
tz1fFCF6FogyPLLjSk3FNTG7gVdDWfPCWVni,148400956674
tz1WUmNdnrv1w75V7ntFSt5kSuyQfYuo2hqK,9012009747849316
tz1LYQiMSoy34xAUD2NnsJLCTmb8HYYR9th9,13471252846687409
tz1VYa9SB4LtsHLWZnJXc1JuL7wuX46orE2Z,67591186415687621
tz1d9NBC61N2Xjo9LvXAQsKPqC4HaL1mFD9X,98207256431347636
tz1cAxm3wHEUX9tY87sSfdVfHgCWcPCTkNTA,190525897542835507
tz1iNdzx7BJpGD2e2YaV2QbsteMQWMAXjjDf,8415399642398910
tz1YrFGJ542U6jpYHpe7BFHxNfa2mb1wpAdH,1006376025537492
tz1SPVSDCDpbqigKWVYnbgHEudxSM3BASPZj,1831393115069357883
tz1f7C7HeTczoCxoo8oQ3vBDRQTiNM3tFTZu,115187856391548029
tz1P8pHeW6qWzBkgeDvi3bc8depN63r5tt5s,31977127281644600
tz1iZnkruZaYGv3dfER3wEasjJj5xpaTtMjN,393288761255321831
tz1Y1svqGfYwEN9J3ne2WLEuzUVnwzP5qoYW,123754861396
tz1YmwJZfEerVMbc8uuJc7xUzE64ma3Xfu7L,26569138587503820
tz1aQbe92zZy6MNeRFtgmgV5dV5R4BNTdqK1,26565837583891568
tz1THz87Wwo5DL34CELa6psvuH8RXShPmSbc,6817124898904675
tz1cgAHrLkuj5NrLmQ6LnELKFKu3i13CokzB,122968283887
tz1eQ9skdokeeUyTc4SdNQMPigjZ8JY4kzus,43014476114179493
tz1S35xPc2sh4kK5hd7KujsWU1G3SUdCnFqp,1917701531475861683
tz1dYEEirVkgSnE7eGK9vFUwxWBqibkafs8W,78835692287068943
tz1VLGH7SJ4HA6kDXRiHYqVFkn2btjnoxqib,1605701532809022224
tz1XYkmAHtkZFjZLdWNoL2BTqUws4oD4H1PR,388290695343943939
tz1dCyFm9jxuhxJEi8UW5sgiS7TFubaNT1J7,1486563321726068
tz1XbmhVLdDgsihnVoyn6aTRMURJ87YEbG9B,110068955097045149
tz1Sk1mwyBQkcyrwWZkftmR3Mjv77BEGUw65,29904538354342435
tz1QHXGKA8NaCmpZLrvrUyBpYhgEiQDyWY1r,1718342669432647
tz1NS4ZXnzYBPJpspW2svbqdjGsgBsGZchzV,2721281768814333
tz1LUdy3KnxyyARheKtfcnRymhUq82SKLvyx,16319951019132467
tz1LxFeaR3ZNkMRstvhjNeVbpv9vz2LttLBz,335772670477930
tz1SFJ5pW5FVR8cRfAqY3NqQBuQQq8TNsjvv,20357510523643225
tz1YRG68NdqtAcsFEwTUw6FsSsiBb5kagEDo,202941959891656495
tz1XUmPaRxfbi6Mjj6vUWf9zhjwHdfL9gEdk,1010464947840403
tz1NiraRNtWgpXyyxopRTk2a7Py9oKFdrgkB,16877627588250785414
tz1VnXCALwSCihScu984A3dbY6XXLzDqJWa1,2659189430616248705
tz1ZDDHc1YycDdwQezjVDVCSfSB6A1xH3YxG,1069104216776288
tz1dx37ewvwHWAaRxdjd5sayKBR8LnJUT1XE,18245629353888
tz2R1iMz3wHEx6Z8dpdPVgb9eTDVh5NdeqNz,140837183565502986
tz1hR6q1QMUC4wLD3izGsfeZ3HuyfJH5QajX,4146652658378719
tz1akJUKXFmNjxKaCqcEHmwbx4u86xfHLYJc,3160303541655550733
tz1V2FYediKBAEaTpXXJBSjuQpjkyCzrTSiE,16248657120073710
tz1Z1xRcvcqPPqja34fWNd1StABUV38LnbpW,960205972443465
tz1egZ7YNcG81udp3pGXPBsYQsUNHB7xAH7V,49498085286049019
tz1TSowSJAKRqQbqjspmyfN33nps1op2GodY,7364940972829192
tz1VV5912Qp7qqZaQ28MC2G3RQ89UhEdueqt,89579043004026856
tz2RJZQGhhkdVX3kq5agHahLmh8TByJWaedL,48051720274862486
tz1codeYURj5z49HKX9zmLHms2vJN2qDjrtt,7009931223152737670
tz1WXSxKwhw9EectY8mAdUFXDBHFnPZE3HSG,758592599584012134
tz1aDrsGYyNbiqUX6eTHLe5otZJwN5XQh2kG,2555360998251297585
tz1gu5jCJunSaHjR52rcu3n7SgDCJZDLTqJM,15572409098182112
tz1SDmZnnzpH5GAfHoeXygPWwzJtHXADpohn,1190868100505377
tz2KgCQ3sTz3n3jrU21DveCfTVFgrMnzeA7x,8456037024820118151
tz1XT3SAzJh47s5DxMJud63MWnvDftqWFtS3,506195083508104644
tz2RjcKqwtC4vVKN878Bx7L9oNHR4mPTHDc4,43473599623713134
tz1bQxeuFnf9PTDRUwu94sU1GUvU425KqCeq,638701632149302
tz1Rb2U9TbEkYVQM412wBzBbMbnqX2r4CTXs,533026847105343
tz1gaTbRLDWJFA8bzcvDtkz8HxN6V1eL6gwL,22210232430074644
tz1U9RY2mXmwAaSSm67rEy49N5YE1Rs7K223,379817882731156
tz1ZzEEVRzw78fhsLMM7JvV9CxZUaWGB98U8,15513601096154939
tz1RSRuULmTkaXTjrhbFuNkE4mkJLRGPWJmy,13992474616313256
tz1hHz9wjLaZ3p9sDo9SkqT1t5wxNsK7688s,33537740798639295
tz2BzwVtwa2mTbspW1qqdiA2UtctbGntxAGi,272241573984522311
tz1QjLLgQidRchfWMvHa23uhfgdzNKSevELK,2536964174180812020
tz1WW1xr4mdTif7jorgVr7aqY3YnnJPSDXj7,98154384404487
tz1coEYWsh5bwhhCsK2Dc1SXTNQs1hWs1QtL,33958711382165973
tz1YKkEwEXk5g5MeDzNTgfDwKd589rGJS9q7,22000404776180969
tz1PSiE9EmFbQFb7K1cBxPTsbPdgotHLdy9e,54449285476745170
tz1hWxyYMfK3h3y7WvL1ErggtgneuNynC1JA,1265904036535933600
tz1agphvYoUaWn5BjTVHnqTTyYwURTGAZyBE,400733059469565
tz1VXAAqokxhhf5iwfvkJ8tRukgVLN8BVyce,1108932088868814
tz1UVjnYXp5DZaCX3JZvxQQqxKnXaVMYAYZD,15518827273878968
tz1N4Q2BLS4sYvKCoM5XxFAEL1yoEY8TSS7j,2785730213986104041
tz1XH15XMCB22rJJxHLsZgVhXA6t7kJnmFa1,55289392765558786
tz1NEmMNjFtXgixkdCkkGsEn7k6QPeG1G1Qn,54773574848336840
tz1gVmWVnkT2yQr9gmed4BgK22SrSPjfpkEn,118559150193872945
tz1huGodLQWq9gKTZJ7D2Z9GeymHBJNnXvtd,18783906051821
tz1RVq5ohXzWvbqHzUgsmUNWHqin9HRkrWPz,1537451545962712
tz1az9uytyQ2tv3aKXJuNBjrX29vBsYuWDuR,71192126507000784
tz1LovFrdT3D2uY5ijGnb16172szCqFazDCE,2904143824403262
tz1aGLjZZLDwYYSevU3HLbEXenAxwRo6f6EM,304777909982639
tz1VLnru4Qd3CFuj33ss2v1feACiaLaAQdvA,5958002632051
tz1cj6FQs2Zjuwwf1uY7e7fLQfzi3YAbNj46,65046037770763156
tz1XksiJMYSGBzqZqbj4F1dbHBH85i9jR3Zi,114324238074712550
tz1U6R3G9mF8n9qH5mhrMZjgJTMKAEYb9Uw7,672919096244908139
tz1TtLSSFGrP1796nyd1ZhGH3o1AVitoukLj,3698355821856767
tz1QoX2rtnpKq3MxJ21E9NcEKxqPL4dKsEcn,119578674398657415
tz1iXbbzm9Wogk7D2W2qNwYzePbQVmYP6BXN,539220178099735
tz1aQGJFwYn3yzghyRbuWNapzDZjXCEfYHuW,4131353205426290
tz1YDowtv9HFd9eUoMZMNjicREmagF38XWyJ,477128428654212
tz1MtaUicPHBwrvkwnNwikGFfFWdaPxYAvJc,10663056605253556
tz1enSmESCGkRYo2CtDYKhqUHFTAQkpXjYjg,9935865384898103
tz1Wn4Wc6d6jieFpj2DJaNEC7HXcwKexW2By,124179417740505606
tz1c2MCGJM3pFb88Spt1cWgxGtXAX38Ur3CS,74051493419242988
tz1ZFS66zDerPgLPnYYEo8YXveudhGbzjESJ,44898630042195022
tz1eAR5bUqFqx85oRxGDSqriJbYzsC6Ff6Dj,888482152895615
tz1ZrtiLUXfjKsYskvr7fmZk9N277YQcv8Ws,3452270457610539
tz1NqZnVNkS4N4XQqZaTigDQpSs8nc8RoMFW,14704939304649047
tz1WEjGgTyPyhUapqCRvwBnHhLCNV38Jr1GU,1826982196276441
tz1f2NgqK2bX3LaPgeTrEWgFFqRJgPNzFAYv,12185038603300738
tz1WGMbfVnzVSTD8oNgZA8feaYvNvBYzSVmD,16587438217917758
tz2WnujX4qC7yfQF1SAHQuLMUcB3pA5GJhfU,5941286631212445
tz1MrpnRbw6HqHvKyBE3811uHgJYuvVj2hwN,6891571977705793
tz1TkqGsSx3gB17SLAcMAnDgfs53kYeFez9Z,8466707102333020
tz1KssAq8Lofcu9MwuXqpvXh75ufZSCsLQun,10821488546803710
tz1fhd4k1jSJRRcNVbkMwVzkKEhX3kzApsfk,39030413495595257
tz1XFukdhsw2szhabNoSDMBPCwqsyPLAkSfB,1709627151457
tz1TRrpXyABLU7RfM1fR5AbFM4g3F71KpKVS,26803931002877688
tz1NkGJR1x59KMwfLr2a8bAqDYSm4WeDjeui,501845890591369
tz1USgVdDHovucdwWXcd943nkjN9Dc2kZ36s,115928543183803
tz1cVcDkvek2UNAo8ihaycH6GqEZknuxjz9L,57125822768980
tz1Z4eLXZquq6x1kMujWqCN3eQbTzwkMb5A6,57162611485935
tz1VYfSekJV2Jcjbgt4VaaDUDH1knN1ytNUU,113546509566372
tz1Z6ikQVtLws398W5w6qMLQ7pjv8eEutu9u,112364506737961
tz1iAafYqNNj9ZqP2Z3iPwokaUfMmrNd4UkY,278993118772911
tz1ceVRLF5yAKvGcFXu2ngFtqXbqkKd1kAZe,110756607751930
tz1gSHNQkhh8qNCXgLn4MWnH9DZ34NGUn8Hz,110587582935914
tz1bxpnJwhqrdhf5Dmsp8QusjL9zN4qbDCWs,108925857620840
tz1b4Y6E5szNCHKZadDnAvdUyBfr7eQoEM3Z,2602020161323140
tz1Y8v9LUURRffBVoJNysYTMzb2NranuM3fd,503250114287292
tz2ULsEpiuozejYYvEcwYq76vDHUEVcyYyE6,11089957537109
tz1PQkArZXKyQjY8gmX9yAF8NEtEtbuekeqP,595031041939629398
tz1bv7bDGmKDPNjX3FBJ5nPG3LWnT7yB1Wto,494204030113959
