Address,Amount
tz1NRbpmTuPEFCCYCqCr7i3hkMRDRhBFgmxz,143915666711636
tz1foujP81wtDKMCX95CBY35TUYzWapuuuLg,371909453220852435
tz1NBpWeS2gVpwPpT9NUn9ifBRfriwicJT4y,28583947439696182
tz1RDbEW7YUkwnnDdMNieSiF6kB4XBws7QSg,20380849982657629
tz1XwT7cC7UnvMi4GooA3qUNEA22cPcUXxLp,31772725975913790
tz1WdQ1dak79v48jXAQjYtt5ZMGnPiwn1ktL,55430555312019
tz1eqt71cHna4YgyNg3ao6x22xU7c7CZXxcf,8226903393932802
tz1SBxNvpDFC4bjW23CtQfVLqN5cBATVf68B,2151042887127662
tz1Rgo7URug42QnhBM6eLy4MWdfwn4RovHy6,73683797631591981
tz1ek9wEDD2edxuV1JniLuh2ckh5DeM4FjQo,10083664096194891
tz1S4Sp3WtEz3MfdBjiaRWEAG3ZDSngAR5L6,7883452816877
tz1V3fPD3AKPNwZf42PKGzFaWU3vZ83Gjvfq,6680125513253830
tz1P6DFx1Biicriaz37h6oLAhndhBL8eMoAt,85581717689025725
tz2UD7tXJyBrfDBHnFzhnaeL8ZGHxcDZuDa3,35385642096897483
tz1drEV5soQL85qJMNts3JfkgZxD1oL88gsh,1671039101715904034
tz1YTQ3Lys25j8FhZQY61eoYErYUteSao3ez,477012215971872
tz1R3bKH1seset2h49p4vrZJCEL8voJgSK2G,50352713318553045
tz1Z6nhkXDgJjDzSpDEX5g2o1ris8Ga4xjDY,8892595087335195
tz1bdRJkGkNQ7homh4PTnkVM7xzVWhuC4EMm,56516241523217612
tz1Z2Ne4ZHxNPuCJeCcoykHVXTqhVdLMD9gV,68207661338596809
tz1Qji1NnEPj4Cxa9s2WEoWi9U9KM6a9gdDL,17833609666394270
tz1VjYmQHw4QE6tYTQLLfWNjqkUNwMC7YPoF,12352161968867430
tz1czaureyspHk1etv1dKV1WmHCs9pb4fXBr,5521807586576465
tz1cmanHzitf3UgWgECzLpGUKpzEfmGZaFsw,51483567977061603
tz1eZFb4bNMMdveGT7BPcktbYsurg2e8r1xR,180904991359711
tz1RartAmPJhFsL9oAhZndSL2G7KCsaQqqkf,361419882991484448
tz1bEi1SEPrZh28Vqa2gKi7veuJ7AksFC5GL,662803095134241
tz1YrfZhjFnhgERznXtYee6c29n3PBeam8A9,1515677303853572
tz1MyqKoe43P4Z8MfHoXVBTrohgcbehp2zLL,193016264962024606
tz1SRcMg9GRXi7paNeAc3ARn23mS3Z5dXa6S,1615736083020988
tz1YjtCLzjw3bqPxJh6MqdVBFrM2zrsA9kyg,629286221636340
tz1hD7VdzRpWG3nmYpCyW2gNc8mQNs3TCgxu,20086818085820049
tz1MstraWa1kkCRoGRYpYEtMncugi99rUx2H,75383977884797
tz1f38MX7YT2Q7MAq3mDdj75GTN7vgqV2TfH,53151654747106103
tz1U1Pfo6gY5UKitBztSaAbmbwFxgmmN2oaP,1971411617212892
tz1aBDeNFooBEmBXnWDVgLknNMUHMYhHVcRA,25466037900110054
tz1hD5k7QW9ChHCgb2YLthKFirKDYQiNPDJz,2892247398438919
tz1cjTb6ijvnPrJBfaTEFphxDovW9xQbkmDK,192433569276923
tz1ZL7ekzieKxwngCCyjsCN5qhu1ohwJQEBy,6768442210174220
tz1enbGpES1NDr2kTaocDhxvMqtpMy4ruhW6,2697562768688585
tz1SKobyM2ZGQYYWKiWYnc58GhJ4TBnQN7gy,9322791491874
tz1ehGMhxarDhwppx14PX1Y3eqbZ5W9Bc2Y1,670738158362046
tz1LN3wPFYuS5fCnodwxT94xVFLPtcFHvcHk,34859254240824907
tz1SRqikWtR2KNpugCApreA9QeZuqh8swQMa,283452955410469
tz1dPPVGVRxY45ZvnRMU3vebaBVMuhPq5bxh,147744995914299
tz1deYjddv6VT4o656x2FsaaN1owykAT7Nmx,1332443287198129
tz1ed4brTwpFg8hFUJSJ4HqnsC7sEjVesMtb,18846290794714044
tz1QJE62jTxHis7kZkbDT2zsYZyauNDNzWg7,8381505413580471
tz1UcwKfokzWm6g2jpnVVqjRBd9iFJQHhH2m,3159789418559285
tz1gWt7kUnJtGXoT5BYzHVa89qGp6QVvQmyp,8361775173798538
tz1TJspN7PEXSA4tsGJZ1EAE3iJGDBoXJz2Z,4053544749118775
tz1epR6pJmPaJ8vvzNi6V1T51ccocX1Y4VBb,342103731812761
tz1TrxaPKNsRpcgw58155HdX6USrpV2fERQm,8959091777773554
tz1W19DveaP3mW4WvFtdVdqGsWwBL5q1QDSK,6185837075256510
tz1esdEqZC5Nz3HDFseHvpH6SmQJPocxLzA2,3452251763841097
tz1ZLGi9hMam6Gf6kixB1XK1yJED6CYu1tGg,69495226582584636
tz1XyTsb9DwkPru3eU1Cwnr5JkihEi5eisHo,13561288250423582
tz1ULQQ3S4kFLhhpPsegiMVFmXx2G6ewmbTA,499356253664045
tz2Lqs8WFf2HDG1RoxG3EAtuHjDS27XQANWT,159925713074261
tz1LRrXCmELevk5znmVcYD63TChSpYh3vaE6,7512152113139920
tz1dNTV2DXUpqC7SEiJ4BTB5RvL53bPPHZfM,5726297397612902
tz3T9ZKHLVzc23dxD85p9xo6L8L5mx1hvb5x,17532576933384092
tz1dZuKxjVojU7gtRDU1nMmG8uRdowF2Q3Sn,14198237727087970
tz1iPeVakaABzkhWFmG8mjYMpcN3JCpHBvZ2,586130185162
tz1S8GvdiWQghwPMMzbNvRh66rcfmhEA6vj2,72060424725144392
tz1N9qzry2ko1gwTK6HKWamZZK6FGx3Vr89U,6243454365055227
tz1M5swezYMnDaim71PSeb2cPFk49ajrvDV6,11819089738063175
tz1QQ4HyGbCZDmQxeVHoLP99KLyfvGvyX21i,93018344948693148
tz1WKygtstVY96oyc6Rmk945dMf33LeihgWT,33310599665605478
tz1Rux3pGrp2KpZUBKvg3VQ4edRYVJsapr4z,239720502823166669
tz1d9Y652aoNq7351TAYiNeWy4FdWuuw1JxD,549691783407693
tz1LWMmDzH79xyu6JvELrnvWLBBVjZg7TnfN,49794525267166222
tz1esBaTjr9qFQ7FhrDQF7N7bTpNSVTkGbMU,1747926028255888
tz1LaWQ2BUAdTVNz9nb7AhKDcPDQsb99tzhD,358400994453562
tz1RfSFe1dxP7wh1zSffEnskgqvVVWKNKZG1,2194134215657141
tz1czGMShkB8ZtCHKHeCPTY3CpuiCrjsGJBy,3391702438144982
tz1UQ6cQZef4MuskJjV9g8pXNZa5s8ff1oQy,5998150921361799
tz1aZsKPTRdkm9vaQhWv9Mz8ZbwxSHmf7t9T,1401652964107111
tz1KyRUKbkuBTK5uaidmF8FbWHYrMjdw6GuP,726214727752460
tz1dTmMLY7tan1HKfW5e3KxJcfZput6UuTH6,114115881578930
tz1daKxrqyoFUCcuQj36BeMN9C1Ytmjg5p6n,31428639882016909
tz1YZ4VZCRPoiDyGP3U69jCq2S8duDUcRjHP,702645731178878
tz3VvvqkW6D7bSPej9x3pghjTozTRbaB4Gn2,3785024160674072
tz1Y2QaG5AtmfN7rwBG1coLQKFTTSw55g3Kk,12231656837537
tz2LYELYe16viwVBaRjZc8GsauKRsxTGPvB1,17257317024948704
tz1gXcAJZUYqK8JkkGDPN63cPQGu8LiBndK1,23853064822790083
tz1gN5Ch4VeDZjiM6R1KPMBxPWFxL3HHKZyT,3866459558714801
tz1L5rXu3RqYBjZzjWXLaFANYZcwS5Pb1ZST,575243689023083
tz1Md6npfDk8cL8rjnPNZU15tHvyCZkcGDuu,1722008530684008
tz2WYko4XXaV4B5mzjguTeRkkgw8LyB2jA2d,3335187078784192
tz1NkFRjmkqqcGkAhqe78fdgemDNKXvL7Bod,101978912346572373
tz1TgtGGP3TDUMnUw4UzRTZHrsmzsSKraau7,9439063728366
tz1QkQLtDkqpw8VSymi13A86jh5iaCeMriMJ,47200750834858742
tz1h6J2pn9X3KMghNHZikrh3PtEpgCcRAjHZ,130864003076677316
tz1VCyNit49HjTmz8SEgeL67x4BLuoTaeYMy,71128579758283038
tz1gACjUSBkWjqWv5ZBMRk6G9Sp8xNAYgwYV,6171473184907240
tz1ieVZFcRity1eybQtgUyGg8NLEYWNqKtQe,1143664396818315
tz1bKUD8UtyPfknyWyMbtTqsfdMuWomrPdSp,2040737580935977
tz1T5GmdYXDWwbhBrU7RubT7Z2dmz3ZmKwCE,29357397964285623
tz1XLpud4YtVgwiAJezLKUsAo9K2s8n2YPqx,3976177055089055
tz1gmajxhmKt22CbcsSA7WWXSATgbuVEmzTC,1749533559627639
tz1cfzEz3R8YKMqC2rbKnr2XtpNjZxH6RGdy,998598510689507
tz1MNGNi6vfbqGdhikvLBGbcz3FncMpuvU6J,20123784598165
tz1hR9eQYNNTZ4VGUeipK4PHtyyDEDmQ9dSf,21779592595211690
tz1RxeY78zE8hNJbqPypB1mTVyTsBRmPuqry,2893035596761002
tz1UnGY1PRznh3CJzSFaW2V9EZdK36AYneHi,165785241320615245
tz1ecAtwNdrsABBKa7Bvn9ZEq1Ze1EvS9WTW,15625034706268168
tz1SBF19iLiCc8dNpKe1Ym9juSAKaTPyeypF,562997659926186
tz1X6ADVxP37XjYppBHMLVRJQwmxA2YxztbQ,5514670445358521
tz1T1u1CET7ek19f5P59vCdjTNFWAscYQ5ct,21592605045139509
tz1c6Brwut7ZqXQfkjxDXvyAUL2Mr43p2JZZ,39724728434354
tz1V9qHfFxixcXJKWuEziUqvdrQ7BWpPnWTa,14536540786886671
tz1Lqnwap8kKynTpefqqSH158i667Wdg8HVA,4269299186590451
tz1Kp19QyYUnXuE6cxuXxsfQZbyqv5JtKPku,2978956815828130
tz1cnojsw9qgMbdpgPeCcWPf5GX4YPvd4HAh,72563423779396913
tz1fbJACCskangcgy9xjDSiEYgh7CUmSo9oc,1020069772563790
tz1dKaw4xdNjfufDSLWRxumNBwe2VX4mxXyW,45070717819350882
tz1RJf644pa7QAZqKzrPQGiYQPyubXarC4cv,787421970475380
tz1PTR7wFs8pTFarkpsZ7zrtVBJhusyNRRM5,2724462008386594
tz1awQgCgLpgnkxRvbnKemRws9uqp6WASwRD,36418517419383
tz1PaJwmmL2nrRt5K6HvwFEc6fUfxNe6Dyp5,1937094185626089
tz1YSwscBZCf26kSPvqsnUdhnS4XQD6mAjcz,20637243854134446
tz1iCiA1vKmgfZbY533ZgMwFKZ14S1DQNooQ,1904145276237915
tz1hNGWJUFPFV7AWLXvxGzJVEfCZ8KJ77PJA,2083051468965812
tz1MqSihmFMUS3qAmWPhdQWhzrhJJSBMaVCB,141872308770706
tz1NPu5aFQ12P3KGhBGgt7G79SAgVj2Skkn1,6551899563058020
tz1Qm3DHkV7V6peZPyWe4rv6aToH3nRmWEH7,356228463260242
tz1KsiwkQ9pyrt4Ra7QrAQp5LQJCGxHQrY1n,5224938137514024
tz1dz7eYRd5uV2DndcPWFeEHYGgw4bJZoCBN,9000277669477933
tz1eKTUc8X17nVmtVRtxBcs3hwUPXWuqP2AS,8406119340099073
tz1hXx6tvTV3kzxpBR6E4hDYcxdgcRGHUTFj,417928933521458
tz1fkZtnjNfQHtEyUpyX9Tqq4RrLKx35qBxf,3691123310848379
tz1chg2T1s4DTjLqthPc49HDcqkFHMwdSPwb,13022787439550663
tz1Uzm53vPr2Giyi32yT9GUvBErKqHPBjvQL,7304422527529873
tz1aR3nrJgUyU5B623U9s1MtMsMjA5Wz5c3G,16464359141719330
tz1YaPLZuVmZaKB69BjJXKUDgNaZrxBR4Lfn,637619873633524
tz1WNk2o2hJvzjuZRNmZQwjLQuv24wDv1zjU,68231698359703135
tz1br5Mvr9VMEb1sb7HDtxpCxKVbZ5XnDqJi,2878893155268723
tz1PMB2EKqwkD2NDuf9tvdqhEjhBy3pBGQKX,2877749429217101
tz1QmBcwm7RH6swEYNpsZZfAWCCFaW6wugVT,51948172487450562
tz1LxqBcvRbZhp34C2ab62CMy49wFbsQSzD7,616535859189066
tz1S5RkjdXMREayGWMawArqqpyMqGRjohJJr,5223402754417810
tz1bZ8vsMAXmaWEV7FRnyhcuUs2fYMaQ6Hkk,880556996706208
tz2Kmi3xEnXk8c7zqWSQqSSyfNpWt6ovG38D,15360669411945292
tz1LgePVXLZYNhHoRQ6KgHfQjQ1uq7JJPZDa,11669830548269439
tz1gk77xzDAG3sif9eFvsqUnzaGh4MrzaCp3,3709677436771439
tz1cWUkZFBZ72Yn9desxcgS9KdH4BVfqd2ZW,12366215424309008
tz1a3LNYNZTNN2SLMjWSUc5jtLWFvZ1kC7BR,28645479979337077
tz1MiKQQw6u5CWaBZHtn7Xmbr6f7fCQZyZKa,59869482396762
tz1SGPStfd9v5upQUxRiHPC9666X4FpVAmK4,84446187033864
tz1iF629Cc91SJkmQRAWAm6nYavf7RgpAqZh,13193115654253429
tz1hJso9uzj2UFHr4rGA2o6s41UK8NLnGpUd,1934498149562097
tz1WHGwmdEr4iruf4v9r6bdHgzC5v8SKYTkV,836813638837759
tz1Uza3jMhipiQMtmeEidizjbSqnqZMQyRv7,164317338255508
tz1YqsEWdPxBmqVKsJircrwBmCmZDtHAgHzp,19289281522479863
tz1ZLMaECyswARea2bTsBws9eMjgUm4jG8Uj,42598703672186231
tz1hKW9ZbV7U1hb1zPfrE6HG5UWsKt6eppMa,33394680618766503
tz2H21wDMLHDJ4jcJwPr8cmhFatSv276Jama,6276074467318522
tz1NySiq6aHysD6Rpu4bYhFaVe3ASya2qB8D,27442923393863813
tz1Rb321A5bMKjQdczUs7TyJBeXjfCtB4mYd,74908211614714439
tz1USU2xSWb7CBYGJYat2X7An9sr3cFfsLwi,1831611466982844
tz1aoYg1xYeEdnLrAJ7y2r1T3aMBCyms6ppJ,14678538842504402
tz1Z5RUwr1F7BZiHjeHkPSpWBwb1EgwiqXk8,1388908037432887
tz1WxCJ3UpzyWsXmmkE1YjYzbBv6jXYkbFYV,859931676000215
tz1Y9QxwVevgnxVtG56YS6s53W6MBKVdCPCB,6473151349988703
tz1fq3tMpnnsZ944DVxcJqsVNGsWTPvqJzvo,8837009443297044
tz1PrecMTmNArbdvQxtZLUVUBT8rcC86dKZC,814052920684359
tz1Ty6Hq9GpzxmMs5Sv1VQ7cP2U4KuSCAN3K,2167527364002639
tz1gV6MqrjtV5MtVaATuemVsXDQZJgiaFiaU,3105443014797773
tz1Q1LWn8wCK77L4xetjbH3Ar7sDaSANezZx,646320485199601
tz1dugdoeZULYPA9phfkpofrP95rFqhZNXeR,185384108120760
tz1UecmgMghaWovhh9EYfqTrK9gTtaiMtbzs,214914118052160
tz1gGwXf6Ggkv9T4jGmp58jUMU2Gh2vYjDyH,1334016397312387
tz1QjPnpmqAJYSfDtDM7uTf5bkZDNY7eBECd,4591628755334342
tz1aVZZd883FwyEx5g2o3TgQ7pwEYi2f6apg,795207442406887
tz2MzvuRU1GEKi9udpqzLpGYfDoZTiKZ3C4C,12860631607297691
tz1SEox4m6JwzUjLL2daQMKU7XDrvsEukR7X,2654336140126344
tz1XJqUrY2okTwoJFgHFJKQV98tsn2oC6Twj,1142692490841996
tz1VqXA6L6hPEFjvsgWv7Viw4xQn5GyNszzy,122913216406406234
tz1Wf1Lqz1yHm27P2RQJAVV2CMxnhYK4bBGc,5510396247199290
tz1f6qSGVtbzq9kMbuefmSX62cRJgPUKo54w,28166788784417
tz1iuQgH6htUbmdLALotF4HHbbKxjN7MkGd8,558454924827821
tz1cTS1WwovU7SC783xgJxZrzr151mcshmNi,10864139368992905
tz1f4Z9FJfgStP7v6Rj7BMJnWJ9Mb1NdAGsS,19655436604626
tz1ersiy3MYVu89DFXvW7Qb8AM6LYptSsoT7,5569695102186303
tz1UFF5DSDDtk3fM1ewaLvVG6fhaAeCdgYEt,705034984013240
tz1dcpUhXGeXexEXispSpfv7CeufoFnV7AAf,34147820195481171
tz1RKRhkvC7MQgKfPejvNaHGshWUDsyJKZdT,16509579678642112
tz1ibTknNagJCgQPgcbPvJhpSyS5vxgdyFt4,5635905930269078
tz1SHzbhYsbX6Uk51hJC4JkjgWM1gWaSwBqQ,1112436365964056
tz1LGkz6e1mTymuFyHBVFQZsHEtHepCYYgXD,27458492125682617
tz1NW1MMFL3jytxBjhx1qATMJyY47vLBMa4p,44905843501183315
tz1QRm2TJKnarZ9tbL5CNjN4Ltq9pJtytuk7,18751305651974
tz1WJpBDRGfa21un4yQDKTGXZw561nsGg7Qe,558130161574608
tz1UXAsfFeufr6p2PafNr2oXNrTDSdtwwdgm,446232118899893
tz1dpa4iDvAySDpgrcDCQky5Qk4kzLxHm8gf,4276008244105632
tz1YPUNi7KW28VxZNEu3fNkRkJG55G9p7wsN,369075533455708
tz1YpusrSty7ULz7w9sM814trSRmM1aNbmZd,12369916237653325
tz1cuj9Cgi19KMRi83UuypS89kXM435qdhmy,54134529978616
tz1N5jTEgaMoMWi1i5bU69wRCNrLvLL9iYpY,1084946803903396
tz1htwxBMBFikeP8SnQiEQyA9n1ryDrDFyLK,276733525885041
tz1XTyukKgkqq9P83UkV15np7EtSSEy4kAeY,283132498173751
tz1WMFtCLLeRiayH19ZiaErKq4Zu9p5N73Sr,1700007396692
tz1RFUjzPENm3vF7quaxfELQCfNTCSjAsFdA,2714882066964131
tz1UvkN6NDmGtkBB84svr5MRWsqQxMmM5chq,140151447060574
tz1YjsPAFc2RmuKa784bkeQhdVLzbnRVtB7c,1421959387988131
tz1cLd3gXJ9Fk5c648hRzFvTnGfT97CxcHrj,2663770807152926
tz1Te5JR7gzDBwtZLKPWSPuTGFE4JX21vVur,349434398062155
tz1YDRhXyq5ZHMoHXJX67rHSrUFTqhYjFo86,1393462012258467
tz1NGDuYTuuB1geX1K5b88cqa8JinFLdd3d5,1786960873462867
tz1gqVB5kR6VTTDZc5BU5cdADzxJhot3JoQq,45914005083
tz1XykUaKpskyp7hDEZjmuNTk4gFU58a46KC,155045976854442580
tz1dghYwdzvHc3tYHp8iHpNUSpmAvvs8Zjs8,1045952649463962
tz1RwqsGoUqGfTegy7fnWg5b1ArKevJSudE8,264253384163598
tz1PuipWs33aqS2KSG5k1qQtC6Dff1P1GBmM,49788625543147
tz1ZNxMa8XsMa8JTv776X9iCETcNoo4SY629,342846490158990534
tz1iAAJhH465Cf3BnsKQ744XHypQGY1v7Ps9,789602899648
tz1a5QW18ULwjJK71LSc7UqNGgryrFouHzf1,13288880390755981
tz1Z1ZX2B98nEAvEnLXJBCnsJ6K1GqaSp9jK,926674559639151
tz1enT2GWv7U8jyPmmoVb228u8hvi6hJh5FF,92327041605759
tz1RyhUycXcivQ3jzF7ZpFZNcoLcgmXqcrSz,10393458854267438
tz1gVon2mQhvutR49Yd5XK6k4ypwWfFjMZtz,713504337313
tz2HSz8b961xoDjDLy3aFGogvW4HEqXXdcR6,8312393227616654
tz1eSGjgq2NmLWnaQFQxafXK8ZQF5V7Sz72y,15465429731433387
tz2EP3fw5CbUUgJdx4c3Xono8Gbc8PLXGRM9,43258556124917501
tz1e5b7RDRhmUWsiXur9MhyRBBTpCoNeUuwa,19307856387830
tz1VCogGe8xeRgQCLrVhPbwo6mBSQxAXep65,1553665662183784
tz1LFFspqhK9KRQNvS1ahZ1RcpQ2PNeM8TxA,3080501146688
tz1ZhteLTqobRVCYsPj44oFfom5BJ2SdGxeE,1948793332411840
tz1aRF3qMDrbN95f8dGYTKPaey6J2qQQnk8j,180272815968786961
tz2ALu8Jxf2SMgzSZaZEwfiJQbogpUDPStwz,27662089614067398
tz1gLNb49fErXUiYdreLAAV6twp4v3Lm8V4H,4160865761469757
tz1fCHiWZ3ReGqvhxkMejVzcnXYz1rnsJpow,88381484335265
tz1Mdpj1npkpaxPHF2wFN6oX8SovVPfHyXSy,267299765152542
tz1PXJVTDRHBcjJGpD4h6PzDovisMJuc8zVc,10289082738841967
tz1L1i5BVehYJBebCGvPYU9kZYGKBELGUJGH,12068468448338771
tz1TR56EbNTEEDeRrsPzQzoyvwFgZT25q3JR,879856702400024
tz1XbQgDFCaT228TPS2YUeHHfpVqGW7ANCDw,52255628303406412
tz1cJPtF6fU9DQFVhTifFCPxDNjKiCm5TKHB,795962812755443
tz1S1Aew75hMrPUymqenKfHo8FspppXKpW7h,131615885211570
tz1ip7fCgktJzFWxnoDdNBjpF4ZCWw9qfScc,111642176507571859
tz1Wb4LakUUYuFuuEgXXQrNZuBD49Trodhwx,976556229084855
tz1WzQh4yDUuTpZBDdRwMrnkV9bs1upnSANF,2495220258426
tz1RAfKUFBX6P2jFkCpzLFntju7djjbtKAKr,37501662804273638
tz1MiQ6euA3EEdnZxJ6EPwVsHzd6vQ7AHJmU,1842647750034584
tz1UFwr89hcJvC4sNCYK7zSLcaD4JW2KkNYD,10160524237606146
tz1Rm5QmNUnQetDKSVW8srM29hjPRiQCgqJx,14596133965777
tz1TiJBTfVoXxregtdgCs1rYd55APXSAmniz,2063316830797758
tz1UNdZnQnfmxaG5Uh2v5TsoYFPox7pyQkZ4,11293915450524
tz1ZPSGxrrPPfrmoGJgpXDArNJfNNy3qGvE4,830198921371444
tz1ZU7vwEU4aoKard1acgnpGi8fFc4VkKzbP,133755059455308
tz1iQ5n52oSKgdtdYtqEJgKmQYbL1nn2poB8,22311717057759432
tz1gueZ7eL2KnvxqWudHjoTH3ZPiUCmwNKR6,2746765378709280
tz1QxepCwQ45EwtcxkgXZezHbnidvK7hUywy,14871132739698081
tz1TVZgy4rejPUkEF3bsxLGNCp6H4gz4PaGf,426777908183188
tz1WT27PugwGBtre1hsj6BHmbAK2qQsVbRDo,2309266799839736
tz1fL2TsQR271w84MXx3qFD7y4PZ1F2mpHFA,6301568988409457
tz1KhU89QWZuuhhnDD1paFp1jYMdpJLh55im,5220499912998623
tz1QQyhTMAmNQPcSGkM7GfDva8hmuFPAxUMB,18392126697319969
tz1htnC2n5n27PFD41q5X8bDvDcjbGMUS3f5,55967824052940924
tz1PoickddNEkRN6qp4K41u4KUW43vZ1UDvF,29876975367013232
tz1b9qYttBxHzoEseqabgvQiCxafZzkAtH9G,8316077653478259
tz1MQotPcNdc9R3nWCTwXLMDqKLS46WqW7Wx,8365078219810044
tz1a89Pvs553YqhJdCfDdQrRuQeykHMvVSRX,192651536628484
tz1favSqpvTLtedjTm1UjuEmKfgm4o9kyLd1,5001496567931819
tz1XYuybht7U1RVsUip7H7S31fBDxpUgpTXP,1347869353080
tz1WHUWCMqVqq5AagGN5DrytqWz88tYgedUr,100854020381908
tz1YJvMiZyXnzvV9pxtAiuCFvaG7XoBZhbUQ,4673025841524836
tz1TmSForCvNii8rmwL6q2jgicQfqjNFtj8K,9410697141724107
tz1RSYHrs9rpGHn2CcgKGGUQL4RvMqXxtLdA,2047735416113023
tz1Su8UYhcLvUPYABx7kYsWRVibZdiZPnmh3,166237071502034397
tz1eoqCSmqPQtTLs53Rj6gBB14eQh2aHWVxu,2113300869332642
tz1XhZUHsJAFp4FHoeeQQ7auVBk5j6xoUKbS,254727652658589
tz1Pwh2MBs6q2SeLHiko3iJpfMwsDV46bqQU,47660557814444637
tz1ZWbokP5pGwT3tTtLPP2KhXX5ssg1EtDPs,69743060820539
tz1hLWsybqnJtQRFp8skYy5aZLGNmL9bMUpa,4750506474820272
tz1PuYitvGfsBm7C3oYAXqNc3t5wNhWZj5Dh,4512989792156115
tz1NsE7vEgP3M9bDdkNGF4rCaTUENp5h56ZU,27016153960483
tz1eRrQnioaBfZkWnXxYth5ZHYJqr48E854Q,11052344700165996
tz1dbCAvra65bwTVk5mgkYUHUGz3hoKwovZ8,2118110188524067
tz1T5NfkdPfhkXzYx8akPkdznxSgU1Uf5jEG,3805203109873842
tz1PYqfNnkpZydtSY2Tn3Rv8mjkgUpHJpFXC,10571884658194345
tz1WidyAU8wuyG25Pd7b93bcx9hMu7W9Pea8,10179290373202839
tz1VRQHQLw8Yq8tjxYLuybyHfhdqZpj3yXMw,3228239615895
tz2CCSPbBJLu3mrEWzP4RJn9jNMz6JDboRCJ,14888916231599
tz2Mz3ovkZR2HyC89CHHSdsrPya1mKSmLWfD,732287489144847
tz1ae2d1BJt7YUqaaec6Xenh3mBqS7VjSZtK,989509606381490
tz1MA5sPsCo8ySkTpMbyAEbKf5v4WwBr6XLg,1936599401412529
tz1g1vr7gbU7kwxVqmbmnovTGtdeRxFE6uBk,1737474611099877
tz1L1XwcVmD2z4qPfLtBJ6RPThgAwLcXG6kW,110259730173152
tz1VeyZaPimHfrJFy8WwsCYzxHR3VmGTMpgK,1074651325901312
tz1epFVHmqeWvvkFf2eskwhQ1AY3JwWd7Ej6,2158567752296328
tz1QRcnskFh7eaV7QdEnjoYdDfrDqHgmmrvF,5605480399905060
tz1XybkRZWjLx3hwcy1hQ7PT6FWEhpHm1FBv,77379661984711
tz1XcuwadWbLKkc4mDVxRo25dbtwfEa7wf2c,3859988837571203
tz1MkNbJTzf6uADvfSJKJvArvRoVvjk3tZz4,761699006039405
tz1hvRvzke27MGtp8CsSvsafxyyMWSVYM1ut,354408914727589
tz1a7MJ4HMNbWDhKZAqrvzX5P6u2E2mJyJiV,7449649720545052
tz1citPWufjty33AZ9KwZDztqrTzdNjfQU7P,43510947109075429
tz1WntXgznbivRjyhE7Y5jEzoebAhMPB2iJa,3156392807439893
tz1b58mxvQAc98hbXjcrgjf5xnSwYXzi5gX6,2523521932562186
tz1WeLuPLjUs53Yr1RCgq4EQ4d5SvV651Tqt,254810978908290954
tz1Wo716Gggp5HfupfxtPgmYu23rDQNcLcD8,6867894906590899
tz1imyQrFWHyTp4avUNAw52RxdFjU3HPviRN,683533176422626
tz1isKR8pS4pdgU934K1S4UpLsF56ECJNArh,2483142393787674
tz1ZVoeS9T3H451BgjTe18pM1q1LPd2cgB6Z,109421761371753
tz1Kx4ydaiJHThd2nTgXR25JPTZtKyLG9KC1,1294352322198519
tz1eL4fYCgegW8tLCbQ1mYiKY3TdDxWnnKo8,3301437284701329
tz1Rhg2UDkjgLhemdSMtiGVGRmzwVLVaHArD,570481187434223
tz1dPHDXSCFo8PienbvDMyCKr5DXjPMrZkJ1,3003133388114076
tz1a7by2HMBv9QA8WT3t5fhu3E4XPofzcukg,469249320186855
tz1eFe7ufhpTuqh3LHB7zYLuFgB1rFCPXnzN,1542866879511806
tz1fkkxXSMtSQew8F78XdsnaC26AfsXtsGiY,707988943842825
tz1ZuiTWKXKqYfzFPaSaAG3Huf9QM1AdZ1pJ,1602069396694130
tz1RsCndtupuxe2U3syGAdcRBzpNqJZ9ANNc,53689358447899291
tz1MrZQhiNiHK14oEq595DLsVQ9wC4Nv2ZXW,1201915598924169
tz1LJQ6MPnjGekNAmhFmkm8XWtM6UGx4MyF4,12203601350927464
tz1cGtKd7EeDGW1v3d6B5tuiy81LfzMp1FfU,641438046589647
tz1hmxzW7MuU8HeRoCFPGZJnavGf5unqgaph,7287601838180662
tz1Z6QqrAbEAMDLsis3v6b956sfH6qLTSEex,689463237411902
tz1NnBgY2ze24nQDpdY72wb1GVsee1UfAT3d,263439574749832
tz1dAW94vB3yYfNPE4LM2txBT8PQ21Zq4Xzf,279333558744966
tz1eeR22tmjPN3rGDikEMvpe8jcdXww3dqTt,1963412294498158
tz1MsfyCeQEt7khed67HHsAidezZ1Th6mjzB,680607042395363
tz1WBMWCwjuFSsiiLUWKEQHEACNEat2S3EsD,6521077525039148
tz2SuPjN8dYMJQe548bTvSPL1fdStZPXv7gT,103263666208285782
tz1N33TtiYBQ67sw32rhCsMSVpZkrSHWe9aq,30474989148912616
tz1QMjzbw5Yoi2zPqUeg2yuv5GZdmXjhh9mr,1925606029591002
tz1ZutSZgCHEzxspXyoSYSREhwHh5g4PM8hN,1867181970816068
tz1dDw2YD657qFqQq5tCtbkLxrgnEAECm2Fj,2864213813486152
tz1NrRkB19Su8iBGVTz1cXbG3oCw29GSmasw,3053933146969036
tz1NJS9T6FKTnKUkVNv2g44GHTAhzH77qiYw,3885241672187798
tz1URL5HNuTa1fHqqCtUKXUM3hm6g9c88NgF,6038118670531
tz1YPBTsfVCgRSzri3cUfNzBRbQ84G5RQ6DF,7104902266348860
tz1VLGEhMhsb2HDhUaa2oeHQ8qM7Y7s72d3s,16152877027583530
tz2M9C5x1KoZGoQ9xEY6fQ6Xwbe2GU1RTzRx,1313214748636917
tz1RCQDHtpdcwfgF1Kbbyusd6xhfjbXanhZ5,2495219651474512
tz1c8JTzmA6c7cm6ZmUwR7WES6akdiMa1kwt,2944462830895442
tz1XRTNgXgWmR4PqxZpiB6HZJ8Siz3M2JAim,880693769707835
tz1LxL9L2SmaFYw7XhyATaRAiLWCgxKmycBC,8541528881392124
tz1imbraxLCQ9TUpnJVP31LS18hpTqG5wv1k,2064682530775770
tz1iDuz9LvybPBC4kDc7ceBoKVDwwzJR7zKb,56288885974175416
tz1eJiCVNV3YVn2im3wzJZQLj4TdFJ5KabzE,3723250807963496
tz2HYjnnRbzPpUGMUYGKVXDnsfSKKqH3aCVT,24659826245727689
tz1eiyML8sHGBL139FwJQJeLGHWAFtDqPz4U,181067778312590
tz1YQDCB6Hbn2ozMyS2kf6WPJDeRvJtmtNqQ,781906855945477
tz1eeNRXYK56vgSfXHFcXorubcaBBCVpUY1Y,50720239050133
tz1TQw8erN1a2LpfRSNMExicRXMveBPbvTKE,1006250392680
tz1gaRjULm9qy4D83VCvb4ABWLKpz4XXfqjx,862933103047187
tz1hAZNx3LrRKFgfRytoLNVGhCrzU1uVDUHS,2843261909188692
tz2HGysnSAQAetSyFYCa7SoH6XXVwbVqMHnM,3887119427521794
tz1W28xB2eAvRGCXmVduC63Gx6gGDp87zqbB,7546538233336505
tz1gJaXdi7Gweq8TUSy9knB2wLjioTKy2tZF,8175138498373197
tz1PoXtd7RGVBwWmmZvxX18NQXYpbNdiwwtE,4863701892718306
tz1RLCvv7wrWq4hTmyKk1zZuZeuUXNViSgRD,23764340543323177
tz1fXXFNod2gQDT2Vf9ibBortMmsKKorUv7Q,252250547939489
tz1QFk2DJhPkzp2nCN7Thpo4askJjQ3Zw6BU,2028121806237279
tz1bRDYJHp3ACUojEeM6Ja442YEwNmcb7ph9,1465135818064531
tz1MDs7ym4sp2FsQhL32vuAnEqG3ARhM9Vi4,576541544462426
tz1Xy5UM1tC3CFcbPBVq5PjufaxcLjMwfQkE,49728622457986
tz1RAKBnmd1X43pkkGqywYCRgf1Uo6D77zMx,49646153651271
tz1ezWyS2cFiqrNyiSVz5VKEKnmDN9Ah1zSR,4017273223320977
tz1KgzP46kFAohMo8NHXkFU7STZDkAv8LVYq,371364672336824
tz1cXwKRD6AMy5nhqEVUU23SBxcAMnh2aKLn,546719572678234
tz1WNQE7B2s8woZp1d5U4SeRKHmssN7TvsDi,2165579210624539
tz1imrUNR1R52GxhP4y6XQCDDXtQs11GarTN,35353230322065
tz1c19XDWSTDVAZJXdxdGAPuGpoemUnGtXYb,757898033486
tz1chab75LnyqBqNwrK11459SGCFQXLg9uyx,68677732655309
tz1USfPTFciXzVsQL7Rk8HmMWyWtFEas7fh3,1724063395319514
tz1btYY98CWBVCGEikD7s1buWjpicb9kG8aH,34828215057944
tz1fj962xSPKTA57yWHA43VeVzo8KqdpNAeF,82879274082052
tz1ioU6W4otB7ebgRZTq1EVVra3vMyXqeqsm,434683273681912
tz1N8oU57qMgDRr6N9pSbhaiWRRQSxJRPGoZ,77272128875120
tz1fCEeLBcuSMSittqTnMEhcFdPCtD1HsiZc,168636417097233
tz1WsKkY3TLDvqTuK97Xu4zuVoTb2nsr7J8S,287527678799233
tz1dAekzaZ2VrjvuNxoaTZ4dY9XjgrjBvBro,2583219534720778
tz2DsS3zeg4pqoUnRPHxvuRSuQrjDnTZcTNJ,14152739243427
tz1gSGxwMrToBdzLeaxg4Bregv6W2oEbNLC8,13754003412802068
tz1dWwKG6Z9unqwonQUWV65gkz2YhABiwF1R,1870995697463078
tz1X8AQxtn4KzBwMZ6MZUVFDcACrfnyfYhDg,618161179918
tz1KxARuCbAoiGGesnQjr2pvZa7CzJR7V9D7,1038272200608257
tz1LGVwoTMUhi76Jc8TeaNUQhanfeLLNF4xm,814644843716579
tz1QS7N8HnRBG2RNh3Kjty58XFXuLFVdnKGY,84075382786934130
tz1RAP1j8SjwT587jyccTNArBFhC9HhGKfHq,179170486786437
tz1QiZCuJMuVz3aq7j1Bq2v3BRTQPCdTw3Fb,2724944940436341
tz1L8hBVpams2fWFC9kS1sPVxfGY6Hmg5TQ8,387294402676559
tz1TQSPkLPqXUREhxvYzPbAib6Jz35w2a6tw,788997047056727
tz1XD1xSVzgY8Qs1id1kNyFJDbv9e9pNMe2c,674239137835205
tz1Tk1MJDZ96bK85RLAqtKfnptZZyXsJ2jaq,1761889594444816
tz1avT6pCusXgxhnffuJzk49Vq5QppLVegHB,604146975285973
tz1RKg4C5yKTzm28Qj9gKmfUozCDrctDpx4G,804451313426147
tz1Kw5M75chWdw3HUBMg2bsp164TrVXRsGJR,564509789576862
tz1XAFvpynqgRBizrYs12fBt563NSHm9FWve,469345282916867
tz1hes6aF3Px3D8nPQx27fdwBKrXmGs1UYxT,668609113878897
tz1c1BG1PEeuhMFwmonTVSGafehicqbBJFec,111319976169333
tz1UZ78ecNwH3T583wmY6nUrjpyrXP7do4hL,709071382054129
tz1bF5LgAwDooVGC1cT6eSnsvmPt7WaByJD5,211059379204221
tz1e826sMLNdz1CQLzthLDBJCFsinxqGDzv2,459128472644132
tz1WtkHVMtif3DXVCZ9pUCqWcBsmqgFjgdkk,57627221722086
tz1ivMszr6h94yTACLXjJzK3tuvRoDHqfpwN,51000295960790
tz1THwbFPPPBHmBu4cmLV2SppLFrA5QfBhyF,435506122014608
tz1U1aA8tyN6QByoYLhSvNu3krJPLYqnkRVa,621072632042033
tz1QSwx2wnmrTjEGrid79c4tpFMxjCT86SAy,1021844313952833
tz1RcJYTsoYQ7adtNMANhwd8qf4zApM4i2Yd,521955681421381
tz1cvrgSekgCqgyc1c2qFPSeMtux6AAAfDsk,11788583120513
tz1a1ZcbAeBEjxYSwuNKxSu6FbFB4dxdL3m9,14552954363355
tz1NZnfrNgCGdECyAhA93TLPTSciJcZBJqDY,770580147775751
tz1UGuKv6PzgVbofb42VgeRwDwsVN47UpuZB,1901573336372157
tz1eCzNtidHvVgeRzQ38C81FPcYnxMsCEL6Z,11132583809713228
tz1N3nvFqipu91tfU9s4GXGsopawpwxSoAJh,90883966805674
tz1LFeLTRQZrgKxbmvjz2ckViRhVw9BZXw7t,21533705411265140
tz1XuzzMTz1LhqbRPy9uxfRkccSxju3v8Y4j,994355331542995
tz1MoiwNRQWHfA71aypNk8J9CsKjfmq39c2F,3828832259554623
tz1hhphPmGxL6HEmEjoVSJBy82FMWbFwzNCD,20406860023019
tz1YHLm7Lq27q3rgVXLY424zQMkvncVvNiaK,104914268996510
tz1fKtBhuuZiMYhM3Pi1hcP2sjRbstgDrmqX,30253570856145
tz1aoz4qrvkwo1ezDQaNCFZb5kg5tAvC25xR,212584742874615
tz1XEA7cp83PyiXfSxWu3uHjA3EF6Gdh3Vhq,93442334328245
tz1UXMLCt7dqbUiJ2BHRhE1gFkdVkmCZYcM9,29281641842604
tz1iKF8o1hCLaTNZcCJpgKQBQxkpcSiBy5V6,1100143312286349
tz1c2iwyckUCcicx2qxqtwLEartYFEHg1pvB,495083154941088
tz1YQs3qHgQGGQm14vX8vMDWwzY1DFXHCzJB,509586885778683
tz1PQDUDph7dDCn8pLGXqaR79DiUWLiSZdEf,2619435401799164
tz1XYkHggnKNoYbm965gwKattMWK6bomgVSX,381228073510763
tz1fUZ5pMP1gUjuJsp5V631cXmA87Kxm3cuZ,3023452583793534
tz1KiUXfWuF65Ck5zY4otx8t5pHToY8stYhj,73816526092196
tz1YQXd4LjZfDaKRvSTwBEwgggREFfX95JUc,261531335084286
tz1hM6Pz2e5vJbd1YYkYHcj5RL7tXhcn59Xr,1218581854947262
tz1NVsmLrZX4jad9bNdvM1EskvcTq2LSZhLx,1521121595605264
tz1cBNfPUb3Gi6oezs6fpXtki8EzSwjnoNGS,2432905110173224
tz1h1ybLPkwDH85opBrU6hge8wSsRQBnAghf,23410457280751827
tz1PKoh9LB2P3pgh5ahaAFnrC2QBmUxcHDJU,181029722839699
tz1cqoo91JCc6sKmNuTVKNzwUdi6E6moHWFb,734875790477512
tz2HdbFWnzRZ7B9fM2xZCYdZv8rM5frGKDCo,550598567844189
tz1ZGNErBKdYeEPjZuqKXhyTixQTTPn54bx3,107789975664394
tz1iUyniY5PPWrzE53cs6jBwNKUun4btzMcW,4595938303700153
tz1gi68wGST7UtzkNpnnc354mpqCcVNQVcSw,450297919655766
tz1XoiGxnmjnkaKcNyG4rrHNNEoh1u5VidxY,1064544626271295
tz1QVUXNoyCfKpAyxDpq8kR3rK2AShuzQxJ5,1746000988460143
tz2HZ2yRFd9F3uLcKnLukEXhuUz3HqhZf8mA,11355788118785515
tz1UVTMhbMiSETKCxFi413yZ7imF1xeyt3fV,496205117993532
tz1XisBzUGgCmvC7pNS6hxvQ5hMvXUTd1p7D,1236268460600551
tz1S5TbsJCWmCyRh3ghJ2rWwQHHbcvoh1uYV,4802453315097308
tz1UAYfFWmaTrQTYMptaGCw6LrXK5Yv84VnQ,2225470338946587
tz1XgakycyAAuhtzXcbb3Eh57ZQ8cBBHT8YG,244577216957436
tz1hLhGe26gqt78sZboxiwne6zgKMqirRieW,581234091960825
tz1YfiydbiaKMGPuavawX4rQtXdn9wgpdDKS,238328627809789
tz1RYTr2WKdJD1MMV51kN9AoxPnxZJgJ5sqU,23943133617657
tz1R6mtcAQwBTK9YpSqRL9y2a6JZWgDkBm6M,2370948509462511
tz1Sv2XMQNxcAqyqyyv42FHjf3EGwJ3Godj1,2394161672059653
tz1NCsGajb5YgZdhdviKrfisN3VteMasnzQi,116119163384881
tz1Vh4cX8VutUUUnnjmnY2omSV4F26T5orLH,2508667767742897
tz1hgSYGDwHFqC5AwW3P7vYfXfdwwsx4ALAN,937994256528
tz1QGCWjNpYmcS6T9qFGYSam25e36WeFUCK4,211399017790042
tz1URdfSGhAfbtpEkjWBmpTt3pyLmxdHdPYy,62503949121298
tz1LApX9pPhcDUDznHR5TTCcSXh3m6zPgFHA,92764010617734
tz1hUY7paB2J5EhD73r4oWL6uZubf1UibHrk,272936498024824
tz1MgDFQvyV8Vfc48HgeqMbCD2Po7nhoWDeL,4499808532835
tz1PWZTKd1zhfuxrixGJoHJ6G17SQiypwe5m,1585843921320
tz1V1Hu7nMcgVuMKDEZickAKHHZavLKTB7Vh,582167005456
tz1NKHjwrYfg7GWwbWZ3bvdejkVL34De72Pz,869365708431
tz1RaZeHEiKewSd14gZ7HKfcQ3HaNHJ5tnV6,1811499893718943
tz1aiLrqvULcV2Kfvzt9dUmqnLQnoNXPPek8,169561524564873
tz1M2h2hPZzov29kf7xcHXrunXb2jFSbfiNd,85317824674288
tz1MToDUySbYhPabULUyDPPsfDQF1cpZPdoH,7812804644811
