Address,Amount
tz1NRbpmTuPEFCCYCqCr7i3hkMRDRhBFgmxz,862067104459408
tz1SBxNvpDFC4bjW23CtQfVLqN5cBATVf68B,3386681354792281
tz1Rgo7URug42QnhBM6eLy4MWdfwn4RovHy6,577377204109393040
tz1V3fPD3AKPNwZf42PKGzFaWU3vZ83Gjvfq,121239527913412
tz1YTQ3Lys25j8FhZQY61eoYErYUteSao3ez,1821082340129248
tz1R3bKH1seset2h49p4vrZJCEL8voJgSK2G,33746705114503
tz1bdRJkGkNQ7homh4PTnkVM7xzVWhuC4EMm,93591744156765644
tz1Z2Ne4ZHxNPuCJeCcoykHVXTqhVdLMD9gV,173158758499051572
tz1Qji1NnEPj4Cxa9s2WEoWi9U9KM6a9gdDL,29355815585947786
tz1cmanHzitf3UgWgECzLpGUKpzEfmGZaFsw,14587377185359734
tz1RartAmPJhFsL9oAhZndSL2G7KCsaQqqkf,750571978844008725
tz1YrfZhjFnhgERznXtYee6c29n3PBeam8A9,1716289455336
tz1MyqKoe43P4Z8MfHoXVBTrohgcbehp2zLL,47430102569776821
tz1SRcMg9GRXi7paNeAc3ARn23mS3Z5dXa6S,1670962877468368
tz1YjtCLzjw3bqPxJh6MqdVBFrM2zrsA9kyg,848974677649352
tz1hD7VdzRpWG3nmYpCyW2gNc8mQNs3TCgxu,8366807709191450
tz1f38MX7YT2Q7MAq3mDdj75GTN7vgqV2TfH,103117884690145
tz1aBDeNFooBEmBXnWDVgLknNMUHMYhHVcRA,137117066876384623
tz1hD5k7QW9ChHCgb2YLthKFirKDYQiNPDJz,4781348789624030
tz1cjTb6ijvnPrJBfaTEFphxDovW9xQbkmDK,1878388923505
tz1ZL7ekzieKxwngCCyjsCN5qhu1ohwJQEBy,11189020850942901
tz1enbGpES1NDr2kTaocDhxvMqtpMy4ruhW6,4459384468144395
tz1ehGMhxarDhwppx14PX1Y3eqbZ5W9Bc2Y1,1108808054555702
tz1ed4brTwpFg8hFUJSJ4HqnsC7sEjVesMtb,31168917821093397
tz1QJE62jTxHis7kZkbDT2zsYZyauNDNzWg7,13867947771641752
tz1gWt7kUnJtGXoT5BYzHVa89qGp6QVvQmyp,22350514808982696
tz1epR6pJmPaJ8vvzNi6V1T51ccocX1Y4VBb,567163815682799
tz1W19DveaP3mW4WvFtdVdqGsWwBL5q1QDSK,10239502823391979
tz1esdEqZC5Nz3HDFseHvpH6SmQJPocxLzA2,5710980264955785
tz1ULQQ3S4kFLhhpPsegiMVFmXx2G6ewmbTA,32043892795322309
tz2Lqs8WFf2HDG1RoxG3EAtuHjDS27XQANWT,1829587563499
tz1LRrXCmELevk5znmVcYD63TChSpYh3vaE6,501263562998707
tz1S8GvdiWQghwPMMzbNvRh66rcfmhEA6vj2,119276715644507536
tz1N9qzry2ko1gwTK6HKWamZZK6FGx3Vr89U,1233893508163450
tz1M5swezYMnDaim71PSeb2cPFk49ajrvDV6,3153495666916560
tz1QQ4HyGbCZDmQxeVHoLP99KLyfvGvyX21i,151319102347937988
tz1WKygtstVY96oyc6Rmk945dMf33LeihgWT,40732136688146683
tz1Rux3pGrp2KpZUBKvg3VQ4edRYVJsapr4z,86397615312691985
tz1LWMmDzH79xyu6JvELrnvWLBBVjZg7TnfN,82403838263685442
tz1esBaTjr9qFQ7FhrDQF7N7bTpNSVTkGbMU,3764898401495658
tz1RfSFe1dxP7wh1zSffEnskgqvVVWKNKZG1,273733539760675
tz1czGMShkB8ZtCHKHeCPTY3CpuiCrjsGJBy,2903523477
tz1UQ6cQZef4MuskJjV9g8pXNZa5s8ff1oQy,9936728150329461
tz1dTmMLY7tan1HKfW5e3KxJcfZput6UuTH6,446987578234750
tz1daKxrqyoFUCcuQj36BeMN9C1Ytmjg5p6n,8895912025067323
tz1YZ4VZCRPoiDyGP3U69jCq2S8duDUcRjHP,1146095917399419
tz2LYELYe16viwVBaRjZc8GsauKRsxTGPvB1,2397847271418471
tz1gN5Ch4VeDZjiM6R1KPMBxPWFxL3HHKZyT,272656341397695
tz2WYko4XXaV4B5mzjguTeRkkgw8LyB2jA2d,3719695211132670
tz1NkFRjmkqqcGkAhqe78fdgemDNKXvL7Bod,11847455172014721
tz1QkQLtDkqpw8VSymi13A86jh5iaCeMriMJ,91369264005987618
tz1h6J2pn9X3KMghNHZikrh3PtEpgCcRAjHZ,36439854309164
tz1VCyNit49HjTmz8SEgeL67x4BLuoTaeYMy,118592688072333436
tz1gACjUSBkWjqWv5ZBMRk6G9Sp8xNAYgwYV,16567113617914039
tz1ieVZFcRity1eybQtgUyGg8NLEYWNqKtQe,2841512133670381
tz1T5GmdYXDWwbhBrU7RubT7Z2dmz3ZmKwCE,55048929130575804
tz1gmajxhmKt22CbcsSA7WWXSATgbuVEmzTC,287557386336343
tz1cfzEz3R8YKMqC2rbKnr2XtpNjZxH6RGdy,1665460557811700
tz1hR9eQYNNTZ4VGUeipK4PHtyyDEDmQ9dSf,36354634697751480
tz1RxeY78zE8hNJbqPypB1mTVyTsBRmPuqry,4830085759352266
tz1SBF19iLiCc8dNpKe1Ym9juSAKaTPyeypF,26006503901135
tz1X6ADVxP37XjYppBHMLVRJQwmxA2YxztbQ,473356871265485
tz1T1u1CET7ek19f5P59vCdjTNFWAscYQ5ct,36079198690464952
tz1V9qHfFxixcXJKWuEziUqvdrQ7BWpPnWTa,24294042768372297
tz1Lqnwap8kKynTpefqqSH158i667Wdg8HVA,7137870271402451
tz1Kp19QyYUnXuE6cxuXxsfQZbyqv5JtKPku,112777986171206
tz1cnojsw9qgMbdpgPeCcWPf5GX4YPvd4HAh,121355520573386344
tz1fbJACCskangcgy9xjDSiEYgh7CUmSo9oc,306572828724622
tz1dKaw4xdNjfufDSLWRxumNBwe2VX4mxXyW,79449696975334550
tz1RJf644pa7QAZqKzrPQGiYQPyubXarC4cv,4079900363074
tz1iCiA1vKmgfZbY533ZgMwFKZ14S1DQNooQ,1266162496378733
tz1hNGWJUFPFV7AWLXvxGzJVEfCZ8KJ77PJA,3492624814065625
tz1NPu5aFQ12P3KGhBGgt7G79SAgVj2Skkn1,10605632206785836
tz1Qm3DHkV7V6peZPyWe4rv6aToH3nRmWEH7,1454319466710569
tz1KsiwkQ9pyrt4Ra7QrAQp5LQJCGxHQrY1n,6892095067237040
tz1eKTUc8X17nVmtVRtxBcs3hwUPXWuqP2AS,64269900052795553
tz1hXx6tvTV3kzxpBR6E4hDYcxdgcRGHUTFj,111487545
tz1fkZtnjNfQHtEyUpyX9Tqq4RrLKx35qBxf,6196823881931774
tz1chg2T1s4DTjLqthPc49HDcqkFHMwdSPwb,19514035634417314
tz1Uzm53vPr2Giyi32yT9GUvBErKqHPBjvQL,5277638500643127
tz1aR3nrJgUyU5B623U9s1MtMsMjA5Wz5c3G,37215753072279104
tz1YaPLZuVmZaKB69BjJXKUDgNaZrxBR4Lfn,1037079759568476
tz1WNk2o2hJvzjuZRNmZQwjLQuv24wDv1zjU,105133621191192890
tz1QmBcwm7RH6swEYNpsZZfAWCCFaW6wugVT,87501565252524205
tz1LxqBcvRbZhp34C2ab62CMy49wFbsQSzD7,1588903103966227
tz1S5RkjdXMREayGWMawArqqpyMqGRjohJJr,3833003357053971
tz1bZ8vsMAXmaWEV7FRnyhcuUs2fYMaQ6Hkk,2009961063955
tz2Kmi3xEnXk8c7zqWSQqSSyfNpWt6ovG38D,23170284421785410
tz1LgePVXLZYNhHoRQ6KgHfQjQ1uq7JJPZDa,1379869403020167
tz1gk77xzDAG3sif9eFvsqUnzaGh4MrzaCp3,2966769811511396
tz1cWUkZFBZ72Yn9desxcgS9KdH4BVfqd2ZW,20858442617359008
tz1a3LNYNZTNN2SLMjWSUc5jtLWFvZ1kC7BR,55117241341731422
tz1SGPStfd9v5upQUxRiHPC9666X4FpVAmK4,43627587598680
tz1iF629Cc91SJkmQRAWAm6nYavf7RgpAqZh,17116295320757309
tz1WHGwmdEr4iruf4v9r6bdHgzC5v8SKYTkV,2310056691250045
tz1YqsEWdPxBmqVKsJircrwBmCmZDtHAgHzp,188807476039357238
tz1ZLMaECyswARea2bTsBws9eMjgUm4jG8Uj,72027258802688902
tz1NySiq6aHysD6Rpu4bYhFaVe3ASya2qB8D,4847284603746202
tz1Rb321A5bMKjQdczUs7TyJBeXjfCtB4mYd,43587204744991230
tz1USU2xSWb7CBYGJYat2X7An9sr3cFfsLwi,3101593613752305
tz1aoYg1xYeEdnLrAJ7y2r1T3aMBCyms6ppJ,29527500338350114
tz1WxCJ3UpzyWsXmmkE1YjYzbBv6jXYkbFYV,3246783832783125
tz1fq3tMpnnsZ944DVxcJqsVNGsWTPvqJzvo,1521876233986555
tz1PrecMTmNArbdvQxtZLUVUBT8rcC86dKZC,37534809177243
tz1Q1LWn8wCK77L4xetjbH3Ar7sDaSANezZx,394393412590151
tz1dugdoeZULYPA9phfkpofrP95rFqhZNXeR,7151853359328
tz1UecmgMghaWovhh9EYfqTrK9gTtaiMtbzs,86666564901926
tz1gGwXf6Ggkv9T4jGmp58jUMU2Gh2vYjDyH,2278677358112079
tz1QjPnpmqAJYSfDtDM7uTf5bkZDNY7eBECd,7867114923658784
tz1aVZZd883FwyEx5g2o3TgQ7pwEYi2f6apg,51998574825640
tz2MzvuRU1GEKi9udpqzLpGYfDoZTiKZ3C4C,1528489074565971
tz1SEox4m6JwzUjLL2daQMKU7XDrvsEukR7X,48094757319759
tz1XJqUrY2okTwoJFgHFJKQV98tsn2oC6Twj,2185682891303622
tz1VqXA6L6hPEFjvsgWv7Viw4xQn5GyNszzy,211554987413107057
tz1Wf1Lqz1yHm27P2RQJAVV2CMxnhYK4bBGc,4854217704699048
tz1cTS1WwovU7SC783xgJxZrzr151mcshmNi,9220184546489270
tz1f4Z9FJfgStP7v6Rj7BMJnWJ9Mb1NdAGsS,2423642301
tz1ersiy3MYVu89DFXvW7Qb8AM6LYptSsoT7,9575950884240371
tz1UFF5DSDDtk3fM1ewaLvVG6fhaAeCdgYEt,298822896089166
tz1dcpUhXGeXexEXispSpfv7CeufoFnV7AAf,58774568330610358
tz1RKRhkvC7MQgKfPejvNaHGshWUDsyJKZdT,34753698003071579
tz1ibTknNagJCgQPgcbPvJhpSyS5vxgdyFt4,1561052177186
tz1SHzbhYsbX6Uk51hJC4JkjgWM1gWaSwBqQ,1928228007436807
tz1NW1MMFL3jytxBjhx1qATMJyY47vLBMa4p,282749670377875
tz1QRm2TJKnarZ9tbL5CNjN4Ltq9pJtytuk7,7621356160210
tz1WJpBDRGfa21un4yQDKTGXZw561nsGg7Qe,53475238901243
tz1UXAsfFeufr6p2PafNr2oXNrTDSdtwwdgm,779250500522575
tz1YPUNi7KW28VxZNEu3fNkRkJG55G9p7wsN,500551311841881
tz1YpusrSty7ULz7w9sM814trSRmM1aNbmZd,39181392009103681
tz1cuj9Cgi19KMRi83UuypS89kXM435qdhmy,94582480870205
tz1htwxBMBFikeP8SnQiEQyA9n1ryDrDFyLK,484728610640442
tz1XTyukKgkqq9P83UkV15np7EtSSEy4kAeY,496490861804932
tz1WMFtCLLeRiayH19ZiaErKq4Zu9p5N73Sr,1294290732945
tz1RFUjzPENm3vF7quaxfELQCfNTCSjAsFdA,4778678754998464
tz1cLd3gXJ9Fk5c648hRzFvTnGfT97CxcHrj,2953116815590019
tz1Te5JR7gzDBwtZLKPWSPuTGFE4JX21vVur,186988850874
tz1NGDuYTuuB1geX1K5b88cqa8JinFLdd3d5,2423651647437817
tz1XykUaKpskyp7hDEZjmuNTk4gFU58a46KC,278055903931696171
tz1dghYwdzvHc3tYHp8iHpNUSpmAvvs8Zjs8,57648346572665011
tz1PuipWs33aqS2KSG5k1qQtC6Dff1P1GBmM,670498599212705
tz1ZNxMa8XsMa8JTv776X9iCETcNoo4SY629,922244715939350903
tz1iAAJhH465Cf3BnsKQ744XHypQGY1v7Ps9,2472115147
tz1a5QW18ULwjJK71LSc7UqNGgryrFouHzf1,784853154438350
tz1Z1ZX2B98nEAvEnLXJBCnsJ6K1GqaSp9jK,1690608517547450
tz1enT2GWv7U8jyPmmoVb228u8hvi6hJh5FF,168703308286717
tz1RyhUycXcivQ3jzF7ZpFZNcoLcgmXqcrSz,3942636213722940
tz1gVon2mQhvutR49Yd5XK6k4ypwWfFjMZtz,1900135564
tz2HSz8b961xoDjDLy3aFGogvW4HEqXXdcR6,15237932062552973
tz1eSGjgq2NmLWnaQFQxafXK8ZQF5V7Sz72y,44478580310439854
tz2EP3fw5CbUUgJdx4c3Xono8Gbc8PLXGRM9,3665181059228899
tz1VCogGe8xeRgQCLrVhPbwo6mBSQxAXep65,1953660647137222
tz1LFFspqhK9KRQNvS1ahZ1RcpQ2PNeM8TxA,4600301837943748
tz1ZhteLTqobRVCYsPj44oFfom5BJ2SdGxeE,3744020534010342
tz1aRF3qMDrbN95f8dGYTKPaey6J2qQQnk8j,156379989058815040
tz2ALu8Jxf2SMgzSZaZEwfiJQbogpUDPStwz,6936656579497032
tz1fCHiWZ3ReGqvhxkMejVzcnXYz1rnsJpow,16915309315259417
tz1PXJVTDRHBcjJGpD4h6PzDovisMJuc8zVc,1749661444144118
tz1L1i5BVehYJBebCGvPYU9kZYGKBELGUJGH,30559443514116038
tz1TR56EbNTEEDeRrsPzQzoyvwFgZT25q3JR,1667732126253700
tz1XbQgDFCaT228TPS2YUeHHfpVqGW7ANCDw,900426696523150
tz1S1Aew75hMrPUymqenKfHo8FspppXKpW7h,2060095956
tz1Wb4LakUUYuFuuEgXXQrNZuBD49Trodhwx,1915408112702772
tz1RAfKUFBX6P2jFkCpzLFntju7djjbtKAKr,71637988053739824
tz1MiQ6euA3EEdnZxJ6EPwVsHzd6vQ7AHJmU,1496423934556663
tz1UFwr89hcJvC4sNCYK7zSLcaD4JW2KkNYD,20218266310731629
tz1TiJBTfVoXxregtdgCs1rYd55APXSAmniz,3325237238
tz1ZPSGxrrPPfrmoGJgpXDArNJfNNy3qGvE4,1670779686793344
tz1iQ5n52oSKgdtdYtqEJgKmQYbL1nn2poB8,45373118696144146
tz1gueZ7eL2KnvxqWudHjoTH3ZPiUCmwNKR6,5638277137409185
tz1QxepCwQ45EwtcxkgXZezHbnidvK7hUywy,30594856634492966
tz1TVZgy4rejPUkEF3bsxLGNCp6H4gz4PaGf,545494197558494
tz1WT27PugwGBtre1hsj6BHmbAK2qQsVbRDo,3149410530970586
tz1fL2TsQR271w84MXx3qFD7y4PZ1F2mpHFA,8147813859720996
tz1KhU89QWZuuhhnDD1paFp1jYMdpJLh55im,11239994823126627
tz1QQyhTMAmNQPcSGkM7GfDva8hmuFPAxUMB,77453945908158502
tz1htnC2n5n27PFD41q5X8bDvDcjbGMUS3f5,123030377495456715
tz1PoickddNEkRN6qp4K41u4KUW43vZ1UDvF,36744566860384116
tz1b9qYttBxHzoEseqabgvQiCxafZzkAtH9G,34630824199669285
tz1MQotPcNdc9R3nWCTwXLMDqKLS46WqW7Wx,19176721891816887
tz1a89Pvs553YqhJdCfDdQrRuQeykHMvVSRX,279388774303
tz1favSqpvTLtedjTm1UjuEmKfgm4o9kyLd1,33764685935671601
tz1XYuybht7U1RVsUip7H7S31fBDxpUgpTXP,2268529194
tz1WHUWCMqVqq5AagGN5DrytqWz88tYgedUr,1067486514770692
tz1YJvMiZyXnzvV9pxtAiuCFvaG7XoBZhbUQ,10694868634304315
tz1TmSForCvNii8rmwL6q2jgicQfqjNFtj8K,21549665741163139
tz1eoqCSmqPQtTLs53Rj6gBB14eQh2aHWVxu,3646570196224443
tz1XhZUHsJAFp4FHoeeQQ7auVBk5j6xoUKbS,585735735844584
tz1Pwh2MBs6q2SeLHiko3iJpfMwsDV46bqQU,109698777625638428
tz1ZWbokP5pGwT3tTtLPP2KhXX5ssg1EtDPs,2228248973826961
tz1hLWsybqnJtQRFp8skYy5aZLGNmL9bMUpa,11743526724517561
tz1PuYitvGfsBm7C3oYAXqNc3t5wNhWZj5Dh,10398730286494379
tz1dbCAvra65bwTVk5mgkYUHUGz3hoKwovZ8,4885149123802804
tz1T5NfkdPfhkXzYx8akPkdznxSgU1Uf5jEG,8778581965808967
tz1PYqfNnkpZydtSY2Tn3Rv8mjkgUpHJpFXC,24395871469538497
tz2Mz3ovkZR2HyC89CHHSdsrPya1mKSmLWfD,1692347068879853
tz1ae2d1BJt7YUqaaec6Xenh3mBqS7VjSZtK,1466898116628305
tz1L1XwcVmD2z4qPfLtBJ6RPThgAwLcXG6kW,255780365164028
tz1VeyZaPimHfrJFy8WwsCYzxHR3VmGTMpgK,990279324016429
tz1epFVHmqeWvvkFf2eskwhQ1AY3JwWd7Ej6,5041176118772734
tz1QRcnskFh7eaV7QdEnjoYdDfrDqHgmmrvF,13111031920191042
tz1XybkRZWjLx3hwcy1hQ7PT6FWEhpHm1FBv,2013046944643750
tz1XcuwadWbLKkc4mDVxRo25dbtwfEa7wf2c,9034606832855693
tz1hvRvzke27MGtp8CsSvsafxyyMWSVYM1ut,831811948719459
tz1a7MJ4HMNbWDhKZAqrvzX5P6u2E2mJyJiV,17491846698873185
tz1citPWufjty33AZ9KwZDztqrTzdNjfQU7P,67048810650743895
tz1WeLuPLjUs53Yr1RCgq4EQ4d5SvV651Tqt,185282888380264231
tz1Wo716Gggp5HfupfxtPgmYu23rDQNcLcD8,16272093810110125
tz1imyQrFWHyTp4avUNAw52RxdFjU3HPviRN,4479539264246249
tz1isKR8pS4pdgU934K1S4UpLsF56ECJNArh,6051677780603257
tz1ZVoeS9T3H451BgjTe18pM1q1LPd2cgB6Z,4093267799737790
tz1eL4fYCgegW8tLCbQ1mYiKY3TdDxWnnKo8,9717194523985535
tz1Rhg2UDkjgLhemdSMtiGVGRmzwVLVaHArD,1206728680982977
tz1dPHDXSCFo8PienbvDMyCKr5DXjPMrZkJ1,6241990834749454
tz1fkkxXSMtSQew8F78XdsnaC26AfsXtsGiY,1698770414141515
tz1ZuiTWKXKqYfzFPaSaAG3Huf9QM1AdZ1pJ,6185379602942721
tz1RsCndtupuxe2U3syGAdcRBzpNqJZ9ANNc,129197646639731927
tz1MrZQhiNiHK14oEq595DLsVQ9wC4Nv2ZXW,513609788555518
tz1LJQ6MPnjGekNAmhFmkm8XWtM6UGx4MyF4,29567714690567967
tz1hmxzW7MuU8HeRoCFPGZJnavGf5unqgaph,17772281841648241
tz1Z6QqrAbEAMDLsis3v6b956sfH6qLTSEex,8178529724898
tz1NnBgY2ze24nQDpdY72wb1GVsee1UfAT3d,650116032100991
tz1dAW94vB3yYfNPE4LM2txBT8PQ21Zq4Xzf,1454185759212059
tz1eeR22tmjPN3rGDikEMvpe8jcdXww3dqTt,4847284763706594
tz1MsfyCeQEt7khed67HHsAidezZ1Th6mjzB,1681011422386055
tz1WBMWCwjuFSsiiLUWKEQHEACNEat2S3EsD,281024984602061
tz2SuPjN8dYMJQe548bTvSPL1fdStZPXv7gT,216528994462927427
tz1N33TtiYBQ67sw32rhCsMSVpZkrSHWe9aq,75701979584618627
tz1QMjzbw5Yoi2zPqUeg2yuv5GZdmXjhh9mr,4847347628140620
tz1ZutSZgCHEzxspXyoSYSREhwHh5g4PM8hN,3034400161
tz1NJS9T6FKTnKUkVNv2g44GHTAhzH77qiYw,9831595588450194
tz1URL5HNuTa1fHqqCtUKXUM3hm6g9c88NgF,15306130021995
tz2M9C5x1KoZGoQ9xEY6fQ6Xwbe2GU1RTzRx,5593967389268
tz1RCQDHtpdcwfgF1Kbbyusd6xhfjbXanhZ5,5725096854688497
tz1c8JTzmA6c7cm6ZmUwR7WES6akdiMa1kwt,7674591103914191
tz1XRTNgXgWmR4PqxZpiB6HZJ8Siz3M2JAim,2296858359312427
tz1imbraxLCQ9TUpnJVP31LS18hpTqG5wv1k,5447552232232165
tz1iDuz9LvybPBC4kDc7ceBoKVDwwzJR7zKb,148627857914896005
tz1eiyML8sHGBL139FwJQJeLGHWAFtDqPz4U,484728484611043
tz1YQDCB6Hbn2ozMyS2kf6WPJDeRvJtmtNqQ,6591609123152600
tz1eeNRXYK56vgSfXHFcXorubcaBBCVpUY1Y,3121651284
tz1TQw8erN1a2LpfRSNMExicRXMveBPbvTKE,1774106164
tz1gaRjULm9qy4D83VCvb4ABWLKpz4XXfqjx,2349310821162280
tz1hAZNx3LrRKFgfRytoLNVGhCrzU1uVDUHS,1909613641938656
tz1W28xB2eAvRGCXmVduC63Gx6gGDp87zqbB,133293281002231
tz1gJaXdi7Gweq8TUSy9knB2wLjioTKy2tZF,969020582242452
tz1PoXtd7RGVBwWmmZvxX18NQXYpbNdiwwtE,13414637999508794
tz1RLCvv7wrWq4hTmyKk1zZuZeuUXNViSgRD,227890788553643
tz1QFk2DJhPkzp2nCN7Thpo4askJjQ3Zw6BU,1549154294325194
tz1bRDYJHp3ACUojEeM6Ja442YEwNmcb7ph9,4758199413803251
tz1MDs7ym4sp2FsQhL32vuAnEqG3ARhM9Vi4,5138121965960766
tz1Xy5UM1tC3CFcbPBVq5PjufaxcLjMwfQkE,139345748473266
tz1RAKBnmd1X43pkkGqywYCRgf1Uo6D77zMx,139335947263798
tz1cXwKRD6AMy5nhqEVUU23SBxcAMnh2aKLn,1553794287694913
tz1imrUNR1R52GxhP4y6XQCDDXtQs11GarTN,100534015684962
tz1chab75LnyqBqNwrK11459SGCFQXLg9uyx,2542862653025635
tz1USfPTFciXzVsQL7Rk8HmMWyWtFEas7fh3,5570608952242480
tz1btYY98CWBVCGEikD7s1buWjpicb9kG8aH,104640261960341
tz1fj962xSPKTA57yWHA43VeVzo8KqdpNAeF,5169992658544296
tz1ioU6W4otB7ebgRZTq1EVVra3vMyXqeqsm,1312205341901695
tz1N8oU57qMgDRr6N9pSbhaiWRRQSxJRPGoZ,1194242907844318
tz1fCEeLBcuSMSittqTnMEhcFdPCtD1HsiZc,131984456046890
tz1WsKkY3TLDvqTuK97Xu4zuVoTb2nsr7J8S,896242632499321
tz2DsS3zeg4pqoUnRPHxvuRSuQrjDnTZcTNJ,282529082419381
tz1gSGxwMrToBdzLeaxg4Bregv6W2oEbNLC8,45058378593135688
tz1X8AQxtn4KzBwMZ6MZUVFDcACrfnyfYhDg,1997081256
tz1KxARuCbAoiGGesnQjr2pvZa7CzJR7V9D7,3536117172118430
tz1LGVwoTMUhi76Jc8TeaNUQhanfeLLNF4xm,1269893371898899
tz1QS7N8HnRBG2RNh3Kjty58XFXuLFVdnKGY,290542327792196777
tz1RAP1j8SjwT587jyccTNArBFhC9HhGKfHq,622977753070519
tz1QiZCuJMuVz3aq7j1Bq2v3BRTQPCdTw3Fb,9514327107861430
tz1L8hBVpams2fWFC9kS1sPVxfGY6Hmg5TQ8,1353072914730710
tz1TQSPkLPqXUREhxvYzPbAib6Jz35w2a6tw,4416998808181326
tz1XD1xSVzgY8Qs1id1kNyFJDbv9e9pNMe2c,2423919183911224
tz1Tk1MJDZ96bK85RLAqtKfnptZZyXsJ2jaq,278947468976929
tz1RKg4C5yKTzm28Qj9gKmfUozCDrctDpx4G,2938593919764667
tz1hes6aF3Px3D8nPQx27fdwBKrXmGs1UYxT,6663199601979237
tz1c1BG1PEeuhMFwmonTVSGafehicqbBJFec,411909759021213
tz1e826sMLNdz1CQLzthLDBJCFsinxqGDzv2,161359124534742
tz1THwbFPPPBHmBu4cmLV2SppLFrA5QfBhyF,1712665877703560
tz1U1aA8tyN6QByoYLhSvNu3krJPLYqnkRVa,240429758742950
tz1QSwx2wnmrTjEGrid79c4tpFMxjCT86SAy,4145477613359322
tz1RcJYTsoYQ7adtNMANhwd8qf4zApM4i2Yd,3757749846034226
tz1cvrgSekgCqgyc1c2qFPSeMtux6AAAfDsk,85343390547793
tz1a1ZcbAeBEjxYSwuNKxSu6FbFB4dxdL3m9,56809356364807
tz1NZnfrNgCGdECyAhA93TLPTSciJcZBJqDY,343501138714462
tz1UGuKv6PzgVbofb42VgeRwDwsVN47UpuZB,8188426776394332
tz1eCzNtidHvVgeRzQ38C81FPcYnxMsCEL6Z,17000392208554617
tz1N3nvFqipu91tfU9s4GXGsopawpwxSoAJh,398567966848462
tz1LFeLTRQZrgKxbmvjz2ckViRhVw9BZXw7t,96071447302162326
tz1XuzzMTz1LhqbRPy9uxfRkccSxju3v8Y4j,4500155788443033
tz1MoiwNRQWHfA71aypNk8J9CsKjfmq39c2F,17365607537781842
tz1hhphPmGxL6HEmEjoVSJBy82FMWbFwzNCD,97070475722478
tz1YHLm7Lq27q3rgVXLY424zQMkvncVvNiaK,533201379121351
tz1fKtBhuuZiMYhM3Pi1hcP2sjRbstgDrmqX,156018221384797
tz1XEA7cp83PyiXfSxWu3uHjA3EF6Gdh3Vhq,524490411211081
tz1UXMLCt7dqbUiJ2BHRhE1gFkdVkmCZYcM9,170908352594815
tz1iKF8o1hCLaTNZcCJpgKQBQxkpcSiBy5V6,6846373339171856
tz1c2iwyckUCcicx2qxqtwLEartYFEHg1pvB,3116669531686615
tz1PQDUDph7dDCn8pLGXqaR79DiUWLiSZdEf,1804127737001278
tz1fUZ5pMP1gUjuJsp5V631cXmA87Kxm3cuZ,6438110608697967
tz1NVsmLrZX4jad9bNdvM1EskvcTq2LSZhLx,16835082798656705
tz1PKoh9LB2P3pgh5ahaAFnrC2QBmUxcHDJU,1506966939667315
tz1cqoo91JCc6sKmNuTVKNzwUdi6E6moHWFb,6402429281917019
tz1ZGNErBKdYeEPjZuqKXhyTixQTTPn54bx3,3247680684
tz1XoiGxnmjnkaKcNyG4rrHNNEoh1u5VidxY,991128648751518
tz1QVUXNoyCfKpAyxDpq8kR3rK2AShuzQxJ5,16538300379077882
tz1UVTMhbMiSETKCxFi413yZ7imF1xeyt3fV,4944989957416941
tz1S5TbsJCWmCyRh3ghJ2rWwQHHbcvoh1uYV,3556047754484694
tz1UAYfFWmaTrQTYMptaGCw6LrXK5Yv84VnQ,26323101484090
tz1hLhGe26gqt78sZboxiwne6zgKMqirRieW,1617741100852058
tz1RYTr2WKdJD1MMV51kN9AoxPnxZJgJ5sqU,264138067819661
tz1R6mtcAQwBTK9YpSqRL9y2a6JZWgDkBm6M,3235643296747167
tz1Sv2XMQNxcAqyqyyv42FHjf3EGwJ3Godj1,18286553598982006
tz1NCsGajb5YgZdhdviKrfisN3VteMasnzQi,1211847384043264
tz1Vh4cX8VutUUUnnjmnY2omSV4F26T5orLH,267125716720712
tz1QGCWjNpYmcS6T9qFGYSam25e36WeFUCK4,2913950321289271
tz1LApX9pPhcDUDznHR5TTCcSXh3m6zPgFHA,1559574979963810
tz1hUY7paB2J5EhD73r4oWL6uZubf1UibHrk,5231745052873060
tz1MgDFQvyV8Vfc48HgeqMbCD2Po7nhoWDeL,7223741523162849
tz1PWZTKd1zhfuxrixGJoHJ6G17SQiypwe5m,2409100448
tz1V1Hu7nMcgVuMKDEZickAKHHZavLKTB7Vh,2593297263
tz1NKHjwrYfg7GWwbWZ3bvdejkVL34De72Pz,2539977132
tz1RaZeHEiKewSd14gZ7HKfcQ3HaNHJ5tnV6,52247980297650471
tz1aiLrqvULcV2Kfvzt9dUmqnLQnoNXPPek8,8342621481341297
tz1M2h2hPZzov29kf7xcHXrunXb2jFSbfiNd,24358608303609835
tz1MToDUySbYhPabULUyDPPsfDQF1cpZPdoH,3650113764613899
tz1gMfLSQs6xTM2TcLM6Sb2njJ6h9qhSsT9Z,3659708047585782
tz1Mt4ddsTmDs4of6kkWYvMWSUtM8zbGNMq2,2263681909
tz1UNTxRbAYTSBSdHMjoUoYAtLH4MHMUiGwg,504613446920860
tz1YUJitqsUrFfFzEp1d2RiqVwV61J8aPb4E,2782341362
tz1TqqKqc4t2Y6PTvxeuhF8kNjVn8HpZkKma,3524088068241935
tz2VoUZvPNLyq9bZ82VoDLrhkH8n6eaUoS6E,664952959515198
tz1ZvbLR47deoqaSgsaRXe7hbgDgwonBicnV,27110087868585525
tz1L8m6MGdvK2WA65wQ7DeVwXVmCS72JKWeN,215180382091103383
tz1iCJRFVD1oY7yQBap6X59XktpKHJtgCGyS,165014616801674
tz1bnWUvcfU77EBpbLUQ41c3hCBKovGuqyGY,11092944073411475
tz1STAzkywd9GnKGvJBPL4xWte3LCniyu5ho,3196852009682226
tz1g6cLrzLxNayiVyb7BLsKK6TfwboqWaYPx,124636619717637
tz2Q6ugZbronUHSk8fbuHibBrBEJwrzgtL8X,974304389549801
tz2Kn9u9cxvTczP6CjirJnEE1UApmoCzuGPB,2689157536568817
tz1aHfKHR887WzmpA56K2diKDufR3QJqn9iK,179034689872573315
tz1fcuYiLoHA1qD8vLJmSJPPKhGANGLJZgin,1874687576310
tz1bdbHUpDrUx7m5g4VTSkjnc3mxnquzRTcw,19911376166708860
tz1NoV2nnTuxavEAuozNyHm4nqT3qtkYUNYW,2612686401
tz1TQJjDtzUWWAa5a9H61iyPZmuKRfX9hXi8,90088234912979
tz1ewd8gDnG3USrTRJVdbpsyieVv9fWDMPNk,9468093879034754
tz1Tpms3fccT8x1pVY9BQKgnvppew71pTDDd,484820224319453
tz1bNLPqmLVxWF6puxbFZHU1yCJLiCZmHH2E,6855333889369
tz1ajJzH5YBGRuXnU7QDJzY2qVRGcysUbxJE,484731184548567
tz1YT4u9DnGFiRM8AXXACY8LWuV1rW3A2hFb,137553735408535
tz1QppHuA9TUoFN5Ek2ZSmRPdU1xQiwRSnPb,269911421299668
tz1fne8nhZuSRgzaQPyaomKQcFRfthyicBQc,484728654266004
tz1PGFWJqZhk5BabfqxfYixpVH9S8vY7NKj8,3097414861
tz1Uva3ynPUXqpAsWJ3CxcXVPG7HEXB19rzU,4953246758996262
tz1cGZNvVyHrKgbRu4b23Nw896JD6GYhZKQm,4945086258420163
tz1i9THBDe13YzhSmcdpcWKJrL4raaJ1cpN3,4936945922548016
tz1apbBneTw4Ap2kdmv7gfTv4kDPYbR5HAkn,4182921917466340
tz1MJ4C21XhL6B3YptprRWMuL8oeJquUhz4u,963940287754746
tz1SMoz8tsJzeQPtGhPEjPnanQMvFc5KitVh,270412538429288
tz1XuNQgqT23u9KcwmRLGGQ6w2n6dCE4bmoV,563361644911737
tz1WrZ2Th2eCuq5NuZb8nHXPJUjaBE25Uwgv,1673605132889
tz1idC7XEoSZ45sXLwp1ujYJ3yNFi2tkLT7A,404932959358645
tz1d4649CmmMEzXBWzhTgTkFxy9ATNhb5HC3,54621413276791
tz2CrWArLr8eRCj6mp6yYQAKshR9MuyaK3Qu,5501088226998631
tz1UdGjnCNd5ifzEShXft78CmazG9gj4fdrN,25462978886998
tz1WqkwtGV3ttnchD3bqmucZwByduHq8EN8f,286695004250570
tz1fvhxJtMzKYkXM3fvXrQEyAXyMLYayTtZ2,165140747897979
tz1dVTewmwhAqfBcAgDuDuF2sPUaafuPA8mr,5149236663527756
tz1ScePe2eXYo1RBdEe12hNY8KrvHyjFhHw6,60359546692505
tz1XNmNga2NyqFiNpmEN66fpySDoGWoKpKXB,316613457805692
tz1dXpsNAWLHVYNWSqhrHCHT6wh6L1fKZfo1,76391029880656
tz1N2AezxpvrXzvGaqNVW9BqXxJ6Rcup9M4p,2244292771
tz1iFKBz9HbJDp6omQGG9LC9bTXF4zKdkJfR,212729584931414
tz1fFCF6FogyPLLjSk3FNTG7gVdDWfPCWVni,2743563085
tz1WUmNdnrv1w75V7ntFSt5kSuyQfYuo2hqK,166609554455536
tz1LYQiMSoy34xAUD2NnsJLCTmb8HYYR9th9,249049823240604
tz1VYa9SB4LtsHLWZnJXc1JuL7wuX46orE2Z,1249592240679314
tz1d9NBC61N2Xjo9LvXAQsKPqC4HaL1mFD9X,1815606917450604
tz1cAxm3wHEUX9tY87sSfdVfHgCWcPCTkNTA,3522348043335013
tz1iNdzx7BJpGD2e2YaV2QbsteMQWMAXjjDf,155579723526150
tz1YrFGJ542U6jpYHpe7BFHxNfa2mb1wpAdH,18605379479260
tz1SPVSDCDpbqigKWVYnbgHEudxSM3BASPZj,33857885141265100
tz1f7C7HeTczoCxoo8oQ3vBDRQTiNM3tFTZu,2129535804892371
tz1P8pHeW6qWzBkgeDvi3bc8depN63r5tt5s,591177226637403
tz1iZnkruZaYGv3dfER3wEasjJj5xpaTtMjN,7270927031648703
tz1Y1svqGfYwEN9J3ne2WLEuzUVnwzP5qoYW,2287918332
tz1YmwJZfEerVMbc8uuJc7xUzE64ma3Xfu7L,491197021107066
tz1aQbe92zZy6MNeRFtgmgV5dV5R4BNTdqK1,491135993793904
tz1THz87Wwo5DL34CELa6psvuH8RXShPmSbc,126031614906465
tz1cgAHrLkuj5NrLmQ6LnELKFKu3i13CokzB,2273376479
tz1eQ9skdokeeUyTc4SdNQMPigjZ8JY4kzus,795230242869196
tz1S35xPc2sh4kK5hd7KujsWU1G3SUdCnFqp,35453512221748701
tz1dYEEirVkgSnE7eGK9vFUwxWBqibkafs8W,1457475073224031
tz1VLGH7SJ4HA6kDXRiHYqVFkn2btjnoxqib,29685411407120132
tz1XYkmAHtkZFjZLdWNoL2BTqUws4oD4H1PR,7178525274667381
tz1dCyFm9jxuhxJEi8UW5sgiS7TFubaNT1J7,27482843409243
tz1XbmhVLdDgsihnVoyn6aTRMURJ87YEbG9B,2034900103440480
tz1Sk1mwyBQkcyrwWZkftmR3Mjv77BEGUw65,552860233268670
tz1QHXGKA8NaCmpZLrvrUyBpYhgEiQDyWY1r,31767864723452
tz1NS4ZXnzYBPJpspW2svbqdjGsgBsGZchzV,50309704021162
tz1LUdy3KnxyyARheKtfcnRymhUq82SKLvyx,301715138366637
tz1LxFeaR3ZNkMRstvhjNeVbpv9vz2LttLBz,6207598148684
tz1SFJ5pW5FVR8cRfAqY3NqQBuQQq8TNsjvv,376359530567255
tz1YRG68NdqtAcsFEwTUw6FsSsiBb5kagEDo,3751890029407864
tz1XUmPaRxfbi6Mjj6vUWf9zhjwHdfL9gEdk,18680973441335
tz1NiraRNtWgpXyyxopRTk2a7Py9oKFdrgkB,312025185438354561
tz1VnXCALwSCihScu984A3dbY6XXLzDqJWa1,49161771751698069
tz1ZDDHc1YycDdwQezjVDVCSfSB6A1xH3YxG,19765067083526
tz1dx37ewvwHWAaRxdjd5sayKBR8LnJUT1XE,337316121760
tz2R1iMz3wHEx6Z8dpdPVgb9eTDVh5NdeqNz,2603727810017173
tz1hR6q1QMUC4wLD3izGsfeZ3HuyfJH5QajX,76661252176210
tz1akJUKXFmNjxKaCqcEHmwbx4u86xfHLYJc,58426120227526700
tz1V2FYediKBAEaTpXXJBSjuQpjkyCzrTSiE,300397092216009
tz1Z1xRcvcqPPqja34fWNd1StABUV38LnbpW,17751810498488
tz1egZ7YNcG81udp3pGXPBsYQsUNHB7xAH7V,915095984874947
tz1TSowSJAKRqQbqjspmyfN33nps1op2GodY,136159366046761
tz1VV5912Qp7qqZaQ28MC2G3RQ89UhEdueqt,1656092798503245
tz2RJZQGhhkdVX3kq5agHahLmh8TByJWaedL,888356307839935
tz1codeYURj5z49HKX9zmLHms2vJN2qDjrtt,129596122344647374
tz1WXSxKwhw9EectY8mAdUFXDBHFnPZE3HSG,14024482725412278
tz1aDrsGYyNbiqUX6eTHLe5otZJwN5XQh2kG,47242243329054091
tz1gu5jCJunSaHjR52rcu3n7SgDCJZDLTqJM,287894955092191
tz1SDmZnnzpH5GAfHoeXygPWwzJtHXADpohn,22016177211510
tz2KgCQ3sTz3n3jrU21DveCfTVFgrMnzeA7x,156331007242976252
tz1XT3SAzJh47s5DxMJud63MWnvDftqWFtS3,9358282968013359
tz2RjcKqwtC4vVKN878Bx7L9oNHR4mPTHDc4,803718289986735
tz1bQxeuFnf9PTDRUwu94sU1GUvU425KqCeq,11807998142458
tz1Rb2U9TbEkYVQM412wBzBbMbnqX2r4CTXs,9854335269694
tz1gaTbRLDWJFA8bzcvDtkz8HxN6V1eL6gwL,410611731796201
tz1U9RY2mXmwAaSSm67rEy49N5YE1Rs7K223,7021884128696
tz1ZzEEVRzw78fhsLMM7JvV9CxZUaWGB98U8,286807741996521
tz1RSRuULmTkaXTjrhbFuNkE4mkJLRGPWJmy,258685912108640
tz1hHz9wjLaZ3p9sDo9SkqT1t5wxNsK7688s,620029073230869
tz2BzwVtwa2mTbspW1qqdiA2UtctbGntxAGi,5033066831364656
tz1QjLLgQidRchfWMvHa23uhfgdzNKSevELK,46902131994563805
tz1WW1xr4mdTif7jorgVr7aqY3YnnJPSDXj7,1814629445711
tz1coEYWsh5bwhhCsK2Dc1SXTNQs1hWs1QtL,627811768026223
tz1YKkEwEXk5g5MeDzNTgfDwKd589rGJS9q7,406732542480408
tz1PSiE9EmFbQFb7K1cBxPTsbPdgotHLdy9e,1006631311719097
tz1hWxyYMfK3h3y7WvL1ErggtgneuNynC1JA,23403404280721176
tz1agphvYoUaWn5BjTVHnqTTyYwURTGAZyBE,7408553514909
tz1VXAAqokxhhf5iwfvkJ8tRukgVLN8BVyce,20501384975973
tz1UVjnYXp5DZaCX3JZvxQQqxKnXaVMYAYZD,286904360971252
tz1N4Q2BLS4sYvKCoM5XxFAEL1yoEY8TSS7j,51501194824641102
tz1XH15XMCB22rJJxHLsZgVhXA6t7kJnmFa1,1022162797480915
tz1NEmMNjFtXgixkdCkkGsEn7k6QPeG1G1Qn,1012626612348732
tz1gVmWVnkT2yQr9gmed4BgK22SrSPjfpkEn,2191862608131583
tz1huGodLQWq9gKTZJ7D2Z9GeymHBJNnXvtd,347267513661
tz1RVq5ohXzWvbqHzUgsmUNWHqin9HRkrWPz,28423639591707
tz1az9uytyQ2tv3aKXJuNBjrX29vBsYuWDuR,1316164630303942
tz1LovFrdT3D2uY5ijGnb16172szCqFazDCE,53690366765759
tz1aGLjZZLDwYYSevU3HLbEXenAxwRo6f6EM,5634582430652
tz1VLnru4Qd3CFuj33ss2v1feACiaLaAQdvA,110148589686
tz1cj6FQs2Zjuwwf1uY7e7fLQfzi3YAbNj46,1202538798259861
tz1XksiJMYSGBzqZqbj4F1dbHBH85i9jR3Zi,2113569658936754
tz1U6R3G9mF8n9qH5mhrMZjgJTMKAEYb9Uw7,12440593601970138
tz1TtLSSFGrP1796nyd1ZhGH3o1AVitoukLj,68373363205099
tz1QoX2rtnpKq3MxJ21E9NcEKxqPL4dKsEcn,2210711064610041
tz1iXbbzm9Wogk7D2W2qNwYzePbQVmYP6BXN,9968834493113
tz1aQGJFwYn3yzghyRbuWNapzDZjXCEfYHuW,76378403498597
tz1YDowtv9HFd9eUoMZMNjicREmagF38XWyJ,8820913108213
tz1MtaUicPHBwrvkwnNwikGFfFWdaPxYAvJc,197133287673089
tz1enSmESCGkRYo2CtDYKhqUHFTAQkpXjYjg,183689338030634
tz1Wn4Wc6d6jieFpj2DJaNEC7HXcwKexW2By,2295767319518391
tz1c2MCGJM3pFb88Spt1cWgxGtXAX38Ur3CS,1369027183785674
tz1ZFS66zDerPgLPnYYEo8YXveudhGbzjESJ,830063543681730
tz1eAR5bUqFqx85oRxGDSqriJbYzsC6Ff6Dj,16425816191661
tz1ZrtiLUXfjKsYskvr7fmZk9N277YQcv8Ws,63823859371631
tz1NqZnVNkS4N4XQqZaTigDQpSs8nc8RoMFW,271857604950768
tz1WEjGgTyPyhUapqCRvwBnHhLCNV38Jr1GU,33776338268215
tz1f2NgqK2bX3LaPgeTrEWgFFqRJgPNzFAYv,225270933956095
tz1WGMbfVnzVSTD8oNgZA8feaYvNvBYzSVmD,306660308673717
tz2WnujX4qC7yfQF1SAHQuLMUcB3pA5GJhfU,109839552576513
tz1MrpnRbw6HqHvKyBE3811uHgJYuvVj2hwN,127407955476062
tz1TkqGsSx3gB17SLAcMAnDgfs53kYeFez9Z,156528270329698
tz1KssAq8Lofcu9MwuXqpvXh75ufZSCsLQun,200062298618677
tz1fhd4k1jSJRRcNVbkMwVzkKEhX3kzApsfk,721574874491051
tz1XFukdhsw2szhabNoSDMBPCwqsyPLAkSfB,31606736561
tz1TRrpXyABLU7RfM1fR5AbFM4g3F71KpKVS,495537746517878
tz1NkGJR1x59KMwfLr2a8bAqDYSm4WeDjeui,9277877252265
tz1USgVdDHovucdwWXcd943nkjN9Dc2kZ36s,2143229253956
tz1cVcDkvek2UNAo8ihaycH6GqEZknuxjz9L,1056113802109
tz1Z4eLXZquq6x1kMujWqCN3eQbTzwkMb5A6,1056793933612
tz1VYfSekJV2Jcjbgt4VaaDUDH1knN1ytNUU,2099191401046
tz1Z6ikQVtLws398W5w6qMLQ7pjv8eEutu9u,2077339120576
tz1iAafYqNNj9ZqP2Z3iPwokaUfMmrNd4UkY,5157886033801
tz1ceVRLF5yAKvGcFXu2ngFtqXbqkKd1kAZe,2047613083747
tz1gSHNQkhh8qNCXgLn4MWnH9DZ34NGUn8Hz,2044488237006
tz1bxpnJwhqrdhf5Dmsp8QusjL9zN4qbDCWs,2013767085774
tz1b4Y6E5szNCHKZadDnAvdUyBfr7eQoEM3Z,48104854731857
tz1Y8v9LUURRffBVoJNysYTMzb2NranuM3fd,9303837841621
tz2ULsEpiuozejYYvEcwYq76vDHUEVcyYyE6,205025619799
tz1PQkArZXKyQjY8gmX9yAF8NEtEtbuekeqP,11000637988483585
tz1bv7bDGmKDPNjX3FBJ5nPG3LWnT7yB1Wto,9136598336133
