Address,Amount
tz1NRbpmTuPEFCCYCqCr7i3hkMRDRhBFgmxz,10024275328791
tz1foujP81wtDKMCX95CBY35TUYzWapuuuLg,25904912520303585
tz1NBpWeS2gVpwPpT9NUn9ifBRfriwicJT4y,1990981007601794
tz1RDbEW7YUkwnnDdMNieSiF6kB4XBws7QSg,1419603968971054
tz1XwT7cC7UnvMi4GooA3qUNEA22cPcUXxLp,2213091600145096
tz1WdQ1dak79v48jXAQjYtt5ZMGnPiwn1ktL,3860949685129
tz1eqt71cHna4YgyNg3ao6x22xU7c7CZXxcf,573035212972286
tz1SBxNvpDFC4bjW23CtQfVLqN5cBATVf68B,149828344872356
tz1Rgo7URug42QnhBM6eLy4MWdfwn4RovHy6,5132357662005028
tz1ek9wEDD2edxuV1JniLuh2ckh5DeM4FjQo,702365680769441
tz1S4Sp3WtEz3MfdBjiaRWEAG3ZDSngAR5L6,549112569768
tz1V3fPD3AKPNwZf42PKGzFaWU3vZ83Gjvfq,465296231506991
tz1P6DFx1Biicriaz37h6oLAhndhBL8eMoAt,5961093193173036
tz2UD7tXJyBrfDBHnFzhnaeL8ZGHxcDZuDa3,2464744993858911
tz1drEV5soQL85qJMNts3JfkgZxD1oL88gsh,116394249656921803
tz1YTQ3Lys25j8FhZQY61eoYErYUteSao3ez,33225720988945
tz1R3bKH1seset2h49p4vrZJCEL8voJgSK2G,3507258614645794
tz1Z6nhkXDgJjDzSpDEX5g2o1ris8Ga4xjDY,619403179512898
tz1bdRJkGkNQ7homh4PTnkVM7xzVWhuC4EMm,3936571872417289
tz1Z2Ne4ZHxNPuCJeCcoykHVXTqhVdLMD9gV,4750923873778465
tz1Qji1NnEPj4Cxa9s2WEoWi9U9KM6a9gdDL,1242178961379735
tz1VjYmQHw4QE6tYTQLLfWNjqkUNwMC7YPoF,860375213560693
tz1czaureyspHk1etv1dKV1WmHCs9pb4fXBr,384614968093507
tz1cmanHzitf3UgWgECzLpGUKpzEfmGZaFsw,3586026956639096
tz1eZFb4bNMMdveGT7BPcktbYsurg2e8r1xR,12600722931548
tz1RartAmPJhFsL9oAhZndSL2G7KCsaQqqkf,25174273928533251
tz1bEi1SEPrZh28Vqa2gKi7veuJ7AksFC5GL,46166764649144
tz1YrfZhjFnhgERznXtYee6c29n3PBeam8A9,105572707618218
tz1MyqKoe43P4Z8MfHoXVBTrohgcbehp2zLL,13444319351215240
tz1SRcMg9GRXi7paNeAc3ARn23mS3Z5dXa6S,112542183383818
tz1YjtCLzjw3bqPxJh6MqdVBFrM2zrsA9kyg,43832186518908
tz1hD7VdzRpWG3nmYpCyW2gNc8mQNs3TCgxu,1399123525412032
tz1MstraWa1kkCRoGRYpYEtMncugi99rUx2H,5250781704057
tz1f38MX7YT2Q7MAq3mDdj75GTN7vgqV2TfH,3702215565129825
tz1U1Pfo6gY5UKitBztSaAbmbwFxgmmN2oaP,137316341499616
tz1aBDeNFooBEmBXnWDVgLknNMUHMYhHVcRA,1773806711090339
tz1hD5k7QW9ChHCgb2YLthKFirKDYQiNPDJz,201456067316320
tz1cjTb6ijvnPrJBfaTEFphxDovW9xQbkmDK,13403732373342
tz1ZL7ekzieKxwngCCyjsCN5qhu1ohwJQEBy,471447826439552
tz1enbGpES1NDr2kTaocDhxvMqtpMy4ruhW6,187895539991581
tz1SKobyM2ZGQYYWKiWYnc58GhJ4TBnQN7gy,649368000599
tz1ehGMhxarDhwppx14PX1Y3eqbZ5W9Bc2Y1,46719472080964
tz1LN3wPFYuS5fCnodwxT94xVFLPtcFHvcHk,2428080071133184
tz1SRqikWtR2KNpugCApreA9QeZuqh8swQMa,19743579922313
tz1dPPVGVRxY45ZvnRMU3vebaBVMuhPq5bxh,10291002719416
tz1deYjddv6VT4o656x2FsaaN1owykAT7Nmx,92809759187906
tz1ed4brTwpFg8hFUJSJ4HqnsC7sEjVesMtb,1312716066077926
tz1QJE62jTxHis7kZkbDT2zsYZyauNDNzWg7,583803833559236
tz1UcwKfokzWm6g2jpnVVqjRBd9iFJQHhH2m,220091389883955
tz1gWt7kUnJtGXoT5BYzHVa89qGp6QVvQmyp,582429547073293
tz1TJspN7PEXSA4tsGJZ1EAE3iJGDBoXJz2Z,282344858980234
tz1epR6pJmPaJ8vvzNi6V1T51ccocX1Y4VBb,23828830293852
tz1TrxaPKNsRpcgw58155HdX6USrpV2fERQm,624034927734884
tz1W19DveaP3mW4WvFtdVdqGsWwBL5q1QDSK,430867155732695
tz1esdEqZC5Nz3HDFseHvpH6SmQJPocxLzA2,240462508188143
tz1ZLGi9hMam6Gf6kixB1XK1yJED6CYu1tGg,4840607706014590
tz1XyTsb9DwkPru3eU1Cwnr5JkihEi5eisHo,944595472762096
tz1ULQQ3S4kFLhhpPsegiMVFmXx2G6ewmbTA,34782068472865
tz2Lqs8WFf2HDG1RoxG3EAtuHjDS27XQANWT,11139436147851
tz1LRrXCmELevk5znmVcYD63TChSpYh3vaE6,523250058972129
tz1dNTV2DXUpqC7SEiJ4BTB5RvL53bPPHZfM,398858463708679
tz3T9ZKHLVzc23dxD85p9xo6L8L5mx1hvb5x,1221210882868040
tz1dZuKxjVojU7gtRDU1nMmG8uRdowF2Q3Sn,988961434234567
tz1iPeVakaABzkhWFmG8mjYMpcN3JCpHBvZ2,40826203907
tz1S8GvdiWQghwPMMzbNvRh66rcfmhEA6vj2,5019283544729544
tz1N9qzry2ko1gwTK6HKWamZZK6FGx3Vr89U,434880419818796
tz1M5swezYMnDaim71PSeb2cPFk49ajrvDV6,823244698629181
tz1QQ4HyGbCZDmQxeVHoLP99KLyfvGvyX21i,6479082657918882
tz1WKygtstVY96oyc6Rmk945dMf33LeihgWT,2320210370732199
tz1Rux3pGrp2KpZUBKvg3VQ4edRYVJsapr4z,16697447728680478
tz1d9Y652aoNq7351TAYiNeWy4FdWuuw1JxD,38288130185951
tz1LWMmDzH79xyu6JvELrnvWLBBVjZg7TnfN,3468378686975691
tz1esBaTjr9qFQ7FhrDQF7N7bTpNSVTkGbMU,121749717469649
tz1LaWQ2BUAdTVNz9nb7AhKDcPDQsb99tzhD,24963996822624
tz1RfSFe1dxP7wh1zSffEnskgqvVVWKNKZG1,152829820329009
tz1czGMShkB8ZtCHKHeCPTY3CpuiCrjsGJBy,236245016613952
tz1UQ6cQZef4MuskJjV9g8pXNZa5s8ff1oQy,417794098955545
tz1aZsKPTRdkm9vaQhWv9Mz8ZbwxSHmf7t9T,97630477269576
tz1KyRUKbkuBTK5uaidmF8FbWHYrMjdw6GuP,50583626822230
tz1dTmMLY7tan1HKfW5e3KxJcfZput6UuTH6,7948606586571
tz1daKxrqyoFUCcuQj36BeMN9C1Ytmjg5p6n,2189124690767940
tz1YZ4VZCRPoiDyGP3U69jCq2S8duDUcRjHP,48941956278117
tz3VvvqkW6D7bSPej9x3pghjTozTRbaB4Gn2,263641375394863
tz1Y2QaG5AtmfN7rwBG1coLQKFTTSw55g3Kk,851981571349
tz2LYELYe16viwVBaRjZc8GsauKRsxTGPvB1,1202037979929939
tz1gXcAJZUYqK8JkkGDPN63cPQGu8LiBndK1,1661456981596461
tz1gN5Ch4VeDZjiM6R1KPMBxPWFxL3HHKZyT,269313661603325
tz1L5rXu3RqYBjZzjWXLaFANYZcwS5Pb1ZST,40067917911058
tz1Md6npfDk8cL8rjnPNZU15tHvyCZkcGDuu,119944464869774
tz2WYko4XXaV4B5mzjguTeRkkgw8LyB2jA2d,232308506187514
tz1NkFRjmkqqcGkAhqe78fdgemDNKXvL7Bod,7103220368224684
tz1TgtGGP3TDUMnUw4UzRTZHrsmzsSKraau7,657466805533
tz1QkQLtDkqpw8VSymi13A86jh5iaCeMriMJ,3287712400640601
tz1h6J2pn9X3KMghNHZikrh3PtEpgCcRAjHZ,9115177155082842
tz1VCyNit49HjTmz8SEgeL67x4BLuoTaeYMy,4954376987125337
tz1gACjUSBkWjqWv5ZBMRk6G9Sp8xNAYgwYV,429866655961240
tz1ieVZFcRity1eybQtgUyGg8NLEYWNqKtQe,79660589144990
tz1bKUD8UtyPfknyWyMbtTqsfdMuWomrPdSp,142145159401606
tz1T5GmdYXDWwbhBrU7RubT7Z2dmz3ZmKwCE,2044854787912439
tz1XLpud4YtVgwiAJezLKUsAo9K2s8n2YPqx,276955903877371
tz1gmajxhmKt22CbcsSA7WWXSATgbuVEmzTC,121861688163586
tz1cfzEz3R8YKMqC2rbKnr2XtpNjZxH6RGdy,69556196644873
tz1MNGNi6vfbqGdhikvLBGbcz3FncMpuvU6J,1401698384050
tz1hR9eQYNNTZ4VGUeipK4PHtyyDEDmQ9dSf,1517031729149864
tz1RxeY78zE8hNJbqPypB1mTVyTsBRmPuqry,201510968336999
tz1UnGY1PRznh3CJzSFaW2V9EZdK36AYneHi,11547574648546637
tz1ecAtwNdrsABBKa7Bvn9ZEq1Ze1EvS9WTW,1088343288096581
tz1SBF19iLiCc8dNpKe1Ym9juSAKaTPyeypF,39214935257004
tz1X6ADVxP37XjYppBHMLVRJQwmxA2YxztbQ,384117838974323
tz1T1u1CET7ek19f5P59vCdjTNFWAscYQ5ct,1504007332794633
tz1c6Brwut7ZqXQfkjxDXvyAUL2Mr43p2JZZ,2766978914014
tz1V9qHfFxixcXJKWuEziUqvdrQ7BWpPnWTa,1012525533220328
tz1Lqnwap8kKynTpefqqSH158i667Wdg8HVA,297372978809316
tz1Kp19QyYUnXuE6cxuXxsfQZbyqv5JtKPku,207495709096600
tz1cnojsw9qgMbdpgPeCcWPf5GX4YPvd4HAh,5054319348163315
tz1fbJACCskangcgy9xjDSiEYgh7CUmSo9oc,71051751962806
tz1dKaw4xdNjfufDSLWRxumNBwe2VX4mxXyW,3139347473494415
tz1RJf644pa7QAZqKzrPQGiYQPyubXarC4cv,54846944827768
tz1PTR7wFs8pTFarkpsZ7zrtVBJhusyNRRM5,189769174676596
tz1awQgCgLpgnkxRvbnKemRws9uqp6WASwRD,2536688701236
tz1PaJwmmL2nrRt5K6HvwFEc6fUfxNe6Dyp5,134926001443781
tz1YSwscBZCf26kSPvqsnUdhnS4XQD6mAjcz,1437462780447418
tz1iCiA1vKmgfZbY533ZgMwFKZ14S1DQNooQ,132630984180981
tz1hNGWJUFPFV7AWLXvxGzJVEfCZ8KJ77PJA,145092483160962
tz1MqSihmFMUS3qAmWPhdQWhzrhJJSBMaVCB,9881947651317
tz1NPu5aFQ12P3KGhBGgt7G79SAgVj2Skkn1,456364804801140
tz1Qm3DHkV7V6peZPyWe4rv6aToH3nRmWEH7,24812671735232
tz1KsiwkQ9pyrt4Ra7QrAQp5LQJCGxHQrY1n,363936878194710
tz1dz7eYRd5uV2DndcPWFeEHYGgw4bJZoCBN,626903682246050
tz1eKTUc8X17nVmtVRtxBcs3hwUPXWuqP2AS,585518287461183
tz1hXx6tvTV3kzxpBR6E4hDYcxdgcRGHUTFj,29110344920832
tz1fkZtnjNfQHtEyUpyX9Tqq4RrLKx35qBxf,257100822904867
tz1chg2T1s4DTjLqthPc49HDcqkFHMwdSPwb,907086836514843
tz1Uzm53vPr2Giyi32yT9GUvBErKqHPBjvQL,508780900695822
tz1aR3nrJgUyU5B623U9s1MtMsMjA5Wz5c3G,1146805437655345
tz1YaPLZuVmZaKB69BjJXKUDgNaZrxBR4Lfn,44412657179420
tz1WNk2o2hJvzjuZRNmZQwjLQuv24wDv1zjU,4752598144017136
tz1br5Mvr9VMEb1sb7HDtxpCxKVbZ5XnDqJi,200525893323422
tz1PMB2EKqwkD2NDuf9tvdqhEjhBy3pBGQKX,200446228439785
tz1QmBcwm7RH6swEYNpsZZfAWCCFaW6wugVT,3618388433589824
tz1LxqBcvRbZhp34C2ab62CMy49wFbsQSzD7,42944075122604
tz1S5RkjdXMREayGWMawArqqpyMqGRjohJJr,363829932903462
tz1bZ8vsMAXmaWEV7FRnyhcuUs2fYMaQ6Hkk,61334154782211
tz2Kmi3xEnXk8c7zqWSQqSSyfNpWt6ovG38D,1069929236602247
tz1LgePVXLZYNhHoRQ6KgHfQjQ1uq7JJPZDa,812848226528317
tz1gk77xzDAG3sif9eFvsqUnzaGh4MrzaCp3,258393188572814
tz1cWUkZFBZ72Yn9desxcgS9KdH4BVfqd2ZW,861354090356293
tz1a3LNYNZTNN2SLMjWSUc5jtLWFvZ1kC7BR,1995266983778912
tz1MiKQQw6u5CWaBZHtn7Xmbr6f7fCQZyZKa,4170137894298
tz1SGPStfd9v5upQUxRiHPC9666X4FpVAmK4,5881999150170
tz1iF629Cc91SJkmQRAWAm6nYavf7RgpAqZh,918950846594185
tz1hJso9uzj2UFHr4rGA2o6s41UK8NLnGpUd,134745177626169
tz1WHGwmdEr4iruf4v9r6bdHgzC5v8SKYTkV,58287262994135
tz1Uza3jMhipiQMtmeEidizjbSqnqZMQyRv7,11445329598950
tz1YqsEWdPxBmqVKsJircrwBmCmZDtHAgHzp,1343572060596744
tz1ZLMaECyswARea2bTsBws9eMjgUm4jG8Uj,2967162255623049
tz1hKW9ZbV7U1hb1zPfrE6HG5UWsKt6eppMa,2326066929949495
tz2H21wDMLHDJ4jcJwPr8cmhFatSv276Jama,437152534410710
tz1NySiq6aHysD6Rpu4bYhFaVe3ASya2qB8D,1911504328977823
tz1Rb321A5bMKjQdczUs7TyJBeXjfCtB4mYd,5217642767954159
tz1USU2xSWb7CBYGJYat2X7An9sr3cFfsLwi,127578727597438
tz1aoYg1xYeEdnLrAJ7y2r1T3aMBCyms6ppJ,1022416239619356
tz1Z5RUwr1F7BZiHjeHkPSpWBwb1EgwiqXk8,96742744495606
tz1WxCJ3UpzyWsXmmkE1YjYzbBv6jXYkbFYV,59897522494528
tz1Y9QxwVevgnxVtG56YS6s53W6MBKVdCPCB,450879691279491
tz1fq3tMpnnsZ944DVxcJqsVNGsWTPvqJzvo,615531427306218
tz1PrecMTmNArbdvQxtZLUVUBT8rcC86dKZC,56701892126154
tz1Ty6Hq9GpzxmMs5Sv1VQ7cP2U4KuSCAN3K,150976551586896
tz1gV6MqrjtV5MtVaATuemVsXDQZJgiaFiaU,216305955491140
tz1Q1LWn8wCK77L4xetjbH3Ar7sDaSANezZx,45018687974121
tz1dugdoeZULYPA9phfkpofrP95rFqhZNXeR,12912710505024
tz1UecmgMghaWovhh9EYfqTrK9gTtaiMtbzs,14969588375085
tz1gGwXf6Ggkv9T4jGmp58jUMU2Gh2vYjDyH,92919332309917
tz1QjPnpmqAJYSfDtDM7uTf5bkZDNY7eBECd,319824463192691
tz1aVZZd883FwyEx5g2o3TgQ7pwEYi2f6apg,55389232655003
tz2MzvuRU1GEKi9udpqzLpGYfDoZTiKZ3C4C,895792064056678
tz1SEox4m6JwzUjLL2daQMKU7XDrvsEukR7X,184884640371378
tz1XJqUrY2okTwoJFgHFJKQV98tsn2oC6Twj,79592892185215
tz1VqXA6L6hPEFjvsgWv7Viw4xQn5GyNszzy,8561374525498539
tz1Wf1Lqz1yHm27P2RQJAVV2CMxnhYK4bBGc,383820124763376
tz1f6qSGVtbzq9kMbuefmSX62cRJgPUKo54w,1961924315499
tz1iuQgH6htUbmdLALotF4HHbbKxjN7MkGd8,38898516423583
tz1cTS1WwovU7SC783xgJxZrzr151mcshmNi,756728761597307
tz1f4Z9FJfgStP7v6Rj7BMJnWJ9Mb1NdAGsS,1369076159214
tz1ersiy3MYVu89DFXvW7Qb8AM6LYptSsoT7,387950516281229
tz1UFF5DSDDtk3fM1ewaLvVG6fhaAeCdgYEt,49108376854758
tz1dcpUhXGeXexEXispSpfv7CeufoFnV7AAf,2378525975239711
tz1RKRhkvC7MQgKfPejvNaHGshWUDsyJKZdT,1149955220601062
tz1ibTknNagJCgQPgcbPvJhpSyS5vxgdyFt4,392562353099377
tz1SHzbhYsbX6Uk51hJC4JkjgWM1gWaSwBqQ,77485437638473
tz1LGkz6e1mTymuFyHBVFQZsHEtHepCYYgXD,1912588750554972
tz1NW1MMFL3jytxBjhx1qATMJyY47vLBMa4p,3127863348119309
tz1QRm2TJKnarZ9tbL5CNjN4Ltq9pJtytuk7,1306099988449
tz1WJpBDRGfa21un4yQDKTGXZw561nsGg7Qe,38875895423790
tz1UXAsfFeufr6p2PafNr2oXNrTDSdtwwdgm,31081769779556
tz1dpa4iDvAySDpgrcDCQky5Qk4kzLxHm8gf,297840290265153
tz1YPUNi7KW28VxZNEu3fNkRkJG55G9p7wsN,25707519195208
tz1YpusrSty7ULz7w9sM814trSRmM1aNbmZd,861611866127003
tz1cuj9Cgi19KMRi83UuypS89kXM435qdhmy,3770676575384
tz1N5jTEgaMoMWi1i5bU69wRCNrLvLL9iYpY,75570684748393
tz1htwxBMBFikeP8SnQiEQyA9n1ryDrDFyLK,19275546016385
tz1XTyukKgkqq9P83UkV15np7EtSSEy4kAeY,19721258852999
tz1WMFtCLLeRiayH19ZiaErKq4Zu9p5N73Sr,118412001937
tz1RFUjzPENm3vF7quaxfELQCfNTCSjAsFdA,189101895202118
tz1UvkN6NDmGtkBB84svr5MRWsqQxMmM5chq,9762083066875
tz1YjsPAFc2RmuKa784bkeQhdVLzbnRVtB7c,99044897176578
tz1cLd3gXJ9Fk5c648hRzFvTnGfT97CxcHrj,185541800929856
tz1Te5JR7gzDBwtZLKPWSPuTGFE4JX21vVur,24339439169914
tz1YDRhXyq5ZHMoHXJX67rHSrUFTqhYjFo86,97059946218914
tz1NGDuYTuuB1geX1K5b88cqa8JinFLdd3d5,124468643384473
tz1gqVB5kR6VTTDZc5BU5cdADzxJhot3JoQq,3198085649
tz1XykUaKpskyp7hDEZjmuNTk4gFU58a46KC,10799543900418804
tz1dghYwdzvHc3tYHp8iHpNUSpmAvvs8Zjs8,72854593100793
tz1RwqsGoUqGfTegy7fnWg5b1ArKevJSudE8,18406256524722
tz1PuipWs33aqS2KSG5k1qQtC6Dff1P1GBmM,3467967748686
tz1ZNxMa8XsMa8JTv776X9iCETcNoo4SY629,23880566246827000
tz1iAAJhH465Cf3BnsKQ744XHypQGY1v7Ps9,54998854866
tz1a5QW18ULwjJK71LSc7UqNGgryrFouHzf1,925621225903299
tz1Z1ZX2B98nEAvEnLXJBCnsJ6K1GqaSp9jK,64546419012339
tz1enT2GWv7U8jyPmmoVb228u8hvi6hJh5FF,6430930742261
tz1RyhUycXcivQ3jzF7ZpFZNcoLcgmXqcrSz,723944067760191
tz1gVon2mQhvutR49Yd5XK6k4ypwWfFjMZtz,49698299628
tz2HSz8b961xoDjDLy3aFGogvW4HEqXXdcR6,578989906093895
tz1eSGjgq2NmLWnaQFQxafXK8ZQF5V7Sz72y,1077226192590958
tz2EP3fw5CbUUgJdx4c3Xono8Gbc8PLXGRM9,3013123496769992
tz1e5b7RDRhmUWsiXur9MhyRBBTpCoNeUuwa,1344865870844
tz1VCogGe8xeRgQCLrVhPbwo6mBSQxAXep65,108218741728971
tz1LFFspqhK9KRQNvS1ahZ1RcpQ2PNeM8TxA,214568659206
tz1ZhteLTqobRVCYsPj44oFfom5BJ2SdGxeE,135740891658112
tz1aRF3qMDrbN95f8dGYTKPaey6J2qQQnk8j,12556689503364245
tz2ALu8Jxf2SMgzSZaZEwfiJQbogpUDPStwz,1926770092492600
tz1gLNb49fErXUiYdreLAAV6twp4v3Lm8V4H,289820176997740
tz1fCHiWZ3ReGqvhxkMejVzcnXYz1rnsJpow,6156107623217
tz1Mdpj1npkpaxPHF2wFN6oX8SovVPfHyXSy,18618448584748
tz1PXJVTDRHBcjJGpD4h6PzDovisMJuc8zVc,716673873050458
tz1L1i5BVehYJBebCGvPYU9kZYGKBELGUJGH,840614877359968
tz1TR56EbNTEEDeRrsPzQzoyvwFgZT25q3JR,61285376611657
tz1XbQgDFCaT228TPS2YUeHHfpVqGW7ANCDw,3639803904337391
tz1cJPtF6fU9DQFVhTifFCPxDNjKiCm5TKHB,55441847082064
tz1S1Aew75hMrPUymqenKfHo8FspppXKpW7h,9167548614752
tz1ip7fCgktJzFWxnoDdNBjpF4ZCWw9qfScc,7776303589378045
tz1Wb4LakUUYuFuuEgXXQrNZuBD49Trodhwx,68020867623868
tz1WzQh4yDUuTpZBDdRwMrnkV9bs1upnSANF,173801612068
tz1RAfKUFBX6P2jFkCpzLFntju7djjbtKAKr,2612133910276637
tz1MiQ6euA3EEdnZxJ6EPwVsHzd6vQ7AHJmU,128347446823391
tz1UFwr89hcJvC4sNCYK7zSLcaD4JW2KkNYD,707719282895748
tz1Rm5QmNUnQetDKSVW8srM29hjPRiQCgqJx,1016676425521
tz1TiJBTfVoXxregtdgCs1rYd55APXSAmniz,143717890310643
tz1UNdZnQnfmxaG5Uh2v5TsoYFPox7pyQkZ4,786664305582
tz1ZPSGxrrPPfrmoGJgpXDArNJfNNy3qGvE4,57826522682677
tz1ZU7vwEU4aoKard1acgnpGi8fFc4VkKzbP,9316550263324
tz1iQ5n52oSKgdtdYtqEJgKmQYbL1nn2poB8,1554096228405889
tz1gueZ7eL2KnvxqWudHjoTH3ZPiUCmwNKR6,191322689523055
tz1QxepCwQ45EwtcxkgXZezHbnidvK7hUywy,1035831139443867
tz1TVZgy4rejPUkEF3bsxLGNCp6H4gz4PaGf,29726709771258
tz1WT27PugwGBtre1hsj6BHmbAK2qQsVbRDo,160849244131382
tz1fL2TsQR271w84MXx3qFD7y4PZ1F2mpHFA,438928325084725
tz1KhU89QWZuuhhnDD1paFp1jYMdpJLh55im,363627738922177
tz1QQyhTMAmNQPcSGkM7GfDva8hmuFPAxUMB,1281081803730016
tz1htnC2n5n27PFD41q5X8bDvDcjbGMUS3f5,3898372503003338
tz1PoickddNEkRN6qp4K41u4KUW43vZ1UDvF,2081045336575886
tz1b9qYttBxHzoEseqabgvQiCxafZzkAtH9G,579246540413905
tz1MQotPcNdc9R3nWCTwXLMDqKLS46WqW7Wx,582659616831504
tz1a89Pvs553YqhJdCfDdQrRuQeykHMvVSRX,13418914631081
tz1favSqpvTLtedjTm1UjuEmKfgm4o9kyLd1,348373320282163
tz1XYuybht7U1RVsUip7H7S31fBDxpUgpTXP,93884243538
tz1WHUWCMqVqq5AagGN5DrytqWz88tYgedUr,7024867350609
tz1YJvMiZyXnzvV9pxtAiuCFvaG7XoBZhbUQ,325494080834597
tz1TmSForCvNii8rmwL6q2jgicQfqjNFtj8K,655490964535034
tz1RSYHrs9rpGHn2CcgKGGUQL4RvMqXxtLdA,142632585323488
tz1Su8UYhcLvUPYABx7kYsWRVibZdiZPnmh3,11579046344741317
tz1eoqCSmqPQtTLs53Rj6gBB14eQh2aHWVxu,147199469319846
tz1XhZUHsJAFp4FHoeeQQ7auVBk5j6xoUKbS,17742752977845
tz1Pwh2MBs6q2SeLHiko3iJpfMwsDV46bqQU,3319739711264847
tz1ZWbokP5pGwT3tTtLPP2KhXX5ssg1EtDPs,4857870306354
tz1hLWsybqnJtQRFp8skYy5aZLGNmL9bMUpa,330890902588262
tz1PuYitvGfsBm7C3oYAXqNc3t5wNhWZj5Dh,314346959342824
tz1NsE7vEgP3M9bDdkNGF4rCaTUENp5h56ZU,1881778209508
tz1eRrQnioaBfZkWnXxYth5ZHYJqr48E854Q,769837981052932
tz1dbCAvra65bwTVk5mgkYUHUGz3hoKwovZ8,147534456752558
tz1T5NfkdPfhkXzYx8akPkdznxSgU1Uf5jEG,265046916203909
tz1PYqfNnkpZydtSY2Tn3Rv8mjkgUpHJpFXC,736372105827152
tz1WidyAU8wuyG25Pd7b93bcx9hMu7W9Pea8,709026415846433
tz1VRQHQLw8Yq8tjxYLuybyHfhdqZpj3yXMw,224859207315
tz2CCSPbBJLu3mrEWzP4RJn9jNMz6JDboRCJ,1037069827511
tz2Mz3ovkZR2HyC89CHHSdsrPya1mKSmLWfD,51006617825186
tz1ae2d1BJt7YUqaaec6Xenh3mBqS7VjSZtK,68923119779078
tz1MA5sPsCo8ySkTpMbyAEbKf5v4WwBr6XLg,134891537835347
tz1g1vr7gbU7kwxVqmbmnovTGtdeRxFE6uBk,121021736385019
tz1L1XwcVmD2z4qPfLtBJ6RPThgAwLcXG6kW,7680010927153
tz1VeyZaPimHfrJFy8WwsCYzxHR3VmGTMpgK,74853565420855
tz1epFVHmqeWvvkFf2eskwhQ1AY3JwWd7Ej6,150352480444155
tz1QRcnskFh7eaV7QdEnjoYdDfrDqHgmmrvF,390443098814126
tz1XybkRZWjLx3hwcy1hQ7PT6FWEhpHm1FBv,5389788716594
tz1XcuwadWbLKkc4mDVxRo25dbtwfEa7wf2c,268862951185194
tz1MkNbJTzf6uADvfSJKJvArvRoVvjk3tZz4,53055242203095
tz1hvRvzke27MGtp8CsSvsafxyyMWSVYM1ut,24685933237039
tz1a7MJ4HMNbWDhKZAqrvzX5P6u2E2mJyJiV,518896528836076
tz1citPWufjty33AZ9KwZDztqrTzdNjfQU7P,3030703491870686
tz1WntXgznbivRjyhE7Y5jEzoebAhMPB2iJa,219854802958962
tz1b58mxvQAc98hbXjcrgjf5xnSwYXzi5gX6,175772931663748
tz1WeLuPLjUs53Yr1RCgq4EQ4d5SvV651Tqt,17748556969086739
tz1Wo716Gggp5HfupfxtPgmYu23rDQNcLcD8,478375086228920
tz1imyQrFWHyTp4avUNAw52RxdFjU3HPviRN,47610693911129
tz1isKR8pS4pdgU934K1S4UpLsF56ECJNArh,172960342710966
tz1ZVoeS9T3H451BgjTe18pM1q1LPd2cgB6Z,7621643202679
tz1Kx4ydaiJHThd2nTgXR25JPTZtKyLG9KC1,90156578131110
tz1eL4fYCgegW8tLCbQ1mYiKY3TdDxWnnKo8,229957704249775
tz1Rhg2UDkjgLhemdSMtiGVGRmzwVLVaHArD,39736191503007
tz1dPHDXSCFo8PienbvDMyCKr5DXjPMrZkJ1,209179699607420
tz1a7by2HMBv9QA8WT3t5fhu3E4XPofzcukg,32685005676459
tz1eFe7ufhpTuqh3LHB7zYLuFgB1rFCPXnzN,107466565310704
tz1fkkxXSMtSQew8F78XdsnaC26AfsXtsGiY,49314131428381
tz1ZuiTWKXKqYfzFPaSaAG3Huf9QM1AdZ1pJ,111590246532862
tz1RsCndtupuxe2U3syGAdcRBzpNqJZ9ANNc,3739668679618472
tz1MrZQhiNiHK14oEq595DLsVQ9wC4Nv2ZXW,83718007642117
tz1LJQ6MPnjGekNAmhFmkm8XWtM6UGx4MyF4,850027399655001
tz1cGtKd7EeDGW1v3d6B5tuiy81LfzMp1FfU,44678607494905
tz1hmxzW7MuU8HeRoCFPGZJnavGf5unqgaph,507609275499557
tz1Z6QqrAbEAMDLsis3v6b956sfH6qLTSEex,48023745286502
tz1NnBgY2ze24nQDpdY72wb1GVsee1UfAT3d,18349571593782
tz1dAW94vB3yYfNPE4LM2txBT8PQ21Zq4Xzf,19456648226084
tz1eeR22tmjPN3rGDikEMvpe8jcdXww3dqTt,136759158149335
tz1MsfyCeQEt7khed67HHsAidezZ1Th6mjzB,47406877510813
tz1WBMWCwjuFSsiiLUWKEQHEACNEat2S3EsD,454217932244765
tz2SuPjN8dYMJQe548bTvSPL1fdStZPXv7gT,7192708376957940
tz1N33TtiYBQ67sw32rhCsMSVpZkrSHWe9aq,2122699278340147
tz1QMjzbw5Yoi2zPqUeg2yuv5GZdmXjhh9mr,134125807540315
tz1ZutSZgCHEzxspXyoSYSREhwHh5g4PM8hN,130056348916613
tz1dDw2YD657qFqQq5tCtbkLxrgnEAECm2Fj,199503421155963
tz1NrRkB19Su8iBGVTz1cXbG3oCw29GSmasw,212718096649479
tz1NJS9T6FKTnKUkVNv2g44GHTAhzH77qiYw,270621907474063
tz1URL5HNuTa1fHqqCtUKXUM3hm6g9c88NgF,420578005191
tz1YPBTsfVCgRSzri3cUfNzBRbQ84G5RQ6DF,494883553190506
tz1VLGEhMhsb2HDhUaa2oeHQ8qM7Y7s72d3s,1125109519876305
tz2M9C5x1KoZGoQ9xEY6fQ6Xwbe2GU1RTzRx,91470418106340
tz1RCQDHtpdcwfgF1Kbbyusd6xhfjbXanhZ5,173801569792325
tz1c8JTzmA6c7cm6ZmUwR7WES6akdiMa1kwt,205093071426545
tz1XRTNgXgWmR4PqxZpiB6HZJ8Siz3M2JAim,61343681543663
tz1LxL9L2SmaFYw7XhyATaRAiLWCgxKmycBC,594950078697551
tz1imbraxLCQ9TUpnJVP31LS18hpTqG5wv1k,143813016525245
tz1iDuz9LvybPBC4kDc7ceBoKVDwwzJR7zKb,3920735690900692
tz1eJiCVNV3YVn2im3wzJZQLj4TdFJ5KabzE,259338625668566
tz2HYjnnRbzPpUGMUYGKVXDnsfSKKqH3aCVT,1717650993082218
tz1eiyML8sHGBL139FwJQJeLGHWAFtDqPz4U,12612061663966
tz1YQDCB6Hbn2ozMyS2kf6WPJDeRvJtmtNqQ,54462796056611
tz1eeNRXYK56vgSfXHFcXorubcaBBCVpUY1Y,3532858184226
tz1TQw8erN1a2LpfRSNMExicRXMveBPbvTKE,70089179423
tz1gaRjULm9qy4D83VCvb4ABWLKpz4XXfqjx,60106583340963
tz1hAZNx3LrRKFgfRytoLNVGhCrzU1uVDUHS,198044041074981
tz2HGysnSAQAetSyFYCa7SoH6XXVwbVqMHnM,270752700298070
tz1W28xB2eAvRGCXmVduC63Gx6gGDp87zqbB,525645183451732
tz1gJaXdi7Gweq8TUSy9knB2wLjioTKy2tZF,569429590476055
tz1PoXtd7RGVBwWmmZvxX18NQXYpbNdiwwtE,338775395367224
tz1RLCvv7wrWq4hTmyKk1zZuZeuUXNViSgRD,1655276996984313
tz1fXXFNod2gQDT2Vf9ibBortMmsKKorUv7Q,17570213182214
tz1QFk2DJhPkzp2nCN7Thpo4askJjQ3Zw6BU,141266422555540
tz1bRDYJHp3ACUojEeM6Ja442YEwNmcb7ph9,102052300280699
tz1MDs7ym4sp2FsQhL32vuAnEqG3ARhM9Vi4,40158318494665
tz1Xy5UM1tC3CFcbPBVq5PjufaxcLjMwfQkE,3463788304849
tz1RAKBnmd1X43pkkGqywYCRgf1Uo6D77zMx,3458044037783
tz1ezWyS2cFiqrNyiSVz5VKEKnmDN9Ah1zSR,279818408806321
tz1KgzP46kFAohMo8NHXkFU7STZDkAv8LVYq,25866966452998
tz1cXwKRD6AMy5nhqEVUU23SBxcAMnh2aKLn,38081104367511
tz1WNQE7B2s8woZp1d5U4SeRKHmssN7TvsDi,150840855270498
tz1imrUNR1R52GxhP4y6XQCDDXtQs11GarTN,2462487390067
tz1c19XDWSTDVAZJXdxdGAPuGpoemUnGtXYb,52790489961
tz1chab75LnyqBqNwrK11459SGCFQXLg9uyx,4783666134649
tz1USfPTFciXzVsQL7Rk8HmMWyWtFEas7fh3,120087594032432
tz1btYY98CWBVCGEikD7s1buWjpicb9kG8aH,2425918073608
tz1fj962xSPKTA57yWHA43VeVzo8KqdpNAeF,5772857684171
tz1ioU6W4otB7ebgRZTq1EVVra3vMyXqeqsm,30277348642929
tz1N8oU57qMgDRr6N9pSbhaiWRRQSxJRPGoZ,5382298625194
tz1fCEeLBcuSMSittqTnMEhcFdPCtD1HsiZc,11746169920685
tz1WsKkY3TLDvqTuK97Xu4zuVoTb2nsr7J8S,20027399954356
tz1dAekzaZ2VrjvuNxoaTZ4dY9XjgrjBvBro,179931097443610
tz2DsS3zeg4pqoUnRPHxvuRSuQrjDnTZcTNJ,985792291238
tz1gSGxwMrToBdzLeaxg4Bregv6W2oEbNLC8,958018819169443
tz1dWwKG6Z9unqwonQUWV65gkz2YhABiwF1R,130321989529702
tz1X8AQxtn4KzBwMZ6MZUVFDcACrfnyfYhDg,43057284913
tz1KxARuCbAoiGGesnQjr2pvZa7CzJR7V9D7,72319620531527
tz1LGVwoTMUhi76Jc8TeaNUQhanfeLLNF4xm,56743121823963
tz1QS7N8HnRBG2RNh3Kjty58XFXuLFVdnKGY,5856171219485558
tz1RAP1j8SjwT587jyccTNArBFhC9HhGKfHq,12479908069630
tz1QiZCuJMuVz3aq7j1Bq2v3BRTQPCdTw3Fb,189802812736596
tz1L8hBVpams2fWFC9kS1sPVxfGY6Hmg5TQ8,26976532954599
tz1TQSPkLPqXUREhxvYzPbAib6Jz35w2a6tw,54956654921715
tz1XD1xSVzgY8Qs1id1kNyFJDbv9e9pNMe2c,46963328660037
tz1Tk1MJDZ96bK85RLAqtKfnptZZyXsJ2jaq,122722333135809
tz1avT6pCusXgxhnffuJzk49Vq5QppLVegHB,42081142086204
tz1RKg4C5yKTzm28Qj9gKmfUozCDrctDpx4G,56033103543546
tz1Kw5M75chWdw3HUBMg2bsp164TrVXRsGJR,39320260857041
tz1XAFvpynqgRBizrYs12fBt563NSHm9FWve,32691689846771
tz1hes6aF3Px3D8nPQx27fdwBKrXmGs1UYxT,46571176008868
tz1c1BG1PEeuhMFwmonTVSGafehicqbBJFec,7753861106392
tz1UZ78ecNwH3T583wmY6nUrjpyrXP7do4hL,49389527380083
tz1bF5LgAwDooVGC1cT6eSnsvmPt7WaByJD5,14701091105711
tz1e826sMLNdz1CQLzthLDBJCFsinxqGDzv2,31980050026757
tz1WtkHVMtif3DXVCZ9pUCqWcBsmqgFjgdkk,4013955882461
tz1ivMszr6h94yTACLXjJzK3tuvRoDHqfpwN,3552365216673
tz1THwbFPPPBHmBu4cmLV2SppLFrA5QfBhyF,30334663169063
tz1U1aA8tyN6QByoYLhSvNu3krJPLYqnkRVa,43260078662882
tz1QSwx2wnmrTjEGrid79c4tpFMxjCT86SAy,71175355541711
tz1RcJYTsoYQ7adtNMANhwd8qf4zApM4i2Yd,36356204849321
tz1cvrgSekgCqgyc1c2qFPSeMtux6AAAfDsk,821119796312
tz1a1ZcbAeBEjxYSwuNKxSu6FbFB4dxdL3m9,1013668801451
tz1NZnfrNgCGdECyAhA93TLPTSciJcZBJqDY,53673847613008
tz1UGuKv6PzgVbofb42VgeRwDwsVN47UpuZB,132451838755521
tz1eCzNtidHvVgeRzQ38C81FPcYnxMsCEL6Z,775426941203116
tz1N3nvFqipu91tfU9s4GXGsopawpwxSoAJh,6330415076061
tz1LFeLTRQZrgKxbmvjz2ckViRhVw9BZXw7t,1499904748550593
tz1XuzzMTz1LhqbRPy9uxfRkccSxju3v8Y4j,69260643026522
tz1MoiwNRQWHfA71aypNk8J9CsKjfmq39c2F,266692776641466
tz1hhphPmGxL6HEmEjoVSJBy82FMWbFwzNCD,1421415667529
tz1YHLm7Lq27q3rgVXLY424zQMkvncVvNiaK,7307679159400
tz1fKtBhuuZiMYhM3Pi1hcP2sjRbstgDrmqX,2107276649378
tz1aoz4qrvkwo1ezDQaNCFZb5kg5tAvC25xR,14807338505719
tz1XEA7cp83PyiXfSxWu3uHjA3EF6Gdh3Vhq,6508615136030
tz1UXMLCt7dqbUiJ2BHRhE1gFkdVkmCZYcM9,2039578084972
tz1iKF8o1hCLaTNZcCJpgKQBQxkpcSiBy5V6,76629179542933
tz1c2iwyckUCcicx2qxqtwLEartYFEHg1pvB,34484430841850
tz1YQs3qHgQGGQm14vX8vMDWwzY1DFXHCzJB,35494671036908
tz1PQDUDph7dDCn8pLGXqaR79DiUWLiSZdEf,182453670775338
tz1XYkHggnKNoYbm965gwKattMWK6bomgVSX,26553989980770
tz1fUZ5pMP1gUjuJsp5V631cXmA87Kxm3cuZ,210595009118918
tz1KiUXfWuF65Ck5zY4otx8t5pHToY8stYhj,5141602705741
tz1YQXd4LjZfDaKRvSTwBEwgggREFfX95JUc,18216655419762
tz1hM6Pz2e5vJbd1YYkYHcj5RL7tXhcn59Xr,84878875967942
tz1NVsmLrZX4jad9bNdvM1EskvcTq2LSZhLx,105951923312632
tz1cBNfPUb3Gi6oezs6fpXtki8EzSwjnoNGS,169461124215659
tz1h1ybLPkwDH85opBrU6hge8wSsRQBnAghf,1630627677425698
tz1PKoh9LB2P3pgh5ahaAFnrC2QBmUxcHDJU,12609410955070
tz1cqoo91JCc6sKmNuTVKNzwUdi6E6moHWFb,51186902889247
tz2HdbFWnzRZ7B9fM2xZCYdZv8rM5frGKDCo,38351291181991
tz1ZGNErBKdYeEPjZuqKXhyTixQTTPn54bx3,7507983101719
tz1iUyniY5PPWrzE53cs6jBwNKUun4btzMcW,320124639680413
tz1gi68wGST7UtzkNpnnc354mpqCcVNQVcSw,31364968316173
tz1XoiGxnmjnkaKcNyG4rrHNNEoh1u5VidxY,74149595227258
tz1QVUXNoyCfKpAyxDpq8kR3rK2AShuzQxJ5,121615631102456
tz2HZ2yRFd9F3uLcKnLukEXhuUz3HqhZf8mA,790973973015827
tz1UVTMhbMiSETKCxFi413yZ7imF1xeyt3fV,34562579849553
tz1XisBzUGgCmvC7pNS6hxvQ5hMvXUTd1p7D,86110815538883
tz1S5TbsJCWmCyRh3ghJ2rWwQHHbcvoh1uYV,334509198228313
tz1UAYfFWmaTrQTYMptaGCw6LrXK5Yv84VnQ,155012500886087
tz1XgakycyAAuhtzXcbb3Eh57ZQ8cBBHT8YG,17035736400008
tz1hLhGe26gqt78sZboxiwne6zgKMqirRieW,40485172333390
tz1YfiydbiaKMGPuavawX4rQtXdn9wgpdDKS,16600498322989
tz1RYTr2WKdJD1MMV51kN9AoxPnxZJgJ5sqU,1667730616836
tz1R6mtcAQwBTK9YpSqRL9y2a6JZWgDkBm6M,165145610566929
tz1Sv2XMQNxcAqyqyyv42FHjf3EGwJ3Godj1,166762495916819
tz1NCsGajb5YgZdhdviKrfisN3VteMasnzQi,8088142808324
tz1Vh4cX8VutUUUnnjmnY2omSV4F26T5orLH,174738282404705
tz1hgSYGDwHFqC5AwW3P7vYfXfdwwsx4ALAN,65334879093
tz1QGCWjNpYmcS6T9qFGYSam25e36WeFUCK4,14724748229180
tz1URdfSGhAfbtpEkjWBmpTt3pyLmxdHdPYy,4353638554057
tz1LApX9pPhcDUDznHR5TTCcSXh3m6zPgFHA,6461367301298
tz1hUY7paB2J5EhD73r4oWL6uZubf1UibHrk,19011068537514
tz1MgDFQvyV8Vfc48HgeqMbCD2Po7nhoWDeL,313428834335
tz1PWZTKd1zhfuxrixGJoHJ6G17SQiypwe5m,110460080261
tz1V1Hu7nMcgVuMKDEZickAKHHZavLKTB7Vh,40550153318
tz1NKHjwrYfg7GWwbWZ3bvdejkVL34De72Pz,60554638851
tz1RaZeHEiKewSd14gZ7HKfcQ3HaNHJ5tnV6,126177879779414
tz1aiLrqvULcV2Kfvzt9dUmqnLQnoNXPPek8,11810607185760
tz1M2h2hPZzov29kf7xcHXrunXb2jFSbfiNd,5942712037753
tz1MToDUySbYhPabULUyDPPsfDQF1cpZPdoH,544191655009
