Address,Amount
tz1NRbpmTuPEFCCYCqCr7i3hkMRDRhBFgmxz,2659395232123921
tz1SBxNvpDFC4bjW23CtQfVLqN5cBATVf68B,10447590681824541
tz1Rgo7URug42QnhBM6eLy4MWdfwn4RovHy6,1781153898348130563
tz1V3fPD3AKPNwZf42PKGzFaWU3vZ83Gjvfq,374012441502533
tz1YTQ3Lys25j8FhZQY61eoYErYUteSao3ez,5617866251469794
tz1R3bKH1seset2h49p4vrZJCEL8voJgSK2G,104105383695948
tz1bdRJkGkNQ7homh4PTnkVM7xzVWhuC4EMm,288721651585052632
tz1Z2Ne4ZHxNPuCJeCcoykHVXTqhVdLMD9gV,534178342232009562
tz1Qji1NnEPj4Cxa9s2WEoWi9U9KM6a9gdDL,90559906068257395
tz1cmanHzitf3UgWgECzLpGUKpzEfmGZaFsw,45000674698364625
tz1RartAmPJhFsL9oAhZndSL2G7KCsaQqqkf,2315443347249960587
tz1YrfZhjFnhgERznXtYee6c29n3PBeam8A9,5294590143686
tz1MyqKoe43P4Z8MfHoXVBTrohgcbehp2zLL,146317366688421541
tz1SRcMg9GRXi7paNeAc3ARn23mS3Z5dXa6S,5154761951138443
tz1YjtCLzjw3bqPxJh6MqdVBFrM2zrsA9kyg,2619006337505993
tz1hD7VdzRpWG3nmYpCyW2gNc8mQNs3TCgxu,25810808015780306
tz1f38MX7YT2Q7MAq3mDdj75GTN7vgqV2TfH,318108891376435
tz1aBDeNFooBEmBXnWDVgLknNMUHMYhHVcRA,422993142885948249
tz1hD5k7QW9ChHCgb2YLthKFirKDYQiNPDJz,14750007404842762
tz1cjTb6ijvnPrJBfaTEFphxDovW9xQbkmDK,5794651624455
tz1ZL7ekzieKxwngCCyjsCN5qhu1ohwJQEBy,34517067812014861
tz1enbGpES1NDr2kTaocDhxvMqtpMy4ruhW6,13756778018142191
tz1ehGMhxarDhwppx14PX1Y3eqbZ5W9Bc2Y1,3420567654620304
tz1ed4brTwpFg8hFUJSJ4HqnsC7sEjVesMtb,96153154452932885
tz1QJE62jTxHis7kZkbDT2zsYZyauNDNzWg7,42781303210003421
tz1gWt7kUnJtGXoT5BYzHVa89qGp6QVvQmyp,68949217770926384
tz1epR6pJmPaJ8vvzNi6V1T51ccocX1Y4VBb,1749646564006048
tz1W19DveaP3mW4WvFtdVdqGsWwBL5q1QDSK,31587894778706603
tz1esdEqZC5Nz3HDFseHvpH6SmQJPocxLzA2,17617832311211178
tz1ULQQ3S4kFLhhpPsegiMVFmXx2G6ewmbTA,98852369238713735
tz2Lqs8WFf2HDG1RoxG3EAtuHjDS27XQANWT,5644104058668
tz1LRrXCmELevk5znmVcYD63TChSpYh3vaE6,1546350536495828
tz1S8GvdiWQghwPMMzbNvRh66rcfmhEA6vj2,367957351866846612
tz1N9qzry2ko1gwTK6HKWamZZK6FGx3Vr89U,3806444412023204
tz1M5swezYMnDaim71PSeb2cPFk49ajrvDV6,9728234957277890
tz1QQ4HyGbCZDmQxeVHoLP99KLyfvGvyX21i,466805074954958348
tz1WKygtstVY96oyc6Rmk945dMf33LeihgWT,125654777386042450
tz1Rux3pGrp2KpZUBKvg3VQ4edRYVJsapr4z,266528446614991596
tz1LWMmDzH79xyu6JvELrnvWLBBVjZg7TnfN,254208023312267077
tz1esBaTjr9qFQ7FhrDQF7N7bTpNSVTkGbMU,11614354389090339
tz1RfSFe1dxP7wh1zSffEnskgqvVVWKNKZG1,844442000798119
tz1czGMShkB8ZtCHKHeCPTY3CpuiCrjsGJBy,8957094468
tz1UQ6cQZef4MuskJjV9g8pXNZa5s8ff1oQy,30653863636832483
tz1dTmMLY7tan1HKfW5e3KxJcfZput6UuTH6,1378914272713772
tz1daKxrqyoFUCcuQj36BeMN9C1Ytmjg5p6n,27443044633623252
tz1YZ4VZCRPoiDyGP3U69jCq2S8duDUcRjHP,3535597173957847
tz2LYELYe16viwVBaRjZc8GsauKRsxTGPvB1,7397131346254612
tz1gN5Ch4VeDZjiM6R1KPMBxPWFxL3HHKZyT,841118946043168
tz2WYko4XXaV4B5mzjguTeRkkgw8LyB2jA2d,11474906835290562
tz1NkFRjmkqqcGkAhqe78fdgemDNKXvL7Bod,36548275226225620
tz1QkQLtDkqpw8VSymi13A86jh5iaCeMriMJ,281865511168726796
tz1h6J2pn9X3KMghNHZikrh3PtEpgCcRAjHZ,112413493459830
tz1VCyNit49HjTmz8SEgeL67x4BLuoTaeYMy,365847191701041611
tz1gACjUSBkWjqWv5ZBMRk6G9Sp8xNAYgwYV,51107973773299744
tz1ieVZFcRity1eybQtgUyGg8NLEYWNqKtQe,8765795355390575
tz1T5GmdYXDWwbhBrU7RubT7Z2dmz3ZmKwCE,169820723823100321
tz1gmajxhmKt22CbcsSA7WWXSATgbuVEmzTC,887087256002468
tz1cfzEz3R8YKMqC2rbKnr2XtpNjZxH6RGdy,5137787817007969
tz1hR9eQYNNTZ4VGUeipK4PHtyyDEDmQ9dSf,112150599043487288
tz1RxeY78zE8hNJbqPypB1mTVyTsBRmPuqry,14900356332731287
tz1SBF19iLiCc8dNpKe1Ym9juSAKaTPyeypF,80227597273023
tz1X6ADVxP37XjYppBHMLVRJQwmxA2YxztbQ,1460261040033459
tz1T1u1CET7ek19f5P59vCdjTNFWAscYQ5ct,111300905091886643
tz1V9qHfFxixcXJKWuEziUqvdrQ7BWpPnWTa,74944817141280981
tz1Lqnwap8kKynTpefqqSH158i667Wdg8HVA,22019652610675133
tz1Kp19QyYUnXuE6cxuXxsfQZbyqv5JtKPku,347909387982414
tz1cnojsw9qgMbdpgPeCcWPf5GX4YPvd4HAh,374370267854219519
tz1fbJACCskangcgy9xjDSiEYgh7CUmSo9oc,945748091757042
tz1dKaw4xdNjfufDSLWRxumNBwe2VX4mxXyW,245094777699923099
tz1RJf644pa7QAZqKzrPQGiYQPyubXarC4cv,12586105556021
tz1iCiA1vKmgfZbY533ZgMwFKZ14S1DQNooQ,3905991179277479
tz1hNGWJUFPFV7AWLXvxGzJVEfCZ8KJ77PJA,10774416202725171
tz1NPu5aFQ12P3KGhBGgt7G79SAgVj2Skkn1,32717369191430750
tz1Qm3DHkV7V6peZPyWe4rv6aToH3nRmWEH7,4486437582118881
tz1KsiwkQ9pyrt4Ra7QrAQp5LQJCGxHQrY1n,21261459422754278
tz1eKTUc8X17nVmtVRtxBcs3hwUPXWuqP2AS,198266544315789341
tz1hXx6tvTV3kzxpBR6E4hDYcxdgcRGHUTFj,343928502
tz1fkZtnjNfQHtEyUpyX9Tqq4RrLKx35qBxf,19116613777131995
tz1chg2T1s4DTjLqthPc49HDcqkFHMwdSPwb,60198948616893071
tz1Uzm53vPr2Giyi32yT9GUvBErKqHPBjvQL,16281014079855600
tz1aR3nrJgUyU5B623U9s1MtMsMjA5Wz5c3G,114807067533778576
tz1YaPLZuVmZaKB69BjJXKUDgNaZrxBR4Lfn,3199292669516883
tz1WNk2o2hJvzjuZRNmZQwjLQuv24wDv1zjU,324327247247312007
tz1QmBcwm7RH6swEYNpsZZfAWCCFaW6wugVT,269934027446583964
tz1LxqBcvRbZhp34C2ab62CMy49wFbsQSzD7,4901615334973786
tz1S5RkjdXMREayGWMawArqqpyMqGRjohJJr,11824451715805254
tz1bZ8vsMAXmaWEV7FRnyhcuUs2fYMaQ6Hkk,6200539195369
tz2Kmi3xEnXk8c7zqWSQqSSyfNpWt6ovG38D,71478129254093021
tz1LgePVXLZYNhHoRQ6KgHfQjQ1uq7JJPZDa,4256766198782967
tz1gk77xzDAG3sif9eFvsqUnzaGh4MrzaCp3,9152203408214025
tz1cWUkZFBZ72Yn9desxcgS9KdH4BVfqd2ZW,64346316614087768
tz1a3LNYNZTNN2SLMjWSUc5jtLWFvZ1kC7BR,170031460513670385
tz1SGPStfd9v5upQUxRiHPC9666X4FpVAmK4,134586968750832
tz1iF629Cc91SJkmQRAWAm6nYavf7RgpAqZh,52802147225176142
tz1WHGwmdEr4iruf4v9r6bdHgzC5v8SKYTkV,7126305735211592
tz1YqsEWdPxBmqVKsJircrwBmCmZDtHAgHzp,582453151235004558
tz1ZLMaECyswARea2bTsBws9eMjgUm4jG8Uj,222197260111142536
tz1NySiq6aHysD6Rpu4bYhFaVe3ASya2qB8D,14953413136015710
tz1Rb321A5bMKjQdczUs7TyJBeXjfCtB4mYd,134462391478361888
tz1USU2xSWb7CBYGJYat2X7An9sr3cFfsLwi,9568122047263748
tz1aoYg1xYeEdnLrAJ7y2r1T3aMBCyms6ppJ,91089537241521382
tz1WxCJ3UpzyWsXmmkE1YjYzbBv6jXYkbFYV,10016020098638440
tz1fq3tMpnnsZ944DVxcJqsVNGsWTPvqJzvo,4694843799989964
tz1PrecMTmNArbdvQxtZLUVUBT8rcC86dKZC,115791325348435
tz1Q1LWn8wCK77L4xetjbH3Ar7sDaSANezZx,1216666261359143
tz1dugdoeZULYPA9phfkpofrP95rFqhZNXeR,22062789110337
tz1UecmgMghaWovhh9EYfqTrK9gTtaiMtbzs,267358130582274
tz1gGwXf6Ggkv9T4jGmp58jUMU2Gh2vYjDyH,7029503469468412
tz1QjPnpmqAJYSfDtDM7uTf5bkZDNY7eBECd,24269303178746050
tz1aVZZd883FwyEx5g2o3TgQ7pwEYi2f6apg,160410670182416
tz2MzvuRU1GEKi9udpqzLpGYfDoZTiKZ3C4C,4715243785810934
tz1SEox4m6JwzUjLL2daQMKU7XDrvsEukR7X,148367763535684
tz1XJqUrY2okTwoJFgHFJKQV98tsn2oC6Twj,6742624361838616
tz1VqXA6L6hPEFjvsgWv7Viw4xQn5GyNszzy,652627065744792497
tz1Wf1Lqz1yHm27P2RQJAVV2CMxnhYK4bBGc,14974801094705301
tz1cTS1WwovU7SC783xgJxZrzr151mcshmNi,28443394598164712
tz1f4Z9FJfgStP7v6Rj7BMJnWJ9Mb1NdAGsS,7476706568
tz1ersiy3MYVu89DFXvW7Qb8AM6LYptSsoT7,29540899998233037
tz1UFF5DSDDtk3fM1ewaLvVG6fhaAeCdgYEt,921840284820205
tz1dcpUhXGeXexEXispSpfv7CeufoFnV7AAf,181313967300241266
tz1RKRhkvC7MQgKfPejvNaHGshWUDsyJKZdT,107211861222800116
tz1ibTknNagJCgQPgcbPvJhpSyS5vxgdyFt4,4815697868103
tz1SHzbhYsbX6Uk51hJC4JkjgWM1gWaSwBqQ,5948400470101350
tz1NW1MMFL3jytxBjhx1qATMJyY47vLBMa4p,872255908383217
tz1QRm2TJKnarZ9tbL5CNjN4Ltq9pJtytuk7,23511160708878
tz1WJpBDRGfa21un4yQDKTGXZw561nsGg7Qe,164966038763112
tz1UXAsfFeufr6p2PafNr2oXNrTDSdtwwdgm,2403913865869470
tz1YPUNi7KW28VxZNEu3fNkRkJG55G9p7wsN,1544153309248972
tz1YpusrSty7ULz7w9sM814trSRmM1aNbmZd,120870877171830429
tz1cuj9Cgi19KMRi83UuypS89kXM435qdhmy,291777980353873
tz1htwxBMBFikeP8SnQiEQyA9n1ryDrDFyLK,1495341777157378
tz1XTyukKgkqq9P83UkV15np7EtSSEy4kAeY,1531627206103774
tz1WMFtCLLeRiayH19ZiaErKq4Zu9p5N73Sr,3992764120532
tz1RFUjzPENm3vF7quaxfELQCfNTCSjAsFdA,14741770601331637
tz1cLd3gXJ9Fk5c648hRzFvTnGfT97CxcHrj,9110085211069400
tz1Te5JR7gzDBwtZLKPWSPuTGFE4JX21vVur,576842865134
tz1NGDuYTuuB1geX1K5b88cqa8JinFLdd3d5,7476735398188381
tz1XykUaKpskyp7hDEZjmuNTk4gFU58a46KC,857776084198882201
tz1dghYwdzvHc3tYHp8iHpNUSpmAvvs8Zjs8,177839680022718655
tz1PuipWs33aqS2KSG5k1qQtC6Dff1P1GBmM,2068424567725745
tz1ZNxMa8XsMa8JTv776X9iCETcNoo4SY629,2845037454431803072
tz1iAAJhH465Cf3BnsKQ744XHypQGY1v7Ps9,7626240699
tz1a5QW18ULwjJK71LSc7UqNGgryrFouHzf1,2421197521670484
tz1Z1ZX2B98nEAvEnLXJBCnsJ6K1GqaSp9jK,5215366886981688
tz1enT2GWv7U8jyPmmoVb228u8hvi6hJh5FF,520433701019795
tz1RyhUycXcivQ3jzF7ZpFZNcoLcgmXqcrSz,12162658677654718
tz1gVon2mQhvutR49Yd5XK6k4ypwWfFjMZtz,5861737949
tz2HSz8b961xoDjDLy3aFGogvW4HEqXXdcR6,47007574775740361
tz1eSGjgq2NmLWnaQFQxafXK8ZQF5V7Sz72y,137212200532115725
tz2EP3fw5CbUUgJdx4c3Xono8Gbc8PLXGRM9,11306735848477326
tz1VCogGe8xeRgQCLrVhPbwo6mBSQxAXep65,6026857750758200
tz1LFFspqhK9KRQNvS1ahZ1RcpQ2PNeM8TxA,14191494735007112
tz1ZhteLTqobRVCYsPj44oFfom5BJ2SdGxeE,11549948148601460
tz1aRF3qMDrbN95f8dGYTKPaey6J2qQQnk8j,482417430326835877
tz2ALu8Jxf2SMgzSZaZEwfiJQbogpUDPStwz,21398927460482931
tz1fCHiWZ3ReGqvhxkMejVzcnXYz1rnsJpow,52182124465950335
tz1PXJVTDRHBcjJGpD4h6PzDovisMJuc8zVc,5397539563124599
tz1L1i5BVehYJBebCGvPYU9kZYGKBELGUJGH,94272984037320026
tz1TR56EbNTEEDeRrsPzQzoyvwFgZT25q3JR,5144795390145660
tz1XbQgDFCaT228TPS2YUeHHfpVqGW7ANCDw,2777730934429260
tz1S1Aew75hMrPUymqenKfHo8FspppXKpW7h,6355200582
tz1Wb4LakUUYuFuuEgXXQrNZuBD49Trodhwx,5908852311082568
tz1RAfKUFBX6P2jFkCpzLFntju7djjbtKAKr,220996396781124091
tz1MiQ6euA3EEdnZxJ6EPwVsHzd6vQ7AHJmU,4616325870932818
tz1UFwr89hcJvC4sNCYK7zSLcaD4JW2KkNYD,62371433442282761
tz1TiJBTfVoXxregtdgCs1rYd55APXSAmniz,10258041411
tz1ZPSGxrrPPfrmoGJgpXDArNJfNNy3qGvE4,5154196825285470
tz1iQ5n52oSKgdtdYtqEJgKmQYbL1nn2poB8,139971766586298506
tz1gueZ7eL2KnvxqWudHjoTH3ZPiUCmwNKR6,17393550060145386
tz1QxepCwQ45EwtcxkgXZezHbnidvK7hUywy,94382230154006140
tz1TVZgy4rejPUkEF3bsxLGNCp6H4gz4PaGf,1682797847910031
tz1WT27PugwGBtre1hsj6BHmbAK2qQsVbRDo,9715632700445329
tz1fL2TsQR271w84MXx3qFD7y4PZ1F2mpHFA,25135232766320578
tz1KhU89QWZuuhhnDD1paFp1jYMdpJLh55im,34674317680252006
tz1QQyhTMAmNQPcSGkM7GfDva8hmuFPAxUMB,238938074996503654
tz1htnC2n5n27PFD41q5X8bDvDcjbGMUS3f5,379537042563523392
tz1PoickddNEkRN6qp4K41u4KUW43vZ1UDvF,113353502771970563
tz1b9qYttBxHzoEseqabgvQiCxafZzkAtH9G,106832807196459666
tz1MQotPcNdc9R3nWCTwXLMDqKLS46WqW7Wx,59158367722249166
tz1a89Pvs553YqhJdCfDdQrRuQeykHMvVSRX,861887862844
tz1favSqpvTLtedjTm1UjuEmKfgm4o9kyLd1,104160852823394974
tz1XYuybht7U1RVsUip7H7S31fBDxpUgpTXP,6998197347
tz1WHUWCMqVqq5AagGN5DrytqWz88tYgedUr,3293094624597676
tz1YJvMiZyXnzvV9pxtAiuCFvaG7XoBZhbUQ,32992655104379755
tz1TmSForCvNii8rmwL6q2jgicQfqjNFtj8K,66478674374022528
tz1eoqCSmqPQtTLs53Rj6gBB14eQh2aHWVxu,11249323101739011
tz1XhZUHsJAFp4FHoeeQQ7auVBk5j6xoUKbS,1806939175769271
tz1Pwh2MBs6q2SeLHiko3iJpfMwsDV46bqQU,338410321746805291
tz1ZWbokP5pGwT3tTtLPP2KhXX5ssg1EtDPs,6873936688138025
tz1hLWsybqnJtQRFp8skYy5aZLGNmL9bMUpa,36227665825488415
tz1PuYitvGfsBm7C3oYAXqNc3t5wNhWZj5Dh,32079096396315304
tz1dbCAvra65bwTVk5mgkYUHUGz3hoKwovZ8,15070221588146978
tz1T5NfkdPfhkXzYx8akPkdznxSgU1Uf5jEG,27081092532026524
tz1PYqfNnkpZydtSY2Tn3Rv8mjkgUpHJpFXC,75258949023792123
tz2Mz3ovkZR2HyC89CHHSdsrPya1mKSmLWfD,5220730152904117
tz1ae2d1BJt7YUqaaec6Xenh3mBqS7VjSZtK,4525241523766508
tz1L1XwcVmD2z4qPfLtBJ6RPThgAwLcXG6kW,789058160402363
tz1VeyZaPimHfrJFy8WwsCYzxHR3VmGTMpgK,3054917765841041
tz1epFVHmqeWvvkFf2eskwhQ1AY3JwWd7Ej6,15551550065198493
tz1QRcnskFh7eaV7QdEnjoYdDfrDqHgmmrvF,40446289617611071
tz1XybkRZWjLx3hwcy1hQ7PT6FWEhpHm1FBv,6210058844530815
tz1XcuwadWbLKkc4mDVxRo25dbtwfEa7wf2c,27870904957540881
tz1hvRvzke27MGtp8CsSvsafxyyMWSVYM1ut,2566060947001833
tz1a7MJ4HMNbWDhKZAqrvzX5P6u2E2mJyJiV,53960687597744039
tz1citPWufjty33AZ9KwZDztqrTzdNjfQU7P,206839219872545185
tz1WeLuPLjUs53Yr1RCgq4EQ4d5SvV651Tqt,571580132687715689
tz1Wo716Gggp5HfupfxtPgmYu23rDQNcLcD8,50197865655036907
tz1imyQrFWHyTp4avUNAw52RxdFjU3HPviRN,13818953652011566
tz1isKR8pS4pdgU934K1S4UpLsF56ECJNArh,18668851824683420
tz1ZVoeS9T3H451BgjTe18pM1q1LPd2cgB6Z,12627342829947435
tz1eL4fYCgegW8tLCbQ1mYiKY3TdDxWnnKo8,29976623226927242
tz1Rhg2UDkjgLhemdSMtiGVGRmzwVLVaHArD,3722643497324665
tz1dPHDXSCFo8PienbvDMyCKr5DXjPMrZkJ1,19255949541542386
tz1fkkxXSMtSQew8F78XdsnaC26AfsXtsGiY,5240545563647416
tz1ZuiTWKXKqYfzFPaSaAG3Huf9QM1AdZ1pJ,19081309262180495
tz1RsCndtupuxe2U3syGAdcRBzpNqJZ9ANNc,398562482778871214
tz1MrZQhiNiHK14oEq595DLsVQ9wC4Nv2ZXW,1584437471040326
tz1LJQ6MPnjGekNAmhFmkm8XWtM6UGx4MyF4,91213594702939279
tz1hmxzW7MuU8HeRoCFPGZJnavGf5unqgaph,54825803408054011
tz1Z6QqrAbEAMDLsis3v6b956sfH6qLTSEex,25229988296348
tz1NnBgY2ze24nQDpdY72wb1GVsee1UfAT3d,2005546281899806
tz1dAW94vB3yYfNPE4LM2txBT8PQ21Zq4Xzf,4486025107170937
tz1eeR22tmjPN3rGDikEMvpe8jcdXww3dqTt,14953413629478343
tz1MsfyCeQEt7khed67HHsAidezZ1Th6mjzB,5185760758894409
tz1WBMWCwjuFSsiiLUWKEQHEACNEat2S3EsD,866935416387428
tz2SuPjN8dYMJQe548bTvSPL1fdStZPXv7gT,667971405604666964
tz1N33TtiYBQ67sw32rhCsMSVpZkrSHWe9aq,233533425099109264
tz1QMjzbw5Yoi2zPqUeg2yuv5GZdmXjhh9mr,14953607560293304
tz1ZutSZgCHEzxspXyoSYSREhwHh5g4PM8hN,9360836623
tz1NJS9T6FKTnKUkVNv2g44GHTAhzH77qiYw,30329539657461963
tz1URL5HNuTa1fHqqCtUKXUM3hm6g9c88NgF,47217959010615
tz2M9C5x1KoZGoQ9xEY6fQ6Xwbe2GU1RTzRx,17256858690840
tz1RCQDHtpdcwfgF1Kbbyusd6xhfjbXanhZ5,17661380651282184
tz1c8JTzmA6c7cm6ZmUwR7WES6akdiMa1kwt,23675385459753486
tz1XRTNgXgWmR4PqxZpiB6HZJ8Siz3M2JAim,7085590133322455
tz1imbraxLCQ9TUpnJVP31LS18hpTqG5wv1k,16805181821929034
tz1iDuz9LvybPBC4kDc7ceBoKVDwwzJR7zKb,458502841199965443
tz1eiyML8sHGBL139FwJQJeLGHWAFtDqPz4U,1495341388368636
tz1YQDCB6Hbn2ozMyS2kf6WPJDeRvJtmtNqQ,20334488792643614
tz1eeNRXYK56vgSfXHFcXorubcaBBCVpUY1Y,9629998059
tz1TQw8erN1a2LpfRSNMExicRXMveBPbvTKE,5472949207
tz1gaRjULm9qy4D83VCvb4ABWLKpz4XXfqjx,7247401001913868
tz1hAZNx3LrRKFgfRytoLNVGhCrzU1uVDUHS,5890976918502270
tz1W28xB2eAvRGCXmVduC63Gx6gGDp87zqbB,411197126230421
tz1gJaXdi7Gweq8TUSy9knB2wLjioTKy2tZF,2989336564305552
tz1PoXtd7RGVBwWmmZvxX18NQXYpbNdiwwtE,41382885568906281
tz1RLCvv7wrWq4hTmyKk1zZuZeuUXNViSgRD,703021462470219
tz1QFk2DJhPkzp2nCN7Thpo4askJjQ3Zw6BU,4778994028238911
tz1bRDYJHp3ACUojEeM6Ja442YEwNmcb7ph9,14678593776639153
tz1MDs7ym4sp2FsQhL32vuAnEqG3ARhM9Vi4,15850618806428028
tz1Xy5UM1tC3CFcbPBVq5PjufaxcLjMwfQkE,429868414175168
tz1RAKBnmd1X43pkkGqywYCRgf1Uo6D77zMx,429838178373807
tz1cXwKRD6AMy5nhqEVUU23SBxcAMnh2aKLn,4793307967583869
tz1imrUNR1R52GxhP4y6XQCDDXtQs11GarTN,310137900629578
tz1chab75LnyqBqNwrK11459SGCFQXLg9uyx,7844490040764318
tz1USfPTFciXzVsQL7Rk8HmMWyWtFEas7fh3,17184800128651757
tz1btYY98CWBVCGEikD7s1buWjpicb9kG8aH,322805280825599
tz1fj962xSPKTA57yWHA43VeVzo8KqdpNAeF,15948936869445032
tz1ioU6W4otB7ebgRZTq1EVVra3vMyXqeqsm,4048028989586884
tz1N8oU57qMgDRr6N9pSbhaiWRRQSxJRPGoZ,3684126071729179
tz1fCEeLBcuSMSittqTnMEhcFdPCtD1HsiZc,407159525412671
tz1WsKkY3TLDvqTuK97Xu4zuVoTb2nsr7J8S,2764823493861917
tz2DsS3zeg4pqoUnRPHxvuRSuQrjDnTZcTNJ,871575415458657
tz1gSGxwMrToBdzLeaxg4Bregv6W2oEbNLC8,139000823228212980
tz1X8AQxtn4KzBwMZ6MZUVFDcACrfnyfYhDg,6160806212
tz1KxARuCbAoiGGesnQjr2pvZa7CzJR7V9D7,10908586001156335
tz1LGVwoTMUhi76Jc8TeaNUQhanfeLLNF4xm,3917500576305450
tz1QS7N8HnRBG2RNh3Kjty58XFXuLFVdnKGY,896295517209514210
tz1RAP1j8SjwT587jyccTNArBFhC9HhGKfHq,1921827265725372
tz1QiZCuJMuVz3aq7j1Bq2v3BRTQPCdTw3Fb,29350796494410799
tz1L8hBVpams2fWFC9kS1sPVxfGY6Hmg5TQ8,4174101574618548
tz1TQSPkLPqXUREhxvYzPbAib6Jz35w2a6tw,13626022278324350
tz1XD1xSVzgY8Qs1id1kNyFJDbv9e9pNMe2c,7477560722827400
tz1Tk1MJDZ96bK85RLAqtKfnptZZyXsJ2jaq,860526477779795
tz1RKg4C5yKTzm28Qj9gKmfUozCDrctDpx4G,9065283455249253
tz1hes6aF3Px3D8nPQx27fdwBKrXmGs1UYxT,20555338627966370
tz1c1BG1PEeuhMFwmonTVSGafehicqbBJFec,1270702528306376
tz1e826sMLNdz1CQLzthLDBJCFsinxqGDzv2,497777590894712
tz1THwbFPPPBHmBu4cmLV2SppLFrA5QfBhyF,5283411750460363
tz1U1aA8tyN6QByoYLhSvNu3krJPLYqnkRVa,741702995920099
tz1QSwx2wnmrTjEGrid79c4tpFMxjCT86SAy,12788405151774746
tz1RcJYTsoYQ7adtNMANhwd8qf4zApM4i2Yd,11592301773682137
tz1cvrgSekgCqgyc1c2qFPSeMtux6AAAfDsk,263276263230594
tz1a1ZcbAeBEjxYSwuNKxSu6FbFB4dxdL3m9,175251474827284
tz1NZnfrNgCGdECyAhA93TLPTSciJcZBJqDY,1059668424651497
tz1UGuKv6PzgVbofb42VgeRwDwsVN47UpuZB,25260519761271448
tz1eCzNtidHvVgeRzQ38C81FPcYnxMsCEL6Z,52444597119870302
tz1N3nvFqipu91tfU9s4GXGsopawpwxSoAJh,1229544365202065
tz1LFeLTRQZrgKxbmvjz2ckViRhVw9BZXw7t,296371300536784721
tz1XuzzMTz1LhqbRPy9uxfRkccSxju3v8Y4j,13882553673249213
tz1MoiwNRQWHfA71aypNk8J9CsKjfmq39c2F,53571251762207582
tz1hhphPmGxL6HEmEjoVSJBy82FMWbFwzNCD,299453208434674
tz1YHLm7Lq27q3rgVXLY424zQMkvncVvNiaK,1644875669262925
tz1fKtBhuuZiMYhM3Pi1hcP2sjRbstgDrmqX,481301411373738
tz1XEA7cp83PyiXfSxWu3uHjA3EF6Gdh3Vhq,1618003159677627
tz1UXMLCt7dqbUiJ2BHRhE1gFkdVkmCZYcM9,527236053515608
tz1iKF8o1hCLaTNZcCJpgKQBQxkpcSiBy5V6,21120412229337398
tz1c2iwyckUCcicx2qxqtwLEartYFEHg1pvB,9614629823824295
tz1PQDUDph7dDCn8pLGXqaR79DiUWLiSZdEf,5565562909319476
tz1fUZ5pMP1gUjuJsp5V631cXmA87Kxm3cuZ,19860960438102419
tz1NVsmLrZX4jad9bNdvM1EskvcTq2LSZhLx,51934633273397574
tz1PKoh9LB2P3pgh5ahaAFnrC2QBmUxcHDJU,4648850041474169
tz1cqoo91JCc6sKmNuTVKNzwUdi6E6moHWFb,19750886930104903
tz1ZGNErBKdYeEPjZuqKXhyTixQTTPn54bx3,10018786801
tz1XoiGxnmjnkaKcNyG4rrHNNEoh1u5VidxY,3057537852072540
tz1QVUXNoyCfKpAyxDpq8kR3rK2AShuzQxJ5,51019087665029813
tz1UVTMhbMiSETKCxFi413yZ7imF1xeyt3fV,15254824882689287
tz1S5TbsJCWmCyRh3ghJ2rWwQHHbcvoh1uYV,10970069956922790
tz1UAYfFWmaTrQTYMptaGCw6LrXK5Yv84VnQ,81204270780523
tz1hLhGe26gqt78sZboxiwne6zgKMqirRieW,4990577819478142
tz1RYTr2WKdJD1MMV51kN9AoxPnxZJgJ5sqU,814840880191721
tz1R6mtcAQwBTK9YpSqRL9y2a6JZWgDkBm6M,9981652601880852
tz1Sv2XMQNxcAqyqyyv42FHjf3EGwJ3Godj1,56412282989973615
tz1NCsGajb5YgZdhdviKrfisN3VteMasnzQi,3738434210649379
tz1Vh4cX8VutUUUnnjmnY2omSV4F26T5orLH,824057493610345
tz1QGCWjNpYmcS6T9qFGYSam25e36WeFUCK4,8989260291914486
tz1LApX9pPhcDUDznHR5TTCcSXh3m6zPgFHA,4811140854813595
tz1hUY7paB2J5EhD73r4oWL6uZubf1UibHrk,16139437147440368
tz1MgDFQvyV8Vfc48HgeqMbCD2Po7nhoWDeL,22284557275667911
tz1PWZTKd1zhfuxrixGJoHJ6G17SQiypwe5m,7431846328
tz1V1Hu7nMcgVuMKDEZickAKHHZavLKTB7Vh,8000076027
tz1NKHjwrYfg7GWwbWZ3bvdejkVL34De72Pz,7835588483
tz1RaZeHEiKewSd14gZ7HKfcQ3HaNHJ5tnV6,161180062402228957
tz1aiLrqvULcV2Kfvzt9dUmqnLQnoNXPPek8,25736195797433226
tz1M2h2hPZzov29kf7xcHXrunXb2jFSbfiNd,75143995692094509
tz1MToDUySbYhPabULUyDPPsfDQF1cpZPdoH,11260254674038748
tz1gMfLSQs6xTM2TcLM6Sb2njJ6h9qhSsT9Z,11289852126788177
tz1Mt4ddsTmDs4of6kkWYvMWSUtM8zbGNMq2,6983243934
tz1UNTxRbAYTSBSdHMjoUoYAtLH4MHMUiGwg,1556684610588969
tz1YUJitqsUrFfFzEp1d2RiqVwV61J8aPb4E,8583259140
tz1TqqKqc4t2Y6PTvxeuhF8kNjVn8HpZkKma,10871477356909975
tz2VoUZvPNLyq9bZ82VoDLrhkH8n6eaUoS6E,2051316795379095
tz1ZvbLR47deoqaSgsaRXe7hbgDgwonBicnV,83632049114538138
tz1L8m6MGdvK2WA65wQ7DeVwXVmCS72JKWeN,663811064381739497
tz1iCJRFVD1oY7yQBap6X59XktpKHJtgCGyS,509054437738136
tz1bnWUvcfU77EBpbLUQ41c3hCBKovGuqyGY,34220680068226483
tz1STAzkywd9GnKGvJBPL4xWte3LCniyu5ho,9861985161452133
tz1g6cLrzLxNayiVyb7BLsKK6TfwboqWaYPx,384492147433210
tz2Q6ugZbronUHSk8fbuHibBrBEJwrzgtL8X,3005636608568856
tz2Kn9u9cxvTczP6CjirJnEE1UApmoCzuGPB,8295795877359063
tz1aHfKHR887WzmpA56K2diKDufR3QJqn9iK,552305033064076779
tz1fcuYiLoHA1qD8vLJmSJPPKhGANGLJZgin,5783233319509
tz1bdbHUpDrUx7m5g4VTSkjnc3mxnquzRTcw,61424706462934944
tz1NoV2nnTuxavEAuozNyHm4nqT3qtkYUNYW,8059889680
tz1TQJjDtzUWWAa5a9H61iyPZmuKRfX9hXi8,277913657949255
tz1ewd8gDnG3USrTRJVdbpsyieVv9fWDMPNk,29208171369671281
tz1Tpms3fccT8x1pVY9BQKgnvppew71pTDDd,1495624396665648
tz1bNLPqmLVxWF6puxbFZHU1yCJLiCZmHH2E,21148054676601
tz1ajJzH5YBGRuXnU7QDJzY2qVRGcysUbxJE,1495349717419753
tz1YT4u9DnGFiRM8AXXACY8LWuV1rW3A2hFb,424340223880471
tz1QppHuA9TUoFN5Ek2ZSmRPdU1xQiwRSnPb,832651127953959
tz1fne8nhZuSRgzaQPyaomKQcFRfthyicBQc,1495341911738096
tz1PGFWJqZhk5BabfqxfYixpVH9S8vY7NKj8,9555230993
tz1Uva3ynPUXqpAsWJ3CxcXVPG7HEXB19rzU,15280296332230806
tz1cGZNvVyHrKgbRu4b23Nw896JD6GYhZKQm,15255121962148061
tz1i9THBDe13YzhSmcdpcWKJrL4raaJ1cpN3,15230009798263961
tz1apbBneTw4Ap2kdmv7gfTv4kDPYbR5HAkn,12903917277567840
tz1MJ4C21XhL6B3YptprRWMuL8oeJquUhz4u,2973664337783392
tz1SMoz8tsJzeQPtGhPEjPnanQMvFc5KitVh,834197026757374
tz1XuNQgqT23u9KcwmRLGGQ6w2n6dCE4bmoV,1737917227892911
tz1WrZ2Th2eCuq5NuZb8nHXPJUjaBE25Uwgv,5162913058438
tz1idC7XEoSZ45sXLwp1ujYJ3yNFi2tkLT7A,1249179763243033
tz1d4649CmmMEzXBWzhTgTkFxy9ATNhb5HC3,168501877973015
tz2CrWArLr8eRCj6mp6yYQAKshR9MuyaK3Qu,16970335286772393
tz1UdGjnCNd5ifzEShXft78CmazG9gj4fdrN,78550874169150
tz1WqkwtGV3ttnchD3bqmucZwByduHq8EN8f,884426889082872
tz1fvhxJtMzKYkXM3fvXrQEyAXyMLYayTtZ2,509443540204059
tz1dVTewmwhAqfBcAgDuDuF2sPUaafuPA8mr,15884906593960170
tz1ScePe2eXYo1RBdEe12hNY8KrvHyjFhHw6,186203475178268
tz1XNmNga2NyqFiNpmEN66fpySDoGWoKpKXB,976722479908027
tz1dXpsNAWLHVYNWSqhrHCHT6wh6L1fKZfo1,235659079891523
tz1N2AezxpvrXzvGaqNVW9BqXxJ6Rcup9M4p,6923430281
tz1iFKBz9HbJDp6omQGG9LC9bTXF4zKdkJfR,656250587653577
tz1fFCF6FogyPLLjSk3FNTG7gVdDWfPCWVni,8463631834
tz1WUmNdnrv1w75V7ntFSt5kSuyQfYuo2hqK,513974669087038
tz1LYQiMSoy34xAUD2NnsJLCTmb8HYYR9th9,768295077101569
tz1VYa9SB4LtsHLWZnJXc1JuL7wuX46orE2Z,3854873512480830
tz1d9NBC61N2Xjo9LvXAQsKPqC4HaL1mFD9X,5600975091964781
tz1cAxm3wHEUX9tY87sSfdVfHgCWcPCTkNTA,10866109545149953
tz1iNdzx7BJpGD2e2YaV2QbsteMQWMAXjjDf,479948687080523
tz1YrFGJ542U6jpYHpe7BFHxNfa2mb1wpAdH,57395830583317
tz1SPVSDCDpbqigKWVYnbgHEudxSM3BASPZj,104448363530752862
tz1f7C7HeTczoCxoo8oQ3vBDRQTiNM3tFTZu,6569415926987867
tz1P8pHeW6qWzBkgeDvi3bc8depN63r5tt5s,1823725658625663
tz1iZnkruZaYGv3dfER3wEasjJj5xpaTtMjN,22430120092812307
tz1Y1svqGfYwEN9J3ne2WLEuzUVnwzP5qoYW,7058011000
tz1YmwJZfEerVMbc8uuJc7xUzE64ma3Xfu7L,1515296209782603
tz1aQbe92zZy6MNeRFtgmgV5dV5R4BNTdqK1,1515107946311220
tz1THz87Wwo5DL34CELa6psvuH8RXShPmSbc,388795575246211
tz1cgAHrLkuj5NrLmQ6LnELKFKu3i13CokzB,7013150760
tz1eQ9skdokeeUyTc4SdNQMPigjZ8JY4kzus,2453209854995308
tz1S35xPc2sh4kK5hd7KujsWU1G3SUdCnFqp,109370721695372640
tz1dYEEirVkgSnE7eGK9vFUwxWBqibkafs8W,4496172328837493
tz1VLGH7SJ4HA6kDXRiHYqVFkn2btjnoxqib,91576677907502280
tz1XYkmAHtkZFjZLdWNoL2BTqUws4oD4H1PR,22145069438768273
tz1dCyFm9jxuhxJEi8UW5sgiS7TFubaNT1J7,84781964593793
tz1XbmhVLdDgsihnVoyn6aTRMURJ87YEbG9B,6277473766188584
tz1Sk1mwyBQkcyrwWZkftmR3Mjv77BEGUw65,1705521369253050
tz1QHXGKA8NaCmpZLrvrUyBpYhgEiQDyWY1r,98000848824043
tz1NS4ZXnzYBPJpspW2svbqdjGsgBsGZchzV,155200663975394
tz1LUdy3KnxyyARheKtfcnRymhUq82SKLvyx,930762577856405
tz1LxFeaR3ZNkMRstvhjNeVbpv9vz2LttLBz,19149851367898
tz1SFJ5pW5FVR8cRfAqY3NqQBuQQq8TNsjvv,1161033446210202
tz1YRG68NdqtAcsFEwTUw6FsSsiBb5kagEDo,11574224795316236
tz1XUmPaRxfbi6Mjj6vUWf9zhjwHdfL9gEdk,57629030784644
tz1NiraRNtWgpXyyxopRTk2a7Py9oKFdrgkB,962568094948593292
tz1VnXCALwSCihScu984A3dbY6XXLzDqJWa1,151659401829531768
tz1ZDDHc1YycDdwQezjVDVCSfSB6A1xH3YxG,60973356821799
tz1dx37ewvwHWAaRxdjd5sayKBR8LnJUT1XE,1040588234126
tz2R1iMz3wHEx6Z8dpdPVgb9eTDVh5NdeqNz,8032253275747369
tz1hR6q1QMUC4wLD3izGsfeZ3HuyfJH5QajX,236492690037059
tz1akJUKXFmNjxKaCqcEHmwbx4u86xfHLYJc,180239037959834055
tz1V2FYediKBAEaTpXXJBSjuQpjkyCzrTSiE,926696530526020
tz1Z1xRcvcqPPqja34fWNd1StABUV38LnbpW,54762651256541
tz1egZ7YNcG81udp3pGXPBsYQsUNHB7xAH7V,2822984297305093
tz1TSowSJAKRqQbqjspmyfN33nps1op2GodY,420038726684558
tz1VV5912Qp7qqZaQ28MC2G3RQ89UhEdueqt,5108889168269696
tz2RJZQGhhkdVX3kq5agHahLmh8TByJWaedL,2740494930470899
tz1codeYURj5z49HKX9zmLHms2vJN2qDjrtt,399791742524762904
tz1WXSxKwhw9EectY8mAdUFXDBHFnPZE3HSG,43264198691764235
tz1aDrsGYyNbiqUX6eTHLe5otZJwN5XQh2kG,145737838753178337
tz1gu5jCJunSaHjR52rcu3n7SgDCJZDLTqJM,888128623588786
tz1SDmZnnzpH5GAfHoeXygPWwzJtHXADpohn,67917818001653
tz2KgCQ3sTz3n3jrU21DveCfTVFgrMnzeA7x,482266326071925083
tz1XT3SAzJh47s5DxMJud63MWnvDftqWFtS3,28869415127036772
tz2RjcKqwtC4vVKN878Bx7L9oNHR4mPTHDc4,2479394675083740
tz1bQxeuFnf9PTDRUwu94sU1GUvU425KqCeq,36426554033369
tz1Rb2U9TbEkYVQM412wBzBbMbnqX2r4CTXs,30399689416764
tz1gaTbRLDWJFA8bzcvDtkz8HxN6V1eL6gwL,1266698237462303
tz1U9RY2mXmwAaSSm67rEy49N5YE1Rs7K223,21661846364144
tz1ZzEEVRzw78fhsLMM7JvV9CxZUaWGB98U8,884774674333593
tz1RSRuULmTkaXTjrhbFuNkE4mkJLRGPWJmy,798021497074465
tz1hHz9wjLaZ3p9sDo9SkqT1t5wxNsK7688s,1912730868164138
tz2BzwVtwa2mTbspW1qqdiA2UtctbGntxAGi,15526533682880450
tz1QjLLgQidRchfWMvHa23uhfgdzNKSevELK,144688627552964444
tz1WW1xr4mdTif7jorgVr7aqY3YnnJPSDXj7,5597959684384
tz1coEYWsh5bwhhCsK2Dc1SXTNQs1hWs1QtL,1936739743256083
tz1YKkEwEXk5g5MeDzNTgfDwKd589rGJS9q7,1254731306445495
tz1PSiE9EmFbQFb7K1cBxPTsbPdgotHLdy9e,3105362096575011
tz1hWxyYMfK3h3y7WvL1ErggtgneuNynC1JA,72197281902605162
tz1agphvYoUaWn5BjTVHnqTTyYwURTGAZyBE,22854684736915
tz1VXAAqokxhhf5iwfvkJ8tRukgVLN8BVyce,63244827664813
tz1UVjnYXp5DZaCX3JZvxQQqxKnXaVMYAYZD,885072734704305
tz1N4Q2BLS4sYvKCoM5XxFAEL1yoEY8TSS7j,158876300066249420
tz1XH15XMCB22rJJxHLsZgVhXA6t7kJnmFa1,3153275256663262
tz1NEmMNjFtXgixkdCkkGsEn7k6QPeG1G1Qn,3123857030237510
tz1gVmWVnkT2yQr9gmed4BgK22SrSPjfpkEn,6761688201977211
tz1huGodLQWq9gKTZJ7D2Z9GeymHBJNnXvtd,1071287334043
tz1RVq5ohXzWvbqHzUgsmUNWHqin9HRkrWPz,87684231562457
tz1az9uytyQ2tv3aKXJuNBjrX29vBsYuWDuR,4060243018686326
tz1LovFrdT3D2uY5ijGnb16172szCqFazDCE,165629687815756
tz1aGLjZZLDwYYSevU3HLbEXenAxwRo6f6EM,17382152240320
tz1VLnru4Qd3CFuj33ss2v1feACiaLaAQdvA,339797949281
tz1cj6FQs2Zjuwwf1uY7e7fLQfzi3YAbNj46,3709718106622047
tz1XksiJMYSGBzqZqbj4F1dbHBH85i9jR3Zi,6520161881438376
tz1U6R3G9mF8n9qH5mhrMZjgJTMKAEYb9Uw7,38378051011026116
tz1TtLSSFGrP1796nyd1ZhGH3o1AVitoukLj,210925338841160
tz1QoX2rtnpKq3MxJ21E9NcEKxqPL4dKsEcn,6819833902042102
tz1iXbbzm9Wogk7D2W2qNwYzePbQVmYP6BXN,30752908658360
tz1aQGJFwYn3yzghyRbuWNapzDZjXCEfYHuW,235620128700748
tz1YDowtv9HFd9eUoMZMNjicREmagF38XWyJ,27211680090347
tz1MtaUicPHBwrvkwnNwikGFfFWdaPxYAvJc,608137490247330
tz1enSmESCGkRYo2CtDYKhqUHFTAQkpXjYjg,566664181040758
tz1Wn4Wc6d6jieFpj2DJaNEC7HXcwKexW2By,7082224379065847
tz1c2MCGJM3pFb88Spt1cWgxGtXAX38Ur3CS,4223318981056300
tz1ZFS66zDerPgLPnYYEo8YXveudhGbzjESJ,2560667283333302
tz1eAR5bUqFqx85oRxGDSqriJbYzsC6Ff6Dj,50672084618333
tz1ZrtiLUXfjKsYskvr7fmZk9N277YQcv8Ws,196890551130704
tz1NqZnVNkS4N4XQqZaTigDQpSs8nc8RoMFW,838654919881290
tz1WEjGgTyPyhUapqCRvwBnHhLCNV38Jr1GU,104196799163825
tz1f2NgqK2bX3LaPgeTrEWgFFqRJgPNzFAYv,694939459584903
tz1WGMbfVnzVSTD8oNgZA8feaYvNvBYzSVmD,946017959100694
tz2WnujX4qC7yfQF1SAHQuLMUcB3pA5GJhfU,338844599114798
tz1MrpnRbw6HqHvKyBE3811uHgJYuvVj2hwN,393041455328668
tz1TkqGsSx3gB17SLAcMAnDgfs53kYeFez9Z,482874863979924
tz1KssAq8Lofcu9MwuXqpvXh75ufZSCsLQun,617173211136390
tz1fhd4k1jSJRRcNVbkMwVzkKEhX3kzApsfk,2225990031304199
tz1XFukdhsw2szhabNoSDMBPCwqsyPLAkSfB,97503783730
tz1TRrpXyABLU7RfM1fR5AbFM4g3F71KpKVS,1528686935866175
tz1NkGJR1x59KMwfLr2a8bAqDYSm4WeDjeui,28621371122123
tz1USgVdDHovucdwWXcd943nkjN9Dc2kZ36s,6611658918240
tz1cVcDkvek2UNAo8ihaycH6GqEZknuxjz9L,3258010884976
tz1Z4eLXZquq6x1kMujWqCN3eQbTzwkMb5A6,3260109026141
tz1VYfSekJV2Jcjbgt4VaaDUDH1knN1ytNUU,6475806319926
tz1Z6ikQVtLws398W5w6qMLQ7pjv8eEutu9u,6408394107824
tz1iAafYqNNj9ZqP2Z3iPwokaUfMmrNd4UkY,15911589080680
tz1ceVRLF5yAKvGcFXu2ngFtqXbqkKd1kAZe,6316692104342
tz1gSHNQkhh8qNCXgLn4MWnH9DZ34NGUn8Hz,6307052248604
tz1bxpnJwhqrdhf5Dmsp8QusjL9zN4qbDCWs,6212280411597
tz1b4Y6E5szNCHKZadDnAvdUyBfr7eQoEM3Z,148398913094054
tz1Y8v9LUURRffBVoJNysYTMzb2NranuM3fd,28701457077379
tz2ULsEpiuozejYYvEcwYq76vDHUEVcyYyE6,632484586103
tz1PQkArZXKyQjY8gmX9yAF8NEtEtbuekeqP,33935924553390788
tz1bv7bDGmKDPNjX3FBJ5nPG3LWnT7yB1Wto,28185539069120
