Address,Amount
tz1NRbpmTuPEFCCYCqCr7i3hkMRDRhBFgmxz,156748001520356
tz1RDbEW7YUkwnnDdMNieSiF6kB4XBws7QSg,866268095736068
tz1eqt71cHna4YgyNg3ao6x22xU7c7CZXxcf,5968415397811
tz1SBxNvpDFC4bjW23CtQfVLqN5cBATVf68B,633268662610813
tz1Rgo7URug42QnhBM6eLy4MWdfwn4RovHy6,136268428081547521
tz1YTQ3Lys25j8FhZQY61eoYErYUteSao3ez,285463874508586
tz1R3bKH1seset2h49p4vrZJCEL8voJgSK2G,47571351917778
tz1bdRJkGkNQ7homh4PTnkVM7xzVWhuC4EMm,17018130704749058
tz1Z2Ne4ZHxNPuCJeCcoykHVXTqhVdLMD9gV,41452405646941257
tz1Qji1NnEPj4Cxa9s2WEoWi9U9KM6a9gdDL,4294698149470363
tz1cmanHzitf3UgWgECzLpGUKpzEfmGZaFsw,749517683268431
tz1eZFb4bNMMdveGT7BPcktbYsurg2e8r1xR,674408352652
tz1RartAmPJhFsL9oAhZndSL2G7KCsaQqqkf,284376747655617139
tz1MyqKoe43P4Z8MfHoXVBTrohgcbehp2zLL,4439863571401370
tz1SRcMg9GRXi7paNeAc3ARn23mS3Z5dXa6S,333389270036437
tz1hD7VdzRpWG3nmYpCyW2gNc8mQNs3TCgxu,4909554008927
tz1f38MX7YT2Q7MAq3mDdj75GTN7vgqV2TfH,1861979719850
tz1aBDeNFooBEmBXnWDVgLknNMUHMYhHVcRA,34649965893394960
tz1hD5k7QW9ChHCgb2YLthKFirKDYQiNPDJz,962668627089641
tz1ZL7ekzieKxwngCCyjsCN5qhu1ohwJQEBy,2037829105279921
tz1enbGpES1NDr2kTaocDhxvMqtpMy4ruhW6,810841290401498
tz1ehGMhxarDhwppx14PX1Y3eqbZ5W9Bc2Y1,201612433327067
tz1LN3wPFYuS5fCnodwxT94xVFLPtcFHvcHk,12349562921066
tz1ed4brTwpFg8hFUJSJ4HqnsC7sEjVesMtb,5667384305392723
tz1QJE62jTxHis7kZkbDT2zsYZyauNDNzWg7,2521582237796518
tz1gWt7kUnJtGXoT5BYzHVa89qGp6QVvQmyp,15795022507176143
tz1epR6pJmPaJ8vvzNi6V1T51ccocX1Y4VBb,103126304417667
tz1W19DveaP3mW4WvFtdVdqGsWwBL5q1QDSK,20931120490463519
tz1esdEqZC5Nz3HDFseHvpH6SmQJPocxLzA2,1038416543936416
tz1XyTsb9DwkPru3eU1Cwnr5JkihEi5eisHo,79618081162444
tz1ULQQ3S4kFLhhpPsegiMVFmXx2G6ewmbTA,10302615698495937
tz2Lqs8WFf2HDG1RoxG3EAtuHjDS27XQANWT,285242964790
tz1LRrXCmELevk5znmVcYD63TChSpYh3vaE6,2235729883081
tz1S8GvdiWQghwPMMzbNvRh66rcfmhEA6vj2,21687855514348407
tz1N9qzry2ko1gwTK6HKWamZZK6FGx3Vr89U,45991295098039
tz1M5swezYMnDaim71PSeb2cPFk49ajrvDV6,1299429451533238
tz1QQ4HyGbCZDmQxeVHoLP99KLyfvGvyX21i,26229966624576498
tz1WKygtstVY96oyc6Rmk945dMf33LeihgWT,4168923531400801
tz1Rux3pGrp2KpZUBKvg3VQ4edRYVJsapr4z,490459241867717
tz1LWMmDzH79xyu6JvELrnvWLBBVjZg7TnfN,14983331226330928
tz1RfSFe1dxP7wh1zSffEnskgqvVVWKNKZG1,68638116105121
tz1czGMShkB8ZtCHKHeCPTY3CpuiCrjsGJBy,164792531466509
tz1UQ6cQZef4MuskJjV9g8pXNZa5s8ff1oQy,1806776144406919
tz1dTmMLY7tan1HKfW5e3KxJcfZput6UuTH6,3108794931579
tz1daKxrqyoFUCcuQj36BeMN9C1Ytmjg5p6n,2916506586949108
tz1YZ4VZCRPoiDyGP3U69jCq2S8duDUcRjHP,208392413622664
tz1L5rXu3RqYBjZzjWXLaFANYZcwS5Pb1ZST,3078332789881587
tz1NkFRjmkqqcGkAhqe78fdgemDNKXvL7Bod,2344268913035792
tz1QkQLtDkqpw8VSymi13A86jh5iaCeMriMJ,16613899246748956
tz1h6J2pn9X3KMghNHZikrh3PtEpgCcRAjHZ,3621094967036341
tz1VCyNit49HjTmz8SEgeL67x4BLuoTaeYMy,21659780931533896
tz1gACjUSBkWjqWv5ZBMRk6G9Sp8xNAYgwYV,1330424561166460
tz1ieVZFcRity1eybQtgUyGg8NLEYWNqKtQe,618400526938604
tz1T5GmdYXDWwbhBrU7RubT7Z2dmz3ZmKwCE,11116241789313068
tz1XLpud4YtVgwiAJezLKUsAo9K2s8n2YPqx,312344961053
tz1gmajxhmKt22CbcsSA7WWXSATgbuVEmzTC,1690458256221062
tz1cfzEz3R8YKMqC2rbKnr2XtpNjZxH6RGdy,302827486047814
tz1hR9eQYNNTZ4VGUeipK4PHtyyDEDmQ9dSf,6613332966710562
tz1RxeY78zE8hNJbqPypB1mTVyTsBRmPuqry,878245192321972
tz1SBF19iLiCc8dNpKe1Ym9juSAKaTPyeypF,931542477599
tz1X6ADVxP37XjYppBHMLVRJQwmxA2YxztbQ,90958209374132
tz1T1u1CET7ek19f5P59vCdjTNFWAscYQ5ct,3279066266497938
tz1V9qHfFxixcXJKWuEziUqvdrQ7BWpPnWTa,4417339013510314
tz1Lqnwap8kKynTpefqqSH158i667Wdg8HVA,1297865206045080
tz1Kp19QyYUnXuE6cxuXxsfQZbyqv5JtKPku,489161695
tz1cnojsw9qgMbdpgPeCcWPf5GX4YPvd4HAh,3863393147596765
tz1fbJACCskangcgy9xjDSiEYgh7CUmSo9oc,156228841038679
tz1dKaw4xdNjfufDSLWRxumNBwe2VX4mxXyW,857989250468698
tz1RJf644pa7QAZqKzrPQGiYQPyubXarC4cv,40928083025266
tz1YSwscBZCf26kSPvqsnUdhnS4XQD6mAjcz,38685127901203037
tz1iCiA1vKmgfZbY533ZgMwFKZ14S1DQNooQ,164210658452599
tz1hNGWJUFPFV7AWLXvxGzJVEfCZ8KJ77PJA,635057244190402
tz1Qm3DHkV7V6peZPyWe4rv6aToH3nRmWEH7,264436108047509
tz1KsiwkQ9pyrt4Ra7QrAQp5LQJCGxHQrY1n,1048923952459
tz1eKTUc8X17nVmtVRtxBcs3hwUPXWuqP2AS,30629832649573465
tz1hXx6tvTV3kzxpBR6E4hDYcxdgcRGHUTFj,20271565
tz1fkZtnjNfQHtEyUpyX9Tqq4RrLKx35qBxf,1126756553221614
tz1chg2T1s4DTjLqthPc49HDcqkFHMwdSPwb,3548199521207869
tz1Uzm53vPr2Giyi32yT9GUvBErKqHPBjvQL,2934183090039
tz1aR3nrJgUyU5B623U9s1MtMsMjA5Wz5c3G,6766868714719039
tz1YaPLZuVmZaKB69BjJXKUDgNaZrxBR4Lfn,188570215576790
tz1WNk2o2hJvzjuZRNmZQwjLQuv24wDv1zjU,531667643862
tz1QmBcwm7RH6swEYNpsZZfAWCCFaW6wugVT,15910241108013443
tz1LxqBcvRbZhp34C2ab62CMy49wFbsQSzD7,91702872219827
tz2Kmi3xEnXk8c7zqWSQqSSyfNpWt6ovG38D,18868127951069183
tz1LgePVXLZYNhHoRQ6KgHfQjQ1uq7JJPZDa,146957705940046
tz1gk77xzDAG3sif9eFvsqUnzaGh4MrzaCp3,7738507944980162
tz1cWUkZFBZ72Yn9desxcgS9KdH4BVfqd2ZW,3792650453990266
tz1a3LNYNZTNN2SLMjWSUc5jtLWFvZ1kC7BR,81483352789015983
tz1SGPStfd9v5upQUxRiHPC9666X4FpVAmK4,7932720239378
tz1iF629Cc91SJkmQRAWAm6nYavf7RgpAqZh,7116679014262
tz1WHGwmdEr4iruf4v9r6bdHgzC5v8SKYTkV,420033159691480
tz1Uza3jMhipiQMtmeEidizjbSqnqZMQyRv7,213387467588
tz1YqsEWdPxBmqVKsJircrwBmCmZDtHAgHzp,105832575867358287
tz1ZLMaECyswARea2bTsBws9eMjgUm4jG8Uj,13096577765127529
tz1NySiq6aHysD6Rpu4bYhFaVe3ASya2qB8D,881372425078289
tz1USU2xSWb7CBYGJYat2X7An9sr3cFfsLwi,538029033088057
tz1aoYg1xYeEdnLrAJ7y2r1T3aMBCyms6ppJ,9625120112172
tz1WxCJ3UpzyWsXmmkE1YjYzbBv6jXYkbFYV,638523506545123
tz1fq3tMpnnsZ944DVxcJqsVNGsWTPvqJzvo,548720162238647
tz1PrecMTmNArbdvQxtZLUVUBT8rcC86dKZC,17562386395908
tz1Q1LWn8wCK77L4xetjbH3Ar7sDaSANezZx,122709304650746
tz1dugdoeZULYPA9phfkpofrP95rFqhZNXeR,1300407723995
tz1UecmgMghaWovhh9EYfqTrK9gTtaiMtbzs,141673566351
tz1gGwXf6Ggkv9T4jGmp58jUMU2Gh2vYjDyH,414327515974217
tz1QjPnpmqAJYSfDtDM7uTf5bkZDNY7eBECd,1430462356857682
tz1aVZZd883FwyEx5g2o3TgQ7pwEYi2f6apg,1926173436539113
tz2MzvuRU1GEKi9udpqzLpGYfDoZTiKZ3C4C,4814223480454944
tz1SEox4m6JwzUjLL2daQMKU7XDrvsEukR7X,82528998886144
tz1XJqUrY2okTwoJFgHFJKQV98tsn2oC6Twj,397418511153975
tz1VqXA6L6hPEFjvsgWv7Viw4xQn5GyNszzy,38466635969671238
tz1Wf1Lqz1yHm27P2RQJAVV2CMxnhYK4bBGc,1419145020390050
tz1cTS1WwovU7SC783xgJxZrzr151mcshmNi,109579978469691
tz1f4Z9FJfgStP7v6Rj7BMJnWJ9Mb1NdAGsS,1526021242532
tz1ersiy3MYVu89DFXvW7Qb8AM6LYptSsoT7,1741176708863088
tz1UFF5DSDDtk3fM1ewaLvVG6fhaAeCdgYEt,133837173970229
tz1dcpUhXGeXexEXispSpfv7CeufoFnV7AAf,10705296750358458
tz1RKRhkvC7MQgKfPejvNaHGshWUDsyJKZdT,6319197982666981
tz1SHzbhYsbX6Uk51hJC4JkjgWM1gWaSwBqQ,350605985401603
tz1NW1MMFL3jytxBjhx1qATMJyY47vLBMa4p,157761670658903
tz1QRm2TJKnarZ9tbL5CNjN4Ltq9pJtytuk7,467127385
tz1WJpBDRGfa21un4yQDKTGXZw561nsGg7Qe,9723299712091
tz1UXAsfFeufr6p2PafNr2oXNrTDSdtwwdgm,141689617906540
tz1YPUNi7KW28VxZNEu3fNkRkJG55G9p7wsN,202878711666
tz1YpusrSty7ULz7w9sM814trSRmM1aNbmZd,7190696485011223
tz1cuj9Cgi19KMRi83UuypS89kXM435qdhmy,17197750359050
tz1htwxBMBFikeP8SnQiEQyA9n1ryDrDFyLK,88137269830374
tz1XTyukKgkqq9P83UkV15np7EtSSEy4kAeY,90275977309034
tz1WMFtCLLeRiayH19ZiaErKq4Zu9p5N73Sr,2482714813129
tz1RFUjzPENm3vF7quaxfELQCfNTCSjAsFdA,868897955714841
tz1cLd3gXJ9Fk5c648hRzFvTnGfT97CxcHrj,1479463373528772
tz1Te5JR7gzDBwtZLKPWSPuTGFE4JX21vVur,33999822669
tz1YDRhXyq5ZHMoHXJX67rHSrUFTqhYjFo86,101796829436209
tz1NGDuYTuuB1geX1K5b88cqa8JinFLdd3d5,440687911825180
tz1XykUaKpskyp7hDEZjmuNTk4gFU58a46KC,50558369559363850
tz1dghYwdzvHc3tYHp8iHpNUSpmAvvs8Zjs8,21806091387833384
tz1PuipWs33aqS2KSG5k1qQtC6Dff1P1GBmM,329867278137552
tz1ZNxMa8XsMa8JTv776X9iCETcNoo4SY629,192539148199293544
tz1iAAJhH465Cf3BnsKQ744XHypQGY1v7Ps9,449499936
tz1a5QW18ULwjJK71LSc7UqNGgryrFouHzf1,64362839315363
tz1Z1ZX2B98nEAvEnLXJBCnsJ6K1GqaSp9jK,316875438139392
tz1enT2GWv7U8jyPmmoVb228u8hvi6hJh5FF,825959090978100
tz1gVon2mQhvutR49Yd5XK6k4ypwWfFjMZtz,345497990
tz2HSz8b961xoDjDLy3aFGogvW4HEqXXdcR6,452582083056003
tz1eSGjgq2NmLWnaQFQxafXK8ZQF5V7Sz72y,37786538354392085
tz2EP3fw5CbUUgJdx4c3Xono8Gbc8PLXGRM9,666432813956704
tz1ZhteLTqobRVCYsPj44oFfom5BJ2SdGxeE,680768043834957
tz1aRF3qMDrbN95f8dGYTKPaey6J2qQQnk8j,221826395379887887
tz2ALu8Jxf2SMgzSZaZEwfiJQbogpUDPStwz,444211702
tz1fCHiWZ3ReGqvhxkMejVzcnXYz1rnsJpow,18097667414460006
tz1Mdpj1npkpaxPHF2wFN6oX8SovVPfHyXSy,220131832812882
tz1L1i5BVehYJBebCGvPYU9kZYGKBELGUJGH,5502895597666772
tz1TR56EbNTEEDeRrsPzQzoyvwFgZT25q3JR,305102500683112
tz1XbQgDFCaT228TPS2YUeHHfpVqGW7ANCDw,134263743808
tz1S1Aew75hMrPUymqenKfHo8FspppXKpW7h,36944473586710
tz1Wb4LakUUYuFuuEgXXQrNZuBD49Trodhwx,348274968629398
tz1RAfKUFBX6P2jFkCpzLFntju7djjbtKAKr,13025797414465195
tz1MiQ6euA3EEdnZxJ6EPwVsHzd6vQ7AHJmU,789709692
tz1UFwr89hcJvC4sNCYK7zSLcaD4JW2KkNYD,3707694095597111
tz1TiJBTfVoXxregtdgCs1rYd55APXSAmniz,604621483
tz1ZPSGxrrPPfrmoGJgpXDArNJfNNy3qGvE4,303794653027494
tz1iQ5n52oSKgdtdYtqEJgKmQYbL1nn2poB8,8250106797459157
tz1gueZ7eL2KnvxqWudHjoTH3ZPiUCmwNKR6,1025197074259105
tz1QxepCwQ45EwtcxkgXZezHbnidvK7hUywy,5563003865303377
tz1WT27PugwGBtre1hsj6BHmbAK2qQsVbRDo,1373788685792778
tz1fL2TsQR271w84MXx3qFD7y4PZ1F2mpHFA,11268949291
tz1KhU89QWZuuhhnDD1paFp1jYMdpJLh55im,2043746613819673
tz1QQyhTMAmNQPcSGkM7GfDva8hmuFPAxUMB,1365078223002488
tz1htnC2n5n27PFD41q5X8bDvDcjbGMUS3f5,22370376620276059
tz1PoickddNEkRN6qp4K41u4KUW43vZ1UDvF,45368080999533
tz1b9qYttBxHzoEseqabgvQiCxafZzkAtH9G,9638091806645195
tz1MQotPcNdc9R3nWCTwXLMDqKLS46WqW7Wx,3486866412956250
tz1favSqpvTLtedjTm1UjuEmKfgm4o9kyLd1,7860754422813926
tz1XYuybht7U1RVsUip7H7S31fBDxpUgpTXP,412482294
tz1WHUWCMqVqq5AagGN5DrytqWz88tYgedUr,380977653784771
tz1YJvMiZyXnzvV9pxtAiuCFvaG7XoBZhbUQ,1944627368656167
tz1TmSForCvNii8rmwL6q2jgicQfqjNFtj8K,3918334223502500
tz1eoqCSmqPQtTLs53Rj6gBB14eQh2aHWVxu,78676741675860
tz1XhZUHsJAFp4FHoeeQQ7auVBk5j6xoUKbS,106503200896719
tz1Pwh2MBs6q2SeLHiko3iJpfMwsDV46bqQU,19946317488622403
tz1hLWsybqnJtQRFp8skYy5aZLGNmL9bMUpa,2135302849797693
tz1PuYitvGfsBm7C3oYAXqNc3t5wNhWZj5Dh,1890781103147804
tz1dbCAvra65bwTVk5mgkYUHUGz3hoKwovZ8,636003839137588
tz1T5NfkdPfhkXzYx8akPkdznxSgU1Uf5jEG,1596192653918841
tz1PYqfNnkpZydtSY2Tn3Rv8mjkgUpHJpFXC,4435854330151731
tz1WidyAU8wuyG25Pd7b93bcx9hMu7W9Pea8,44372523484901
tz2Mz3ovkZR2HyC89CHHSdsrPya1mKSmLWfD,307716208579955
tz1ae2d1BJt7YUqaaec6Xenh3mBqS7VjSZtK,275988941556484
tz1g1vr7gbU7kwxVqmbmnovTGtdeRxFE6uBk,72287623914983
tz1L1XwcVmD2z4qPfLtBJ6RPThgAwLcXG6kW,46508051241266
tz1epFVHmqeWvvkFf2eskwhQ1AY3JwWd7Ej6,916627345878477
tz1QRcnskFh7eaV7QdEnjoYdDfrDqHgmmrvF,2383953686120859
tz1XybkRZWjLx3hwcy1hQ7PT6FWEhpHm1FBv,233117209592109
tz1XcuwadWbLKkc4mDVxRo25dbtwfEa7wf2c,1642745162466601
tz1hvRvzke27MGtp8CsSvsafxyyMWSVYM1ut,83144749035668
tz1a7MJ4HMNbWDhKZAqrvzX5P6u2E2mJyJiV,3180508801189166
tz1WeLuPLjUs53Yr1RCgq4EQ4d5SvV651Tqt,31220591178306
tz1Wo716Gggp5HfupfxtPgmYu23rDQNcLcD8,2958723482304755
tz1imyQrFWHyTp4avUNAw52RxdFjU3HPviRN,814505998164587
tz1isKR8pS4pdgU934K1S4UpLsF56ECJNArh,1100364917125044
tz1ZVoeS9T3H451BgjTe18pM1q1LPd2cgB6Z,1731306125564
tz1eL4fYCgegW8tLCbQ1mYiKY3TdDxWnnKo8,1766858767884930
tz1Rhg2UDkjgLhemdSMtiGVGRmzwVLVaHArD,219417152264488
tz1dPHDXSCFo8PienbvDMyCKr5DXjPMrZkJ1,1468723968633098
tz1fkkxXSMtSQew8F78XdsnaC26AfsXtsGiY,308884153079440
tz1ZuiTWKXKqYfzFPaSaAG3Huf9QM1AdZ1pJ,1124675662011294
tz1RsCndtupuxe2U3syGAdcRBzpNqJZ9ANNc,23491759292463169
tz1MrZQhiNiHK14oEq595DLsVQ9wC4Nv2ZXW,140703949521699
tz1LJQ6MPnjGekNAmhFmkm8XWtM6UGx4MyF4,5376240623607778
tz1hmxzW7MuU8HeRoCFPGZJnavGf5unqgaph,3231499783165716
tz1Z6QqrAbEAMDLsis3v6b956sfH6qLTSEex,11779617377827
tz1NnBgY2ze24nQDpdY72wb1GVsee1UfAT3d,118209346187820
tz1dAW94vB3yYfNPE4LM2txBT8PQ21Zq4Xzf,264411796270536
tz1eeR22tmjPN3rGDikEMvpe8jcdXww3dqTt,881372454163579
tz1MsfyCeQEt7khed67HHsAidezZ1Th6mjzB,305655069807053
tz1WBMWCwjuFSsiiLUWKEQHEACNEat2S3EsD,51098231780094
tz2SuPjN8dYMJQe548bTvSPL1fdStZPXv7gT,64932863233298654
tz1N33TtiYBQ67sw32rhCsMSVpZkrSHWe9aq,13764745168492271
tz1QMjzbw5Yoi2zPqUeg2yuv5GZdmXjhh9mr,881383884682560
tz1ZutSZgCHEzxspXyoSYSREhwHh5g4PM8hN,551739138
tz1NJS9T6FKTnKUkVNv2g44GHTAhzH77qiYw,1787660093134293
tz1URL5HNuTa1fHqqCtUKXUM3hm6g9c88NgF,2783084146869
tz2M9C5x1KoZGoQ9xEY6fQ6Xwbe2GU1RTzRx,718069423472
tz1RCQDHtpdcwfgF1Kbbyusd6xhfjbXanhZ5,10399356087978863
tz1c8JTzmA6c7cm6ZmUwR7WES6akdiMa1kwt,1395456121456837
tz1XRTNgXgWmR4PqxZpiB6HZJ8Siz3M2JAim,418572240676089
tz1imbraxLCQ9TUpnJVP31LS18hpTqG5wv1k,990517932029910
tz1iDuz9LvybPBC4kDc7ceBoKVDwwzJR7zKb,27024717191848677
tz1eiyML8sHGBL139FwJQJeLGHWAFtDqPz4U,88137246914691
tz1YQDCB6Hbn2ozMyS2kf6WPJDeRvJtmtNqQ,1579095315676063
tz1eeNRXYK56vgSfXHFcXorubcaBBCVpUY1Y,567603841
tz1TQw8erN1a2LpfRSNMExicRXMveBPbvTKE,163598095839
tz1gaRjULm9qy4D83VCvb4ABWLKpz4XXfqjx,427170662541704
tz1hAZNx3LrRKFgfRytoLNVGhCrzU1uVDUHS,1393761186703885
tz1gJaXdi7Gweq8TUSy9knB2wLjioTKy2tZF,183274835740070
tz1PoXtd7RGVBwWmmZvxX18NQXYpbNdiwwtE,2439157794868670
tz1RLCvv7wrWq4hTmyKk1zZuZeuUXNViSgRD,49291311755819
tz1QFk2DJhPkzp2nCN7Thpo4askJjQ3Zw6BU,947049362913
tz1bRDYJHp3ACUojEeM6Ja442YEwNmcb7ph9,865174236542403
tz1MDs7ym4sp2FsQhL32vuAnEqG3ARhM9Vi4,934254822583960
tz1Xy5UM1tC3CFcbPBVq5PjufaxcLjMwfQkE,25336969106644
tz1RAKBnmd1X43pkkGqywYCRgf1Uo6D77zMx,25335186971601
tz1cXwKRD6AMy5nhqEVUU23SBxcAMnh2aKLn,282523423188328
tz1imrUNR1R52GxhP4y6XQCDDXtQs11GarTN,18279906473540
tz1chab75LnyqBqNwrK11459SGCFQXLg9uyx,462363819406459
tz1USfPTFciXzVsQL7Rk8HmMWyWtFEas7fh3,1012893098458936
tz1btYY98CWBVCGEikD7s1buWjpicb9kG8aH,19026537326390
tz1fj962xSPKTA57yWHA43VeVzo8KqdpNAeF,1334908011805856
tz1ioU6W4otB7ebgRZTq1EVVra3vMyXqeqsm,249141478858236
tz1N8oU57qMgDRr6N9pSbhaiWRRQSxJRPGoZ,193288199277260
tz1fCEeLBcuSMSittqTnMEhcFdPCtD1HsiZc,4495520128148
tz1WsKkY3TLDvqTuK97Xu4zuVoTb2nsr7J8S,162962071972004
tz2DsS3zeg4pqoUnRPHxvuRSuQrjDnTZcTNJ,2837276799543
tz1gSGxwMrToBdzLeaxg4Bregv6W2oEbNLC8,8192878210624465
tz1X8AQxtn4KzBwMZ6MZUVFDcACrfnyfYhDg,363125439
tz1KxARuCbAoiGGesnQjr2pvZa7CzJR7V9D7,642965375901866
tz1QS7N8HnRBG2RNh3Kjty58XFXuLFVdnKGY,52828751964799572
tz1RAP1j8SjwT587jyccTNArBFhC9HhGKfHq,113274845171921
tz1QiZCuJMuVz3aq7j1Bq2v3BRTQPCdTw3Fb,1729971776273074
tz1L8hBVpams2fWFC9kS1sPVxfGY6Hmg5TQ8,246026642471599
tz1TQSPkLPqXUREhxvYzPbAib6Jz35w2a6tw,806361763319087
tz1XD1xSVzgY8Qs1id1kNyFJDbv9e9pNMe2c,440720677726455
tz1Tk1MJDZ96bK85RLAqtKfnptZZyXsJ2jaq,398925736944
tz1hes6aF3Px3D8nPQx27fdwBKrXmGs1UYxT,2562269990060043
tz1c1BG1PEeuhMFwmonTVSGafehicqbBJFec,74896758267786
tz1THwbFPPPBHmBu4cmLV2SppLFrA5QfBhyF,351228291886657
tz1QSwx2wnmrTjEGrid79c4tpFMxjCT86SAy,753764211486677
tz1RcJYTsoYQ7adtNMANhwd8qf4zApM4i2Yd,1867687631607287
tz1cvrgSekgCqgyc1c2qFPSeMtux6AAAfDsk,11431155137686
tz1a1ZcbAeBEjxYSwuNKxSu6FbFB4dxdL3m9,10329535869977
tz1NZnfrNgCGdECyAhA93TLPTSciJcZBJqDY,42756198876203
tz1UGuKv6PzgVbofb42VgeRwDwsVN47UpuZB,1488885872290025
tz1eCzNtidHvVgeRzQ38C81FPcYnxMsCEL6Z,804693024
tz1N3nvFqipu91tfU9s4GXGsopawpwxSoAJh,72470845889317
tz1LFeLTRQZrgKxbmvjz2ckViRhVw9BZXw7t,17468486258068581
tz1XuzzMTz1LhqbRPy9uxfRkccSxju3v8Y4j,288381300394356
tz1MoiwNRQWHfA71aypNk8J9CsKjfmq39c2F,3157554977626808
tz1hhphPmGxL6HEmEjoVSJBy82FMWbFwzNCD,17650137671904
tz1YHLm7Lq27q3rgVXLY424zQMkvncVvNiaK,96950979979198
tz1fKtBhuuZiMYhM3Pi1hcP2sjRbstgDrmqX,28368492749950
tz1XEA7cp83PyiXfSxWu3uHjA3EF6Gdh3Vhq,95367081458793
tz1UXMLCt7dqbUiJ2BHRhE1gFkdVkmCZYcM9,31075936633927
tz1iKF8o1hCLaTNZcCJpgKQBQxkpcSiBy5V6,1244862880193529
tz1c2iwyckUCcicx2qxqtwLEartYFEHg1pvB,566698019172896
tz1PQDUDph7dDCn8pLGXqaR79DiUWLiSZdEf,297902563787431
tz1fUZ5pMP1gUjuJsp5V631cXmA87Kxm3cuZ,4547881749540245
tz1NVsmLrZX4jad9bNdvM1EskvcTq2LSZhLx,3928175093007862
tz1PKoh9LB2P3pgh5ahaAFnrC2QBmUxcHDJU,274008896671942
tz1cqoo91JCc6sKmNuTVKNzwUdi6E6moHWFb,1164141387166404
tz1ZGNErBKdYeEPjZuqKXhyTixQTTPn54bx3,32461485454510
tz1QVUXNoyCfKpAyxDpq8kR3rK2AShuzQxJ5,3007127310105902
tz1UVTMhbMiSETKCxFi413yZ7imF1xeyt3fV,899138001384941
tz1UAYfFWmaTrQTYMptaGCw6LrXK5Yv84VnQ,4786278852428
tz1hLhGe26gqt78sZboxiwne6zgKMqirRieW,33862303011707
tz1RYTr2WKdJD1MMV51kN9AoxPnxZJgJ5sqU,48027716220703
tz1R6mtcAQwBTK9YpSqRL9y2a6JZWgDkBm6M,549978264474510
tz1Sv2XMQNxcAqyqyyv42FHjf3EGwJ3Godj1,9814170383385
tz1Vh4cX8VutUUUnnjmnY2omSV4F26T5orLH,6631327400073
tz1QGCWjNpYmcS6T9qFGYSam25e36WeFUCK4,532828604001414
tz1LApX9pPhcDUDznHR5TTCcSXh3m6zPgFHA,48836634662995
tz1hUY7paB2J5EhD73r4oWL6uZubf1UibHrk,951278128187149
tz1PWZTKd1zhfuxrixGJoHJ6G17SQiypwe5m,438042095
tz1V1Hu7nMcgVuMKDEZickAKHHZavLKTB7Vh,471534247
tz1NKHjwrYfg7GWwbWZ3bvdejkVL34De72Pz,461839150
tz1RaZeHEiKewSd14gZ7HKfcQ3HaNHJ5tnV6,9500149643533087
tz1aiLrqvULcV2Kfvzt9dUmqnLQnoNXPPek8,8610345933157097
tz1M2h2hPZzov29kf7xcHXrunXb2jFSbfiNd,4429078840448639
tz1MToDUySbYhPabULUyDPPsfDQF1cpZPdoH,666485649010117
tz1gMfLSQs6xTM2TcLM6Sb2njJ6h9qhSsT9Z,1334538603219326
tz1Mt4ddsTmDs4of6kkWYvMWSUtM8zbGNMq2,411600922
tz1UNTxRbAYTSBSdHMjoUoYAtLH4MHMUiGwg,91752891318993
tz1YUJitqsUrFfFzEp1d2RiqVwV61J8aPb4E,505907771
tz1TqqKqc4t2Y6PTvxeuhF8kNjVn8HpZkKma,640778147108460
tz2VoUZvPNLyq9bZ82VoDLrhkH8n6eaUoS6E,120907116128059
tz1ZvbLR47deoqaSgsaRXe7hbgDgwonBicnV,13041930690803346
tz1L8m6MGdvK2WA65wQ7DeVwXVmCS72JKWeN,123301064632652385
tz1iCJRFVD1oY7yQBap6X59XktpKHJtgCGyS,30004290004233
tz1bnWUvcfU77EBpbLUQ41c3hCBKovGuqyGY,2017008659174745
tz1STAzkywd9GnKGvJBPL4xWte3LCniyu5ho,581277444739359
tz1g6cLrzLxNayiVyb7BLsKK6TfwboqWaYPx,223468999203644
tz2Q6ugZbronUHSk8fbuHibBrBEJwrzgtL8X,177155890932888
tz2Kn9u9cxvTczP6CjirJnEE1UApmoCzuGPB,488964336360910
tz1aHfKHR887WzmpA56K2diKDufR3QJqn9iK,32553532892245974
tz1bdbHUpDrUx7m5g4VTSkjnc3mxnquzRTcw,37733923952796
tz1NoV2nnTuxavEAuozNyHm4nqT3qtkYUNYW,475059737
tz1TQJjDtzUWWAa5a9H61iyPZmuKRfX9hXi8,94045044693730
tz1ewd8gDnG3USrTRJVdbpsyieVv9fWDMPNk,1593868260796145
tz1PwxV2kaHhubkYaRWTnGBvsxXswz7V9GWc,3204966320907
tz1Tpms3fccT8x1pVY9BQKgnvppew71pTDDd,88153927769208
tz1bNLPqmLVxWF6puxbFZHU1yCJLiCZmHH2E,26384491120962
tz1ajJzH5YBGRuXnU7QDJzY2qVRGcysUbxJE,88137737839131
tz1YT4u9DnGFiRM8AXXACY8LWuV1rW3A2hFb,4664270001485
tz1QppHuA9TUoFN5Ek2ZSmRPdU1xQiwRSnPb,49077473966220
tz1fne8nhZuSRgzaQPyaomKQcFRfthyicBQc,88137277762725
tz1PGFWJqZhk5BabfqxfYixpVH9S8vY7NKj8,563196979
tz1Uva3ynPUXqpAsWJ3CxcXVPG7HEXB19rzU,900639319715978
tz1cGZNvVyHrKgbRu4b23Nw896JD6GYhZKQm,899155511610910
tz1i9THBDe13YzhSmcdpcWKJrL4raaJ1cpN3,897675370015131
tz1apbBneTw4Ap2kdmv7gfTv4kDPYbR5HAkn,760572637195922
tz1MJ4C21XhL6B3YptprRWMuL8oeJquUhz4u,593899579824235
tz1SMoz8tsJzeQPtGhPEjPnanQMvFc5KitVh,49168591128897
tz1XuNQgqT23u9KcwmRLGGQ6w2n6dCE4bmoV,73293440907813
tz1WrZ2Th2eCuq5NuZb8nHXPJUjaBE25Uwgv,585231290
tz1idC7XEoSZ45sXLwp1ujYJ3yNFi2tkLT7A,308647071829446
tz1d4649CmmMEzXBWzhTgTkFxy9ATNhb5HC3,9931706391608
tz2CrWArLr8eRCj6mp6yYQAKshR9MuyaK3Qu,1000252278863978
tz1WqkwtGV3ttnchD3bqmucZwByduHq8EN8f,60184685269976
tz1dVTewmwhAqfBcAgDuDuF2sPUaafuPA8mr,936275786638981
tz1ScePe2eXYo1RBdEe12hNY8KrvHyjFhHw6,7953889287551
tz1XNmNga2NyqFiNpmEN66fpySDoGWoKpKXB,21585203504192
tz1dXpsNAWLHVYNWSqhrHCHT6wh6L1fKZfo1,609028345
tz1N2AezxpvrXzvGaqNVW9BqXxJ6Rcup9M4p,33095783429738
tz1iFKBz9HbJDp6omQGG9LC9bTXF4zKdkJfR,44923514607226
tz1fFCF6FogyPLLjSk3FNTG7gVdDWfPCWVni,498856792
tz1WUmNdnrv1w75V7ntFSt5kSuyQfYuo2hqK,568485214
tz1LYQiMSoy34xAUD2NnsJLCTmb8HYYR9th9,45284249764341
tz1VYa9SB4LtsHLWZnJXc1JuL7wuX46orE2Z,1554145945332259
tz1cAxm3wHEUX9tY87sSfdVfHgCWcPCTkNTA,640461761730402
tz1YrFGJ542U6jpYHpe7BFHxNfa2mb1wpAdH,10260968225370
tz1SPVSDCDpbqigKWVYnbgHEudxSM3BASPZj,7915954637377099
tz1f7C7HeTczoCxoo8oQ3vBDRQTiNM3tFTZu,387209394554318
tz1P8pHeW6qWzBkgeDvi3bc8depN63r5tt5s,300308333413038
tz1iZnkruZaYGv3dfER3wEasjJj5xpaTtMjN,1322058660533117
tz1Y1svqGfYwEN9J3ne2WLEuzUVnwzP5qoYW,136698820057
tz1YmwJZfEerVMbc8uuJc7xUzE64ma3Xfu7L,89313408449295
tz1aQbe92zZy6MNeRFtgmgV5dV5R4BNTdqK1,84812366694727
tz1THz87Wwo5DL34CELa6psvuH8RXShPmSbc,22916085839233
tz1cgAHrLkuj5NrLmQ6LnELKFKu3i13CokzB,413363667
tz1eQ9skdokeeUyTc4SdNQMPigjZ8JY4kzus,1140580472255203
tz1S35xPc2sh4kK5hd7KujsWU1G3SUdCnFqp,14874925802091052
tz1dYEEirVkgSnE7eGK9vFUwxWBqibkafs8W,265009885903097
tz1VLGH7SJ4HA6kDXRiHYqVFkn2btjnoxqib,8568435490328718
tz1XYkmAHtkZFjZLdWNoL2BTqUws4oD4H1PR,3956960876506029
tz1dCyFm9jxuhxJEi8UW5sgiS7TFubaNT1J7,4997152493363
tz1XbmhVLdDgsihnVoyn6aTRMURJ87YEbG9B,484774948073789
tz1Sk1mwyBQkcyrwWZkftmR3Mjv77BEGUw65,101141228085050
tz1QHXGKA8NaCmpZLrvrUyBpYhgEiQDyWY1r,66691489870542
tz1NS4ZXnzYBPJpspW2svbqdjGsgBsGZchzV,3529270822836
tz1LUdy3KnxyyARheKtfcnRymhUq82SKLvyx,2039974641790
tz1LxFeaR3ZNkMRstvhjNeVbpv9vz2LttLBz,410719550
tz1YRG68NdqtAcsFEwTUw6FsSsiBb5kagEDo,44314610944565
tz1NiraRNtWgpXyyxopRTk2a7Py9oKFdrgkB,221734532609006459
tz1VnXCALwSCihScu984A3dbY6XXLzDqJWa1,482325364916053189
tz1ZDDHc1YycDdwQezjVDVCSfSB6A1xH3YxG,403668570
tz2R1iMz3wHEx6Z8dpdPVgb9eTDVh5NdeqNz,498264884907940
tz1hR6q1QMUC4wLD3izGsfeZ3HuyfJH5QajX,18561953894862
tz1akJUKXFmNjxKaCqcEHmwbx4u86xfHLYJc,26990728814856781
tz1V2FYediKBAEaTpXXJBSjuQpjkyCzrTSiE,70605830902406
tz1Z1xRcvcqPPqja34fWNd1StABUV38LnbpW,9255205600223
tz1egZ7YNcG81udp3pGXPBsYQsUNHB7xAH7V,173847611500211
tz1TSowSJAKRqQbqjspmyfN33nps1op2GodY,885694091554
tz1VV5912Qp7qqZaQ28MC2G3RQ89UhEdueqt,43220637340896356
tz1codeYURj5z49HKX9zmLHms2vJN2qDjrtt,27319074757586013
tz1WXSxKwhw9EectY8mAdUFXDBHFnPZE3HSG,3858915318664052
tz1aDrsGYyNbiqUX6eTHLe5otZJwN5XQh2kG,59050562361510146
tz1gu5jCJunSaHjR52rcu3n7SgDCJZDLTqJM,193424307867645
tz1SDmZnnzpH5GAfHoeXygPWwzJtHXADpohn,58956878142145
tz2KgCQ3sTz3n3jrU21DveCfTVFgrMnzeA7x,85239427716626608
tz1XT3SAzJh47s5DxMJud63MWnvDftqWFtS3,4580328643012971
tz1bQxeuFnf9PTDRUwu94sU1GUvU425KqCeq,2583350172015
tz1Rb2U9TbEkYVQM412wBzBbMbnqX2r4CTXs,2331123418268
tz1gaTbRLDWJFA8bzcvDtkz8HxN6V1eL6gwL,36894570575127
tz1U9RY2mXmwAaSSm67rEy49N5YE1Rs7K223,38540971947445
tz1ZzEEVRzw78fhsLMM7JvV9CxZUaWGB98U8,125459792946343
tz1RSRuULmTkaXTjrhbFuNkE4mkJLRGPWJmy,539399924
tz1hHz9wjLaZ3p9sDo9SkqT1t5wxNsK7688s,145167014639106
tz2BzwVtwa2mTbspW1qqdiA2UtctbGntxAGi,14617188855669424
tz1QjLLgQidRchfWMvHa23uhfgdzNKSevELK,11137434455279304
tz1WW1xr4mdTif7jorgVr7aqY3YnnJPSDXj7,104819554278640
tz1coEYWsh5bwhhCsK2Dc1SXTNQs1hWs1QtL,151714435125250
tz1YKkEwEXk5g5MeDzNTgfDwKd589rGJS9q7,53725198866571
tz1PSiE9EmFbQFb7K1cBxPTsbPdgotHLdy9e,164500431635624
tz1hWxyYMfK3h3y7WvL1ErggtgneuNynC1JA,143166728247313
tz1agphvYoUaWn5BjTVHnqTTyYwURTGAZyBE,1053717698039
tz1UVjnYXp5DZaCX3JZvxQQqxKnXaVMYAYZD,636788248888396
tz1N4Q2BLS4sYvKCoM5XxFAEL1yoEY8TSS7j,53638736993585242
tz1XH15XMCB22rJJxHLsZgVhXA6t7kJnmFa1,283910082899214
tz1NEmMNjFtXgixkdCkkGsEn7k6QPeG1G1Qn,1583545202877757
tz1gVmWVnkT2yQr9gmed4BgK22SrSPjfpkEn,1472352955253171
tz1huGodLQWq9gKTZJ7D2Z9GeymHBJNnXvtd,105524076337
tz1RVq5ohXzWvbqHzUgsmUNWHqin9HRkrWPz,1209093510257
tz1aGLjZZLDwYYSevU3HLbEXenAxwRo6f6EM,342828894645
tz1VLnru4Qd3CFuj33ss2v1feACiaLaAQdvA,830252824
tz1cj6FQs2Zjuwwf1uY7e7fLQfzi3YAbNj46,440689821759225
tz1XksiJMYSGBzqZqbj4F1dbHBH85i9jR3Zi,764061965067006
tz1U6R3G9mF8n9qH5mhrMZjgJTMKAEYb9Uw7,14832624320258565
tz1TtLSSFGrP1796nyd1ZhGH3o1AVitoukLj,21355471587719
tz1QoX2rtnpKq3MxJ21E9NcEKxqPL4dKsEcn,3660653823820141
tz1iXbbzm9Wogk7D2W2qNwYzePbQVmYP6BXN,66021191300172
tz1aQGJFwYn3yzghyRbuWNapzDZjXCEfYHuW,9406378007364
tz1YDowtv9HFd9eUoMZMNjicREmagF38XWyJ,973916529
tz1MtaUicPHBwrvkwnNwikGFfFWdaPxYAvJc,85681278855154
tz1enSmESCGkRYo2CtDYKhqUHFTAQkpXjYjg,86993474935335
tz1Wn4Wc6d6jieFpj2DJaNEC7HXcwKexW2By,1145784243383136
tz1c2MCGJM3pFb88Spt1cWgxGtXAX38Ur3CS,702843495163972
tz1ZFS66zDerPgLPnYYEo8YXveudhGbzjESJ,171204069257189
tz1ZrtiLUXfjKsYskvr7fmZk9N277YQcv8Ws,424818687230582
tz1NqZnVNkS4N4XQqZaTigDQpSs8nc8RoMFW,173576220625488
tz1WEjGgTyPyhUapqCRvwBnHhLCNV38Jr1GU,93770011026853
tz1f2NgqK2bX3LaPgeTrEWgFFqRJgPNzFAYv,145312157287323
tz1WGMbfVnzVSTD8oNgZA8feaYvNvBYzSVmD,104981476149925
tz1MrpnRbw6HqHvKyBE3811uHgJYuvVj2hwN,88961647426212
tz1TkqGsSx3gB17SLAcMAnDgfs53kYeFez9Z,184580174975606
tz1KssAq8Lofcu9MwuXqpvXh75ufZSCsLQun,149943938604615
tz1fhd4k1jSJRRcNVbkMwVzkKEhX3kzApsfk,255102447576791
tz1TRrpXyABLU7RfM1fR5AbFM4g3F71KpKVS,32631247153777
tz1NkGJR1x59KMwfLr2a8bAqDYSm4WeDjeui,114025675159292
tz1b4Y6E5szNCHKZadDnAvdUyBfr7eQoEM3Z,421433488156348
tz1Y8v9LUURRffBVoJNysYTMzb2NranuM3fd,64750189180418
tz2ULsEpiuozejYYvEcwYq76vDHUEVcyYyE6,10494017022264
tz1PQkArZXKyQjY8gmX9yAF8NEtEtbuekeqP,60779485626817310
tz1bv7bDGmKDPNjX3FBJ5nPG3LWnT7yB1Wto,2095056072671045
tz1LrMXpAmdVrP5daG1dyQnTia36EtXQGhzC,39985525110975
tz1fkdpxhfX9pyAirzTZ5cKUKn7QRoPH635X,207336679476
tz1bRxQfpDiUrzfEyjn4Hah34a7HNmoC8qyN,12378089118619852
tz1YrmdFnmRS5McKQyFsXRrTSS849k9CPdXL,56682924432312
tz1TyTnxshr1r3xEQDsiX3sX96wvfwm41tWS,2819575216380
tz1VFdHcm1vd6qTka7VHV5VmZPebpe4cJXsm,32367200440704
tz1UJd94Mz9pyLzfC8SAZvTdDHUs5qkFvucK,789638337984095
tz1i3d4DrdmVrQRVALsNrxw9J2UsXR4a819E,11927173895651
tz1ajbUoguHiipVftY865tu8r1aRYEVWMKZz,3152213044893
tz1f94uZ7SF2fLKnMjFzGQTbznd8qpAZ12is,326786833419956
tz1bmKAXCTFwox8xP1uSsTYiSSBt4dhtjx3e,620327885903770
tz1b6XZn2k2tpS7uh3aHCMZ7J5xTR72ziJZv,539726037343791
tz1gqAonCuKe1Vg9zNwFhP44fdPpHypGfZh1,159209156837814
tz1fCCyqjcmwNw5Vv1b7yVXPvJzL42KqxWxd,180486769526
tz1Yhe4w3qt2wiRz1LJv6QWsdHavkuLZtA3Q,1231224064940424
tz1eQpFrU6eQjmy2dcJiTeG18SK75yMPucec,142799074141
tz1biyDVy4Zq4vZyc91eJAKi7wYbNFPJTzHD,41253481000626
tz1cd8cN3qrphyJ3n337tcbCP2G5QkMP271b,2448742828857346
tz1MT9A2Fhs6PwsUXtYgVUxGNxHeuHX93sr8,33688346997224
tz1igNamUNibU68i3pwGcdKLNr1Guf5oJ6nu,2848098820936052
tz1Yu1qh4mk9ejf2MLxRNnRwdHoidXqoSqqm,9619926432677077
tz1Yoe8QLauwLiYB6bpDo6tXNtfidrrcUyCx,30402932628202
tz1Y1kdVWiz11sFffcydfFtP6Zam6N2h3iSF,529539343576
tz1ZPzoCDzn9kZD9kf9ZWg7bybBJdKnw9PMz,152399747724882
tz1Z4HEApoZ8Yum7RTc94Nqt2eepRcHFSqcQ,632805566823972
tz1aWwVu9MLbY2MiqL8H7WuzJ2g39m67oJQS,70416510325028
tz1MAE9qgpWLsc2p6NdKZbnCcpzKt2QkQSzB,595163921284861
tz1bYyUrzvViYFF1LbXxWeFiorMBXUtEusSj,550546494853
tz1chAZukD7QacpWDUJ33dGqeWFvknj5Xpj9,1285522380986201
tz1dDmngL167C8BFXJwX569z8KPoBS4Hrmua,58284525616
tz1TwG24jP7Sow6uq8554A6AUSxwtMQk9sp8,108933475229178
tz1Ziaxoio55wxE9UWpXnaMgRtSN3VBhgGTX,2446897283580
tz1bp3oUKqHcF3BZZQcDNYqsk1nw91Nkr4fr,24002467117880
tz1RYVLebe4eDwGTJSMppc83yugoYXN8G53H,24002467117880
tz1QKxiyYVjjff51jz4RR36SxHsM6PiiExAn,24002467117880
tz1MdzpED8Jx333i4MMnhisRxK4RZdN49AZy,24002467117880
tz1bZHuPEvBTssxpk6TTErngCiqpedPz85Ku,24002467117880
tz1PZ36aiHW5x5HmhNc7gvDNdu8m7NAuZbiG,24002467117880
tz1WUqA3SszNphCmLgiDu5jSNKoGqAuHA77B,24002467117880
tz1NXp5GJfJ6UZoiv5BYykyxkag123G6SQs3,24002467117880
tz1SKjT7gZtxGYZzvwMJPczpnbrgy9S2CGq9,24002467117880
tz1SXKgF1AcPkTDCHm1TaBSx1kkhEEiAv2ZV,24002467117880
tz1hf9kC9q6s36AFnz5VdGPWfw3U3yjM5fd3,24002467117880
tz1ZyPDo7hJ1xyUWg25q7rpZ6kZ7WjLNXPcq,24002467117880
tz1L1CRSuow6DbyfL4T1iCrZcbvULU4Ndxbk,24002467117880
tz1PHJKsafAGux2BN5RbnA9VVnJTLwHyEGKm,24002467117880
tz1iuXgS8GQHX3UrFTeQeDJNRQwTqk5Ky71W,24002467117880
tz1ZiutCQgTEedcG6bB4HyxHksneK2BGyRcX,24002467117880
tz1SevLttnimTvtKcwteXobXLXeotdFivrCE,24002467117880
tz1b7f2dYCGV3Mn9Kqd1rbCmjPLXaEwyHwQT,24002467117880
tz1dpQJYQkWUcBTqx3sW8AEFsJeNUcAa7mVd,24002467117880
tz1Xq2xFYJ6yewPo4G3AyYexq8YbDPFrMnJP,24002467117880
tz1VfGyV1Dfava6M8oBYqmDRJR8UL2FfYoVi,24002467117880
tz1fekve2hE2s2cRwLVMS82tXn4GPcugfCdY,24002467117880
tz1Va9fLvE3yNPupePTdMPX7zF449Q8fjeRc,24002467117880
tz1Wbc68JZxRJeaYQ7BV1WvnytzJfJ3LYFdY,24002467117880
tz1aKbkT7her6XEBY5a5cyzG9sSRQXNdDfeB,24002467117880
tz1LUSKkdCc4h33utT48d3dqqqWuNTHSy8Wc,24002467117880
tz1abXSECVwRTMajFVmUzWXABPaGkTy35NKW,24002467117880
tz1S6SSigi75RbYC2sR4xzTTyxZACqhpcxoZ,24002467117880
tz1fgX3sRSUFc3NYTqj81Z7s97auxMoDdaHc,24002467117880
tz1StsoAaqgEcbx65F1sWQs4F9KzXyycufcA,21387600176472
tz1ZYCUaf3AHvBhVChWL2RDQ9vww4VtQqBQX,21286683472411
tz1a3zH4CyejVgJ8bJL88F2bkb9DKTsVALu5,21337885980199
tz1RPJZCCaXzywaZbUQ1AShwDGW2eqqopqio,4044803923835903
tz1TjQAiE96rYCGCGrbWCzmwhuKgt556AgUx,29949468209037
tz1S4nxXjJiSsn5h8DcUXBJhBL6MnPoyuTdC,15700014046830
tz1QwQdgo79b1b3Uhcbviz66JeNq5NSkLMMU,15091336069237
tz1PmrFyfaJsaoNswcXgc6xRHsimmSVmpZwQ,15719342983439
tz1hkfSmFhSUdaGv6WNbtnMyfBcifEc4ZqiC,14747203833391
tz1Y97DD3qM7xfwcg1N5vNP1RFPPmYFrT76k,15492377328162
tz1QZZJyziNF4YKouMcpV7fNvZAbsxbqW9En,15294709969609
tz1h3iUBUDeP3uyFTQ3hkhHQyTdc3AQxugdc,15586523962971
tz1LK7fLAhbDFMkz3PEmmtPPdMThLCFdf2Ew,15651552169056
tz1WWRakDQcrPLDSdoMSKfxA2quuejwrcdMC,15670752511108
tz1MhPuAFdwmU7ZCFxBPAuHHdyZ87yxDmUFW,15728670141821
tz1NHrBGrp8bExPpFyq7mE8PivPK38TRHV3v,14103490874721
tz1dkSFiGuksdcLuFvwinHxDTxGcaZuMBhZo,15601399748964
tz1aGPrBTV7uHxetHTDrDXehi8axBZjoJ94K,14596837229631
tz1QX6fBCPCQdrLXeTQJy8yNpoxfXcPGrPaE,15243372727615
tz1NdwCrV7Tacpaxu3HXpePoWaYYxndWZb5W,14252789314440
tz1aBA3X3suZiyhPLADGU1vt9EazWNN9mpWs,15632227000557
tz1S4exgAjybUiCXdYy93FFq6UiVfrxk4i69,15738523679260
tz2M8wUVctsHkQq6zEugKTgieYbdzEuuhpkc,99536951170587
tz1djbv9JAQkbn8uQqXJEmM4ymxHSqmdzGy4,1206943574130229
tz1LXcSjjWHCuKHaJPAvPb18goJhMoaLgkaE,559787075910
tz2Q7GcWsdAV2krjJDmEz4CNfcDfnoREZDeT,25909176025936
tz1h2AzE3kDAPJYZeJ7rqfojDHwZECie5kyh,1468346377793625
tz1SJsRzVgciEYuGiRAxJ9S5NFFuFnomUgco,101583402
tz1Rpm6NShycycR78Gd9iEtHVPcaUsfcTqcy,17701659530612
tz1MBkViJxtsnZ8DSDxJFCR16azpks1uGgoR,2440801107927
tz1PPvPurgxkRirjhsih7t5aPveMs1ENt74t,1757642050078
tz1UChaj24fHGPfNn1aqABNBb5WWGZ7RfMuF,23281167150643
tz1f5oxQvEXA9m18aiVGDaVs5At4oZdrR6Kt,371511471874
tz1e9jhSiUVy9vD7qwnotAVgxy1rpjqGJjcU,7008676558854
tz1KwuJDP5WDyWWe8REH6RHTUJ1sfkJrGBL4,6940308775879
tz1cZDhWdASeB2Nk93eT4mCAdw4VvnMEw9Sa,5090207012241
tz1Li4CydFSpubMEDpKiNZ7NoWiMSgJJcqeA,5240944439286
tz1P4owaJWbeXsuqGSvggi3imzR2mJDpyxTV,128580226155263
tz1PVV8i3pkUJC7FSNVQp5fatez52M9QLeAb,186384170266222
tz1TXXmPc2fsvzzRwdQmT3W9iEfWygty4X2Z,204794181220944
tz1ZZvnqtcmgdf4YKFTnVi9Cg1XEiueLCmBr,2096377775714
tz1W4jZBoLM2AGZq2ptopYBu353rRvuSh2dK,417432321901991
tz1XpqxdnX8JwzcLtSSKkiemic12U4NkCbkG,149038307226785
tz1Q9Yyna7X9nxjHe4dbyj8Qk1ZuznCTch3a,3723959445374
tz1Qg41X8F1dZPVZmc1n32fxRAk1WEgg3qUo,186197969148
tz1MN2zesLxjCfB3K8LUBf6rvnXLk8Z11hm6,4431863456157
tz2SFxhkao5Kh35pbg3mQxbTvKbEbXPEhGds,29841110937966
tz1bMLmaYWNNJBYUgPGsCV2C3B4CixzmnDk4,73373222189721
tz1dHJmULw6DQSKAWYWpDXoqeecE4tG216yP,21917869403483
tz1TiKTQkyc8KupyxY5QmPA7uf9xmhQzXAkq,24039091458805987
tz1XUaLk6Y1T6PbJzfrmfvem29cDNp2dnSDM,10240888473360
tz1cLB1J9PtkoJCnH3ovrn53ZWddfMbF2PL5,55859391686285
tz1MhV6pu2sFcSKZvevrCtNRcb4yszVdVn5b,112318195756
tz1bi7iZyxPCGjMUQMiouiHRxQwveQjuTu8b,118230845396934
tz2PBAJo8zSWvHXh7Z2VineRxPP3tn27JPQf,18619797226870
tz1duafqHy827Aw6bbFNVqUbpxphm8MSecwU,156218791572883
tz1VokTq5w2ngWQtfwzF6pyB24Ro6C692Wez,102408884761972
tz1XkMZQCCAC1d2YCbHzSySvaiGU7fv24gx3,2136674173742358
tz1VEbcByoqdaTKar1XRpada24pn8D5xRrkw,1279446827003
tz1N6Rvgx7tFsXkNWjHNdwhDLLg4oSoFeMAU,149330829997885
tz1hZ3dazpeour6uTQCA26yzohhuYgesjzDT,27913868677951
tz1XrThJDztPJoJEKbYXqaDxFzwp1Adbo1F8,429444131237
tz1YtUbTURpWeX1CzHFamxS7fGdaKwKKgMzq,38775254199660
tz1NFiJUDasUpobcXVdtKyBj5eDcdmjnAPqt,17474887536
tz1SqQoCZfqRem7eo2HtKHSL6zbdoevxc1S7,335684964489
tz1YcRfmH4JsdvLzzijq1mh4FXjoHmh2ANEQ,186197969148
tz1ht6fhcHXknEg7jE9nFVU2gXUD15cUifUs,297573483604039
tz1LxkEN5DUeU4usSqobNqYmvWa5VN1NC2B4,214722065618
tz1d4cbP98Sbni6mxUmvAN9vufMZskSv3F4K,22486135477546
tz1Q4mLBtkz5CbKcpLBB6shR8QUzcMpphNrX,34642984145155
tz1TreKYWjXdKDaKCga4b8zobDq2pdHdGZuA,162543445314490
tz1fwd9Ub1AwXaRNLUfdDCtQfWyeq8YcJvCV,130498906574204
tz1Qor64hy8s7jH8ZQkMoaYLiS6NVmkeSBbY,233736132756655
tz1TnjxYt7dKGzDoFj3j3sGudp4buKFEg7xF,74120847532406
tz1ZgEA1VMzNomprfSrZB1aM5CBqi1nnCqHF,27504288887875
tz1Mc61yajNASzh5KWZFtYs4i7EJbzAxQC4K,34056735626623623
tz1PqercEyjV2AgKpNXgxeWnxgbYu31fw6CC,51230070999882
tz1PzXjyPchzGUGH9yXLTgvyhhakFnyYDYge,873744399496
tz1XrwX7i9Nzh8e6UmG3VnFkAeoyWdTqDf3U,25028004101057
tz1QFsmp3jUZXxwmwTAL6fYheo79RreoZXPV,307320089300055
tz1PsF3NELGCZnighkMmr4mLkCzbkoVPdGSS,23677739394578
tz1SEEQNGjxP3SC8biDWMMHwgpYk1aeiQDyJ,1619540653038013
tz1U3YJZ1pFfkaUWZVWv7FvNyiUi5vKYG696,20963777768491
tz1XmqF5gnTjgE6Cxu5CzaT5H7vXiFfihe95,1861979719850
tz1USBJ4HRxuvrVUqaxALcdXaRs8AC1PdYjM,72715330536242
tz1ctD8vJYVazKJbCKa7LUVb7n1cEmfRQpe3,8737444011980
tz1Zvu2PkSnZAJr3seWbEdt6W6KYWUgaanVh,3191419676269
tz1ehz91i7CxXaMnUjFDWBhr5uVvr3bVkBxD,705828870686330
tz1cmp13ABTtQ8dhVazH5yWtx2hGZc42ywaV,748307335654540
tz1LfKbYRG3fWd5ccbmsq9ykYJQekZEouB3y,210317870273171
tz1P1NgMTMvhHi1amqUZrQHS9DZSizEW3p8w,5240944439286
tz1ZD5nQNtzgTzZxHgxgFuGo9CNBuGJHVRXu,172611431136255
tz1QDp8TCD9dJgWoszxo77K6QukSTubjqd2C,7112279425740
tz1TxrHpaBDeAG95HkTxx6D3d5RVwb91fRJY,3348328136455
tz1U3ozNjAw2sguL8Pn36V7tX38aSYziM9Fs,28641010771995
tz1amoqk71y4tqnZxRWGcttpK47XJnPx51jB,3844798048736180
tz1ZfxjoBeGkRG7zLgyH6gnYVNAL9KQwRnCB,10481888884245
tz1Zya25zMcv5a5UbYyLYVuES7SA5eWcis5b,500022749969288
tz1YHWL72KHVVRGxPfEA2r1jtLtuCmjM4hgW,754123322939335
tz2MBb5FxZXzhBuAPmY9z4zYTF8NeWPEkiV4,3039582763590
tz1dsvBGt2bDoMMxagnpHf45ehgNtQ6ctg3z,803502427821206
tz1Us632Z8mVMLZqCs1FXuwyBEBe6o4KjHzG,31424478568032
tz1SWd4hwQtHrzisTLp6vydczMypKPnxBFTw,53307071376403
tz1day3KgAK3ZEP3hN1PaZiAPpbnGD3Lb8Kv,1109732191972637
tz1LCPRSFPJ2kaqvj14SWo2VnxPMTeCVVrFn,279550191105
tz1L8VQ3oi6fCbddWYxCoL1ckjFK7wBHdT48,5174746442198
tz1Mf4iUxRSb1NhhqdB2oNbo9rRekha11MDH,898478633402
tz1dham37JdHm31Lf63N3aBqxJJyhcnGA9GQ,17088915604283
tz1NATazbFfnypvM7q32nnFP6m7aDXrtCm1g,6528967075
