Address,Amount
tz1NRbpmTuPEFCCYCqCr7i3hkMRDRhBFgmxz,67827828398278
tz1eqt71cHna4YgyNg3ao6x22xU7c7CZXxcf,982985881831134
tz1SBxNvpDFC4bjW23CtQfVLqN5cBATVf68B,919967599236794
tz1Rgo7URug42QnhBM6eLy4MWdfwn4RovHy6,146965091560526206
tz1P6DFx1Biicriaz37h6oLAhndhBL8eMoAt,25163279944707567
tz1R3bKH1seset2h49p4vrZJCEL8voJgSK2G,22431762665266796
tz1bdRJkGkNQ7homh4PTnkVM7xzVWhuC4EMm,25423523254836872
tz1Z2Ne4ZHxNPuCJeCcoykHVXTqhVdLMD9gV,38086802826256932
tz1Qji1NnEPj4Cxa9s2WEoWi9U9KM6a9gdDL,7974295884089419
tz1eZFb4bNMMdveGT7BPcktbYsurg2e8r1xR,25996503132138
tz1RartAmPJhFsL9oAhZndSL2G7KCsaQqqkf,167058968992170561
tz1MyqKoe43P4Z8MfHoXVBTrohgcbehp2zLL,95462921562620750
tz1SRcMg9GRXi7paNeAc3ARn23mS3Z5dXa6S,1037188945657783
tz1YjtCLzjw3bqPxJh6MqdVBFrM2zrsA9kyg,253760840139767
tz1hD7VdzRpWG3nmYpCyW2gNc8mQNs3TCgxu,35315535401626610
tz1f38MX7YT2Q7MAq3mDdj75GTN7vgqV2TfH,676799195
tz1aBDeNFooBEmBXnWDVgLknNMUHMYhHVcRA,42482257791738403
tz1hD5k7QW9ChHCgb2YLthKFirKDYQiNPDJz,1298818963549632
tz1ZL7ekzieKxwngCCyjsCN5qhu1ohwJQEBy,3039416931116545
tz1enbGpES1NDr2kTaocDhxvMqtpMy4ruhW6,1211359674398500
tz1ehGMhxarDhwppx14PX1Y3eqbZ5W9Bc2Y1,301199722412796
tz1ed4brTwpFg8hFUJSJ4HqnsC7sEjVesMtb,8466812048350783
tz1QJE62jTxHis7kZkbDT2zsYZyauNDNzWg7,3767128135561198
tz1gWt7kUnJtGXoT5BYzHVa89qGp6QVvQmyp,4873784635883316
tz1epR6pJmPaJ8vvzNi6V1T51ccocX1Y4VBb,154065965830932
tz1TrxaPKNsRpcgw58155HdX6USrpV2fERQm,5274279962114449
tz1W19DveaP3mW4WvFtdVdqGsWwBL5q1QDSK,2781487197336895
tz1esdEqZC5Nz3HDFseHvpH6SmQJPocxLzA2,1551346658641386
tz1XyTsb9DwkPru3eU1Cwnr5JkihEi5eisHo,253882064089132
tz1ULQQ3S4kFLhhpPsegiMVFmXx2G6ewmbTA,2859080177086752
tz1LRrXCmELevk5znmVcYD63TChSpYh3vaE6,1483843800098099
tz3T9ZKHLVzc23dxD85p9xo6L8L5mx1hvb5x,3561435532707796
tz1dZuKxjVojU7gtRDU1nMmG8uRdowF2Q3Sn,2100620212782678
tz1S8GvdiWQghwPMMzbNvRh66rcfmhEA6vj2,32400660776974001
tz1N9qzry2ko1gwTK6HKWamZZK6FGx3Vr89U,2809202020376284
tz1QQ4HyGbCZDmQxeVHoLP99KLyfvGvyX21i,41852649933572719
tz1WKygtstVY96oyc6Rmk945dMf33LeihgWT,14985695718990919
tz1Rux3pGrp2KpZUBKvg3VQ4edRYVJsapr4z,109788816377145700
tz1LWMmDzH79xyu6JvELrnvWLBBVjZg7TnfN,22384409193993831
tz1esBaTjr9qFQ7FhrDQF7N7bTpNSVTkGbMU,34253119606029
tz1LaWQ2BUAdTVNz9nb7AhKDcPDQsb99tzhD,160849208131272
tz1czGMShkB8ZtCHKHeCPTY3CpuiCrjsGJBy,489860906644347
tz1UQ6cQZef4MuskJjV9g8pXNZa5s8ff1oQy,2699240637974916
tz1aZsKPTRdkm9vaQhWv9Mz8ZbwxSHmf7t9T,62495847540861
tz1dTmMLY7tan1HKfW5e3KxJcfZput6UuTH6,1507506780296
tz1daKxrqyoFUCcuQj36BeMN9C1Ytmjg5p6n,12148090697265528
tz1YZ4VZCRPoiDyGP3U69jCq2S8duDUcRjHP,311328701808057
tz3VvvqkW6D7bSPej9x3pghjTozTRbaB4Gn2,267803506404617
tz2LYELYe16viwVBaRjZc8GsauKRsxTGPvB1,4055365383508044
tz1gXcAJZUYqK8JkkGDPN63cPQGu8LiBndK1,1827363425496859
tz1gN5Ch4VeDZjiM6R1KPMBxPWFxL3HHKZyT,1724028926410300
tz2WYko4XXaV4B5mzjguTeRkkgw8LyB2jA2d,1338932908149604
tz1NkFRjmkqqcGkAhqe78fdgemDNKXvL7Bod,26224560610739206
tz1QkQLtDkqpw8VSymi13A86jh5iaCeMriMJ,24819802528123244
tz1VCyNit49HjTmz8SEgeL67x4BLuoTaeYMy,32214849613341993
tz1gACjUSBkWjqWv5ZBMRk6G9Sp8xNAYgwYV,4500337098377651
tz1bKUD8UtyPfknyWyMbtTqsfdMuWomrPdSp,874952350080576
tz1T5GmdYXDWwbhBrU7RubT7Z2dmz3ZmKwCE,13368671361669151
tz1gmajxhmKt22CbcsSA7WWXSATgbuVEmzTC,2496374317222
tz1cfzEz3R8YKMqC2rbKnr2XtpNjZxH6RGdy,452410365925192
tz1hR9eQYNNTZ4VGUeipK4PHtyyDEDmQ9dSf,9875474690494591
tz1RxeY78zE8hNJbqPypB1mTVyTsBRmPuqry,1312058010373897
tz1ecAtwNdrsABBKa7Bvn9ZEq1Ze1EvS9WTW,1656478485878862
tz1SBF19iLiCc8dNpKe1Ym9juSAKaTPyeypF,246122665500794
tz1X6ADVxP37XjYppBHMLVRJQwmxA2YxztbQ,128583984975184
tz1T1u1CET7ek19f5P59vCdjTNFWAscYQ5ct,9800654482798288
tz1V9qHfFxixcXJKWuEziUqvdrQ7BWpPnWTa,6599301752953453
tz1Lqnwap8kKynTpefqqSH158i667Wdg8HVA,1938951052467278
tz1Kp19QyYUnXuE6cxuXxsfQZbyqv5JtKPku,1353062034481445
tz1cnojsw9qgMbdpgPeCcWPf5GX4YPvd4HAh,32965353164403981
tz1fbJACCskangcgy9xjDSiEYgh7CUmSo9oc,37892063808113
tz1dKaw4xdNjfufDSLWRxumNBwe2VX4mxXyW,82784813702784877
tz1iCiA1vKmgfZbY533ZgMwFKZ14S1DQNooQ,865771048188867
tz1hNGWJUFPFV7AWLXvxGzJVEfCZ8KJ77PJA,948746376946313
tz1NPu5aFQ12P3KGhBGgt7G79SAgVj2Skkn1,2984421761153302
tz1Qm3DHkV7V6peZPyWe4rv6aToH3nRmWEH7,395055409160310
tz1KsiwkQ9pyrt4Ra7QrAQp5LQJCGxHQrY1n,2380688516288015
tz1dz7eYRd5uV2DndcPWFeEHYGgw4bJZoCBN,759635933165212
tz1eKTUc8X17nVmtVRtxBcs3hwUPXWuqP2AS,4578344695835964
tz1hXx6tvTV3kzxpBR6E4hDYcxdgcRGHUTFj,30284788
tz1fkZtnjNfQHtEyUpyX9Tqq4RrLKx35qBxf,1683322578159605
tz1chg2T1s4DTjLqthPc49HDcqkFHMwdSPwb,5300847240503748
tz1Uzm53vPr2Giyi32yT9GUvBErKqHPBjvQL,3332831042629942
tz1aR3nrJgUyU5B623U9s1MtMsMjA5Wz5c3G,10109391295182504
tz1YaPLZuVmZaKB69BjJXKUDgNaZrxBR4Lfn,281715247664863
tz1WNk2o2hJvzjuZRNmZQwjLQuv24wDv1zjU,31194986491015354
tz1br5Mvr9VMEb1sb7HDtxpCxKVbZ5XnDqJi,168213887386573
tz1PMB2EKqwkD2NDuf9tvdqhEjhBy3pBGQKX,13097984415368
tz1QmBcwm7RH6swEYNpsZZfAWCCFaW6wugVT,23769170016812443
tz1LxqBcvRbZhp34C2ab62CMy49wFbsQSzD7,283691268254902
tz1S5RkjdXMREayGWMawArqqpyMqGRjohJJr,2391412616803217
tz1bZ8vsMAXmaWEV7FRnyhcuUs2fYMaQ6Hkk,689966495
tz2Kmi3xEnXk8c7zqWSQqSSyfNpWt6ovG38D,5041876623898913
tz1LgePVXLZYNhHoRQ6KgHfQjQ1uq7JJPZDa,6583649762939362
tz1cWUkZFBZ72Yn9desxcgS9KdH4BVfqd2ZW,5666045715035141
tz1a3LNYNZTNN2SLMjWSUc5jtLWFvZ1kC7BR,26393773899174971
tz1SGPStfd9v5upQUxRiHPC9666X4FpVAmK4,11851119966411
tz1iF629Cc91SJkmQRAWAm6nYavf7RgpAqZh,7707380952338013
tz1WHGwmdEr4iruf4v9r6bdHgzC5v8SKYTkV,627510263208846
tz1YqsEWdPxBmqVKsJircrwBmCmZDtHAgHzp,15341395671256888
tz1ZLMaECyswARea2bTsBws9eMjgUm4jG8Uj,19565686115274096
tz1NySiq6aHysD6Rpu4bYhFaVe3ASya2qB8D,5648768741221001
tz1Rb321A5bMKjQdczUs7TyJBeXjfCtB4mYd,34439087224821881
tz1USU2xSWb7CBYGJYat2X7An9sr3cFfsLwi,842525567577907
tz1aoYg1xYeEdnLrAJ7y2r1T3aMBCyms6ppJ,6430121529870116
tz1WxCJ3UpzyWsXmmkE1YjYzbBv6jXYkbFYV,573047896751554
tz1fq3tMpnnsZ944DVxcJqsVNGsWTPvqJzvo,5466058541929015
tz1PrecMTmNArbdvQxtZLUVUBT8rcC86dKZC,11360746030
tz1Ty6Hq9GpzxmMs5Sv1VQ7cP2U4KuSCAN3K,291388471395695
tz1Q1LWn8wCK77L4xetjbH3Ar7sDaSANezZx,298948527647076
tz1dugdoeZULYPA9phfkpofrP95rFqhZNXeR,1942749457596
tz1UecmgMghaWovhh9EYfqTrK9gTtaiMtbzs,99562295607282
tz1gGwXf6Ggkv9T4jGmp58jUMU2Gh2vYjDyH,618986293355073
tz1QjPnpmqAJYSfDtDM7uTf5bkZDNY7eBECd,2137045110251370
tz2MzvuRU1GEKi9udpqzLpGYfDoZTiKZ3C4C,6915872479862920
tz1SEox4m6JwzUjLL2daQMKU7XDrvsEukR7X,444943340398936
tz1XJqUrY2okTwoJFgHFJKQV98tsn2oC6Twj,593725016190328
tz1VqXA6L6hPEFjvsgWv7Viw4xQn5GyNszzy,57467388717160103
tz1Wf1Lqz1yHm27P2RQJAVV2CMxnhYK4bBGc,260266431047619
tz1cTS1WwovU7SC783xgJxZrzr151mcshmNi,5069814051884641
tz1f4Z9FJfgStP7v6Rj7BMJnWJ9Mb1NdAGsS,658364976
tz1ersiy3MYVu89DFXvW7Qb8AM6LYptSsoT7,2601238091950461
tz1UFF5DSDDtk3fM1ewaLvVG6fhaAeCdgYEt,329183157045784
tz1dcpUhXGeXexEXispSpfv7CeufoFnV7AAf,15986848626166156
tz1RKRhkvC7MQgKfPejvNaHGshWUDsyJKZdT,9440591767289939
tz1ibTknNagJCgQPgcbPvJhpSyS5vxgdyFt4,1769906647669533
tz1SHzbhYsbX6Uk51hJC4JkjgWM1gWaSwBqQ,523789251171398
tz1LGkz6e1mTymuFyHBVFQZsHEtHepCYYgXD,10110648243278170
tz1NW1MMFL3jytxBjhx1qATMJyY47vLBMa4p,29124917140739710
tz1QRm2TJKnarZ9tbL5CNjN4Ltq9pJtytuk7,13872509803695
tz1WJpBDRGfa21un4yQDKTGXZw561nsGg7Qe,200947076344426
tz1UXAsfFeufr6p2PafNr2oXNrTDSdtwwdgm,211677786324776
tz1YPUNi7KW28VxZNEu3fNkRkJG55G9p7wsN,180644416686259
tz1YpusrSty7ULz7w9sM814trSRmM1aNbmZd,6390667470725118
tz1cuj9Cgi19KMRi83UuypS89kXM435qdhmy,25692649747782
tz1htwxBMBFikeP8SnQiEQyA9n1ryDrDFyLK,131673036077415
tz1XTyukKgkqq9P83UkV15np7EtSSEy4kAeY,134868166894817
tz1WMFtCLLeRiayH19ZiaErKq4Zu9p5N73Sr,505624301
tz1RFUjzPENm3vF7quaxfELQCfNTCSjAsFdA,1298093667873118
tz1cLd3gXJ9Fk5c648hRzFvTnGfT97CxcHrj,1284925100336295
tz1Te5JR7gzDBwtZLKPWSPuTGFE4JX21vVur,50794174651
tz1NGDuYTuuB1geX1K5b88cqa8JinFLdd3d5,718087780394583
tz1XykUaKpskyp7hDEZjmuNTk4gFU58a46KC,75531883751534328
tz1dghYwdzvHc3tYHp8iHpNUSpmAvvs8Zjs8,510281181933790
tz1PuipWs33aqS2KSG5k1qQtC6Dff1P1GBmM,642564216
tz1ZNxMa8XsMa8JTv776X9iCETcNoo4SY629,204539695185700784
tz1iAAJhH465Cf3BnsKQ744XHypQGY1v7Ps9,671532275
tz1a5QW18ULwjJK71LSc7UqNGgryrFouHzf1,5530778180549508
tz1Z1ZX2B98nEAvEnLXJBCnsJ6K1GqaSp9jK,459241628072446
tz1enT2GWv7U8jyPmmoVb228u8hvi6hJh5FF,45827038699173
tz1RyhUycXcivQ3jzF7ZpFZNcoLcgmXqcrSz,12874265979606413
tz1gVon2mQhvutR49Yd5XK6k4ypwWfFjMZtz,516158141
tz2HSz8b961xoDjDLy3aFGogvW4HEqXXdcR6,4139274501595395
tz2EP3fw5CbUUgJdx4c3Xono8Gbc8PLXGRM9,6254993231197542
tz1VCogGe8xeRgQCLrVhPbwo6mBSQxAXep65,780423614991752
tz1LFFspqhK9KRQNvS1ahZ1RcpQ2PNeM8TxA,8237337494044
tz1ZhteLTqobRVCYsPj44oFfom5BJ2SdGxeE,1017036213723748
tz1aRF3qMDrbN95f8dGYTKPaey6J2qQQnk8j,91913604372165698
tz2ALu8Jxf2SMgzSZaZEwfiJQbogpUDPStwz,17466506056845350
tz1gLNb49fErXUiYdreLAAV6twp4v3Lm8V4H,957762601311141
tz1fCHiWZ3ReGqvhxkMejVzcnXYz1rnsJpow,45201888235933
tz1PXJVTDRHBcjJGpD4h6PzDovisMJuc8zVc,5307169582574136
tz1L1i5BVehYJBebCGvPYU9kZYGKBELGUJGH,8390107596142137
tz1TR56EbNTEEDeRrsPzQzoyvwFgZT25q3JR,453027421132684
tz1XbQgDFCaT228TPS2YUeHHfpVqGW7ANCDw,27505624928128107
tz1S1Aew75hMrPUymqenKfHo8FspppXKpW7h,559610229
tz1ip7fCgktJzFWxnoDdNBjpF4ZCWw9qfScc,40460332986714329
tz1Wb4LakUUYuFuuEgXXQrNZuBD49Trodhwx,520306819095452
tz1RAfKUFBX6P2jFkCpzLFntju7djjbtKAKr,19695612198090144
tz1MiQ6euA3EEdnZxJ6EPwVsHzd6vQ7AHJmU,994141574306587
tz1UFwr89hcJvC4sNCYK7zSLcaD4JW2KkNYD,5492146431873206
tz1TiJBTfVoXxregtdgCs1rYd55APXSAmniz,1000331957620543
tz1ZPSGxrrPPfrmoGJgpXDArNJfNNy3qGvE4,453855269004825
tz1iQ5n52oSKgdtdYtqEJgKmQYbL1nn2poB8,12325280917766782
tz1gueZ7eL2KnvxqWudHjoTH3ZPiUCmwNKR6,1531597377649417
tz1QxepCwQ45EwtcxkgXZezHbnidvK7hUywy,8310872461384765
tz1TVZgy4rejPUkEF3bsxLGNCp6H4gz4PaGf,4926306517623186
tz1WT27PugwGBtre1hsj6BHmbAK2qQsVbRDo,1316729982872661
tz1fL2TsQR271w84MXx3qFD7y4PZ1F2mpHFA,3682155084055974
tz1KhU89QWZuuhhnDD1paFp1jYMdpJLh55im,3053263643547010
tz1QQyhTMAmNQPcSGkM7GfDva8hmuFPAxUMB,30948845356230506
tz1htnC2n5n27PFD41q5X8bDvDcjbGMUS3f5,33420315985007666
tz1PoickddNEkRN6qp4K41u4KUW43vZ1UDvF,18156756473214152
tz1b9qYttBxHzoEseqabgvQiCxafZzkAtH9G,123429991671887
tz1MQotPcNdc9R3nWCTwXLMDqKLS46WqW7Wx,5209218391651292
tz1a89Pvs553YqhJdCfDdQrRuQeykHMvVSRX,87002482917485
tz1favSqpvTLtedjTm1UjuEmKfgm4o9kyLd1,6927910452430602
tz1XYuybht7U1RVsUip7H7S31fBDxpUgpTXP,616229617
tz1YJvMiZyXnzvV9pxtAiuCFvaG7XoBZhbUQ,2905184040338303
tz1TmSForCvNii8rmwL6q2jgicQfqjNFtj8K,5853811498445268
tz1Su8UYhcLvUPYABx7kYsWRVibZdiZPnmh3,43274014347571579
tz1eoqCSmqPQtTLs53Rj6gBB14eQh2aHWVxu,1319853197850242
tz1XhZUHsJAFp4FHoeeQQ7auVBk5j6xoUKbS,159110894188387
tz1Pwh2MBs6q2SeLHiko3iJpfMwsDV46bqQU,29798882894212936
tz1hLWsybqnJtQRFp8skYy5aZLGNmL9bMUpa,3190044458135977
tz1PuYitvGfsBm7C3oYAXqNc3t5wNhWZj5Dh,2824740190936543
tz1dbCAvra65bwTVk5mgkYUHUGz3hoKwovZ8,1327015576761943
tz1T5NfkdPfhkXzYx8akPkdznxSgU1Uf5jEG,2384638567889134
tz1PYqfNnkpZydtSY2Tn3Rv8mjkgUpHJpFXC,6626962786257549
tz1WidyAU8wuyG25Pd7b93bcx9hMu7W9Pea8,1946681695339041
tz2Mz3ovkZR2HyC89CHHSdsrPya1mKSmLWfD,459713893020891
tz1ae2d1BJt7YUqaaec6Xenh3mBqS7VjSZtK,327242436123073
tz1L1XwcVmD2z4qPfLtBJ6RPThgAwLcXG6kW,69480894073158
tz1VeyZaPimHfrJFy8WwsCYzxHR3VmGTMpgK,680917365994901
tz1epFVHmqeWvvkFf2eskwhQ1AY3JwWd7Ej6,1369399186243096
tz1QRcnskFh7eaV7QdEnjoYdDfrDqHgmmrvF,3561517395803223
tz1XybkRZWjLx3hwcy1hQ7PT6FWEhpHm1FBv,49184531536838
tz1XcuwadWbLKkc4mDVxRo25dbtwfEa7wf2c,2454185879137830
tz1MkNbJTzf6uADvfSJKJvArvRoVvjk3tZz4,34372183186332
tz1hvRvzke27MGtp8CsSvsafxyyMWSVYM1ut,225955725181253
tz1a7MJ4HMNbWDhKZAqrvzX5P6u2E2mJyJiV,4751534179916197
tz1citPWufjty33AZ9KwZDztqrTzdNjfQU7P,27759776382995874
tz1b58mxvQAc98hbXjcrgjf5xnSwYXzi5gX6,30238594425574
tz1WeLuPLjUs53Yr1RCgq4EQ4d5SvV651Tqt,176434229371785635
tz1Wo716Gggp5HfupfxtPgmYu23rDQNcLcD8,4420197092312831
tz1imyQrFWHyTp4avUNAw52RxdFjU3HPviRN,888011199281276
tz1isKR8pS4pdgU934K1S4UpLsF56ECJNArh,1643894685072224
tz1ZVoeS9T3H451BgjTe18pM1q1LPd2cgB6Z,96195248577081
tz1Kx4ydaiJHThd2nTgXR25JPTZtKyLG9KC1,412728850751283
tz1eL4fYCgegW8tLCbQ1mYiKY3TdDxWnnKo8,2639605909454152
tz1Rhg2UDkjgLhemdSMtiGVGRmzwVLVaHArD,327799155359918
tz1dPHDXSCFo8PienbvDMyCKr5DXjPMrZkJ1,1900747383424683
tz1eFe7ufhpTuqh3LHB7zYLuFgB1rFCPXnzN,9340507571968
tz1fkkxXSMtSQew8F78XdsnaC26AfsXtsGiY,461458748500453
tz1ZuiTWKXKqYfzFPaSaAG3Huf9QM1AdZ1pJ,1680213822193634
tz1RsCndtupuxe2U3syGAdcRBzpNqJZ9ANNc,35095610231535332
tz1MrZQhiNiHK14oEq595DLsVQ9wC4Nv2ZXW,790038011054622
tz1LJQ6MPnjGekNAmhFmkm8XWtM6UGx4MyF4,8031856749767557
tz1hmxzW7MuU8HeRoCFPGZJnavGf5unqgaph,4827712366764312
tz1Z6QqrAbEAMDLsis3v6b956sfH6qLTSEex,158123044239147
tz1NnBgY2ze24nQDpdY72wb1GVsee1UfAT3d,176599338001192
tz1dAW94vB3yYfNPE4LM2txBT8PQ21Zq4Xzf,395019088481298
tz1eeR22tmjPN3rGDikEMvpe8jcdXww3dqTt,1316729996039960
tz1MsfyCeQEt7khed67HHsAidezZ1Th6mjzB,456634646289887
tz1WBMWCwjuFSsiiLUWKEQHEACNEat2S3EsD,691953946834528
tz2SuPjN8dYMJQe548bTvSPL1fdStZPXv7gT,63637630182645553
tz1N33TtiYBQ67sw32rhCsMSVpZkrSHWe9aq,20563897550440187
tz1QMjzbw5Yoi2zPqUeg2yuv5GZdmXjhh9mr,1316747072710715
tz1ZutSZgCHEzxspXyoSYSREhwHh5g4PM8hN,1314364705554564
tz1NrRkB19Su8iBGVTz1cXbG3oCw29GSmasw,1051923794892992
tz1NJS9T6FKTnKUkVNv2g44GHTAhzH77qiYw,2670682134702436
tz1URL5HNuTa1fHqqCtUKXUM3hm6g9c88NgF,4157799986118
tz2M9C5x1KoZGoQ9xEY6fQ6Xwbe2GU1RTzRx,661277620966894
tz1c8JTzmA6c7cm6ZmUwR7WES6akdiMa1kwt,2084747401169379
tz1XRTNgXgWmR4PqxZpiB6HZJ8Siz3M2JAim,623925031392041
tz1LxL9L2SmaFYw7XhyATaRAiLWCgxKmycBC,3136470789323667
tz1imbraxLCQ9TUpnJVP31LS18hpTqG5wv1k,1479788330753971
tz1iDuz9LvybPBC4kDc7ceBoKVDwwzJR7zKb,40373687188548831
tz2HYjnnRbzPpUGMUYGKVXDnsfSKKqH3aCVT,7079319306134787
tz1eiyML8sHGBL139FwJQJeLGHWAFtDqPz4U,131673001842437
tz1YQDCB6Hbn2ozMyS2kf6WPJDeRvJtmtNqQ,770036626085266
tz1eeNRXYK56vgSfXHFcXorubcaBBCVpUY1Y,36771862441972
tz1TQw8erN1a2LpfRSNMExicRXMveBPbvTKE,481923162
tz1gaRjULm9qy4D83VCvb4ABWLKpz4XXfqjx,638173364892265
tz1hAZNx3LrRKFgfRytoLNVGhCrzU1uVDUHS,3056201944204917
tz2HGysnSAQAetSyFYCa7SoH6XXVwbVqMHnM,4329635900876098
tz1W28xB2eAvRGCXmVduC63Gx6gGDp87zqbB,6241301525760152
tz1gJaXdi7Gweq8TUSy9knB2wLjioTKy2tZF,6440745675100328
tz1PoXtd7RGVBwWmmZvxX18NQXYpbNdiwwtE,3643989800686669
tz1RLCvv7wrWq4hTmyKk1zZuZeuUXNViSgRD,37630514209149744
tz1fXXFNod2gQDT2Vf9ibBortMmsKKorUv7Q,83718057280593
tz1QFk2DJhPkzp2nCN7Thpo4askJjQ3Zw6BU,1336188665484283
tz1bRDYJHp3ACUojEeM6Ja442YEwNmcb7ph9,1292530602329130
tz1MDs7ym4sp2FsQhL32vuAnEqG3ARhM9Vi4,1302002495576981
tz1Xy5UM1tC3CFcbPBVq5PjufaxcLjMwfQkE,37852269008245
tz1RAKBnmd1X43pkkGqywYCRgf1Uo6D77zMx,37849606580281
tz1ezWyS2cFiqrNyiSVz5VKEKnmDN9Ah1zSR,3444879476876887
tz1cXwKRD6AMy5nhqEVUU23SBxcAMnh2aKLn,422077027865589
tz1WNQE7B2s8woZp1d5U4SeRKHmssN7TvsDi,402297978709124
tz1imrUNR1R52GxhP4y6XQCDDXtQs11GarTN,27309341317409
tz1chab75LnyqBqNwrK11459SGCFQXLg9uyx,409209432221707
tz1USfPTFciXzVsQL7Rk8HmMWyWtFEas7fh3,1513215802493422
tz1btYY98CWBVCGEikD7s1buWjpicb9kG8aH,28424773545035
tz1fj962xSPKTA57yWHA43VeVzo8KqdpNAeF,130290725026431
tz1ioU6W4otB7ebgRZTq1EVVra3vMyXqeqsm,356451130658273
tz1N8oU57qMgDRr6N9pSbhaiWRRQSxJRPGoZ,1458533643703936
tz1fCEeLBcuSMSittqTnMEhcFdPCtD1HsiZc,139950000559383
tz1WsKkY3TLDvqTuK97Xu4zuVoTb2nsr7J8S,243457856401916
tz1dAekzaZ2VrjvuNxoaTZ4dY9XjgrjBvBro,751537659302289
tz2DsS3zeg4pqoUnRPHxvuRSuQrjDnTZcTNJ,14264290434306
tz1gSGxwMrToBdzLeaxg4Bregv6W2oEbNLC8,12239784035534709
tz1dWwKG6Z9unqwonQUWV65gkz2YhABiwF1R,1689832195807505
tz1X8AQxtn4KzBwMZ6MZUVFDcACrfnyfYhDg,542492740
tz1KxARuCbAoiGGesnQjr2pvZa7CzJR7V9D7,960560762780507
tz1LGVwoTMUhi76Jc8TeaNUQhanfeLLNF4xm,761978811780163
tz1QS7N8HnRBG2RNh3Kjty58XFXuLFVdnKGY,78923730866333920
tz1RAP1j8SjwT587jyccTNArBFhC9HhGKfHq,169227419951757
tz1QiZCuJMuVz3aq7j1Bq2v3BRTQPCdTw3Fb,2584498436909983
tz1L8hBVpams2fWFC9kS1sPVxfGY6Hmg5TQ8,367552512490060
tz1TQSPkLPqXUREhxvYzPbAib6Jz35w2a6tw,1199845915129972
tz1XD1xSVzgY8Qs1id1kNyFJDbv9e9pNMe2c,658415191107408
tz1Tk1MJDZ96bK85RLAqtKfnptZZyXsJ2jaq,319319767478058
tz1avT6pCusXgxhnffuJzk49Vq5QppLVegHB,511573513125905
tz1RKg4C5yKTzm28Qj9gKmfUozCDrctDpx4G,1379696859812962
tz1Kw5M75chWdw3HUBMg2bsp164TrVXRsGJR,322776910486312
tz1hes6aF3Px3D8nPQx27fdwBKrXmGs1UYxT,671744066565768
tz1c1BG1PEeuhMFwmonTVSGafehicqbBJFec,111892319474559
tz1WtkHVMtif3DXVCZ9pUCqWcBsmqgFjgdkk,29769232598869
tz1THwbFPPPBHmBu4cmLV2SppLFrA5QfBhyF,465233351102309
tz1U1aA8tyN6QByoYLhSvNu3krJPLYqnkRVa,666485779236986
tz1QSwx2wnmrTjEGrid79c4tpFMxjCT86SAy,1126089138045277
tz1RcJYTsoYQ7adtNMANhwd8qf4zApM4i2Yd,606996021367272
tz1cvrgSekgCqgyc1c2qFPSeMtux6AAAfDsk,543809470
tz1a1ZcbAeBEjxYSwuNKxSu6FbFB4dxdL3m9,15431852516967
tz1NZnfrNgCGdECyAhA93TLPTSciJcZBJqDY,874501482801275
tz1UGuKv6PzgVbofb42VgeRwDwsVN47UpuZB,2224327160967233
tz1eCzNtidHvVgeRzQ38C81FPcYnxMsCEL6Z,13167299552213323
tz1N3nvFqipu91tfU9s4GXGsopawpwxSoAJh,108268117718077
tz1LFeLTRQZrgKxbmvjz2ckViRhVw9BZXw7t,26097116755525227
tz1XuzzMTz1LhqbRPy9uxfRkccSxju3v8Y4j,1222434909923619
tz1MoiwNRQWHfA71aypNk8J9CsKjfmq39c2F,4717242220976944
tz1hhphPmGxL6HEmEjoVSJBy82FMWbFwzNCD,26368495630926
tz1YHLm7Lq27q3rgVXLY424zQMkvncVvNiaK,144840314535615
tz1fKtBhuuZiMYhM3Pi1hcP2sjRbstgDrmqX,42381226199938
tz1XEA7cp83PyiXfSxWu3uHjA3EF6Gdh3Vhq,142474042838958
tz1UXMLCt7dqbUiJ2BHRhE1gFkdVkmCZYcM9,46426023104795
tz1iKF8o1hCLaTNZcCJpgKQBQxkpcSiBy5V6,1859768010180290
tz1c2iwyckUCcicx2qxqtwLEartYFEHg1pvB,846620832108387
tz1PQDUDph7dDCn8pLGXqaR79DiUWLiSZdEf,5272246816499767
tz1fUZ5pMP1gUjuJsp5V631cXmA87Kxm3cuZ,331178884607946
tz1KiUXfWuF65Ck5zY4otx8t5pHToY8stYhj,417868746103396
tz1YQXd4LjZfDaKRvSTwBEwgggREFfX95JUc,253627532940216
tz1hM6Pz2e5vJbd1YYkYHcj5RL7tXhcn59Xr,12866374250385
tz1NVsmLrZX4jad9bNdvM1EskvcTq2LSZhLx,2692814439213405
tz1cBNfPUb3Gi6oezs6fpXtki8EzSwjnoNGS,728230460380367
tz1h1ybLPkwDH85opBrU6hge8wSsRQBnAghf,536090888468709
tz1PKoh9LB2P3pgh5ahaAFnrC2QBmUxcHDJU,409356716023256
tz1cqoo91JCc6sKmNuTVKNzwUdi6E6moHWFb,1739173804300763
tz1ZGNErBKdYeEPjZuqKXhyTixQTTPn54bx3,262915294307566
tz1iUyniY5PPWrzE53cs6jBwNKUun4btzMcW,656364910035890
tz1XoiGxnmjnkaKcNyG4rrHNNEoh1u5VidxY,365196677195007
tz1QVUXNoyCfKpAyxDpq8kR3rK2AShuzQxJ5,4492510189560018
tz2HZ2yRFd9F3uLcKnLukEXhuUz3HqhZf8mA,7936498372265406
tz1UVTMhbMiSETKCxFi413yZ7imF1xeyt3fV,1343270908241069
tz1XisBzUGgCmvC7pNS6hxvQ5hMvXUTd1p7D,22126137751296
tz1S5TbsJCWmCyRh3ghJ2rWwQHHbcvoh1uYV,13167299554846783
tz1UAYfFWmaTrQTYMptaGCw6LrXK5Yv84VnQ,7150480939849
tz1hLhGe26gqt78sZboxiwne6zgKMqirRieW,1725652139826394
tz1YfiydbiaKMGPuavawX4rQtXdn9wgpdDKS,461106885959576
tz1RYTr2WKdJD1MMV51kN9AoxPnxZJgJ5sqU,71751203807599
tz1R6mtcAQwBTK9YpSqRL9y2a6JZWgDkBm6M,6409573587277092
tz1Sv2XMQNxcAqyqyyv42FHjf3EGwJ3Godj1,7413788959825131
tz1NCsGajb5YgZdhdviKrfisN3VteMasnzQi,234147000666699
tz1Vh4cX8VutUUUnnjmnY2omSV4F26T5orLH,1062397511126122
tz1hgSYGDwHFqC5AwW3P7vYfXfdwwsx4ALAN,290543092360
tz1QGCWjNpYmcS6T9qFGYSam25e36WeFUCK4,791553618582518
tz1URdfSGhAfbtpEkjWBmpTt3pyLmxdHdPYy,21097765407669
tz1LApX9pPhcDUDznHR5TTCcSXh3m6zPgFHA,423647311288037
tz1hUY7paB2J5EhD73r4oWL6uZubf1UibHrk,1421165864718858
tz1MgDFQvyV8Vfc48HgeqMbCD2Po7nhoWDeL,416687785312443
tz1PWZTKd1zhfuxrixGJoHJ6G17SQiypwe5m,654414786
tz1V1Hu7nMcgVuMKDEZickAKHHZavLKTB7Vh,704450524
tz1NKHjwrYfg7GWwbWZ3bvdejkVL34De72Pz,689966495
tz1RaZeHEiKewSd14gZ7HKfcQ3HaNHJ5tnV6,14192787559238494
tz1aiLrqvULcV2Kfvzt9dUmqnLQnoNXPPek8,570144069
tz1M2h2hPZzov29kf7xcHXrunXb2jFSbfiNd,6616840515601396
tz1MToDUySbYhPabULUyDPPsfDQF1cpZPdoH,991527116131357
tz1gMfLSQs6xTM2TcLM6Sb2njJ6h9qhSsT9Z,130538580911925
tz1LSFyZ4z6k34KQ9rsoxE6gTgmik1nn2Zmy,13988067868576124
tz1Mt4ddsTmDs4of6kkWYvMWSUtM8zbGNMq2,640702741460
tz1UNTxRbAYTSBSdHMjoUoYAtLH4MHMUiGwg,135711078433491
tz1YUJitqsUrFfFzEp1d2RiqVwV61J8aPb4E,7569537707625
tz1TqqKqc4t2Y6PTvxeuhF8kNjVn8HpZkKma,897538240487744
tz2VoUZvPNLyq9bZ82VoDLrhkH8n6eaUoS6E,169521361177655
tz1ZvbLR47deoqaSgsaRXe7hbgDgwonBicnV,6618163325323716
tz1L8m6MGdvK2WA65wQ7DeVwXVmCS72JKWeN,89033327083575869
tz1iCJRFVD1oY7yQBap6X59XktpKHJtgCGyS,37489183683708
tz1bnWUvcfU77EBpbLUQ41c3hCBKovGuqyGY,2366848470586914
tz1STAzkywd9GnKGvJBPL4xWte3LCniyu5ho,679153687906062
tz1g6cLrzLxNayiVyb7BLsKK6TfwboqWaYPx,25856782857761
tz2Q6ugZbronUHSk8fbuHibBrBEJwrzgtL8X,189218460125447
tz2Kn9u9cxvTczP6CjirJnEE1UApmoCzuGPB,532508551233050
tz1aHfKHR887WzmpA56K2diKDufR3QJqn9iK,35407933069269315
tz1fcuYiLoHA1qD8vLJmSJPPKhGANGLJZgin,520914021368
tz1bdbHUpDrUx7m5g4VTSkjnc3mxnquzRTcw,6614734445461946
tz1NoV2nnTuxavEAuozNyHm4nqT3qtkYUNYW,1406688759325
tz1TQJjDtzUWWAa5a9H61iyPZmuKRfX9hXi8,60325277481
tz1ewd8gDnG3USrTRJVdbpsyieVv9fWDMPNk,1122176929755566
tz1PwxV2kaHhubkYaRWTnGBvsxXswz7V9GWc,2711370417366012
tz1Tpms3fccT8x1pVY9BQKgnvppew71pTDDd,87148136060556
tz1bNLPqmLVxWF6puxbFZHU1yCJLiCZmHH2E,2286594765528
tz1ajJzH5YBGRuXnU7QDJzY2qVRGcysUbxJE,91198755091110
tz1YT4u9DnGFiRM8AXXACY8LWuV1rW3A2hFb,7215337046856032
tz1QppHuA9TUoFN5Ek2ZSmRPdU1xQiwRSnPb,24452088310485
tz1fne8nhZuSRgzaQPyaomKQcFRfthyicBQc,79439121907614
tz1PGFWJqZhk5BabfqxfYixpVH9S8vY7NKj8,19969530258088
tz1Uva3ynPUXqpAsWJ3CxcXVPG7HEXB19rzU,787802459263399
tz1cGZNvVyHrKgbRu4b23Nw896JD6GYhZKQm,786119511019976
tz1i9THBDe13YzhSmcdpcWKJrL4raaJ1cpN3,784697358375688
tz1apbBneTw4Ap2kdmv7gfTv4kDPYbR5HAkn,662887014699245
tz1MJ4C21XhL6B3YptprRWMuL8oeJquUhz4u,16712923528708589
tz1SMoz8tsJzeQPtGhPEjPnanQMvFc5KitVh,42630645694949
tz1XuNQgqT23u9KcwmRLGGQ6w2n6dCE4bmoV,20425864989261460
tz1WrZ2Th2eCuq5NuZb8nHXPJUjaBE25Uwgv,125805784613
tz1QRRG3oUJBo66xvidmpzuwPuoVBBtLxUaG,84917935331613
tz1idC7XEoSZ45sXLwp1ujYJ3yNFi2tkLT7A,4783110524218
tz1d4649CmmMEzXBWzhTgTkFxy9ATNhb5HC3,8378317388839
tz2CrWArLr8eRCj6mp6yYQAKshR9MuyaK3Qu,834126453365349
tz1UdGjnCNd5ifzEShXft78CmazG9gj4fdrN,27706679226019
tz1WqkwtGV3ttnchD3bqmucZwByduHq8EN8f,329476250737
tz1fvhxJtMzKYkXM3fvXrQEyAXyMLYayTtZ2,3686676738415726
tz1dVTewmwhAqfBcAgDuDuF2sPUaafuPA8mr,769514455734431
tz1ScePe2eXYo1RBdEe12hNY8KrvHyjFhHw6,177567733578781
tz1XNmNga2NyqFiNpmEN66fpySDoGWoKpKXB,10195104165376475
tz1dXpsNAWLHVYNWSqhrHCHT6wh6L1fKZfo1,127692132555742
tz1N2AezxpvrXzvGaqNVW9BqXxJ6Rcup9M4p,1096292299789
tz1iFKBz9HbJDp6omQGG9LC9bTXF4zKdkJfR,2855990804496
tz1cp312oRvwp5honfR55EsWUF1nA7QZYxT7,1352132454850
tz1fFCF6FogyPLLjSk3FNTG7gVdDWfPCWVni,68332787771
tz1WUmNdnrv1w75V7ntFSt5kSuyQfYuo2hqK,212159969332449
tz1LYQiMSoy34xAUD2NnsJLCTmb8HYYR9th9,27176852149561
tz1VYa9SB4LtsHLWZnJXc1JuL7wuX46orE2Z,5791232986123368
tz1d9NBC61N2Xjo9LvXAQsKPqC4HaL1mFD9X,4422055347963873
tz1cAxm3wHEUX9tY87sSfdVfHgCWcPCTkNTA,302192820908261
tz1iNdzx7BJpGD2e2YaV2QbsteMQWMAXjjDf,1887769888742749
tz1YrFGJ542U6jpYHpe7BFHxNfa2mb1wpAdH,1823559662853
tz1SPVSDCDpbqigKWVYnbgHEudxSM3BASPZj,1997725433484495
tz1f7C7HeTczoCxoo8oQ3vBDRQTiNM3tFTZu,163658000042306
tz1P8pHeW6qWzBkgeDvi3bc8depN63r5tt5s,72785988108932
tz1iZnkruZaYGv3dfER3wEasjJj5xpaTtMjN,431225490899303
tz1Y1svqGfYwEN9J3ne2WLEuzUVnwzP5qoYW,169726779938
tz1YmwJZfEerVMbc8uuJc7xUzE64ma3Xfu7L,11938127026711
tz1aQbe92zZy6MNeRFtgmgV5dV5R4BNTdqK1,11882741557764
tz1THz87Wwo5DL34CELa6psvuH8RXShPmSbc,2981640009580
tz1cgAHrLkuj5NrLmQ6LnELKFKu3i13CokzB,81403762092
tz1eQ9skdokeeUyTc4SdNQMPigjZ8JY4kzus,6718607996460
tz1S35xPc2sh4kK5hd7KujsWU1G3SUdCnFqp,825917548368
tz1dYEEirVkgSnE7eGK9vFUwxWBqibkafs8W,2443219297937
tz1VLGH7SJ4HA6kDXRiHYqVFkn2btjnoxqib,1441088953849
tz1XYkmAHtkZFjZLdWNoL2BTqUws4oD4H1PR,1055838235443
tz1dCyFm9jxuhxJEi8UW5sgiS7TFubaNT1J7,17441750387
