Address,Amount
tz1NRbpmTuPEFCCYCqCr7i3hkMRDRhBFgmxz,874180
tz1foujP81wtDKMCX95CBY35TUYzWapuuuLg,2259073071
tz1NBpWeS2gVpwPpT9NUn9ifBRfriwicJT4y,173626202
tz1RDbEW7YUkwnnDdMNieSiF6kB4XBws7QSg,123798491
tz1XwT7cC7UnvMi4GooA3qUNEA22cPcUXxLp,192995658
tz1WdQ1dak79v48jXAQjYtt5ZMGnPiwn1ktL,336699
tz1eqt71cHna4YgyNg3ao6x22xU7c7CZXxcf,49972313
tz1SBxNvpDFC4bjW23CtQfVLqN5cBATVf68B,13065984
tz1Rgo7URug42QnhBM6eLy4MWdfwn4RovHy6,447574218
tz1ek9wEDD2edxuV1JniLuh2ckh5DeM4FjQo,61250752
tz1S4Sp3WtEz3MfdBjiaRWEAG3ZDSngAR5L6,47886
tz1V3fPD3AKPNwZf42PKGzFaWU3vZ83Gjvfq,40576789
tz1P6DFx1Biicriaz37h6oLAhndhBL8eMoAt,519845226
tz2UD7tXJyBrfDBHnFzhnaeL8ZGHxcDZuDa3,214941433
tz1drEV5soQL85qJMNts3JfkgZxD1oL88gsh,10150318589
tz1YTQ3Lys25j8FhZQY61eoYErYUteSao3ez,2897494
tz1R3bKH1seset2h49p4vrZJCEL8voJgSK2G,305855249
tz1Z6nhkXDgJjDzSpDEX5g2o1ris8Ga4xjDY,54015895
tz1bdRJkGkNQ7homh4PTnkVM7xzVWhuC4EMm,343294095
tz1Z2Ne4ZHxNPuCJeCcoykHVXTqhVdLMD9gV,414310767
tz1Qji1NnEPj4Cxa9s2WEoWi9U9KM6a9gdDL,108325903
tz1VjYmQHw4QE6tYTQLLfWNjqkUNwMC7YPoF,75030188
tz1czaureyspHk1etv1dKV1WmHCs9pb4fXBr,33540870
tz1cmanHzitf3UgWgECzLpGUKpzEfmGZaFsw,312724350
tz1eZFb4bNMMdveGT7BPcktbYsurg2e8r1xR,1098863
tz1RartAmPJhFsL9oAhZndSL2G7KCsaQqqkf,2195356741
tz1bEi1SEPrZh28Vqa2gKi7veuJ7AksFC5GL,4026035
tz1YrfZhjFnhgERznXtYee6c29n3PBeam8A9,9206611
tz1MyqKoe43P4Z8MfHoXVBTrohgcbehp2zLL,1172430124
tz1SRcMg9GRXi7paNeAc3ARn23mS3Z5dXa6S,9814393
tz1YjtCLzjw3bqPxJh6MqdVBFrM2zrsA9kyg,3822445
tz1hD7VdzRpWG3nmYpCyW2gNc8mQNs3TCgxu,122012466
tz1MstraWa1kkCRoGRYpYEtMncugi99rUx2H,457901
tz1f38MX7YT2Q7MAq3mDdj75GTN7vgqV2TfH,322856735
tz1U1Pfo6gY5UKitBztSaAbmbwFxgmmN2oaP,11974858
tz1aBDeNFooBEmBXnWDVgLknNMUHMYhHVcRA,154687222
tz1hD5k7QW9ChHCgb2YLthKFirKDYQiNPDJz,17568249
tz1cjTb6ijvnPrJBfaTEFphxDovW9xQbkmDK,1168890
tz1ZL7ekzieKxwngCCyjsCN5qhu1ohwJQEBy,41113247
tz1enbGpES1NDr2kTaocDhxvMqtpMy4ruhW6,16385685
tz1SKobyM2ZGQYYWKiWYnc58GhJ4TBnQN7gy,56629
tz1ehGMhxarDhwppx14PX1Y3eqbZ5W9Bc2Y1,4074235
tz1LN3wPFYuS5fCnodwxT94xVFLPtcFHvcHk,211744019
tz1SRqikWtR2KNpugCApreA9QeZuqh8swQMa,1721765
tz1dPPVGVRxY45ZvnRMU3vebaBVMuhPq5bxh,897440
tz1deYjddv6VT4o656x2FsaaN1owykAT7Nmx,8093601
tz1ed4brTwpFg8hFUJSJ4HqnsC7sEjVesMtb,114477187
tz1QJE62jTxHis7kZkbDT2zsYZyauNDNzWg7,50911406
tz1UcwKfokzWm6g2jpnVVqjRBd9iFJQHhH2m,19193368
tz1gWt7kUnJtGXoT5BYzHVa89qGp6QVvQmyp,50791559
tz1TJspN7PEXSA4tsGJZ1EAE3iJGDBoXJz2Z,24622266
tz1epR6pJmPaJ8vvzNi6V1T51ccocX1Y4VBb,2078025
tz1TrxaPKNsRpcgw58155HdX6USrpV2fERQm,54419813
tz1W19DveaP3mW4WvFtdVdqGsWwBL5q1QDSK,37574355
tz1esdEqZC5Nz3HDFseHvpH6SmQJPocxLzA2,20969859
tz1ZLGi9hMam6Gf6kixB1XK1yJED6CYu1tGg,422131767
tz1XyTsb9DwkPru3eU1Cwnr5JkihEi5eisHo,82374730
tz1ULQQ3S4kFLhhpPsegiMVFmXx2G6ewmbTA,3033217
tz2Lqs8WFf2HDG1RoxG3EAtuHjDS27XQANWT,971429
tz1LRrXCmELevk5znmVcYD63TChSpYh3vaE6,45630731
tz1dNTV2DXUpqC7SEiJ4BTB5RvL53bPPHZfM,34782993
tz3T9ZKHLVzc23dxD85p9xo6L8L5mx1hvb5x,106497353
tz1dZuKxjVojU7gtRDU1nMmG8uRdowF2Q3Sn,86243724
tz1iPeVakaABzkhWFmG8mjYMpcN3JCpHBvZ2,3560
tz1S8GvdiWQghwPMMzbNvRh66rcfmhEA6vj2,437713437
tz1N9qzry2ko1gwTK6HKWamZZK6FGx3Vr89U,37924337
tz1M5swezYMnDaim71PSeb2cPFk49ajrvDV6,71792171
tz1QQ4HyGbCZDmQxeVHoLP99KLyfvGvyX21i,565017200
tz1WKygtstVY96oyc6Rmk945dMf33LeihgWT,202337095
tz1Rux3pGrp2KpZUBKvg3VQ4edRYVJsapr4z,1456123602
tz1d9Y652aoNq7351TAYiNeWy4FdWuuw1JxD,3338968
tz1LWMmDzH79xyu6JvELrnvWLBBVjZg7TnfN,302464673
tz1esBaTjr9qFQ7FhrDQF7N7bTpNSVTkGbMU,10617349
tz1LaWQ2BUAdTVNz9nb7AhKDcPDQsb99tzhD,2177019
tz1RfSFe1dxP7wh1zSffEnskgqvVVWKNKZG1,13327732
tz1czGMShkB8ZtCHKHeCPTY3CpuiCrjsGJBy,20602067
tz1UQ6cQZef4MuskJjV9g8pXNZa5s8ff1oQy,36434301
tz1aZsKPTRdkm9vaQhWv9Mz8ZbwxSHmf7t9T,8513998
tz1KyRUKbkuBTK5uaidmF8FbWHYrMjdw6GuP,4411213
tz1dTmMLY7tan1HKfW5e3KxJcfZput6UuTH6,693169
tz1daKxrqyoFUCcuQj36BeMN9C1Ytmjg5p6n,190905591
tz1YZ4VZCRPoiDyGP3U69jCq2S8duDUcRjHP,4268049
tz3VvvqkW6D7bSPej9x3pghjTozTRbaB4Gn2,22991204
tz1Y2QaG5AtmfN7rwBG1coLQKFTTSw55g3Kk,74298
tz2LYELYe16viwVBaRjZc8GsauKRsxTGPvB1,104825354
tz1gXcAJZUYqK8JkkGDPN63cPQGu8LiBndK1,144889612
tz1gN5Ch4VeDZjiM6R1KPMBxPWFxL3HHKZyT,23485863
tz1L5rXu3RqYBjZzjWXLaFANYZcwS5Pb1ZST,3494177
tz1Md6npfDk8cL8rjnPNZU15tHvyCZkcGDuu,10459919
tz2WYko4XXaV4B5mzjguTeRkkgw8LyB2jA2d,20258778
tz1NkFRjmkqqcGkAhqe78fdgemDNKXvL7Bod,619445977
tz1TgtGGP3TDUMnUw4UzRTZHrsmzsSKraau7,57335
tz1QkQLtDkqpw8VSymi13A86jh5iaCeMriMJ,286709424
tz1h6J2pn9X3KMghNHZikrh3PtEpgCcRAjHZ,794901401
tz1VCyNit49HjTmz8SEgeL67x4BLuoTaeYMy,432053172
tz1gACjUSBkWjqWv5ZBMRk6G9Sp8xNAYgwYV,37487105
tz1ieVZFcRity1eybQtgUyGg8NLEYWNqKtQe,6946909
tz1bKUD8UtyPfknyWyMbtTqsfdMuWomrPdSp,12395961
tz1T5GmdYXDWwbhBrU7RubT7Z2dmz3ZmKwCE,178324338
tz1XLpud4YtVgwiAJezLKUsAo9K2s8n2YPqx,24152315
tz1gmajxhmKt22CbcsSA7WWXSATgbuVEmzTC,10627113
tz1cfzEz3R8YKMqC2rbKnr2XtpNjZxH6RGdy,6065742
tz1MNGNi6vfbqGdhikvLBGbcz3FncMpuvU6J,122237
tz1hR9eQYNNTZ4VGUeipK4PHtyyDEDmQ9dSf,132294811
tz1RxeY78zE8hNJbqPypB1mTVyTsBRmPuqry,17573037
tz1UnGY1PRznh3CJzSFaW2V9EZdK36AYneHi,1007021927
tz1ecAtwNdrsABBKa7Bvn9ZEq1Ze1EvS9WTW,94910454
tz1SBF19iLiCc8dNpKe1Ym9juSAKaTPyeypF,3419791
tz1X6ADVxP37XjYppBHMLVRJQwmxA2YxztbQ,33497517
tz1T1u1CET7ek19f5P59vCdjTNFWAscYQ5ct,131159001
tz1c6Brwut7ZqXQfkjxDXvyAUL2Mr43p2JZZ,241298
tz1V9qHfFxixcXJKWuEziUqvdrQ7BWpPnWTa,88298664
tz1Lqnwap8kKynTpefqqSH158i667Wdg8HVA,25932814
tz1Kp19QyYUnXuE6cxuXxsfQZbyqv5JtKPku,18094945
tz1cnojsw9qgMbdpgPeCcWPf5GX4YPvd4HAh,440768781
tz1fbJACCskangcgy9xjDSiEYgh7CUmSo9oc,6196164
tz1dKaw4xdNjfufDSLWRxumNBwe2VX4mxXyW,273771059
tz1RJf644pa7QAZqKzrPQGiYQPyubXarC4cv,4783002
tz1PTR7wFs8pTFarkpsZ7zrtVBJhusyNRRM5,16549078
tz1awQgCgLpgnkxRvbnKemRws9uqp6WASwRD,221215
tz1PaJwmmL2nrRt5K6HvwFEc6fUfxNe6Dyp5,11766405
tz1YSwscBZCf26kSPvqsnUdhnS4XQD6mAjcz,125355893
tz1iCiA1vKmgfZbY533ZgMwFKZ14S1DQNooQ,11566265
tz1hNGWJUFPFV7AWLXvxGzJVEfCZ8KJ77PJA,12652987
tz1MqSihmFMUS3qAmWPhdQWhzrhJJSBMaVCB,861768
tz1NPu5aFQ12P3KGhBGgt7G79SAgVj2Skkn1,39797912
tz1Qm3DHkV7V6peZPyWe4rv6aToH3nRmWEH7,2163822
tz1KsiwkQ9pyrt4Ra7QrAQp5LQJCGxHQrY1n,31737609
tz1dz7eYRd5uV2DndcPWFeEHYGgw4bJZoCBN,54669986
tz1eKTUc8X17nVmtVRtxBcs3hwUPXWuqP2AS,51060917
tz1hXx6tvTV3kzxpBR6E4hDYcxdgcRGHUTFj,2538607
tz1fkZtnjNfQHtEyUpyX9Tqq4RrLKx35qBxf,22420826
tz1chg2T1s4DTjLqthPc49HDcqkFHMwdSPwb,79103739
tz1Uzm53vPr2Giyi32yT9GUvBErKqHPBjvQL,44368929
tz1aR3nrJgUyU5B623U9s1MtMsMjA5Wz5c3G,100008725
tz1YaPLZuVmZaKB69BjJXKUDgNaZrxBR4Lfn,3873066
tz1WNk2o2hJvzjuZRNmZQwjLQuv24wDv1zjU,414456774
tz1br5Mvr9VMEb1sb7HDtxpCxKVbZ5XnDqJi,17487132
tz1PMB2EKqwkD2NDuf9tvdqhEjhBy3pBGQKX,17480185
tz1QmBcwm7RH6swEYNpsZZfAWCCFaW6wugVT,315546476
tz1LxqBcvRbZhp34C2ab62CMy49wFbsQSzD7,3744996
tz1S5RkjdXMREayGWMawArqqpyMqGRjohJJr,31728283
tz1bZ8vsMAXmaWEV7FRnyhcuUs2fYMaQ6Hkk,5348728
tz2Kmi3xEnXk8c7zqWSQqSSyfNpWt6ovG38D,93304631
tz1LgePVXLZYNhHoRQ6KgHfQjQ1uq7JJPZDa,70885533
tz1gk77xzDAG3sif9eFvsqUnzaGh4MrzaCp3,22533528
tz1cWUkZFBZ72Yn9desxcgS9KdH4BVfqd2ZW,75115553
tz1a3LNYNZTNN2SLMjWSUc5jtLWFvZ1kC7BR,173999966
tz1MiKQQw6u5CWaBZHtn7Xmbr6f7fCQZyZKa,363662
tz1SGPStfd9v5upQUxRiHPC9666X4FpVAmK4,512947
tz1iF629Cc91SJkmQRAWAm6nYavf7RgpAqZh,80138356
tz1hJso9uzj2UFHr4rGA2o6s41UK8NLnGpUd,11750636
tz1WHGwmdEr4iruf4v9r6bdHgzC5v8SKYTkV,5083019
tz1Uza3jMhipiQMtmeEidizjbSqnqZMQyRv7,998105
tz1YqsEWdPxBmqVKsJircrwBmCmZDtHAgHzp,117168025
tz1ZLMaECyswARea2bTsBws9eMjgUm4jG8Uj,258755413
tz1hKW9ZbV7U1hb1zPfrE6HG5UWsKt6eppMa,202847825
tz2H21wDMLHDJ4jcJwPr8cmhFatSv276Jama,38122480
tz1NySiq6aHysD6Rpu4bYhFaVe3ASya2qB8D,166695330
tz1Rb321A5bMKjQdczUs7TyJBeXjfCtB4mYd,455011622
tz1USU2xSWb7CBYGJYat2X7An9sr3cFfsLwi,11125676
tz1aoYg1xYeEdnLrAJ7y2r1T3aMBCyms6ppJ,89161196
tz1Z5RUwr1F7BZiHjeHkPSpWBwb1EgwiqXk8,8436582
tz1WxCJ3UpzyWsXmmkE1YjYzbBv6jXYkbFYV,5223444
tz1Y9QxwVevgnxVtG56YS6s53W6MBKVdCPCB,39319575
tz1fq3tMpnnsZ944DVxcJqsVNGsWTPvqJzvo,53678253
tz1PrecMTmNArbdvQxtZLUVUBT8rcC86dKZC,4944765
tz1Ty6Hq9GpzxmMs5Sv1VQ7cP2U4KuSCAN3K,13166115
tz1gV6MqrjtV5MtVaATuemVsXDQZJgiaFiaU,18863254
tz1Q1LWn8wCK77L4xetjbH3Ar7sDaSANezZx,3925915
tz1dugdoeZULYPA9phfkpofrP95rFqhZNXeR,1126070
tz1UecmgMghaWovhh9EYfqTrK9gTtaiMtbzs,1305443
tz1gGwXf6Ggkv9T4jGmp58jUMU2Gh2vYjDyH,8103156
tz1QjPnpmqAJYSfDtDM7uTf5bkZDNY7eBECd,27890726
tz1aVZZd883FwyEx5g2o3TgQ7pwEYi2f6apg,4830293
tz2MzvuRU1GEKi9udpqzLpGYfDoZTiKZ3C4C,78118763
tz1SEox4m6JwzUjLL2daQMKU7XDrvsEukR7X,16123116
tz1XJqUrY2okTwoJFgHFJKQV98tsn2oC6Twj,6941006
tz1VqXA6L6hPEFjvsgWv7Viw4xQn5GyNszzy,746606290
tz1Wf1Lqz1yHm27P2RQJAVV2CMxnhYK4bBGc,33471555
tz1f6qSGVtbzq9kMbuefmSX62cRJgPUKo54w,171092
tz1iuQgH6htUbmdLALotF4HHbbKxjN7MkGd8,3392197
tz1cTS1WwovU7SC783xgJxZrzr151mcshmNi,65991559
tz1f4Z9FJfgStP7v6Rj7BMJnWJ9Mb1NdAGsS,119392
tz1ersiy3MYVu89DFXvW7Qb8AM6LYptSsoT7,33831751
tz1UFF5DSDDtk3fM1ewaLvVG6fhaAeCdgYEt,4282562
tz1dcpUhXGeXexEXispSpfv7CeufoFnV7AAf,207422587
tz1RKRhkvC7MQgKfPejvNaHGshWUDsyJKZdT,100283406
tz1ibTknNagJCgQPgcbPvJhpSyS5vxgdyFt4,34233933
tz1SHzbhYsbX6Uk51hJC4JkjgWM1gWaSwBqQ,6757222
tz1LGkz6e1mTymuFyHBVFQZsHEtHepCYYgXD,166789899
tz1NW1MMFL3jytxBjhx1qATMJyY47vLBMa4p,272769570
tz1QRm2TJKnarZ9tbL5CNjN4Ltq9pJtytuk7,113900
tz1WJpBDRGfa21un4yQDKTGXZw561nsGg7Qe,3390225
tz1UXAsfFeufr6p2PafNr2oXNrTDSdtwwdgm,2710527
tz1dpa4iDvAySDpgrcDCQky5Qk4kzLxHm8gf,25973566
tz1YPUNi7KW28VxZNEu3fNkRkJG55G9p7wsN,2241859
tz1YpusrSty7ULz7w9sM814trSRmM1aNbmZd,75138032
tz1cuj9Cgi19KMRi83UuypS89kXM435qdhmy,328826
tz1N5jTEgaMoMWi1i5bU69wRCNrLvLL9iYpY,6590244
tz1htwxBMBFikeP8SnQiEQyA9n1ryDrDFyLK,1680950
tz1XTyukKgkqq9P83UkV15np7EtSSEy4kAeY,1719819
tz1WMFtCLLeRiayH19ZiaErKq4Zu9p5N73Sr,10326
tz1RFUjzPENm3vF7quaxfELQCfNTCSjAsFdA,16490887
tz1UvkN6NDmGtkBB84svr5MRWsqQxMmM5chq,851315
tz1YjsPAFc2RmuKa784bkeQhdVLzbnRVtB7c,8637344
tz1cLd3gXJ9Fk5c648hRzFvTnGfT97CxcHrj,16180424
tz1Te5JR7gzDBwtZLKPWSPuTGFE4JX21vVur,2122553
tz1YDRhXyq5ZHMoHXJX67rHSrUFTqhYjFo86,8464244
tz1NGDuYTuuB1geX1K5b88cqa8JinFLdd3d5,10854457
tz1gqVB5kR6VTTDZc5BU5cdADzxJhot3JoQq,278
tz1XykUaKpskyp7hDEZjmuNTk4gFU58a46KC,941788890
tz1dghYwdzvHc3tYHp8iHpNUSpmAvvs8Zjs8,6353383
tz1RwqsGoUqGfTegy7fnWg5b1ArKevJSudE8,1605142
tz1PuipWs33aqS2KSG5k1qQtC6Dff1P1GBmM,302428
tz1ZNxMa8XsMa8JTv776X9iCETcNoo4SY629,2082537206
tz1iAAJhH465Cf3BnsKQ744XHypQGY1v7Ps9,4796
tz1a5QW18ULwjJK71LSc7UqNGgryrFouHzf1,80720055
tz1Z1ZX2B98nEAvEnLXJBCnsJ6K1GqaSp9jK,5628858
tz1enT2GWv7U8jyPmmoVb228u8hvi6hJh5FF,560818
tz1RyhUycXcivQ3jzF7ZpFZNcoLcgmXqcrSz,63132525
tz1gVon2mQhvutR49Yd5XK6k4ypwWfFjMZtz,4334
tz2HSz8b961xoDjDLy3aFGogvW4HEqXXdcR6,50491600
tz1eSGjgq2NmLWnaQFQxafXK8ZQF5V7Sz72y,93940972
tz2EP3fw5CbUUgJdx4c3Xono8Gbc8PLXGRM9,262763525
tz1e5b7RDRhmUWsiXur9MhyRBBTpCoNeUuwa,117280
tz1VCogGe8xeRgQCLrVhPbwo6mBSQxAXep65,9437362
tz1LFFspqhK9KRQNvS1ahZ1RcpQ2PNeM8TxA,18711
tz1ZhteLTqobRVCYsPj44oFfom5BJ2SdGxeE,11837468
tz1aRF3qMDrbN95f8dGYTKPaey6J2qQQnk8j,1095023158
tz2ALu8Jxf2SMgzSZaZEwfiJQbogpUDPStwz,168026602
tz1gLNb49fErXUiYdreLAAV6twp4v3Lm8V4H,25274162
tz1fCHiWZ3ReGqvhxkMejVzcnXYz1rnsJpow,536851
tz1Mdpj1npkpaxPHF2wFN6oX8SovVPfHyXSy,1623647
tz1PXJVTDRHBcjJGpD4h6PzDovisMJuc8zVc,62498518
tz1L1i5BVehYJBebCGvPYU9kZYGKBELGUJGH,73306961
tz1TR56EbNTEEDeRrsPzQzoyvwFgZT25q3JR,5344474
tz1XbQgDFCaT228TPS2YUeHHfpVqGW7ANCDw,317414041
tz1cJPtF6fU9DQFVhTifFCPxDNjKiCm5TKHB,4834881
tz1S1Aew75hMrPUymqenKfHo8FspppXKpW7h,799468
tz1ip7fCgktJzFWxnoDdNBjpF4ZCWw9qfScc,678143113
tz1Wb4LakUUYuFuuEgXXQrNZuBD49Trodhwx,5931852
tz1WzQh4yDUuTpZBDdRwMrnkV9bs1upnSANF,15156
tz1RAfKUFBX6P2jFkCpzLFntju7djjbtKAKr,227794684
tz1MiQ6euA3EEdnZxJ6EPwVsHzd6vQ7AHJmU,11192713
tz1UFwr89hcJvC4sNCYK7zSLcaD4JW2KkNYD,61717621
tz1Rm5QmNUnQetDKSVW8srM29hjPRiQCgqJx,88660
tz1TiJBTfVoXxregtdgCs1rYd55APXSAmniz,12533113
tz1UNdZnQnfmxaG5Uh2v5TsoYFPox7pyQkZ4,68602
tz1ZPSGxrrPPfrmoGJgpXDArNJfNNy3qGvE4,5042840
tz1ZU7vwEU4aoKard1acgnpGi8fFc4VkKzbP,812462
tz1iQ5n52oSKgdtdYtqEJgKmQYbL1nn2poB8,135527071
tz1gueZ7eL2KnvxqWudHjoTH3ZPiUCmwNKR6,16684554
tz1QxepCwQ45EwtcxkgXZezHbnidvK7hUywy,90331061
tz1TVZgy4rejPUkEF3bsxLGNCp6H4gz4PaGf,2592358
tz1WT27PugwGBtre1hsj6BHmbAK2qQsVbRDo,14027076
tz1fL2TsQR271w84MXx3qFD7y4PZ1F2mpHFA,38277340
tz1KhU89QWZuuhhnDD1paFp1jYMdpJLh55im,31710650
tz1QQyhTMAmNQPcSGkM7GfDva8hmuFPAxUMB,111718478
tz1htnC2n5n27PFD41q5X8bDvDcjbGMUS3f5,339962867
tz1PoickddNEkRN6qp4K41u4KUW43vZ1UDvF,181480384
tz1b9qYttBxHzoEseqabgvQiCxafZzkAtH9G,50513981
tz1MQotPcNdc9R3nWCTwXLMDqKLS46WqW7Wx,50811623
tz1a89Pvs553YqhJdCfDdQrRuQeykHMvVSRX,1170214
tz1favSqpvTLtedjTm1UjuEmKfgm4o9kyLd1,30380368
tz1XYuybht7U1RVsUip7H7S31fBDxpUgpTXP,8187
tz1WHUWCMqVqq5AagGN5DrytqWz88tYgedUr,612613
tz1YJvMiZyXnzvV9pxtAiuCFvaG7XoBZhbUQ,28385153
tz1TmSForCvNii8rmwL6q2jgicQfqjNFtj8K,57162979
tz1RSYHrs9rpGHn2CcgKGGUQL4RvMqXxtLdA,12438468
tz1Su8UYhcLvUPYABx7kYsWRVibZdiZPnmh3,1009766459
tz1eoqCSmqPQtTLs53Rj6gBB14eQh2aHWVxu,12836729
tz1XhZUHsJAFp4FHoeeQQ7auVBk5j6xoUKbS,1547280
tz1Pwh2MBs6q2SeLHiko3iJpfMwsDV46bqQU,289502409
tz1ZWbokP5pGwT3tTtLPP2KhXX5ssg1EtDPs,423637
tz1hLWsybqnJtQRFp8skYy5aZLGNmL9bMUpa,28855790
tz1PuYitvGfsBm7C3oYAXqNc3t5wNhWZj5Dh,27413053
tz1NsE7vEgP3M9bDdkNGF4rCaTUENp5h56ZU,164103
tz1eRrQnioaBfZkWnXxYth5ZHYJqr48E854Q,67134766
tz1dbCAvra65bwTVk5mgkYUHUGz3hoKwovZ8,12865942
tz1T5NfkdPfhkXzYx8akPkdznxSgU1Uf5jEG,23113776
tz1PYqfNnkpZydtSY2Tn3Rv8mjkgUpHJpFXC,64216329
tz1WidyAU8wuyG25Pd7b93bcx9hMu7W9Pea8,61831611
tz1VRQHQLw8Yq8tjxYLuybyHfhdqZpj3yXMw,19609
tz2CCSPbBJLu3mrEWzP4RJn9jNMz6JDboRCJ,90439
tz2Mz3ovkZR2HyC89CHHSdsrPya1mKSmLWfD,4448101
tz1ae2d1BJt7YUqaaec6Xenh3mBqS7VjSZtK,6010534
tz1MA5sPsCo8ySkTpMbyAEbKf5v4WwBr6XLg,11763399
tz1g1vr7gbU7kwxVqmbmnovTGtdeRxFE6uBk,10553864
tz1L1XwcVmD2z4qPfLtBJ6RPThgAwLcXG6kW,669745
tz1VeyZaPimHfrJFy8WwsCYzxHR3VmGTMpgK,6527706
tz1epFVHmqeWvvkFf2eskwhQ1AY3JwWd7Ej6,13111692
tz1QRcnskFh7eaV7QdEnjoYdDfrDqHgmmrvF,34049120
tz1XybkRZWjLx3hwcy1hQ7PT6FWEhpHm1FBv,470023
tz1XcuwadWbLKkc4mDVxRo25dbtwfEa7wf2c,23446558
tz1MkNbJTzf6uADvfSJKJvArvRoVvjk3tZz4,4626754
tz1hvRvzke27MGtp8CsSvsafxyyMWSVYM1ut,2152770
tz1a7MJ4HMNbWDhKZAqrvzX5P6u2E2mJyJiV,45251076
tz1citPWufjty33AZ9KwZDztqrTzdNjfQU7P,264296613
tz1WntXgznbivRjyhE7Y5jEzoebAhMPB2iJa,19172736
tz1b58mxvQAc98hbXjcrgjf5xnSwYXzi5gX6,15328517
tz1WeLuPLjUs53Yr1RCgq4EQ4d5SvV651Tqt,1547787010
tz1Wo716Gggp5HfupfxtPgmYu23rDQNcLcD8,41717348
tz1imyQrFWHyTp4avUNAw52RxdFjU3HPviRN,4151955
tz1isKR8pS4pdgU934K1S4UpLsF56ECJNArh,15083241
tz1ZVoeS9T3H451BgjTe18pM1q1LPd2cgB6Z,664655
tz1Kx4ydaiJHThd2nTgXR25JPTZtKyLG9KC1,7862226
tz1eL4fYCgegW8tLCbQ1mYiKY3TdDxWnnKo8,20053773
tz1Rhg2UDkjgLhemdSMtiGVGRmzwVLVaHArD,3465248
tz1dPHDXSCFo8PienbvDMyCKr5DXjPMrZkJ1,18241799
tz1a7by2HMBv9QA8WT3t5fhu3E4XPofzcukg,2850340
tz1eFe7ufhpTuqh3LHB7zYLuFgB1rFCPXnzN,9371767
tz1fkkxXSMtSQew8F78XdsnaC26AfsXtsGiY,4300505
tz1ZuiTWKXKqYfzFPaSaAG3Huf9QM1AdZ1pJ,9731378
tz1RsCndtupuxe2U3syGAdcRBzpNqJZ9ANNc,326122885
tz1MrZQhiNiHK14oEq595DLsVQ9wC4Nv2ZXW,7300742
tz1LJQ6MPnjGekNAmhFmkm8XWtM6UGx4MyF4,74127793
tz1cGtKd7EeDGW1v3d6B5tuiy81LfzMp1FfU,3896258
tz1hmxzW7MuU8HeRoCFPGZJnavGf5unqgaph,44266756
tz1Z6QqrAbEAMDLsis3v6b956sfH6qLTSEex,4187975
tz1NnBgY2ze24nQDpdY72wb1GVsee1UfAT3d,1600199
tz1dAW94vB3yYfNPE4LM2txBT8PQ21Zq4Xzf,1696743
tz1eeR22tmjPN3rGDikEMvpe8jcdXww3dqTt,11926268
tz1MsfyCeQEt7khed67HHsAidezZ1Th6mjzB,4134181
tz1WBMWCwjuFSsiiLUWKEQHEACNEat2S3EsD,39610691
tz2SuPjN8dYMJQe548bTvSPL1fdStZPXv7gT,627249900
tz1N33TtiYBQ67sw32rhCsMSVpZkrSHWe9aq,185112872
tz1QMjzbw5Yoi2zPqUeg2yuv5GZdmXjhh9mr,11696623
tz1ZutSZgCHEzxspXyoSYSREhwHh5g4PM8hN,11341740
tz1dDw2YD657qFqQq5tCtbkLxrgnEAECm2Fj,17397966
tz1NrRkB19Su8iBGVTz1cXbG3oCw29GSmasw,18550370
tz1NJS9T6FKTnKUkVNv2g44GHTAhzH77qiYw,23599950
tz1URL5HNuTa1fHqqCtUKXUM3hm6g9c88NgF,36677
tz1YPBTsfVCgRSzri3cUfNzBRbQ84G5RQ6DF,43156992
tz1VLGEhMhsb2HDhUaa2oeHQ8qM7Y7s72d3s,98116703
tz2M9C5x1KoZGoQ9xEY6fQ6Xwbe2GU1RTzRx,7976802
tz1RCQDHtpdcwfgF1Kbbyusd6xhfjbXanhZ5,15156601
tz1c8JTzmA6c7cm6ZmUwR7WES6akdiMa1kwt,17885419
tz1XRTNgXgWmR4PqxZpiB6HZJ8Siz3M2JAim,5349559
tz1LxL9L2SmaFYw7XhyATaRAiLWCgxKmycBC,51883429
tz1imbraxLCQ9TUpnJVP31LS18hpTqG5wv1k,12541409
tz1iDuz9LvybPBC4kDc7ceBoKVDwwzJR7zKb,341913079
tz1eJiCVNV3YVn2im3wzJZQLj4TdFJ5KabzE,22615976
tz2HYjnnRbzPpUGMUYGKVXDnsfSKKqH3aCVT,149790087
tz1eiyML8sHGBL139FwJQJeLGHWAFtDqPz4U,1099851
tz1YQDCB6Hbn2ozMyS2kf6WPJDeRvJtmtNqQ,4749502
tz1eeNRXYK56vgSfXHFcXorubcaBBCVpUY1Y,308087
tz1TQw8erN1a2LpfRSNMExicRXMveBPbvTKE,6112
tz1gaRjULm9qy4D83VCvb4ABWLKpz4XXfqjx,5241676
tz1hAZNx3LrRKFgfRytoLNVGhCrzU1uVDUHS,17270699
tz2HGysnSAQAetSyFYCa7SoH6XXVwbVqMHnM,23611356
tz1W28xB2eAvRGCXmVduC63Gx6gGDp87zqbB,45839601
tz1gJaXdi7Gweq8TUSy9knB2wLjioTKy2tZF,49657880
tz1PoXtd7RGVBwWmmZvxX18NQXYpbNdiwwtE,29543368
tz1RLCvv7wrWq4hTmyKk1zZuZeuUXNViSgRD,144350678
tz1fXXFNod2gQDT2Vf9ibBortMmsKKorUv7Q,1532234
tz1QFk2DJhPkzp2nCN7Thpo4askJjQ3Zw6BU,12319330
tz1bRDYJHp3ACUojEeM6Ja442YEwNmcb7ph9,8899609
tz1MDs7ym4sp2FsQhL32vuAnEqG3ARhM9Vi4,3502060
tz1Xy5UM1tC3CFcbPBVq5PjufaxcLjMwfQkE,302064
tz1RAKBnmd1X43pkkGqywYCRgf1Uo6D77zMx,301563
tz1ezWyS2cFiqrNyiSVz5VKEKnmDN9Ah1zSR,24401944
tz1KgzP46kFAohMo8NHXkFU7STZDkAv8LVYq,2255763
tz1cXwKRD6AMy5nhqEVUU23SBxcAMnh2aKLn,3320914
tz1WNQE7B2s8woZp1d5U4SeRKHmssN7TvsDi,13154281
tz1imrUNR1R52GxhP4y6XQCDDXtQs11GarTN,214744
tz1c19XDWSTDVAZJXdxdGAPuGpoemUnGtXYb,4603
tz1chab75LnyqBqNwrK11459SGCFQXLg9uyx,417166
tz1USfPTFciXzVsQL7Rk8HmMWyWtFEas7fh3,10472401
tz1btYY98CWBVCGEikD7s1buWjpicb9kG8aH,211555
tz1fj962xSPKTA57yWHA43VeVzo8KqdpNAeF,503429
tz1ioU6W4otB7ebgRZTq1EVVra3vMyXqeqsm,2640377
tz1N8oU57qMgDRr6N9pSbhaiWRRQSxJRPGoZ,469370
tz1fCEeLBcuSMSittqTnMEhcFdPCtD1HsiZc,1024340
tz1WsKkY3TLDvqTuK97Xu4zuVoTb2nsr7J8S,1746516
tz1dAekzaZ2VrjvuNxoaTZ4dY9XjgrjBvBro,15691135
tz2DsS3zeg4pqoUnRPHxvuRSuQrjDnTZcTNJ,85967
tz1gSGxwMrToBdzLeaxg4Bregv6W2oEbNLC8,83545331
tz1dWwKG6Z9unqwonQUWV65gkz2YhABiwF1R,11364906
tz1X8AQxtn4KzBwMZ6MZUVFDcACrfnyfYhDg,3754
tz1KxARuCbAoiGGesnQjr2pvZa7CzJR7V9D7,6306730
tz1LGVwoTMUhi76Jc8TeaNUQhanfeLLNF4xm,4948360
tz1QS7N8HnRBG2RNh3Kjty58XFXuLFVdnKGY,510695363
tz1RAP1j8SjwT587jyccTNArBFhC9HhGKfHq,1088327
tz1QiZCuJMuVz3aq7j1Bq2v3BRTQPCdTw3Fb,16552012
tz1L8hBVpams2fWFC9kS1sPVxfGY6Hmg5TQ8,2352525
tz1TQSPkLPqXUREhxvYzPbAib6Jz35w2a6tw,4792569
tz1XD1xSVzgY8Qs1id1kNyFJDbv9e9pNMe2c,4095500
tz1Tk1MJDZ96bK85RLAqtKfnptZZyXsJ2jaq,10702167
tz1avT6pCusXgxhnffuJzk49Vq5QppLVegHB,3669743
tz1RKg4C5yKTzm28Qj9gKmfUozCDrctDpx4G,4886442
tz1Kw5M75chWdw3HUBMg2bsp164TrVXRsGJR,3428976
tz1XAFvpynqgRBizrYs12fBt563NSHm9FWve,2850923
tz1hes6aF3Px3D8nPQx27fdwBKrXmGs1UYxT,4061302
tz1c1BG1PEeuhMFwmonTVSGafehicqbBJFec,676185
tz1UZ78ecNwH3T583wmY6nUrjpyrXP7do4hL,4307080
tz1bF5LgAwDooVGC1cT6eSnsvmPt7WaByJD5,1282028
tz1e826sMLNdz1CQLzthLDBJCFsinxqGDzv2,2788863
tz1WtkHVMtif3DXVCZ9pUCqWcBsmqgFjgdkk,350042
tz1ivMszr6h94yTACLXjJzK3tuvRoDHqfpwN,309788
tz1THwbFPPPBHmBu4cmLV2SppLFrA5QfBhyF,2645375
tz1U1aA8tyN6QByoYLhSvNu3krJPLYqnkRVa,3772553
tz1QSwx2wnmrTjEGrid79c4tpFMxjCT86SAy,6206943
tz1RcJYTsoYQ7adtNMANhwd8qf4zApM4i2Yd,3170492
tz1cvrgSekgCqgyc1c2qFPSeMtux6AAAfDsk,71606
tz1a1ZcbAeBEjxYSwuNKxSu6FbFB4dxdL3m9,88398
tz1NZnfrNgCGdECyAhA93TLPTSciJcZBJqDY,4680700
tz1UGuKv6PzgVbofb42VgeRwDwsVN47UpuZB,11550642
tz1eCzNtidHvVgeRzQ38C81FPcYnxMsCEL6Z,67622159
tz1N3nvFqipu91tfU9s4GXGsopawpwxSoAJh,552052
tz1LFeLTRQZrgKxbmvjz2ckViRhVw9BZXw7t,130801230
tz1XuzzMTz1LhqbRPy9uxfRkccSxju3v8Y4j,6039968
tz1MoiwNRQWHfA71aypNk8J9CsKjfmq39c2F,23257305
tz1hhphPmGxL6HEmEjoVSJBy82FMWbFwzNCD,123956
tz1YHLm7Lq27q3rgVXLY424zQMkvncVvNiaK,637276
tz1fKtBhuuZiMYhM3Pi1hcP2sjRbstgDrmqX,183767
tz1aoz4qrvkwo1ezDQaNCFZb5kg5tAvC25xR,1291294
tz1XEA7cp83PyiXfSxWu3uHjA3EF6Gdh3Vhq,567592
tz1UXMLCt7dqbUiJ2BHRhE1gFkdVkmCZYcM9,177864
tz1iKF8o1hCLaTNZcCJpgKQBQxkpcSiBy5V6,6682551
tz1c2iwyckUCcicx2qxqtwLEartYFEHg1pvB,3007261
tz1YQs3qHgQGGQm14vX8vMDWwzY1DFXHCzJB,3095360
tz1PQDUDph7dDCn8pLGXqaR79DiUWLiSZdEf,15911120
tz1XYkHggnKNoYbm965gwKattMWK6bomgVSX,2315676
tz1fUZ5pMP1gUjuJsp5V631cXmA87Kxm3cuZ,18365223
tz1KiUXfWuF65Ck5zY4otx8t5pHToY8stYhj,448380
tz1YQXd4LjZfDaKRvSTwBEwgggREFfX95JUc,1588608
tz1hM6Pz2e5vJbd1YYkYHcj5RL7tXhcn59Xr,7401977
tz1NVsmLrZX4jad9bNdvM1EskvcTq2LSZhLx,9239681
tz1cBNfPUb3Gi6oezs6fpXtki8EzSwjnoNGS,14778087
tz1h1ybLPkwDH85opBrU6hge8wSsRQBnAghf,142201100
tz1PKoh9LB2P3pgh5ahaAFnrC2QBmUxcHDJU,1099620
tz1cqoo91JCc6sKmNuTVKNzwUdi6E6moHWFb,4463823
tz2HdbFWnzRZ7B9fM2xZCYdZv8rM5frGKDCo,3344476
tz1ZGNErBKdYeEPjZuqKXhyTixQTTPn54bx3,654743
tz1iUyniY5PPWrzE53cs6jBwNKUun4btzMcW,27916903
tz1gi68wGST7UtzkNpnnc354mpqCcVNQVcSw,2735224
tz1XoiGxnmjnkaKcNyG4rrHNNEoh1u5VidxY,6466316
tz1QVUXNoyCfKpAyxDpq8kR3rK2AShuzQxJ5,10605656
tz2HZ2yRFd9F3uLcKnLukEXhuUz3HqhZf8mA,68977959
tz1UVTMhbMiSETKCxFi413yZ7imF1xeyt3fV,3014076
tz1XisBzUGgCmvC7pNS6hxvQ5hMvXUTd1p7D,7509410
tz1S5TbsJCWmCyRh3ghJ2rWwQHHbcvoh1uYV,29171328
tz1UAYfFWmaTrQTYMptaGCw6LrXK5Yv84VnQ,13518075
tz1XgakycyAAuhtzXcbb3Eh57ZQ8cBBHT8YG,1485624
tz1hLhGe26gqt78sZboxiwne6zgKMqirRieW,3530564
tz1YfiydbiaKMGPuavawX4rQtXdn9wgpdDKS,1447668
tz1RYTr2WKdJD1MMV51kN9AoxPnxZJgJ5sqU,145436
tz1R6mtcAQwBTK9YpSqRL9y2a6JZWgDkBm6M,14401747
tz1Sv2XMQNxcAqyqyyv42FHjf3EGwJ3Godj1,14542749
tz1NCsGajb5YgZdhdviKrfisN3VteMasnzQi,705337
tz1Vh4cX8VutUUUnnjmnY2omSV4F26T5orLH,15238289
tz1hgSYGDwHFqC5AwW3P7vYfXfdwwsx4ALAN,5697
tz1QGCWjNpYmcS6T9qFGYSam25e36WeFUCK4,1284091
tz1URdfSGhAfbtpEkjWBmpTt3pyLmxdHdPYy,379664
tz1LApX9pPhcDUDznHR5TTCcSXh3m6zPgFHA,563472
tz1hUY7paB2J5EhD73r4oWL6uZubf1UibHrk,1657886
tz1MgDFQvyV8Vfc48HgeqMbCD2Po7nhoWDeL,27332
tz1PWZTKd1zhfuxrixGJoHJ6G17SQiypwe5m,9632
tz1V1Hu7nMcgVuMKDEZickAKHHZavLKTB7Vh,3536
tz1NKHjwrYfg7GWwbWZ3bvdejkVL34De72Pz,5280
tz1RaZeHEiKewSd14gZ7HKfcQ3HaNHJ5tnV6,11003513
tz1aiLrqvULcV2Kfvzt9dUmqnLQnoNXPPek8,1029960
tz1M2h2hPZzov29kf7xcHXrunXb2jFSbfiNd,518242
tz1MToDUySbYhPabULUyDPPsfDQF1cpZPdoH,47456
