Address,Amount
tz1NRbpmTuPEFCCYCqCr7i3hkMRDRhBFgmxz,1504978612432191
tz1foujP81wtDKMCX95CBY35TUYzWapuuuLg,3889192786635500821
tz1NBpWeS2gVpwPpT9NUn9ifBRfriwicJT4y,298912762860101521
tz1RDbEW7YUkwnnDdMNieSiF6kB4XBws7QSg,213129981105863556
tz1XwT7cC7UnvMi4GooA3qUNEA22cPcUXxLp,332258982951665153
tz1WdQ1dak79v48jXAQjYtt5ZMGnPiwn1ktL,579657532261457
tz1eqt71cHna4YgyNg3ao6x22xU7c7CZXxcf,86031729118297668
tz1SBxNvpDFC4bjW23CtQfVLqN5cBATVf68B,22494239949831548
tz1Rgo7URug42QnhBM6eLy4MWdfwn4RovHy6,770538344102058263
tz1ek9wEDD2edxuV1JniLuh2ckh5DeM4FjQo,105448552937125773
tz1S4Sp3WtEz3MfdBjiaRWEAG3ZDSngAR5L6,82440141178593
tz1V3fPD3AKPNwZf42PKGzFaWU3vZ83Gjvfq,69856508714605295
tz1P6DFx1Biicriaz37h6oLAhndhBL8eMoAt,894959233279775682
tz2UD7tXJyBrfDBHnFzhnaeL8ZGHxcDZuDa3,370040564448881731
tz1drEV5soQL85qJMNts3JfkgZxD1oL88gsh,17474665309784525751
tz1YTQ3Lys25j8FhZQY61eoYErYUteSao3ez,4988290707397383
tz1R3bKH1seset2h49p4vrZJCEL8voJgSK2G,526556686661445222
tz1Z6nhkXDgJjDzSpDEX5g2o1ris8Ga4xjDY,92993109932047298
tz1bdRJkGkNQ7homh4PTnkVM7xzVWhuC4EMm,591010948918583952
tz1Z2Ne4ZHxNPuCJeCcoykHVXTqhVdLMD9gV,713272389755094223
tz1Qji1NnEPj4Cxa9s2WEoWi9U9KM6a9gdDL,186492560147500202
tz1VjYmQHw4QE6tYTQLLfWNjqkUNwMC7YPoF,129171062506294594
tz1czaureyspHk1etv1dKV1WmHCs9pb4fXBr,57743555720132687
tz1cmanHzitf3UgWgECzLpGUKpzEfmGZaFsw,538382446244901915
tz1eZFb4bNMMdveGT7BPcktbYsurg2e8r1xR,1891789470177146
tz1RartAmPJhFsL9oAhZndSL2G7KCsaQqqkf,3779499525230987801
tz1bEi1SEPrZh28Vqa2gKi7veuJ7AksFC5GL,6931173688196116
tz1YrfZhjFnhgERznXtYee6c29n3PBeam8A9,15849990329538487
tz1MyqKoe43P4Z8MfHoXVBTrohgcbehp2zLL,2018441475183086947
tz1SRcMg9GRXi7paNeAc3ARn23mS3Z5dXa6S,16896341474440360
tz1YjtCLzjw3bqPxJh6MqdVBFrM2zrsA9kyg,6580675518521461
tz1hD7VdzRpWG3nmYpCyW2gNc8mQNs3TCgxu,210055182328048155
tz1MstraWa1kkCRoGRYpYEtMncugi99rUx2H,788317749060667
tz1f38MX7YT2Q7MAq3mDdj75GTN7vgqV2TfH,555826237945691731
tz1U1Pfo6gY5UKitBztSaAbmbwFxgmmN2oaP,20615770249326691
tz1aBDeNFooBEmBXnWDVgLknNMUHMYhHVcRA,266307645712031978
tz1hD5k7QW9ChHCgb2YLthKFirKDYQiNPDJz,30245285839761090
tz1cjTb6ijvnPrJBfaTEFphxDovW9xQbkmDK,2012348013896545
tz1ZL7ekzieKxwngCCyjsCN5qhu1ohwJQEBy,70780068623146494
tz1enbGpES1NDr2kTaocDhxvMqtpMy4ruhW6,28209397665538829
tz1SKobyM2ZGQYYWKiWYnc58GhJ4TBnQN7gy,97491830625707
tz1ehGMhxarDhwppx14PX1Y3eqbZ5W9Bc2Y1,7014153538263941
tz1LN3wPFYuS5fCnodwxT94xVFLPtcFHvcHk,364535934665797732
tz1SRqikWtR2KNpugCApreA9QeZuqh8swQMa,2964170929202673
tz1dPPVGVRxY45ZvnRMU3vebaBVMuhPq5bxh,1545023304449757
tz1deYjddv6VT4o656x2FsaaN1owykAT7Nmx,13933845392455077
tz1ed4brTwpFg8hFUJSJ4HqnsC7sEjVesMtb,197082536028227130
tz1QJE62jTxHis7kZkbDT2zsYZyauNDNzWg7,87648458820664061
tz1UcwKfokzWm6g2jpnVVqjRBd9iFJQHhH2m,33043070315962936
tz1gWt7kUnJtGXoT5BYzHVa89qGp6QVvQmyp,87442132507702829
tz1TJspN7PEXSA4tsGJZ1EAE3iJGDBoXJz2Z,42389395757615100
tz1epR6pJmPaJ8vvzNi6V1T51ccocX1Y4VBb,3577503487810453
tz1TrxaPKNsRpcgw58155HdX6USrpV2fERQm,93688490075112453
tz1W19DveaP3mW4WvFtdVdqGsWwBL5q1QDSK,64687554252899454
tz1esdEqZC5Nz3HDFseHvpH6SmQJPocxLzA2,36101455720748740
tz1ZLGi9hMam6Gf6kixB1XK1yJED6CYu1tGg,726736929082806220
tz1XyTsb9DwkPru3eU1Cwnr5JkihEi5eisHo,141815336997395182
tz1ULQQ3S4kFLhhpPsegiMVFmXx2G6ewmbTA,5221950458350545
tz2Lqs8WFf2HDG1RoxG3EAtuHjDS27XQANWT,1672401506063904
tz1LRrXCmELevk5znmVcYD63TChSpYh3vaE6,78557314307315654
tz1dNTV2DXUpqC7SEiJ4BTB5RvL53bPPHZfM,59881980250985067
tz3T9ZKHLVzc23dxD85p9xo6L8L5mx1hvb5x,183344551072643183
tz1dZuKxjVojU7gtRDU1nMmG8uRdowF2Q3Sn,148476149968511940
tz1iPeVakaABzkhWFmG8mjYMpcN3JCpHBvZ2,6129377106229
tz1S8GvdiWQghwPMMzbNvRh66rcfmhEA6vj2,753562141579918457
tz1N9qzry2ko1gwTK6HKWamZZK6FGx3Vr89U,65290079265184063
tz1M5swezYMnDaim71PSeb2cPFk49ajrvDV6,123596531778869246
tz1QQ4HyGbCZDmQxeVHoLP99KLyfvGvyX21i,972726756650633170
tz1WKygtstVY96oyc6Rmk945dMf33LeihgWT,348341088982870714
tz1Rux3pGrp2KpZUBKvg3VQ4edRYVJsapr4z,2506844723397907976
tz1d9Y652aoNq7351TAYiNeWy4FdWuuw1JxD,5748327450102413
tz1LWMmDzH79xyu6JvELrnvWLBBVjZg7TnfN,520719510638520625
tz1esBaTjr9qFQ7FhrDQF7N7bTpNSVTkGbMU,18278699941053524
tz1LaWQ2BUAdTVNz9nb7AhKDcPDQsb99tzhD,3747929906809993
tz1RfSFe1dxP7wh1zSffEnskgqvVVWKNKZG1,22944861687547556
tz1czGMShkB8ZtCHKHeCPTY3CpuiCrjsGJBy,35468269339780006
tz1UQ6cQZef4MuskJjV9g8pXNZa5s8ff1oQy,62724851693023397
tz1aZsKPTRdkm9vaQhWv9Mz8ZbwxSHmf7t9T,14657596224461879
tz1KyRUKbkuBTK5uaidmF8FbWHYrMjdw6GuP,7594292256524372
tz1dTmMLY7tan1HKfW5e3KxJcfZput6UuTH6,1193351391403787
tz1daKxrqyoFUCcuQj36BeMN9C1Ytmjg5p6n,328660749180579329
tz1YZ4VZCRPoiDyGP3U69jCq2S8duDUcRjHP,7347822663809345
tz3VvvqkW6D7bSPej9x3pghjTozTRbaB4Gn2,39581378035564608
tz1Y2QaG5AtmfN7rwBG1coLQKFTTSw55g3Kk,127910896400108
tz2LYELYe16viwVBaRjZc8GsauKRsxTGPvB1,180466057823639545
tz1gXcAJZUYqK8JkkGDPN63cPQGu8LiBndK1,249440197995867364
tz1gN5Ch4VeDZjiM6R1KPMBxPWFxL3HHKZyT,40432977692131331
tz1L5rXu3RqYBjZzjWXLaFANYZcwS5Pb1ZST,6015533045828841
tz1Md6npfDk8cL8rjnPNZU15tHvyCZkcGDuu,18007671216907746
tz2WYko4XXaV4B5mzjguTeRkkgw8LyB2jA2d,34877267615955646
tz1NkFRjmkqqcGkAhqe78fdgemDNKXvL7Bod,1066430677823345024
tz1TgtGGP3TDUMnUw4UzRTZHrsmzsSKraau7,98707731806853
tz1QkQLtDkqpw8VSymi13A86jh5iaCeMriMJ,493595465457825979
tz1h6J2pn9X3KMghNHZikrh3PtEpgCcRAjHZ,1368492605897340504
tz1VCyNit49HjTmz8SEgeL67x4BLuoTaeYMy,743817498920277192
tz1gACjUSBkWjqWv5ZBMRk6G9Sp8xNAYgwYV,64537345813047748
tz1ieVZFcRity1eybQtgUyGg8NLEYWNqKtQe,11959715688636450
tz1bKUD8UtyPfknyWyMbtTqsfdMuWomrPdSp,21340737134958041
tz1T5GmdYXDWwbhBrU7RubT7Z2dmz3ZmKwCE,307001017070909084
tz1XLpud4YtVgwiAJezLKUsAo9K2s8n2YPqx,41580333565371418
tz1gmajxhmKt22CbcsSA7WWXSATgbuVEmzTC,18295510482869975
tz1cfzEz3R8YKMqC2rbKnr2XtpNjZxH6RGdy,10442708812277190
tz1MNGNi6vfbqGdhikvLBGbcz3FncMpuvU6J,210441754629224
tz1hR9eQYNNTZ4VGUeipK4PHtyyDEDmQ9dSf,227757142722738354
tz1RxeY78zE8hNJbqPypB1mTVyTsBRmPuqry,30253528317068772
tz1UnGY1PRznh3CJzSFaW2V9EZdK36AYneHi,1733676729889078284
tz1ecAtwNdrsABBKa7Bvn9ZEq1Ze1EvS9WTW,163396686328542868
tz1SBF19iLiCc8dNpKe1Ym9juSAKaTPyeypF,5887471853471093
tz1X6ADVxP37XjYppBHMLVRJQwmxA2YxztbQ,57668920031521827
tz1T1u1CET7ek19f5P59vCdjTNFWAscYQ5ct,225801745717813299
tz1c6Brwut7ZqXQfkjxDXvyAUL2Mr43p2JZZ,415415972731942
tz1V9qHfFxixcXJKWuEziUqvdrQ7BWpPnWTa,152013908442977243
tz1Lqnwap8kKynTpefqqSH158i667Wdg8HVA,44645618595277550
tz1Kp19QyYUnXuE6cxuXxsfQZbyqv5JtKPku,31152037840074535
tz1cnojsw9qgMbdpgPeCcWPf5GX4YPvd4HAh,758822186132541565
tz1fbJACCskangcgy9xjDSiEYgh7CUmSo9oc,10667241628203853
tz1dKaw4xdNjfufDSLWRxumNBwe2VX4mxXyW,471320933397762297
tz1RJf644pa7QAZqKzrPQGiYQPyubXarC4cv,8234358715782850
tz1PTR7wFs8pTFarkpsZ7zrtVBJhusyNRRM5,28490692825136056
tz1awQgCgLpgnkxRvbnKemRws9uqp6WASwRD,380841718382765
tz1PaJwmmL2nrRt5K6HvwFEc6fUfxNe6Dyp5,20256900351755169
tz1YSwscBZCf26kSPvqsnUdhnS4XQD6mAjcz,215811185326002149
tz1iCiA1vKmgfZbY533ZgMwFKZ14S1DQNooQ,19912341589910793
tz1hNGWJUFPFV7AWLXvxGzJVEfCZ8KJ77PJA,21783228893838960
tz1MqSihmFMUS3qAmWPhdQWhzrhJJSBMaVCB,1483610473237143
tz1NPu5aFQ12P3KGhBGgt7G79SAgVj2Skkn1,68515603189773467
tz1Qm3DHkV7V6peZPyWe4rv6aToH3nRmWEH7,3725210955805582
tz1KsiwkQ9pyrt4Ra7QrAQp5LQJCGxHQrY1n,54639083623854805
tz1dz7eYRd5uV2DndcPWFeEHYGgw4bJZoCBN,94119185965041076
tz1eKTUc8X17nVmtVRtxBcs3hwUPXWuqP2AS,87905855626897089
tz1hXx6tvTV3kzxpBR6E4hDYcxdgcRGHUTFj,4370435275310685
tz1fkZtnjNfQHtEyUpyX9Tqq4RrLKx35qBxf,38599422603568208
tz1chg2T1s4DTjLqthPc49HDcqkFHMwdSPwb,136184037628404318
tz1Uzm53vPr2Giyi32yT9GUvBErKqHPBjvQL,76385010272210591
tz1aR3nrJgUyU5B623U9s1MtMsMjA5Wz5c3G,172173808049256764
tz1YaPLZuVmZaKB69BjJXKUDgNaZrxBR4Lfn,6667823556714858
tz1WNk2o2hJvzjuZRNmZQwjLQuv24wDv1zjU,713523753651035345
tz1br5Mvr9VMEb1sb7HDtxpCxKVbZ5XnDqJi,30105635648676382
tz1PMB2EKqwkD2NDuf9tvdqhEjhBy3pBGQKX,30093675288240981
tz1QmBcwm7RH6swEYNpsZZfAWCCFaW6wugVT,543240985049964338
tz1LxqBcvRbZhp34C2ab62CMy49wFbsQSzD7,6447340328389895
tz1S5RkjdXMREayGWMawArqqpyMqGRjohJJr,54623027562867906
tz1bZ8vsMAXmaWEV7FRnyhcuUs2fYMaQ6Hkk,9208305651154099
tz2Kmi3xEnXk8c7zqWSQqSSyfNpWt6ovG38D,160632122032548114
tz1LgePVXLZYNhHoRQ6KgHfQjQ1uq7JJPZDa,122035673996800077
tz1gk77xzDAG3sif9eFvsqUnzaGh4MrzaCp3,38793449864981859
tz1cWUkZFBZ72Yn9desxcgS9KdH4BVfqd2ZW,129318024615101847
tz1a3LNYNZTNN2SLMjWSUc5jtLWFvZ1kC7BR,299556231067866122
tz1MiKQQw6u5CWaBZHtn7Xmbr6f7fCQZyZKa,626077011650518
tz1SGPStfd9v5upQUxRiHPC9666X4FpVAmK4,883084575094003
tz1iF629Cc91SJkmQRAWAm6nYavf7RgpAqZh,137965221887759834
tz1hJso9uzj2UFHr4rGA2o6s41UK8NLnGpUd,20229752655867136
tz1WHGwmdEr4iruf4v9r6bdHgzC5v8SKYTkV,8750865404847267
tz1Uza3jMhipiQMtmeEidizjbSqnqZMQyRv7,1718326332197245
tz1YqsEWdPxBmqVKsJircrwBmCmZDtHAgHzp,201715051625915183
tz1ZLMaECyswARea2bTsBws9eMjgUm4jG8Uj,445470179924431061
tz1hKW9ZbV7U1hb1zPfrE6HG5UWsKt6eppMa,349220354174156696
tz2H21wDMLHDJ4jcJwPr8cmhFatSv276Jama,65631199571008564
tz1NySiq6aHysD6Rpu4bYhFaVe3ASya2qB8D,286980658284653505
tz1Rb321A5bMKjQdczUs7TyJBeXjfCtB4mYd,783342487663818384
tz1USU2xSWb7CBYGJYat2X7An9sr3cFfsLwi,19153829093659464
tz1aoYg1xYeEdnLrAJ7y2r1T3aMBCyms6ppJ,153498833896853230
tz1Z5RUwr1F7BZiHjeHkPSpWBwb1EgwiqXk8,14524317878191510
tz1WxCJ3UpzyWsXmmkE1YjYzbBv6jXYkbFYV,8992619150536550
tz1Y9QxwVevgnxVtG56YS6s53W6MBKVdCPCB,67692104406461411
tz1fq3tMpnnsZ944DVxcJqsVNGsWTPvqJzvo,92411830580416277
tz1PrecMTmNArbdvQxtZLUVUBT8rcC86dKZC,8512848274348889
tz1Ty6Hq9GpzxmMs5Sv1VQ7cP2U4KuSCAN3K,22666624136354361
tz1gV6MqrjtV5MtVaATuemVsXDQZJgiaFiaU,32474750151852080
tz1Q1LWn8wCK77L4xetjbH3Ar7sDaSANezZx,6758809024949273
tz1dugdoeZULYPA9phfkpofrP95rFqhZNXeR,1938629227668401
tz1UecmgMghaWovhh9EYfqTrK9gTtaiMtbzs,2247435311030510
tz1gGwXf6Ggkv9T4jGmp58jUMU2Gh2vYjDyH,13950295978628588
tz1QjPnpmqAJYSfDtDM7uTf5bkZDNY7eBECd,48016336448296579
tz1aVZZd883FwyEx5g2o3TgQ7pwEYi2f6apg,8315774235109784
tz2MzvuRU1GEKi9udpqzLpGYfDoZTiKZ3C4C,134488314952770604
tz1SEox4m6JwzUjLL2daQMKU7XDrvsEukR7X,27757361046036694
tz1XJqUrY2okTwoJFgHFJKQV98tsn2oC6Twj,11949552113390779
tz1VqXA6L6hPEFjvsgWv7Viw4xQn5GyNszzy,1285348330057346270
tz1Wf1Lqz1yHm27P2RQJAVV2CMxnhYK4bBGc,57624223182583007
tz1f6qSGVtbzq9kMbuefmSX62cRJgPUKo54w,294550382665297
tz1iuQgH6htUbmdLALotF4HHbbKxjN7MkGd8,5839966815825096
tz1cTS1WwovU7SC783xgJxZrzr151mcshmNi,113610267501855792
tz1f4Z9FJfgStP7v6Rj7BMJnWJ9Mb1NdAGsS,205544068855625
tz1ersiy3MYVu89DFXvW7Qb8AM6LYptSsoT7,58244332935303598
tz1UFF5DSDDtk3fM1ewaLvVG6fhaAeCdgYEt,7372807952051888
tz1dcpUhXGeXexEXispSpfv7CeufoFnV7AAf,357096209395693636
tz1RKRhkvC7MQgKfPejvNaHGshWUDsyJKZdT,172646695695657704
tz1ibTknNagJCgQPgcbPvJhpSyS5vxgdyFt4,58936723711463234
tz1SHzbhYsbX6Uk51hJC4JkjgWM1gWaSwBqQ,11633152781220671
tz1LGkz6e1mTymuFyHBVFQZsHEtHepCYYgXD,287143466191154331
tz1NW1MMFL3jytxBjhx1qATMJyY47vLBMa4p,469596782523495681
tz1QRm2TJKnarZ9tbL5CNjN4Ltq9pJtytuk7,196089241749789
tz1WJpBDRGfa21un4yQDKTGXZw561nsGg7Qe,5836570648046028
tz1UXAsfFeufr6p2PafNr2oXNrTDSdtwwdgm,4666412006903067
tz1dpa4iDvAySDpgrcDCQky5Qk4kzLxHm8gf,44715777656487726
tz1YPUNi7KW28VxZNEu3fNkRkJG55G9p7wsN,3859557454129029
tz1YpusrSty7ULz7w9sM814trSRmM1aNbmZd,129356725369919324
tz1cuj9Cgi19KMRi83UuypS89kXM435qdhmy,566104522693356
tz1N5jTEgaMoMWi1i5bU69wRCNrLvLL9iYpY,11345684405388343
tz1htwxBMBFikeP8SnQiEQyA9n1ryDrDFyLK,2893903404098700
tz1XTyukKgkqq9P83UkV15np7EtSSEy4kAeY,2960819791008477
tz1WMFtCLLeRiayH19ZiaErKq4Zu9p5N73Sr,17777597335005
tz1RFUjzPENm3vF7quaxfELQCfNTCSjAsFdA,28390511883904345
tz1UvkN6NDmGtkBB84svr5MRWsqQxMmM5chq,1465614794740987
tz1YjsPAFc2RmuKa784bkeQhdVLzbnRVtB7c,14869947904679933
tz1cLd3gXJ9Fk5c648hRzFvTnGfT97CxcHrj,27856022799929521
tz1Te5JR7gzDBwtZLKPWSPuTGFE4JX21vVur,3654162938253208
tz1YDRhXyq5ZHMoHXJX67rHSrUFTqhYjFo86,14571940453764090
tz1NGDuYTuuB1geX1K5b88cqa8JinFLdd3d5,18686901553278372
tz1gqVB5kR6VTTDZc5BU5cdADzxJhot3JoQq,480139495859
tz1XykUaKpskyp7hDEZjmuNTk4gFU58a46KC,1621372324787530677
tz1dghYwdzvHc3tYHp8iHpNUSpmAvvs8Zjs8,10937908311359514
tz1RwqsGoUqGfTegy7fnWg5b1ArKevJSudE8,2763394010645881
tz1PuipWs33aqS2KSG5k1qQtC6Dff1P1GBmM,520657815072842
tz1ZNxMa8XsMa8JTv776X9iCETcNoo4SY629,3585270782718796396
tz1iAAJhH465Cf3BnsKQ744XHypQGY1v7Ps9,8257165487519
tz1a5QW18ULwjJK71LSc7UqNGgryrFouHzf1,138966668662490251
tz1Z1ZX2B98nEAvEnLXJBCnsJ6K1GqaSp9jK,9690573825686090
tz1enT2GWv7U8jyPmmoVb228u8hvi6hJh5FF,965497545477245
tz1RyhUycXcivQ3jzF7ZpFZNcoLcgmXqcrSz,108688189703545257
tz1gVon2mQhvutR49Yd5XK6k4ypwWfFjMZtz,7461375068264
tz2HSz8b961xoDjDLy3aFGogvW4HEqXXdcR6,86925727487025515
tz1eSGjgq2NmLWnaQFQxafXK8ZQF5V7Sz72y,161727638899221518
tz2EP3fw5CbUUgJdx4c3Xono8Gbc8PLXGRM9,452370497668928522
tz1e5b7RDRhmUWsiXur9MhyRBBTpCoNeUuwa,201909295767086
tz1VCogGe8xeRgQCLrVhPbwo6mBSQxAXep65,16247248446842243
tz1LFFspqhK9KRQNvS1ahZ1RcpQ2PNeM8TxA,32213923940804
tz1ZhteLTqobRVCYsPj44oFfom5BJ2SdGxeE,20379242596338862
tz1aRF3qMDrbN95f8dGYTKPaey6J2qQQnk8j,1885178581561703657
tz2ALu8Jxf2SMgzSZaZEwfiJQbogpUDPStwz,289272559378610848
tz1gLNb49fErXUiYdreLAAV6twp4v3Lm8V4H,43511690723433021
tz1fCHiWZ3ReGqvhxkMejVzcnXYz1rnsJpow,924237414166325
tz1Mdpj1npkpaxPHF2wFN6oX8SovVPfHyXSy,2795251127653627
tz1PXJVTDRHBcjJGpD4h6PzDovisMJuc8zVc,107596690598872817
tz1L1i5BVehYJBebCGvPYU9kZYGKBELGUJGH,126204375899917606
tz1TR56EbNTEEDeRrsPzQzoyvwFgZT25q3JR,9200982418199022
tz1XbQgDFCaT228TPS2YUeHHfpVqGW7ANCDw,546456162645664074
tz1cJPtF6fU9DQFVhTifFCPxDNjKiCm5TKHB,8323673418326024
tz1S1Aew75hMrPUymqenKfHo8FspppXKpW7h,1376355311591164
tz1ip7fCgktJzFWxnoDdNBjpF4ZCWw9qfScc,1167482955319488454
tz1Wb4LakUUYuFuuEgXXQrNZuBD49Trodhwx,10212204634780811
tz1WzQh4yDUuTpZBDdRwMrnkV9bs1upnSANF,26093428241993
tz1RAfKUFBX6P2jFkCpzLFntju7djjbtKAKr,392168564692563805
tz1MiQ6euA3EEdnZxJ6EPwVsHzd6vQ7AHJmU,19269239530432111
tz1UFwr89hcJvC4sNCYK7zSLcaD4JW2KkNYD,106252307466535178
tz1Rm5QmNUnQetDKSVW8srM29hjPRiQCgqJx,152637096048102
tz1TiJBTfVoXxregtdgCs1rYd55APXSAmniz,21576856585349995
tz1UNdZnQnfmxaG5Uh2v5TsoYFPox7pyQkZ4,118104592724524
tz1ZPSGxrrPPfrmoGJgpXDArNJfNNy3qGvE4,8681692891933623
tz1ZU7vwEU4aoKard1acgnpGi8fFc4VkKzbP,1398725436808606
tz1iQ5n52oSKgdtdYtqEJgKmQYbL1nn2poB8,233321762291857008
tz1gueZ7eL2KnvxqWudHjoTH3ZPiUCmwNKR6,28723927302575219
tz1QxepCwQ45EwtcxkgXZezHbnidvK7hUywy,155512858518246423
tz1TVZgy4rejPUkEF3bsxLGNCp6H4gz4PaGf,4462972230543939
tz1WT27PugwGBtre1hsj6BHmbAK2qQsVbRDo,24148845108866372
tz1fL2TsQR271w84MXx3qFD7y4PZ1F2mpHFA,65897805075834788
tz1KhU89QWZuuhhnDD1paFp1jYMdpJLh55im,54592671491489578
tz1QQyhTMAmNQPcSGkM7GfDva8hmuFPAxUMB,192333176429440722
tz1htnC2n5n27PFD41q5X8bDvDcjbGMUS3f5,585275947425630787
tz1PoickddNEkRN6qp4K41u4KUW43vZ1UDvF,312434427459612074
tz1b9qYttBxHzoEseqabgvQiCxafZzkAtH9G,86964256871959805
tz1MQotPcNdc9R3nWCTwXLMDqKLS46WqW7Wx,87476673664456506
tz1a89Pvs553YqhJdCfDdQrRuQeykHMvVSRX,2014627377983889
tz1favSqpvTLtedjTm1UjuEmKfgm4o9kyLd1,52302473642237635
tz1XYuybht7U1RVsUip7H7S31fBDxpUgpTXP,14095161389227
tz1WHUWCMqVqq5AagGN5DrytqWz88tYgedUr,1054667272303996
tz1YJvMiZyXnzvV9pxtAiuCFvaG7XoBZhbUQ,48867535463873162
tz1TmSForCvNii8rmwL6q2jgicQfqjNFtj8K,98411092065117240
tz1RSYHrs9rpGHn2CcgKGGUQL4RvMqXxtLdA,21413916049494714
tz1Su8UYhcLvUPYABx7kYsWRVibZdiZPnmh3,1738401682877342497
tz1eoqCSmqPQtTLs53Rj6gBB14eQh2aHWVxu,22099557905343975
tz1XhZUHsJAFp4FHoeeQQ7auVBk5j6xoUKbS,2663779962291195
tz1Pwh2MBs6q2SeLHiko3iJpfMwsDV46bqQU,498403834733635111
tz1ZWbokP5pGwT3tTtLPP2KhXX5ssg1EtDPs,729328622093535
tz1hLWsybqnJtQRFp8skYy5aZLGNmL9bMUpa,49677778703207064
tz1PuYitvGfsBm7C3oYAXqNc3t5wNhWZj5Dh,47193980130938769
tz1NsE7vEgP3M9bDdkNGF4rCaTUENp5h56ZU,282517774678217
tz1eRrQnioaBfZkWnXxYth5ZHYJqr48E854Q,115578399287874322
tz1dbCAvra65bwTVk5mgkYUHUGz3hoKwovZ8,22149850710073547
tz1T5NfkdPfhkXzYx8akPkdznxSgU1Uf5jEG,39792396666551186
tz1PYqfNnkpZydtSY2Tn3Rv8mjkgUpHJpFXC,110554053406585054
tz1WidyAU8wuyG25Pd7b93bcx9hMu7W9Pea8,106448551790425331
tz1VRQHQLw8Yq8tjxYLuybyHfhdqZpj3yXMw,33758878993092
tz2CCSPbBJLu3mrEWzP4RJn9jNMz6JDboRCJ,155698826978647
tz2Mz3ovkZR2HyC89CHHSdsrPya1mKSmLWfD,7657797337123128
tz1ae2d1BJt7YUqaaec6Xenh3mBqS7VjSZtK,10347662825231065
tz1MA5sPsCo8ySkTpMbyAEbKf5v4WwBr6XLg,20251726212787597
tz1g1vr7gbU7kwxVqmbmnovTGtdeRxFE6uBk,18169405660251412
tz1L1XwcVmD2z4qPfLtBJ6RPThgAwLcXG6kW,1153026209826268
tz1VeyZaPimHfrJFy8WwsCYzxHR3VmGTMpgK,11238020837189413
tz1epFVHmqeWvvkFf2eskwhQ1AY3JwWd7Ej6,22572930209196914
tz1QRcnskFh7eaV7QdEnjoYdDfrDqHgmmrvF,58618552844343520
tz1XybkRZWjLx3hwcy1hQ7PT6FWEhpHm1FBv,809187345513704
tz1XcuwadWbLKkc4mDVxRo25dbtwfEa7wf2c,40365311001279392
tz1MkNbJTzf6uADvfSJKJvArvRoVvjk3tZz4,7965364295584920
tz1hvRvzke27MGtp8CsSvsafxyyMWSVYM1ut,3706183273215528
tz1a7MJ4HMNbWDhKZAqrvzX5P6u2E2mJyJiV,77903703993508792
tz1citPWufjty33AZ9KwZDztqrTzdNjfQU7P,455009842236532038
tz1WntXgznbivRjyhE7Y5jEzoebAhMPB2iJa,33007550714753182
tz1b58mxvQAc98hbXjcrgjf5xnSwYXzi5gX6,26389389169974051
tz1WeLuPLjUs53Yr1RCgq4EQ4d5SvV651Tqt,2664651335273161727
tz1Wo716Gggp5HfupfxtPgmYu23rDQNcLcD8,71820081739687272
tz1imyQrFWHyTp4avUNAw52RxdFjU3HPviRN,7147955708429617
tz1isKR8pS4pdgU934K1S4UpLsF56ECJNArh,25967125606707640
tz1ZVoeS9T3H451BgjTe18pM1q1LPd2cgB6Z,1144263264465240
tz1Kx4ydaiJHThd2nTgXR25JPTZtKyLG9KC1,13535514279789069
tz1eL4fYCgegW8tLCbQ1mYiKY3TdDxWnnKo8,34524333710778584
tz1Rhg2UDkjgLhemdSMtiGVGRmzwVLVaHArD,5965729829843530
tz1dPHDXSCFo8PienbvDMyCKr5DXjPMrZkJ1,31404861073594860
tz1a7by2HMBv9QA8WT3t5fhu3E4XPofzcukg,4907111275067756
tz1eFe7ufhpTuqh3LHB7zYLuFgB1rFCPXnzN,16134321638156473
tz1fkkxXSMtSQew8F78XdsnaC26AfsXtsGiY,7403698587290490
tz1ZuiTWKXKqYfzFPaSaAG3Huf9QM1AdZ1pJ,16753423951319317
tz1RsCndtupuxe2U3syGAdcRBzpNqJZ9ANNc,561449201643875102
tz1MrZQhiNiHK14oEq595DLsVQ9wC4Nv2ZXW,12568869753102787
tz1LJQ6MPnjGekNAmhFmkm8XWtM6UGx4MyF4,127617509944867440
tz1cGtKd7EeDGW1v3d6B5tuiy81LfzMp1FfU,6707751583793707
tz1hmxzW7MuU8HeRoCFPGZJnavGf5unqgaph,76209110189228989
tz1Z6QqrAbEAMDLsis3v6b956sfH6qLTSEex,7209968518870616
tz1NnBgY2ze24nQDpdY72wb1GVsee1UfAT3d,2754883708812180
tz1dAW94vB3yYfNPE4LM2txBT8PQ21Zq4Xzf,2921092895939419
tz1eeR22tmjPN3rGDikEMvpe8jcdXww3dqTt,20532118414368800
tz1MsfyCeQEt7khed67HHsAidezZ1Th6mjzB,7117356057753887
tz1WBMWCwjuFSsiiLUWKEQHEACNEat2S3EsD,68193285897501742
tz2SuPjN8dYMJQe548bTvSPL1fdStZPXv7gT,1079865817501310428
tz1N33TtiYBQ67sw32rhCsMSVpZkrSHWe9aq,318688075670835583
tz1QMjzbw5Yoi2zPqUeg2yuv5GZdmXjhh9mr,20136764514398889
tz1ZutSZgCHEzxspXyoSYSREhwHh5g4PM8hN,19525802824703649
tz1dDw2YD657qFqQq5tCtbkLxrgnEAECm2Fj,29952128418142424
tz1NrRkB19Su8iBGVTz1cXbG3oCw29GSmasw,31936092678466736
tz1NJS9T6FKTnKUkVNv2g44GHTAhzH77qiYw,40629389102501080
tz1URL5HNuTa1fHqqCtUKXUM3hm6g9c88NgF,63142809022215
tz1YPBTsfVCgRSzri3cUfNzBRbQ84G5RQ6DF,74298554136576873
tz1VLGEhMhsb2HDhUaa2oeHQ8qM7Y7s72d3s,168916525985109952
tz2M9C5x1KoZGoQ9xEY6fQ6Xwbe2GU1RTzRx,13732765552127919
tz1RCQDHtpdcwfgF1Kbbyusd6xhfjbXanhZ5,26093421894879955
tz1c8JTzmA6c7cm6ZmUwR7WES6akdiMa1kwt,30791321659776592
tz1XRTNgXgWmR4PqxZpiB6HZJ8Siz3M2JAim,9209735936312828
tz1LxL9L2SmaFYw7XhyATaRAiLWCgxKmycBC,89321882583667734
tz1imbraxLCQ9TUpnJVP31LS18hpTqG5wv1k,21591138208086910
tz1iDuz9LvybPBC4kDc7ceBoKVDwwzJR7zKb,588633409026336643
tz1eJiCVNV3YVn2im3wzJZQLj4TdFJ5KabzE,38935391557706534
tz2HYjnnRbzPpUGMUYGKVXDnsfSKKqH3aCVT,257876796419090248
tz1eiyML8sHGBL139FwJQJeLGHWAFtDqPz4U,1893491792711330
tz1YQDCB6Hbn2ozMyS2kf6WPJDeRvJtmtNqQ,8176685151797294
tz1eeNRXYK56vgSfXHFcXorubcaBBCVpUY1Y,530400037272153
tz1TQw8erN1a2LpfRSNMExicRXMveBPbvTKE,10522727332880
tz1gaRjULm9qy4D83VCvb4ABWLKpz4XXfqjx,9024006167778521
tz1hAZNx3LrRKFgfRytoLNVGhCrzU1uVDUHS,29733026713804806
tz2HGysnSAQAetSyFYCa7SoH6XXVwbVqMHnM,40649025474840635
tz1W28xB2eAvRGCXmVduC63Gx6gGDp87zqbB,78916902506730212
tz1gJaXdi7Gweq8TUSy9knB2wLjioTKy2tZF,85490404726922756
tz1PoXtd7RGVBwWmmZvxX18NQXYpbNdiwwtE,50861504470209268
tz1RLCvv7wrWq4hTmyKk1zZuZeuUXNViSgRD,248512375847993077
tz1fXXFNod2gQDT2Vf9ibBortMmsKKorUv7Q,2637875974850614
tz1QFk2DJhPkzp2nCN7Thpo4askJjQ3Zw6BU,21208809377997099
tz1bRDYJHp3ACUojEeM6Ja442YEwNmcb7ph9,15321459580308379
tz1MDs7ym4sp2FsQhL32vuAnEqG3ARhM9Vi4,6029105193482178
tz1Xy5UM1tC3CFcbPBVq5PjufaxcLjMwfQkE,520030340928364
tz1RAKBnmd1X43pkkGqywYCRgf1Uo6D77zMx,519167934540413
tz1ezWyS2cFiqrNyiSVz5VKEKnmDN9Ah1zSR,42010091184226662
tz1KgzP46kFAohMo8NHXkFU7STZDkAv8LVYq,3883495814251204
tz1cXwKRD6AMy5nhqEVUU23SBxcAMnh2aKLn,5717245958547776
tz1WNQE7B2s8woZp1d5U4SeRKHmssN7TvsDi,22646251585993655
tz1imrUNR1R52GxhP4y6XQCDDXtQs11GarTN,369701622698978
tz1c19XDWSTDVAZJXdxdGAPuGpoemUnGtXYb,7925616139391
tz1chab75LnyqBqNwrK11459SGCFQXLg9uyx,718188096947608
tz1USfPTFciXzVsQL7Rk8HmMWyWtFEas7fh3,18029159685804441
tz1btYY98CWBVCGEikD7s1buWjpicb9kG8aH,364211346610515
tz1fj962xSPKTA57yWHA43VeVzo8KqdpNAeF,866698794908266
tz1ioU6W4otB7ebgRZTq1EVVra3vMyXqeqsm,4545641520628100
tz1N8oU57qMgDRr6N9pSbhaiWRRQSxJRPGoZ,808062832569687
tz1fCEeLBcuSMSittqTnMEhcFdPCtD1HsiZc,1763492514800755
tz1WsKkY3TLDvqTuK97Xu4zuVoTb2nsr7J8S,3006781797718841
tz1dAekzaZ2VrjvuNxoaTZ4dY9XjgrjBvBro,27013668767289796
tz2DsS3zeg4pqoUnRPHxvuRSuQrjDnTZcTNJ,148000355731711
tz1gSGxwMrToBdzLeaxg4Bregv6W2oEbNLC8,143830629733050963
tz1dWwKG6Z9unqwonQUWV65gkz2YhABiwF1R,19565684355106549
tz1X8AQxtn4KzBwMZ6MZUVFDcACrfnyfYhDg,6464336900004
tz1KxARuCbAoiGGesnQjr2pvZa7CzJR7V9D7,10857591056637858
tz1LGVwoTMUhi76Jc8TeaNUQhanfeLLNF4xm,8519038229369440
tz1QS7N8HnRBG2RNh3Kjty58XFXuLFVdnKGY,879206939852609164
tz1RAP1j8SjwT587jyccTNArBFhC9HhGKfHq,1873651123285597
tz1QiZCuJMuVz3aq7j1Bq2v3BRTQPCdTw3Fb,28495743021704177
tz1L8hBVpams2fWFC9kS1sPVxfGY6Hmg5TQ8,4050078813940523
tz1TQSPkLPqXUREhxvYzPbAib6Jz35w2a6tw,8250829866019885
tz1XD1xSVzgY8Qs1id1kNyFJDbv9e9pNMe2c,7050764557411886
tz1Tk1MJDZ96bK85RLAqtKfnptZZyXsJ2jaq,18424722045163454
tz1avT6pCusXgxhnffuJzk49Vq5QppLVegHB,6317785251225022
tz1RKg4C5yKTzm28Qj9gKmfUozCDrctDpx4G,8412440765571292
tz1Kw5M75chWdw3HUBMg2bsp164TrVXRsGJR,5903284744697530
tz1XAFvpynqgRBizrYs12fBt563NSHm9FWve,4908114792332824
tz1hes6aF3Px3D8nPQx27fdwBKrXmGs1UYxT,6991889343647272
tz1c1BG1PEeuhMFwmonTVSGafehicqbBJFec,1164113588876998
tz1UZ78ecNwH3T583wmY6nUrjpyrXP7do4hL,7415018038428193
tz1bF5LgAwDooVGC1cT6eSnsvmPt7WaByJD5,2207124901085468
tz1e826sMLNdz1CQLzthLDBJCFsinxqGDzv2,4801273881269596
tz1WtkHVMtif3DXVCZ9pUCqWcBsmqgFjgdkk,602628874029431
tz1ivMszr6h94yTACLXjJzK3tuvRoDHqfpwN,533328694522847
tz1THwbFPPPBHmBu4cmLV2SppLFrA5QfBhyF,4554246345733511
tz1U1aA8tyN6QByoYLhSvNu3krJPLYqnkRVa,6494783016661349
tz1QSwx2wnmrTjEGrid79c4tpFMxjCT86SAy,10685798654679197
tz1RcJYTsoYQ7adtNMANhwd8qf4zApM4i2Yd,5458280916355144
tz1cvrgSekgCqgyc1c2qFPSeMtux6AAAfDsk,123277512953475
tz1a1ZcbAeBEjxYSwuNKxSu6FbFB4dxdL3m9,152185551198094
tz1NZnfrNgCGdECyAhA93TLPTSciJcZBJqDY,8058237633648669
tz1UGuKv6PzgVbofb42VgeRwDwsVN47UpuZB,19885445876755517
tz1eCzNtidHvVgeRzQ38C81FPcYnxMsCEL6Z,116417488919381584
tz1N3nvFqipu91tfU9s4GXGsopawpwxSoAJh,950406786007535
tz1LFeLTRQZrgKxbmvjz2ckViRhVw9BZXw7t,225185810765862407
tz1XuzzMTz1LhqbRPy9uxfRkccSxju3v8Y4j,10398336340466913
tz1MoiwNRQWHfA71aypNk8J9CsKjfmq39c2F,40039495302245863
tz1hhphPmGxL6HEmEjoVSJBy82FMWbFwzNCD,213401977583710
tz1YHLm7Lq27q3rgVXLY424zQMkvncVvNiaK,1097126772827856
tz1fKtBhuuZiMYhM3Pi1hcP2sjRbstgDrmqX,316372623832757
tz1aoz4qrvkwo1ezDQaNCFZb5kg5tAvC25xR,2223076185282512
tz1XEA7cp83PyiXfSxWu3uHjA3EF6Gdh3Vhq,977160568220314
tz1UXMLCt7dqbUiJ2BHRhE1gFkdVkmCZYcM9,306208807678453
tz1iKF8o1hCLaTNZcCJpgKQBQxkpcSiBy5V6,11504599835671669
tz1c2iwyckUCcicx2qxqtwLEartYFEHg1pvB,5177265106617808
tz1YQs3qHgQGGQm14vX8vMDWwzY1DFXHCzJB,5328935909455347
tz1PQDUDph7dDCn8pLGXqaR79DiUWLiSZdEf,27392391297150763
tz1XYkHggnKNoYbm965gwKattMWK6bomgVSX,3986640997481049
tz1fUZ5pMP1gUjuJsp5V631cXmA87Kxm3cuZ,31617346313167019
tz1KiUXfWuF65Ck5zY4otx8t5pHToY8stYhj,771926334020290
tz1YQXd4LjZfDaKRvSTwBEwgggREFfX95JUc,2734928550700066
tz1hM6Pz2e5vJbd1YYkYHcj5RL7tXhcn59Xr,12743154870471780
tz1NVsmLrZX4jad9bNdvM1EskvcTq2LSZhLx,15906923273903437
tz1cBNfPUb3Gi6oezs6fpXtki8EzSwjnoNGS,25441776010558875
tz1h1ybLPkwDH85opBrU6hge8wSsRQBnAghf,244811689511079170
tz1PKoh9LB2P3pgh5ahaAFnrC2QBmUxcHDJU,1893093832752591
tz1cqoo91JCc6sKmNuTVKNzwUdi6E6moHWFb,7684864148104844
tz2HdbFWnzRZ7B9fM2xZCYdZv8rM5frGKDCo,5757810025656517
tz1ZGNErBKdYeEPjZuqKXhyTixQTTPn54bx3,1127199086215848
tz1iUyniY5PPWrzE53cs6jBwNKUun4btzMcW,48061402967237719
tz1gi68wGST7UtzkNpnnc354mpqCcVNQVcSw,4708929568193037
tz1XoiGxnmjnkaKcNyG4rrHNNEoh1u5VidxY,11132331393274120
tz1QVUXNoyCfKpAyxDpq8kR3rK2AShuzQxJ5,18258569097852947
tz2HZ2yRFd9F3uLcKnLukEXhuUz3HqhZf8mA,118751617781318312
tz1UVTMhbMiSETKCxFi413yZ7imF1xeyt3fV,5188997883433904
tz1XisBzUGgCmvC7pNS6hxvQ5hMvXUTd1p7D,12928110156042297
tz1S5TbsJCWmCyRh3ghJ2rWwQHHbcvoh1uYV,50221005756846867
tz1UAYfFWmaTrQTYMptaGCw6LrXK5Yv84VnQ,23272554956979090
tz1XgakycyAAuhtzXcbb3Eh57ZQ8cBBHT8YG,2557633154329608
tz1hLhGe26gqt78sZboxiwne6zgKMqirRieW,6078176874031483
tz1YfiydbiaKMGPuavawX4rQtXdn9wgpdDKS,2492289378770221
tz1RYTr2WKdJD1MMV51kN9AoxPnxZJgJ5sqU,250382080231623
tz1R6mtcAQwBTK9YpSqRL9y2a6JZWgDkBm6M,24793873241533345
tz1Sv2XMQNxcAqyqyyv42FHjf3EGwJ3Godj1,25036621748585120
tz1NCsGajb5YgZdhdviKrfisN3VteMasnzQi,1214300439839720
tz1Vh4cX8VutUUUnnjmnY2omSV4F26T5orLH,26234053751187679
tz1hgSYGDwHFqC5AwW3P7vYfXfdwwsx4ALAN,9808948024320
tz1QGCWjNpYmcS6T9qFGYSam25e36WeFUCK4,2210676625642609
tz1URdfSGhAfbtpEkjWBmpTt3pyLmxdHdPYy,653626590971407
tz1LApX9pPhcDUDznHR5TTCcSXh3m6zPgFHA,970067089796800
tz1hUY7paB2J5EhD73r4oWL6uZubf1UibHrk,2854196498999304
tz1MgDFQvyV8Vfc48HgeqMbCD2Po7nhoWDeL,47056138895052
tz1PWZTKd1zhfuxrixGJoHJ6G17SQiypwe5m,16583748237957
tz1V1Hu7nMcgVuMKDEZickAKHHZavLKTB7Vh,6087932690688
tz1NKHjwrYfg7GWwbWZ3bvdejkVL34De72Pz,9091274268233
tz1RaZeHEiKewSd14gZ7HKfcQ3HaNHJ5tnV6,18943515037406082
tz1aiLrqvULcV2Kfvzt9dUmqnLQnoNXPPek8,1773166700973891
tz1M2h2hPZzov29kf7xcHXrunXb2jFSbfiNd,892199607783645
tz1MToDUySbYhPabULUyDPPsfDQF1cpZPdoH,81701347478115
