Address,Amount
tz1NRbpmTuPEFCCYCqCr7i3hkMRDRhBFgmxz,18497619509846
tz1SBxNvpDFC4bjW23CtQfVLqN5cBATVf68B,72668986878142
tz1Rgo7URug42QnhBM6eLy4MWdfwn4RovHy6,12388947194513191
tz1V3fPD3AKPNwZf42PKGzFaWU3vZ83Gjvfq,2601471098125
tz1YTQ3Lys25j8FhZQY61eoYErYUteSao3ez,39075482696831
tz1R3bKH1seset2h49p4vrZJCEL8voJgSK2G,724112667900
tz1bdRJkGkNQ7homh4PTnkVM7xzVWhuC4EMm,2008224723712632
tz1Z2Ne4ZHxNPuCJeCcoykHVXTqhVdLMD9gV,3715516823393257
tz1Qji1NnEPj4Cxa9s2WEoWi9U9KM6a9gdDL,629896100084457
tz1cmanHzitf3UgWgECzLpGUKpzEfmGZaFsw,313005508997593
tz1RartAmPJhFsL9oAhZndSL2G7KCsaQqqkf,16105236828535918
tz1YrfZhjFnhgERznXtYee6c29n3PBeam8A9,36826911906
tz1MyqKoe43P4Z8MfHoXVBTrohgcbehp2zLL,1017721226236666
tz1SRcMg9GRXi7paNeAc3ARn23mS3Z5dXa6S,35854326609377
tz1YjtCLzjw3bqPxJh6MqdVBFrM2zrsA9kyg,18216691577043
tz1hD7VdzRpWG3nmYpCyW2gNc8mQNs3TCgxu,179528977171359
tz1f38MX7YT2Q7MAq3mDdj75GTN7vgqV2TfH,2212629835649
tz1aBDeNFooBEmBXnWDVgLknNMUHMYhHVcRA,2942159976021864
tz1hD5k7QW9ChHCgb2YLthKFirKDYQiNPDJz,102594763443377
tz1cjTb6ijvnPrJBfaTEFphxDovW9xQbkmDK,40305126386
tz1ZL7ekzieKxwngCCyjsCN5qhu1ohwJQEBy,240086008754815
tz1enbGpES1NDr2kTaocDhxvMqtpMy4ruhW6,95686283252370
tz1ehGMhxarDhwppx14PX1Y3eqbZ5W9Bc2Y1,23792010385880
tz1ed4brTwpFg8hFUJSJ4HqnsC7sEjVesMtb,668800351394692
tz1QJE62jTxHis7kZkbDT2zsYZyauNDNzWg7,297568507063165
tz1gWt7kUnJtGXoT5BYzHVa89qGp6QVvQmyp,479581365124711
tz1epR6pJmPaJ8vvzNi6V1T51ccocX1Y4VBb,12169795608697
tz1W19DveaP3mW4WvFtdVdqGsWwBL5q1QDSK,219711929868705
tz1esdEqZC5Nz3HDFseHvpH6SmQJPocxLzA2,122542130911768
tz1ULQQ3S4kFLhhpPsegiMVFmXx2G6ewmbTA,687574938744332
tz2Lqs8WFf2HDG1RoxG3EAtuHjDS27XQANWT,39257981698
tz1LRrXCmELevk5znmVcYD63TChSpYh3vaE6,10755755108315
tz1S8GvdiWQghwPMMzbNvRh66rcfmhEA6vj2,2559354475960214
tz1N9qzry2ko1gwTK6HKWamZZK6FGx3Vr89U,26476004607541
tz1M5swezYMnDaim71PSeb2cPFk49ajrvDV6,67665455126200
tz1QQ4HyGbCZDmQxeVHoLP99KLyfvGvyX21i,3246897098061656
tz1WKygtstVY96oyc6Rmk945dMf33LeihgWT,874001063702426
tz1Rux3pGrp2KpZUBKvg3VQ4edRYVJsapr4z,1853858251109626
tz1LWMmDzH79xyu6JvELrnvWLBBVjZg7TnfN,1768162638926388
tz1esBaTjr9qFQ7FhrDQF7N7bTpNSVTkGbMU,80784497823713
tz1RfSFe1dxP7wh1zSffEnskgqvVVWKNKZG1,5873578564109
tz1czGMShkB8ZtCHKHeCPTY3CpuiCrjsGJBy,62301730
tz1UQ6cQZef4MuskJjV9g8pXNZa5s8ff1oQy,213215207431951
tz1dTmMLY7tan1HKfW5e3KxJcfZput6UuTH6,9591139837076
tz1daKxrqyoFUCcuQj36BeMN9C1Ytmjg5p6n,190882119247494
tz1YZ4VZCRPoiDyGP3U69jCq2S8duDUcRjHP,24592106684243
tz2LYELYe16viwVBaRjZc8GsauKRsxTGPvB1,51451292178973
tz1gN5Ch4VeDZjiM6R1KPMBxPWFxL3HHKZyT,5850464811882
tz2WYko4XXaV4B5mzjguTeRkkgw8LyB2jA2d,79814560087265
tz1NkFRjmkqqcGkAhqe78fdgemDNKXvL7Bod,254214221605540
tz1QkQLtDkqpw8VSymi13A86jh5iaCeMriMJ,1960536333812802
tz1h6J2pn9X3KMghNHZikrh3PtEpgCcRAjHZ,781900337593
tz1VCyNit49HjTmz8SEgeL67x4BLuoTaeYMy,2544677101427688
tz1gACjUSBkWjqWv5ZBMRk6G9Sp8xNAYgwYV,355485277764706
tz1ieVZFcRity1eybQtgUyGg8NLEYWNqKtQe,60971135552384
tz1T5GmdYXDWwbhBrU7RubT7Z2dmz3ZmKwCE,1181200558766756
tz1gmajxhmKt22CbcsSA7WWXSATgbuVEmzTC,6170200779243
tz1cfzEz3R8YKMqC2rbKnr2XtpNjZxH6RGdy,35736261768596
tz1hR9eQYNNTZ4VGUeipK4PHtyyDEDmQ9dSf,780071756107859
tz1RxeY78zE8hNJbqPypB1mTVyTsBRmPuqry,103640526490629
tz1SBF19iLiCc8dNpKe1Ym9juSAKaTPyeypF,558028964863
tz1X6ADVxP37XjYppBHMLVRJQwmxA2YxztbQ,10156953271672
tz1T1u1CET7ek19f5P59vCdjTNFWAscYQ5ct,774161647212923
tz1V9qHfFxixcXJKWuEziUqvdrQ7BWpPnWTa,521284198365380
tz1Lqnwap8kKynTpefqqSH158i667Wdg8HVA,153159316378095
tz1Kp19QyYUnXuE6cxuXxsfQZbyqv5JtKPku,2419909385812
tz1cnojsw9qgMbdpgPeCcWPf5GX4YPvd4HAh,2603959985682925
tz1fbJACCskangcgy9xjDSiEYgh7CUmSo9oc,6578220545094
tz1dKaw4xdNjfufDSLWRxumNBwe2VX4mxXyW,1704774787507897
tz1RJf644pa7QAZqKzrPQGiYQPyubXarC4cv,87543584674
tz1iCiA1vKmgfZbY533ZgMwFKZ14S1DQNooQ,27168409482853
tz1hNGWJUFPFV7AWLXvxGzJVEfCZ8KJ77PJA,74942245872781
tz1NPu5aFQ12P3KGhBGgt7G79SAgVj2Skkn1,227568072378215
tz1Qm3DHkV7V6peZPyWe4rv6aToH3nRmWEH7,31205747211343
tz1KsiwkQ9pyrt4Ra7QrAQp5LQJCGxHQrY1n,147885647787692
tz1eKTUc8X17nVmtVRtxBcs3hwUPXWuqP2AS,1379057559397279
tz1hXx6tvTV3kzxpBR6E4hDYcxdgcRGHUTFj,2392220
tz1fkZtnjNfQHtEyUpyX9Tqq4RrLKx35qBxf,132967015844299
tz1chg2T1s4DTjLqthPc49HDcqkFHMwdSPwb,418718223210003
tz1Uzm53vPr2Giyi32yT9GUvBErKqHPBjvQL,113243793192447
tz1aR3nrJgUyU5B623U9s1MtMsMjA5Wz5c3G,798549018449215
tz1YaPLZuVmZaKB69BjJXKUDgNaZrxBR4Lfn,22252915921076
tz1WNk2o2hJvzjuZRNmZQwjLQuv24wDv1zjU,2255882068144249
tz1QmBcwm7RH6swEYNpsZZfAWCCFaW6wugVT,1877546019543546
tz1LxqBcvRbZhp34C2ab62CMy49wFbsQSzD7,34093546666082
tz1S5RkjdXMREayGWMawArqqpyMqGRjohJJr,82245845261906
tz1bZ8vsMAXmaWEV7FRnyhcuUs2fYMaQ6Hkk,43128307295
tz2Kmi3xEnXk8c7zqWSQqSSyfNpWt6ovG38D,497171395303240
tz1LgePVXLZYNhHoRQ6KgHfQjQ1uq7JJPZDa,29608250979895
tz1gk77xzDAG3sif9eFvsqUnzaGh4MrzaCp3,63658825238494
tz1cWUkZFBZ72Yn9desxcgS9KdH4BVfqd2ZW,447565546937117
tz1a3LNYNZTNN2SLMjWSUc5jtLWFvZ1kC7BR,1182666353347359
tz1SGPStfd9v5upQUxRiHPC9666X4FpVAmK4,936129578960
tz1iF629Cc91SJkmQRAWAm6nYavf7RgpAqZh,367269226054132
tz1WHGwmdEr4iruf4v9r6bdHgzC5v8SKYTkV,49567544684023
tz1YqsEWdPxBmqVKsJircrwBmCmZDtHAgHzp,4051295814820094
tz1ZLMaECyswARea2bTsBws9eMjgUm4jG8Uj,1545509416584067
tz1NySiq6aHysD6Rpu4bYhFaVe3ASya2qB8D,104009566995669
tz1Rb321A5bMKjQdczUs7TyJBeXjfCtB4mYd,935263072561174
tz1USU2xSWb7CBYGJYat2X7An9sr3cFfsLwi,66551777981758
tz1aoYg1xYeEdnLrAJ7y2r1T3aMBCyms6ppJ,633579988739009
tz1WxCJ3UpzyWsXmmkE1YjYzbBv6jXYkbFYV,69667165884034
tz1fq3tMpnnsZ944DVxcJqsVNGsWTPvqJzvo,32655332017354
tz1PrecMTmNArbdvQxtZLUVUBT8rcC86dKZC,805395096209
tz1Q1LWn8wCK77L4xetjbH3Ar7sDaSANezZx,8462611837923
tz1dugdoeZULYPA9phfkpofrP95rFqhZNXeR,153459355480
tz1UecmgMghaWovhh9EYfqTrK9gTtaiMtbzs,1859629179084
tz1gGwXf6Ggkv9T4jGmp58jUMU2Gh2vYjDyH,48894229391215
tz1QjPnpmqAJYSfDtDM7uTf5bkZDNY7eBECd,168806926682732
tz1aVZZd883FwyEx5g2o3TgQ7pwEYi2f6apg,1115748237235
tz2MzvuRU1GEKi9udpqzLpGYfDoZTiKZ3C4C,32797225622022
tz1SEox4m6JwzUjLL2daQMKU7XDrvsEukR7X,1031982912603
tz1XJqUrY2okTwoJFgHFJKQV98tsn2oC6Twj,46898820617762
tz1VqXA6L6hPEFjvsgWv7Viw4xQn5GyNszzy,4539395648360768
tz1Wf1Lqz1yHm27P2RQJAVV2CMxnhYK4bBGc,104158332518429
tz1cTS1WwovU7SC783xgJxZrzr151mcshmNi,197840127142393
tz1f4Z9FJfgStP7v6Rj7BMJnWJ9Mb1NdAGsS,52004783
tz1ersiy3MYVu89DFXvW7Qb8AM6LYptSsoT7,205473906828556
tz1UFF5DSDDtk3fM1ewaLvVG6fhaAeCdgYEt,6411928032161
tz1dcpUhXGeXexEXispSpfv7CeufoFnV7AAf,1261142660717652
tz1RKRhkvC7MQgKfPejvNaHGshWUDsyJKZdT,745720001256814
tz1ibTknNagJCgQPgcbPvJhpSyS5vxgdyFt4,33495941393
tz1SHzbhYsbX6Uk51hJC4JkjgWM1gWaSwBqQ,41374537811835
tz1NW1MMFL3jytxBjhx1qATMJyY47vLBMa4p,6067040247944
tz1QRm2TJKnarZ9tbL5CNjN4Ltq9pJtytuk7,163533610865
tz1WJpBDRGfa21un4yQDKTGXZw561nsGg7Qe,1147433439086
tz1UXAsfFeufr6p2PafNr2oXNrTDSdtwwdgm,16720600040252
tz1YPUNi7KW28VxZNEu3fNkRkJG55G9p7wsN,10740472132284
tz1YpusrSty7ULz7w9sM814trSRmM1aNbmZd,840726293233317
tz1cuj9Cgi19KMRi83UuypS89kXM435qdhmy,2029483243687
tz1htwxBMBFikeP8SnQiEQyA9n1ryDrDFyLK,10400959923863
tz1XTyukKgkqq9P83UkV15np7EtSSEy4kAeY,10653345898800
tz1WMFtCLLeRiayH19ZiaErKq4Zu9p5N73Sr,27771965070
tz1RFUjzPENm3vF7quaxfELQCfNTCSjAsFdA,102537471749579
tz1cLd3gXJ9Fk5c648hRzFvTnGfT97CxcHrj,63365869014534
tz1Te5JR7gzDBwtZLKPWSPuTGFE4JX21vVur,4012273056
tz1NGDuYTuuB1geX1K5b88cqa8JinFLdd3d5,52004984028280
tz1XykUaKpskyp7hDEZjmuNTk4gFU58a46KC,5966324763801624
tz1dghYwdzvHc3tYHp8iHpNUSpmAvvs8Zjs8,1236976999536035
tz1PuipWs33aqS2KSG5k1qQtC6Dff1P1GBmM,14387079504558
tz1ZNxMa8XsMa8JTv776X9iCETcNoo4SY629,19788867667222054
tz1iAAJhH465Cf3BnsKQ744XHypQGY1v7Ps9,53044879
tz1a5QW18ULwjJK71LSc7UqNGgryrFouHzf1,16840817781821
tz1Z1ZX2B98nEAvEnLXJBCnsJ6K1GqaSp9jK,36275868706657
tz1enT2GWv7U8jyPmmoVb228u8hvi6hJh5FF,3619914958588
tz1RyhUycXcivQ3jzF7ZpFZNcoLcgmXqcrSz,84598268707772
tz1gVon2mQhvutR49Yd5XK6k4ypwWfFjMZtz,40771750
tz2HSz8b961xoDjDLy3aFGogvW4HEqXXdcR6,326964650375737
tz1eSGjgq2NmLWnaQFQxafXK8ZQF5V7Sz72y,954389572070029
tz2EP3fw5CbUUgJdx4c3Xono8Gbc8PLXGRM9,78644834395840
tz1VCogGe8xeRgQCLrVhPbwo6mBSQxAXep65,41920253209019
tz1LFFspqhK9KRQNvS1ahZ1RcpQ2PNeM8TxA,98709987411122
tz1ZhteLTqobRVCYsPj44oFfom5BJ2SdGxeE,80336515471849
tz1aRF3qMDrbN95f8dGYTKPaey6J2qQQnk8j,3355489986336805
tz2ALu8Jxf2SMgzSZaZEwfiJQbogpUDPStwz,148841816854236
tz1fCHiWZ3ReGqvhxkMejVzcnXYz1rnsJpow,362956612062399
tz1PXJVTDRHBcjJGpD4h6PzDovisMJuc8zVc,37542984180009
tz1L1i5BVehYJBebCGvPYU9kZYGKBELGUJGH,655722687517744
tz1TR56EbNTEEDeRrsPzQzoyvwFgZT25q3JR,35785003459948
tz1XbQgDFCaT228TPS2YUeHHfpVqGW7ANCDw,19320712207476
tz1S1Aew75hMrPUymqenKfHo8FspppXKpW7h,44204065
tz1Wb4LakUUYuFuuEgXXQrNZuBD49Trodhwx,41099457677447
tz1RAfKUFBX6P2jFkCpzLFntju7djjbtKAKr,1537156723199614
tz1MiQ6euA3EEdnZxJ6EPwVsHzd6vQ7AHJmU,32109194775752
tz1UFwr89hcJvC4sNCYK7zSLcaD4JW2KkNYD,433829101505021
tz1TiJBTfVoXxregtdgCs1rYd55APXSAmniz,71350562
tz1ZPSGxrrPPfrmoGJgpXDArNJfNNy3qGvE4,35850395834862
tz1iQ5n52oSKgdtdYtqEJgKmQYbL1nn2poB8,973583937114368
tz1gueZ7eL2KnvxqWudHjoTH3ZPiUCmwNKR6,120982119186954
tz1QxepCwQ45EwtcxkgXZezHbnidvK7hUywy,656482556932781
tz1TVZgy4rejPUkEF3bsxLGNCp6H4gz4PaGf,11704824437760
tz1WT27PugwGBtre1hsj6BHmbAK2qQsVbRDo,67577799200132
tz1fL2TsQR271w84MXx3qFD7y4PZ1F2mpHFA,174829963740101
tz1KhU89QWZuuhhnDD1paFp1jYMdpJLh55im,241179771801198
tz1QQyhTMAmNQPcSGkM7GfDva8hmuFPAxUMB,1661951388162271
tz1htnC2n5n27PFD41q5X8bDvDcjbGMUS3f5,2639897867916951
tz1PoickddNEkRN6qp4K41u4KUW43vZ1UDvF,788438641634193
tz1b9qYttBxHzoEseqabgvQiCxafZzkAtH9G,743083463043830
tz1MQotPcNdc9R3nWCTwXLMDqKLS46WqW7Wx,411480386116129
tz1a89Pvs553YqhJdCfDdQrRuQeykHMvVSRX,5994924543
tz1favSqpvTLtedjTm1UjuEmKfgm4o9kyLd1,724498487503678
tz1XYuybht7U1RVsUip7H7S31fBDxpUgpTXP,48676477
tz1WHUWCMqVqq5AagGN5DrytqWz88tYgedUr,22905362331976
tz1YJvMiZyXnzvV9pxtAiuCFvaG7XoBZhbUQ,229482843831755
tz1TmSForCvNii8rmwL6q2jgicQfqjNFtj8K,462397318471369
tz1eoqCSmqPQtTLs53Rj6gBB14eQh2aHWVxu,78245495805114
tz1XhZUHsJAFp4FHoeeQQ7auVBk5j6xoUKbS,12568298591752
tz1Pwh2MBs6q2SeLHiko3iJpfMwsDV46bqQU,2353837930617687
tz1ZWbokP5pGwT3tTtLPP2KhXX5ssg1EtDPs,47812173179840
tz1hLWsybqnJtQRFp8skYy5aZLGNmL9bMUpa,251984199292768
tz1PuYitvGfsBm7C3oYAXqNc3t5wNhWZj5Dh,223128518916994
tz1dbCAvra65bwTVk5mgkYUHUGz3hoKwovZ8,104822036792170
tz1T5NfkdPfhkXzYx8akPkdznxSgU1Uf5jEG,188364534732319
tz1PYqfNnkpZydtSY2Tn3Rv8mjkgUpHJpFXC,523469165822798
tz2Mz3ovkZR2HyC89CHHSdsrPya1mKSmLWfD,36313173298004
tz1ae2d1BJt7YUqaaec6Xenh3mBqS7VjSZtK,31475650886964
tz1L1XwcVmD2z4qPfLtBJ6RPThgAwLcXG6kW,5488352180960
tz1VeyZaPimHfrJFy8WwsCYzxHR3VmGTMpgK,21248705639464
tz1epFVHmqeWvvkFf2eskwhQ1AY3JwWd7Ej6,108169952483755
tz1QRcnskFh7eaV7QdEnjoYdDfrDqHgmmrvF,281327147952395
tz1XybkRZWjLx3hwcy1hQ7PT6FWEhpHm1FBv,43194521916979
tz1XcuwadWbLKkc4mDVxRo25dbtwfEa7wf2c,193858133259848
tz1hvRvzke27MGtp8CsSvsafxyyMWSVYM1ut,17848426011807
tz1a7MJ4HMNbWDhKZAqrvzX5P6u2E2mJyJiV,375327538989228
tz1citPWufjty33AZ9KwZDztqrTzdNjfQU7P,1438685435959119
tz1WeLuPLjUs53Yr1RCgq4EQ4d5SvV651Tqt,3975667733073619
tz1Wo716Gggp5HfupfxtPgmYu23rDQNcLcD8,349154953681586
tz1imyQrFWHyTp4avUNAw52RxdFjU3HPviRN,96118750455517
tz1isKR8pS4pdgU934K1S4UpLsF56ECJNArh,129852574588132
tz1ZVoeS9T3H451BgjTe18pM1q1LPd2cgB6Z,87830413571964
tz1eL4fYCgegW8tLCbQ1mYiKY3TdDxWnnKo8,208504611854507
tz1Rhg2UDkjgLhemdSMtiGVGRmzwVLVaHArD,25893121170004
tz1dPHDXSCFo8PienbvDMyCKr5DXjPMrZkJ1,133936176021411
tz1fkkxXSMtSQew8F78XdsnaC26AfsXtsGiY,36451000847641
tz1ZuiTWKXKqYfzFPaSaAG3Huf9QM1AdZ1pJ,132721452688938
tz1RsCndtupuxe2U3syGAdcRBzpNqJZ9ANNc,2772230719333614
tz1MrZQhiNiHK14oEq595DLsVQ9wC4Nv2ZXW,11020671588194
tz1LJQ6MPnjGekNAmhFmkm8XWtM6UGx4MyF4,634442879553787
tz1hmxzW7MuU8HeRoCFPGZJnavGf5unqgaph,381344915758865
tz1Z6QqrAbEAMDLsis3v6b956sfH6qLTSEex,175489042811
tz1NnBgY2ze24nQDpdY72wb1GVsee1UfAT3d,13949724953948
tz1dAW94vB3yYfNPE4LM2txBT8PQ21Zq4Xzf,31202878211447
tz1eeR22tmjPN3rGDikEMvpe8jcdXww3dqTt,104009570427985
tz1MsfyCeQEt7khed67HHsAidezZ1Th6mjzB,36069941101049
tz1WBMWCwjuFSsiiLUWKEQHEACNEat2S3EsD,6030033173797
tz2SuPjN8dYMJQe548bTvSPL1fdStZPXv7gT,4646124334991918
tz1N33TtiYBQ67sw32rhCsMSVpZkrSHWe9aq,1624358947528282
tz1QMjzbw5Yoi2zPqUeg2yuv5GZdmXjhh9mr,104010919328060
tz1ZutSZgCHEzxspXyoSYSREhwHh5g4PM8hN,65109988
tz1NJS9T6FKTnKUkVNv2g44GHTAhzH77qiYw,210959348093765
tz1URL5HNuTa1fHqqCtUKXUM3hm6g9c88NgF,328427993424
tz2M9C5x1KoZGoQ9xEY6fQ6Xwbe2GU1RTzRx,120031352294
tz1RCQDHtpdcwfgF1Kbbyusd6xhfjbXanhZ5,122845034600241
tz1c8JTzmA6c7cm6ZmUwR7WES6akdiMa1kwt,164675888222042
tz1XRTNgXgWmR4PqxZpiB6HZJ8Siz3M2JAim,49284344314720
tz1imbraxLCQ9TUpnJVP31LS18hpTqG5wv1k,116889680548748
tz1iDuz9LvybPBC4kDc7ceBoKVDwwzJR7zKb,3189150299381035
tz1eiyML8sHGBL139FwJQJeLGHWAFtDqPz4U,10400957219614
tz1YQDCB6Hbn2ozMyS2kf6WPJDeRvJtmtNqQ,141438035260804
tz1eeNRXYK56vgSfXHFcXorubcaBBCVpUY1Y,66982161
tz1TQw8erN1a2LpfRSNMExicRXMveBPbvTKE,38067501
tz1gaRjULm9qy4D83VCvb4ABWLKpz4XXfqjx,50409831735170
tz1hAZNx3LrRKFgfRytoLNVGhCrzU1uVDUHS,40975124067104
tz1W28xB2eAvRGCXmVduC63Gx6gGDp87zqbB,2860111912917
tz1gJaXdi7Gweq8TUSy9knB2wLjioTKy2tZF,20792550759457
tz1PoXtd7RGVBwWmmZvxX18NQXYpbNdiwwtE,287841710110080
tz1RLCvv7wrWq4hTmyKk1zZuZeuUXNViSgRD,4889917588384
tz1QFk2DJhPkzp2nCN7Thpo4askJjQ3Zw6BU,33240645131032
tz1bRDYJHp3ACUojEeM6Ja442YEwNmcb7ph9,102098040689883
tz1MDs7ym4sp2FsQhL32vuAnEqG3ARhM9Vi4,110250147151974
tz1Xy5UM1tC3CFcbPBVq5PjufaxcLjMwfQkE,2989981432117
tz1RAKBnmd1X43pkkGqywYCRgf1Uo6D77zMx,2989771124773
tz1cXwKRD6AMy5nhqEVUU23SBxcAMnh2aKLn,33340206790951
tz1imrUNR1R52GxhP4y6XQCDDXtQs11GarTN,2157187022121
tz1chab75LnyqBqNwrK11459SGCFQXLg9uyx,54562928544829
tz1USfPTFciXzVsQL7Rk8HmMWyWtFEas7fh3,119530143655513
tz1btYY98CWBVCGEikD7s1buWjpicb9kG8aH,2245295918543
tz1fj962xSPKTA57yWHA43VeVzo8KqdpNAeF,110934005684420
tz1ioU6W4otB7ebgRZTq1EVVra3vMyXqeqsm,28156363939332
tz1N8oU57qMgDRr6N9pSbhaiWRRQSxJRPGoZ,25625210377896
tz1fCEeLBcuSMSittqTnMEhcFdPCtD1HsiZc,2832028082895
tz1WsKkY3TLDvqTuK97Xu4zuVoTb2nsr7J8S,19230933553451
tz2DsS3zeg4pqoUnRPHxvuRSuQrjDnTZcTNJ,6062307029261
tz1gSGxwMrToBdzLeaxg4Bregv6W2oEbNLC8,966830469037667
tz1X8AQxtn4KzBwMZ6MZUVFDcACrfnyfYhDg,42851941
tz1KxARuCbAoiGGesnQjr2pvZa7CzJR7V9D7,75875473792841
tz1LGVwoTMUhi76Jc8TeaNUQhanfeLLNF4xm,27248463942017
tz1QS7N8HnRBG2RNh3Kjty58XFXuLFVdnKGY,6234249518632683
tz1RAP1j8SjwT587jyccTNArBFhC9HhGKfHq,13367411167630
tz1QiZCuJMuVz3aq7j1Bq2v3BRTQPCdTw3Fb,204151627898852
tz1L8hBVpams2fWFC9kS1sPVxfGY6Hmg5TQ8,29033271094902
tz1TQSPkLPqXUREhxvYzPbAib6Jz35w2a6tw,94776802068580
tz1XD1xSVzgY8Qs1id1kNyFJDbv9e9pNMe2c,52010724634625
tz1Tk1MJDZ96bK85RLAqtKfnptZZyXsJ2jaq,5985455329032
tz1RKg4C5yKTzm28Qj9gKmfUozCDrctDpx4G,63054247100452
tz1hes6aF3Px3D8nPQx27fdwBKrXmGs1UYxT,142974172564980
tz1c1BG1PEeuhMFwmonTVSGafehicqbBJFec,8838465074647
tz1e826sMLNdz1CQLzthLDBJCFsinxqGDzv2,3462328715068
tz1THwbFPPPBHmBu4cmLV2SppLFrA5QfBhyF,36749159768860
tz1U1aA8tyN6QByoYLhSvNu3krJPLYqnkRVa,5158969844766
tz1QSwx2wnmrTjEGrid79c4tpFMxjCT86SAy,88950694420236
tz1RcJYTsoYQ7adtNMANhwd8qf4zApM4i2Yd,80631109232167
tz1cvrgSekgCqgyc1c2qFPSeMtux6AAAfDsk,1831237449923
tz1a1ZcbAeBEjxYSwuNKxSu6FbFB4dxdL3m9,1218974547572
tz1NZnfrNgCGdECyAhA93TLPTSciJcZBJqDY,7370601815416
tz1UGuKv6PzgVbofb42VgeRwDwsVN47UpuZB,175701406665973
tz1eCzNtidHvVgeRzQ38C81FPcYnxMsCEL6Z,364782259948544
tz1N3nvFqipu91tfU9s4GXGsopawpwxSoAJh,8552186438199
tz1LFeLTRQZrgKxbmvjz2ckViRhVw9BZXw7t,2061432420704714
tz1XuzzMTz1LhqbRPy9uxfRkccSxju3v8Y4j,96561125089968
tz1MoiwNRQWHfA71aypNk8J9CsKjfmq39c2F,372618789337338
tz1hhphPmGxL6HEmEjoVSJBy82FMWbFwzNCD,2082868858196
tz1YHLm7Lq27q3rgVXLY424zQMkvncVvNiaK,11441053929667
tz1fKtBhuuZiMYhM3Pi1hcP2sjRbstgDrmqX,3347727434268
tz1XEA7cp83PyiXfSxWu3uHjA3EF6Gdh3Vhq,11254140208991
tz1UXMLCt7dqbUiJ2BHRhE1gFkdVkmCZYcM9,3667229222643
tz1iKF8o1hCLaTNZcCJpgKQBQxkpcSiBy5V6,146904583640009
tz1c2iwyckUCcicx2qxqtwLEartYFEHg1pvB,66875266248817
tz1PQDUDph7dDCn8pLGXqaR79DiUWLiSZdEf,38711682946233
tz1fUZ5pMP1gUjuJsp5V631cXmA87Kxm3cuZ,138144373896137
tz1NVsmLrZX4jad9bNdvM1EskvcTq2LSZhLx,361235168834789
tz1PKoh9LB2P3pgh5ahaAFnrC2QBmUxcHDJU,32335419040683
tz1cqoo91JCc6sKmNuTVKNzwUdi6E6moHWFb,137378749499861
tz1ZGNErBKdYeEPjZuqKXhyTixQTTPn54bx3,69686409
tz1XoiGxnmjnkaKcNyG4rrHNNEoh1u5VidxY,21266929842324
tz1QVUXNoyCfKpAyxDpq8kR3rK2AShuzQxJ5,354867023888552
tz1UVTMhbMiSETKCxFi413yZ7imF1xeyt3fV,106106058610913
tz1S5TbsJCWmCyRh3ghJ2rWwQHHbcvoh1uYV,76303129977973
tz1UAYfFWmaTrQTYMptaGCw6LrXK5Yv84VnQ,564822289416
tz1hLhGe26gqt78sZboxiwne6zgKMqirRieW,34712331782763
tz1RYTr2WKdJD1MMV51kN9AoxPnxZJgJ5sqU,5667685788402
tz1R6mtcAQwBTK9YpSqRL9y2a6JZWgDkBm6M,69428120227771
tz1Sv2XMQNxcAqyqyyv42FHjf3EGwJ3Godj1,392379791399765
tz1NCsGajb5YgZdhdviKrfisN3VteMasnzQi,26002954640163
tz1Vh4cX8VutUUUnnjmnY2omSV4F26T5orLH,5731792622215
tz1QGCWjNpYmcS6T9qFGYSam25e36WeFUCK4,62525462385674
tz1LApX9pPhcDUDznHR5TTCcSXh3m6zPgFHA,33464244752196
tz1hUY7paB2J5EhD73r4oWL6uZubf1UibHrk,112259044406123
tz1MgDFQvyV8Vfc48HgeqMbCD2Po7nhoWDeL,155001880296473
tz1PWZTKd1zhfuxrixGJoHJ6G17SQiypwe5m,51692754
tz1V1Hu7nMcgVuMKDEZickAKHHZavLKTB7Vh,55645118
tz1NKHjwrYfg7GWwbWZ3bvdejkVL34De72Pz,54501013
tz1RaZeHEiKewSd14gZ7HKfcQ3HaNHJ5tnV6,1121099801517132
tz1aiLrqvULcV2Kfvzt9dUmqnLQnoNXPPek8,179010006388416
tz1M2h2hPZzov29kf7xcHXrunXb2jFSbfiNd,522669599453178
tz1MToDUySbYhPabULUyDPPsfDQF1cpZPdoH,78321531161800
tz1gMfLSQs6xTM2TcLM6Sb2njJ6h9qhSsT9Z,78527398425457
tz1Mt4ddsTmDs4of6kkWYvMWSUtM8zbGNMq2,48572467
tz1UNTxRbAYTSBSdHMjoUoYAtLH4MHMUiGwg,10827634522195
tz1YUJitqsUrFfFzEp1d2RiqVwV61J8aPb4E,59701491
tz1TqqKqc4t2Y6PTvxeuhF8kNjVn8HpZkKma,75617361883222
tz2VoUZvPNLyq9bZ82VoDLrhkH8n6eaUoS6E,14268085133316
tz1ZvbLR47deoqaSgsaRXe7hbgDgwonBicnV,581708880523942
tz1L8m6MGdvK2WA65wQ7DeVwXVmCS72JKWeN,4617186775037214
tz1iCJRFVD1oY7yQBap6X59XktpKHJtgCGyS,3540765654286
tz1bnWUvcfU77EBpbLUQ41c3hCBKovGuqyGY,238024461961862
tz1STAzkywd9GnKGvJBPL4xWte3LCniyu5ho,68595764527486
tz1g6cLrzLxNayiVyb7BLsKK6TfwboqWaYPx,2674363464983
tz2Q6ugZbronUHSk8fbuHibBrBEJwrzgtL8X,20905926918493
tz2Kn9u9cxvTczP6CjirJnEE1UApmoCzuGPB,57702019548326
tz1aHfKHR887WzmpA56K2diKDufR3QJqn9iK,3841598357245001
tz1fcuYiLoHA1qD8vLJmSJPPKhGANGLJZgin,40225705524
tz1bdbHUpDrUx7m5g4VTSkjnc3mxnquzRTcw,427244072235153
tz1NoV2nnTuxavEAuozNyHm4nqT3qtkYUNYW,56061156
tz1TQJjDtzUWWAa5a9H61iyPZmuKRfX9hXi8,1933048927529
tz1ewd8gDnG3USrTRJVdbpsyieVv9fWDMPNk,203159588333575
tz1Tpms3fccT8x1pVY9BQKgnvppew71pTDDd,10402925704679
tz1bNLPqmLVxWF6puxbFZHU1yCJLiCZmHH2E,147096852718
tz1ajJzH5YBGRuXnU7QDJzY2qVRGcysUbxJE,10401015152943
tz1YT4u9DnGFiRM8AXXACY8LWuV1rW3A2hFb,2951529697146
tz1QppHuA9TUoFN5Ek2ZSmRPdU1xQiwRSnPb,5791566279163
tz1fne8nhZuSRgzaQPyaomKQcFRfthyicBQc,10400960859949
tz1PGFWJqZhk5BabfqxfYixpVH9S8vY7NKj8,66462113
tz1Uva3ynPUXqpAsWJ3CxcXVPG7HEXB19rzU,106283227155209
tz1cGZNvVyHrKgbRu4b23Nw896JD6GYhZKQm,106108124968980
tz1i9THBDe13YzhSmcdpcWKJrL4raaJ1cpN3,105933455462550
tz1apbBneTw4Ap2kdmv7gfTv4kDPYbR5HAkn,89754147523364
tz1MJ4C21XhL6B3YptprRWMuL8oeJquUhz4u,20683541432984
tz1SMoz8tsJzeQPtGhPEjPnanQMvFc5KitVh,5802318892208
tz1XuNQgqT23u9KcwmRLGGQ6w2n6dCE4bmoV,12088211347019
tz1WrZ2Th2eCuq5NuZb8nHXPJUjaBE25Uwgv,35911022236
tz1idC7XEoSZ45sXLwp1ujYJ3yNFi2tkLT7A,8688761896220
tz1d4649CmmMEzXBWzhTgTkFxy9ATNhb5HC3,1172027229269
tz2CrWArLr8eRCj6mp6yYQAKshR9MuyaK3Qu,118038417643748
tz1UdGjnCNd5ifzEShXft78CmazG9gj4fdrN,546366393755
tz1WqkwtGV3ttnchD3bqmucZwByduHq8EN8f,6151696401089
tz1fvhxJtMzKYkXM3fvXrQEyAXyMLYayTtZ2,3543472085161
tz1dVTewmwhAqfBcAgDuDuF2sPUaafuPA8mr,110488638384846
tz1ScePe2eXYo1RBdEe12hNY8KrvHyjFhHw6,1295151993074
tz1XNmNga2NyqFiNpmEN66fpySDoGWoKpKXB,6793665184404
tz1dXpsNAWLHVYNWSqhrHCHT6wh6L1fKZfo1,1639144096078
tz1N2AezxpvrXzvGaqNVW9BqXxJ6Rcup9M4p,48156429
tz1iFKBz9HbJDp6omQGG9LC9bTXF4zKdkJfR,4564599322017
tz1fFCF6FogyPLLjSk3FNTG7gVdDWfPCWVni,58869414
tz1WUmNdnrv1w75V7ntFSt5kSuyQfYuo2hqK,3574988686009
tz1LYQiMSoy34xAUD2NnsJLCTmb8HYYR9th9,5343933025014
tz1VYa9SB4LtsHLWZnJXc1JuL7wuX46orE2Z,26812856784550
tz1d9NBC61N2Xjo9LvXAQsKPqC4HaL1mFD9X,38957994992172
tz1cAxm3wHEUX9tY87sSfdVfHgCWcPCTkNTA,75580025672967
tz1iNdzx7BJpGD2e2YaV2QbsteMQWMAXjjDf,3338318460763
tz1YrFGJ542U6jpYHpe7BFHxNfa2mb1wpAdH,399220929163
tz1SPVSDCDpbqigKWVYnbgHEudxSM3BASPZj,726498289415583
tz1f7C7HeTczoCxoo8oQ3vBDRQTiNM3tFTZu,45694056585299
tz1P8pHeW6qWzBkgeDvi3bc8depN63r5tt5s,12685058210268
tz1iZnkruZaYGv3dfER3wEasjJj5xpaTtMjN,156014353197753
tz1Y1svqGfYwEN9J3ne2WLEuzUVnwzP5qoYW,49092515
tz1YmwJZfEerVMbc8uuJc7xUzE64ma3Xfu7L,10539754450445
tz1aQbe92zZy6MNeRFtgmgV5dV5R4BNTdqK1,10538444969996
tz1THz87Wwo5DL34CELa6psvuH8RXShPmSbc,2704296274259
tz1cgAHrLkuj5NrLmQ6LnELKFKu3i13CokzB,48780486
tz1eQ9skdokeeUyTc4SdNQMPigjZ8JY4kzus,17063481925274
tz1S35xPc2sh4kK5hd7KujsWU1G3SUdCnFqp,760736114361822
tz1dYEEirVkgSnE7eGK9vFUwxWBqibkafs8W,31273457959505
tz1VLGH7SJ4HA6kDXRiHYqVFkn2btjnoxqib,636968331538996
tz1XYkmAHtkZFjZLdWNoL2BTqUws4oD4H1PR,154031662367956
tz1dCyFm9jxuhxJEi8UW5sgiS7TFubaNT1J7,589707202378
tz1XbmhVLdDgsihnVoyn6aTRMURJ87YEbG9B,43663431372425
tz1Sk1mwyBQkcyrwWZkftmR3Mjv77BEGUw65,11862879564975
tz1QHXGKA8NaCmpZLrvrUyBpYhgEiQDyWY1r,681652125750
tz1NS4ZXnzYBPJpspW2svbqdjGsgBsGZchzV,1079509655132
tz1LUdy3KnxyyARheKtfcnRymhUq82SKLvyx,6473987698865
tz1LxFeaR3ZNkMRstvhjNeVbpv9vz2LttLBz,133198202356
tz1SFJ5pW5FVR8cRfAqY3NqQBuQQq8TNsjvv,8075653692531
tz1YRG68NdqtAcsFEwTUw6FsSsiBb5kagEDo,80505373477037
tz1XUmPaRxfbi6Mjj6vUWf9zhjwHdfL9gEdk,400842970348
tz1NiraRNtWgpXyyxopRTk2a7Py9oKFdrgkB,6695213316772290
tz1VnXCALwSCihScu984A3dbY6XXLzDqJWa1,1054878145319193
tz1ZDDHc1YycDdwQezjVDVCSfSB6A1xH3YxG,424104676545
tz1dx37ewvwHWAaRxdjd5sayKBR8LnJUT1XE,7237888144
tz2R1iMz3wHEx6Z8dpdPVgb9eTDVh5NdeqNz,55868929562166
tz1hR6q1QMUC4wLD3izGsfeZ3HuyfJH5QajX,1644942332874
tz1akJUKXFmNjxKaCqcEHmwbx4u86xfHLYJc,1253665910478109
tz1V2FYediKBAEaTpXXJBSjuQpjkyCzrTSiE,6445706007028
tz1Z1xRcvcqPPqja34fWNd1StABUV38LnbpW,380905656315
tz1egZ7YNcG81udp3pGXPBsYQsUNHB7xAH7V,19635475307713
tz1TSowSJAKRqQbqjspmyfN33nps1op2GodY,2921610316419
tz1VV5912Qp7qqZaQ28MC2G3RQ89UhEdueqt,35535255087734
tz2RJZQGhhkdVX3kq5agHahLmh8TByJWaedL,19061714437995
tz1codeYURj5z49HKX9zmLHms2vJN2qDjrtt,2780780926081226
tz1WXSxKwhw9EectY8mAdUFXDBHFnPZE3HSG,300927322171479
tz1aDrsGYyNbiqUX6eTHLe5otZJwN5XQh2kG,1013690276977238
tz1gu5jCJunSaHjR52rcu3n7SgDCJZDLTqJM,6177444088229
tz1SDmZnnzpH5GAfHoeXygPWwzJtHXADpohn,472407388024
tz2KgCQ3sTz3n3jrU21DveCfTVFgrMnzeA7x,3354438969556788
tz1XT3SAzJh47s5DxMJud63MWnvDftqWFtS3,200803344324732
tz2RjcKqwtC4vVKN878Bx7L9oNHR4mPTHDc4,17245612370978
tz1bQxeuFnf9PTDRUwu94sU1GUvU425KqCeq,253367580878
tz1Rb2U9TbEkYVQM412wBzBbMbnqX2r4CTXs,211447279913
tz1gaTbRLDWJFA8bzcvDtkz8HxN6V1eL6gwL,8810612934602
tz1U9RY2mXmwAaSSm67rEy49N5YE1Rs7K223,150670568663
tz1ZzEEVRzw78fhsLMM7JvV9CxZUaWGB98U8,6154115447029
tz1RSRuULmTkaXTjrhbFuNkE4mkJLRGPWJmy,5550697329697
tz1hHz9wjLaZ3p9sDo9SkqT1t5wxNsK7688s,13304140504072
tz2BzwVtwa2mTbspW1qqdiA2UtctbGntxAGi,107995949193066
tz1QjLLgQidRchfWMvHa23uhfgdzNKSevELK,1006392411156998
tz1WW1xr4mdTif7jorgVr7aqY3YnnJPSDXj7,38937021102
tz1coEYWsh5bwhhCsK2Dc1SXTNQs1hWs1QtL,13471136004006
tz1YKkEwEXk5g5MeDzNTgfDwKd589rGJS9q7,8727376064062
tz1PSiE9EmFbQFb7K1cBxPTsbPdgotHLdy9e,21599574899165
tz1hWxyYMfK3h3y7WvL1ErggtgneuNynC1JA,502173514544859
tz1agphvYoUaWn5BjTVHnqTTyYwURTGAZyBE,158967443866
tz1VXAAqokxhhf5iwfvkJ8tRukgVLN8BVyce,439904059380
tz1UVjnYXp5DZaCX3JZvxQQqxKnXaVMYAYZD,6156188627902
tz1N4Q2BLS4sYvKCoM5XxFAEL1yoEY8TSS7j,1105075812823270
tz1XH15XMCB22rJJxHLsZgVhXA6t7kJnmFa1,21932838414915
tz1NEmMNjFtXgixkdCkkGsEn7k6QPeG1G1Qn,21728217773160
tz1gVmWVnkT2yQr9gmed4BgK22SrSPjfpkEn,47031420562674
tz1huGodLQWq9gKTZJ7D2Z9GeymHBJNnXvtd,7451417995
tz1RVq5ohXzWvbqHzUgsmUNWHqin9HRkrWPz,609894134148
tz1az9uytyQ2tv3aKXJuNBjrX29vBsYuWDuR,28241319518794
tz1LovFrdT3D2uY5ijGnb16172szCqFazDCE,1152049498977
tz1aGLjZZLDwYYSevU3HLbEXenAxwRo6f6EM,120902840811
tz1VLnru4Qd3CFuj33ss2v1feACiaLaAQdvA,2363489676
tz1cj6FQs2Zjuwwf1uY7e7fLQfzi3YAbNj46,25803217662490
tz1XksiJMYSGBzqZqbj4F1dbHBH85i9jR3Zi,45351466441913
tz1U6R3G9mF8n9qH5mhrMZjgJTMKAEYb9Uw7,266941361914255
tz1TtLSSFGrP1796nyd1ZhGH3o1AVitoukLj,1467106737554
tz1QoX2rtnpKq3MxJ21E9NcEKxqPL4dKsEcn,47435857264275
tz1iXbbzm9Wogk7D2W2qNwYzePbQVmYP6BXN,213904122377
tz1aQGJFwYn3yzghyRbuWNapzDZjXCEfYHuW,1638873168200
tz1YDowtv9HFd9eUoMZMNjicREmagF38XWyJ,189272846117
tz1MtaUicPHBwrvkwnNwikGFfFWdaPxYAvJc,4229945127518
tz1enSmESCGkRYo2CtDYKhqUHFTAQkpXjYjg,3941474469133
tz1Wn4Wc6d6jieFpj2DJaNEC7HXcwKexW2By,49260933562963
tz1c2MCGJM3pFb88Spt1cWgxGtXAX38Ur3CS,29375606392247
tz1ZFS66zDerPgLPnYYEo8YXveudhGbzjESJ,17810909986697
tz1eAR5bUqFqx85oRxGDSqriJbYzsC6Ff6Dj,352453418626
tz1ZrtiLUXfjKsYskvr7fmZk9N277YQcv8Ws,1369486737400
tz1NqZnVNkS4N4XQqZaTigDQpSs8nc8RoMFW,5833326096337
tz1WEjGgTyPyhUapqCRvwBnHhLCNV38Jr1GU,724748514923
tz1f2NgqK2bX3LaPgeTrEWgFFqRJgPNzFAYv,4833702621747
tz1WGMbfVnzVSTD8oNgZA8feaYvNvBYzSVmD,6580097627290
tz2WnujX4qC7yfQF1SAHQuLMUcB3pA5GJhfU,2356858578852
tz1MrpnRbw6HqHvKyBE3811uHgJYuvVj2hwN,2733828806055
tz1TkqGsSx3gB17SLAcMAnDgfs53kYeFez9Z,3358671699819
tz1KssAq8Lofcu9MwuXqpvXh75ufZSCsLQun,4292793750011
tz1fhd4k1jSJRRcNVbkMwVzkKEhX3kzApsfk,15483037697593
tz1XFukdhsw2szhabNoSDMBPCwqsyPLAkSfB,678194752
tz1TRrpXyABLU7RfM1fR5AbFM4g3F71KpKVS,10632894632492
tz1NkGJR1x59KMwfLr2a8bAqDYSm4WeDjeui,199078055970
tz1USgVdDHovucdwWXcd943nkjN9Dc2kZ36s,45987880823
tz1cVcDkvek2UNAo8ihaycH6GqEZknuxjz9L,22661334795
tz1Z4eLXZquq6x1kMujWqCN3eQbTzwkMb5A6,22675928571
tz1VYfSekJV2Jcjbgt4VaaDUDH1knN1ytNUU,45042948065
tz1Z6ikQVtLws398W5w6qMLQ7pjv8eEutu9u,44574057456
tz1iAafYqNNj9ZqP2Z3iPwokaUfMmrNd4UkY,110674230387
tz1ceVRLF5yAKvGcFXu2ngFtqXbqkKd1kAZe,43936217413
tz1gSHNQkhh8qNCXgLn4MWnH9DZ34NGUn8Hz,43869166686
tz1bxpnJwhqrdhf5Dmsp8QusjL9zN4qbDCWs,43209974190
tz1b4Y6E5szNCHKZadDnAvdUyBfr7eQoEM3Z,1032199575651
tz1Y8v9LUURRffBVoJNysYTMzb2NranuM3fd,199635099733
tz2ULsEpiuozejYYvEcwYq76vDHUEVcyYyE6,4399293146
tz1PQkArZXKyQjY8gmX9yAF8NEtEtbuekeqP,236043823994577
tz1bv7bDGmKDPNjX3FBJ5nPG3LWnT7yB1Wto,196046594008
