Address,Amount
tz1NRbpmTuPEFCCYCqCr7i3hkMRDRhBFgmxz,465836283460640
tz1SBxNvpDFC4bjW23CtQfVLqN5cBATVf68B,1830065255269429
tz1Rgo7URug42QnhBM6eLy4MWdfwn4RovHy6,311998044613799594
tz1V3fPD3AKPNwZf42PKGzFaWU3vZ83Gjvfq,65514355900545
tz1YTQ3Lys25j8FhZQY61eoYErYUteSao3ez,984060550290444
tz1R3bKH1seset2h49p4vrZJCEL8voJgSK2G,18235749407745
tz1bdRJkGkNQ7homh4PTnkVM7xzVWhuC4EMm,50574288283424175
tz1Z2Ne4ZHxNPuCJeCcoykHVXTqhVdLMD9gV,93570015710598324
tz1Qji1NnEPj4Cxa9s2WEoWi9U9KM6a9gdDL,15863038920954186
tz1cmanHzitf3UgWgECzLpGUKpzEfmGZaFsw,7882599322390094
tz1RartAmPJhFsL9oAhZndSL2G7KCsaQqqkf,405587522462823847
tz1YrfZhjFnhgERznXtYee6c29n3PBeam8A9,927433487579
tz1MyqKoe43P4Z8MfHoXVBTrohgcbehp2zLL,25629864068548488
tz1SRcMg9GRXi7paNeAc3ARn23mS3Z5dXa6S,902940307795046
tz1YjtCLzjw3bqPxJh6MqdVBFrM2zrsA9kyg,458761512349288
tz1hD7VdzRpWG3nmYpCyW2gNc8mQNs3TCgxu,4521182385359313
tz1f38MX7YT2Q7MAq3mDdj75GTN7vgqV2TfH,55721940802396
tz1aBDeNFooBEmBXnWDVgLknNMUHMYhHVcRA,74094121562350790
tz1hD5k7QW9ChHCgb2YLthKFirKDYQiNPDJz,2583703447870477
tz1cjTb6ijvnPrJBfaTEFphxDovW9xQbkmDK,1015027380691
tz1ZL7ekzieKxwngCCyjsCN5qhu1ohwJQEBy,6046225243724381
tz1enbGpES1NDr2kTaocDhxvMqtpMy4ruhW6,2409723183284169
tz1ehGMhxarDhwppx14PX1Y3eqbZ5W9Bc2Y1,599168000418432
tz1ed4brTwpFg8hFUJSJ4HqnsC7sEjVesMtb,16842787251896539
tz1QJE62jTxHis7kZkbDT2zsYZyauNDNzWg7,7493840346940250
tz1gWt7kUnJtGXoT5BYzHVa89qGp6QVvQmyp,12077575745773934
tz1epR6pJmPaJ8vvzNi6V1T51ccocX1Y4VBb,306479023088012
tz1W19DveaP3mW4WvFtdVdqGsWwBL5q1QDSK,5533132995168426
tz1esdEqZC5Nz3HDFseHvpH6SmQJPocxLzA2,3086049575238532
tz1ULQQ3S4kFLhhpPsegiMVFmXx2G6ewmbTA,17315598577148839
tz2Lqs8WFf2HDG1RoxG3EAtuHjDS27XQANWT,988656528520
tz1LRrXCmELevk5znmVcYD63TChSpYh3vaE6,270868420815089
tz1S8GvdiWQghwPMMzbNvRh66rcfmhEA6vj2,64453708570717598
tz1N9qzry2ko1gwTK6HKWamZZK6FGx3Vr89U,666760584014534
tz1M5swezYMnDaim71PSeb2cPFk49ajrvDV6,1704058412374806
tz1QQ4HyGbCZDmQxeVHoLP99KLyfvGvyX21i,81768493299100113
tz1WKygtstVY96oyc6Rmk945dMf33LeihgWT,22010475836583217
tz1Rux3pGrp2KpZUBKvg3VQ4edRYVJsapr4z,46686787848569025
tz1LWMmDzH79xyu6JvELrnvWLBBVjZg7TnfN,44528665530879758
tz1esBaTjr9qFQ7FhrDQF7N7bTpNSVTkGbMU,2034442875603574
tz1RfSFe1dxP7wh1zSffEnskgqvVVWKNKZG1,147917736520757
tz1czGMShkB8ZtCHKHeCPTY3CpuiCrjsGJBy,1568980626
tz1UQ6cQZef4MuskJjV9g8pXNZa5s8ff1oQy,5369522264987623
tz1dTmMLY7tan1HKfW5e3KxJcfZput6UuTH6,241539238791071
tz1daKxrqyoFUCcuQj36BeMN9C1Ytmjg5p6n,4807095148757428
tz1YZ4VZCRPoiDyGP3U69jCq2S8duDUcRjHP,619317289673820
tz2LYELYe16viwVBaRjZc8GsauKRsxTGPvB1,1295727740271772
tz1gN5Ch4VeDZjiM6R1KPMBxPWFxL3HHKZyT,147335649489057
tz2WYko4XXaV4B5mzjguTeRkkgw8LyB2jA2d,2010016370879834
tz1NkFRjmkqqcGkAhqe78fdgemDNKXvL7Bod,6402024224388850
tz1QkQLtDkqpw8VSymi13A86jh5iaCeMriMJ,49373323894285684
tz1h6J2pn9X3KMghNHZikrh3PtEpgCcRAjHZ,19691049818996
tz1VCyNit49HjTmz8SEgeL67x4BLuoTaeYMy,64084079732825673
tz1gACjUSBkWjqWv5ZBMRk6G9Sp8xNAYgwYV,8952391983775829
tz1ieVZFcRity1eybQtgUyGg8NLEYWNqKtQe,1535471478855917
tz1T5GmdYXDWwbhBrU7RubT7Z2dmz3ZmKwCE,29746858941748560
tz1gmajxhmKt22CbcsSA7WWXSATgbuVEmzTC,155387745849065
tz1cfzEz3R8YKMqC2rbKnr2XtpNjZxH6RGdy,899967012414657
tz1hR9eQYNNTZ4VGUeipK4PHtyyDEDmQ9dSf,19644999590594204
tz1RxeY78zE8hNJbqPypB1mTVyTsBRmPuqry,2610039505386060
tz1SBF19iLiCc8dNpKe1Ym9juSAKaTPyeypF,14053167161164
tz1X6ADVxP37XjYppBHMLVRJQwmxA2YxztbQ,255788446769637
tz1T1u1CET7ek19f5P59vCdjTNFWAscYQ5ct,19496161889559255
tz1V9qHfFxixcXJKWuEziUqvdrQ7BWpPnWTa,13127802389060177
tz1Lqnwap8kKynTpefqqSH158i667Wdg8HVA,3857099919314784
tz1Kp19QyYUnXuE6cxuXxsfQZbyqv5JtKPku,60941981966839
tz1cnojsw9qgMbdpgPeCcWPf5GX4YPvd4HAh,65577034999831056
tz1fbJACCskangcgy9xjDSiEYgh7CUmSo9oc,165663144324071
tz1dKaw4xdNjfufDSLWRxumNBwe2VX4mxXyW,42932332494316470
tz1RJf644pa7QAZqKzrPQGiYQPyubXarC4cv,2204660881029
tz1iCiA1vKmgfZbY533ZgMwFKZ14S1DQNooQ,684197817686348
tz1hNGWJUFPFV7AWLXvxGzJVEfCZ8KJ77PJA,1887314055356524
tz1NPu5aFQ12P3KGhBGgt7G79SAgVj2Skkn1,5730978789705365
tz1Qm3DHkV7V6peZPyWe4rv6aToH3nRmWEH7,785872435953520
tz1KsiwkQ9pyrt4Ra7QrAQp5LQJCGxHQrY1n,3724290063698044
tz1eKTUc8X17nVmtVRtxBcs3hwUPXWuqP2AS,34729606574833478
tz1hXx6tvTV3kzxpBR6E4hDYcxdgcRGHUTFj,60244665
tz1fkZtnjNfQHtEyUpyX9Tqq4RrLKx35qBxf,3348585500463396
tz1chg2T1s4DTjLqthPc49HDcqkFHMwdSPwb,10544823933347874
tz1Uzm53vPr2Giyi32yT9GUvBErKqHPBjvQL,2851884142047257
tz1aR3nrJgUyU5B623U9s1MtMsMjA5Wz5c3G,20110323207670589
tz1YaPLZuVmZaKB69BjJXKUDgNaZrxBR4Lfn,560408091609743
tz1WNk2o2hJvzjuZRNmZQwjLQuv24wDv1zjU,56811186865987451
tz1QmBcwm7RH6swEYNpsZZfAWCCFaW6wugVT,47283330663435538
tz1LxqBcvRbZhp34C2ab62CMy49wFbsQSzD7,858597564971295
tz1S5RkjdXMREayGWMawArqqpyMqGRjohJJr,2071244835936385
tz1bZ8vsMAXmaWEV7FRnyhcuUs2fYMaQ6Hkk,1086125183399
tz2Kmi3xEnXk8c7zqWSQqSSyfNpWt6ovG38D,12520555680568518
tz1LgePVXLZYNhHoRQ6KgHfQjQ1uq7JJPZDa,745641761573834
tz1gk77xzDAG3sif9eFvsqUnzaGh4MrzaCp3,1603157127477156
tz1cWUkZFBZ72Yn9desxcgS9KdH4BVfqd2ZW,11271302822465004
tz1a3LNYNZTNN2SLMjWSUc5jtLWFvZ1kC7BR,29783772897048672
tz1SGPStfd9v5upQUxRiHPC9666X4FpVAmK4,23575094280006
tz1iF629Cc91SJkmQRAWAm6nYavf7RgpAqZh,9249153989974316
tz1WHGwmdEr4iruf4v9r6bdHgzC5v8SKYTkV,1248288234255406
tz1YqsEWdPxBmqVKsJircrwBmCmZDtHAgHzp,102026132852978602
tz1ZLMaECyswARea2bTsBws9eMjgUm4jG8Uj,38921460260965351
tz1NySiq6aHysD6Rpu4bYhFaVe3ASya2qB8D,2619333266522338
tz1Rb321A5bMKjQdczUs7TyJBeXjfCtB4mYd,23553272546662626
tz1USU2xSWb7CBYGJYat2X7An9sr3cFfsLwi,1676012034749511
tz1aoYg1xYeEdnLrAJ7y2r1T3aMBCyms6ppJ,15955812426139856
tz1WxCJ3UpzyWsXmmkE1YjYzbBv6jXYkbFYV,1754468655676448
tz1fq3tMpnnsZ944DVxcJqsVNGsWTPvqJzvo,822378171096024
tz1PrecMTmNArbdvQxtZLUVUBT8rcC86dKZC,20282731955647
tz1Q1LWn8wCK77L4xetjbH3Ar7sDaSANezZx,213118863475907
tz1dugdoeZULYPA9phfkpofrP95rFqhZNXeR,3864655978091
tz1UecmgMghaWovhh9EYfqTrK9gTtaiMtbzs,46832120475738
tz1gGwXf6Ggkv9T4jGmp58jUMU2Gh2vYjDyH,1231331744614580
tz1QjPnpmqAJYSfDtDM7uTf5bkZDNY7eBECd,4251162767535474
tz1aVZZd883FwyEx5g2o3TgQ7pwEYi2f6apg,28098535156629
tz2MzvuRU1GEKi9udpqzLpGYfDoZTiKZ3C4C,825951560061567
tz1SEox4m6JwzUjLL2daQMKU7XDrvsEukR7X,25989024390192
tz1XJqUrY2okTwoJFgHFJKQV98tsn2oC6Twj,1181080207841673
tz1VqXA6L6hPEFjvsgWv7Viw4xQn5GyNszzy,114318234130838265
tz1Wf1Lqz1yHm27P2RQJAVV2CMxnhYK4bBGc,2623079714987921
tz1cTS1WwovU7SC783xgJxZrzr151mcshmNi,4982322698244237
tz1f4Z9FJfgStP7v6Rj7BMJnWJ9Mb1NdAGsS,1309666633
tz1ersiy3MYVu89DFXvW7Qb8AM6LYptSsoT7,5174568600797615
tz1UFF5DSDDtk3fM1ewaLvVG6fhaAeCdgYEt,161475303496721
tz1dcpUhXGeXexEXispSpfv7CeufoFnV7AAf,31760087273373285
tz1RKRhkvC7MQgKfPejvNaHGshWUDsyJKZdT,18779899419102203
tz1ibTknNagJCgQPgcbPvJhpSyS5vxgdyFt4,843547724703
tz1SHzbhYsbX6Uk51hJC4JkjgWM1gWaSwBqQ,1041958989042220
tz1NW1MMFL3jytxBjhx1qATMJyY47vLBMa4p,152789794341065
tz1QRm2TJKnarZ9tbL5CNjN4Ltq9pJtytuk7,4118361796009
tz1WJpBDRGfa21un4yQDKTGXZw561nsGg7Qe,28896481976941
tz1UXAsfFeufr6p2PafNr2oXNrTDSdtwwdgm,421084571224783
tz1YPUNi7KW28VxZNEu3fNkRkJG55G9p7wsN,270483540763328
tz1YpusrSty7ULz7w9sM814trSRmM1aNbmZd,21172497987591102
tz1cuj9Cgi19KMRi83UuypS89kXM435qdhmy,51109653925019
tz1htwxBMBFikeP8SnQiEQyA9n1ryDrDFyLK,261933407851565
tz1XTyukKgkqq9P83UkV15np7EtSSEy4kAeY,268289390279443
tz1WMFtCLLeRiayH19ZiaErKq4Zu9p5N73Sr,699397508191
tz1RFUjzPENm3vF7quaxfELQCfNTCSjAsFdA,2582260637907945
tz1cLd3gXJ9Fk5c648hRzFvTnGfT97CxcHrj,1595779440931390
tz1Te5JR7gzDBwtZLKPWSPuTGFE4JX21vVur,101043400089
tz1NGDuYTuuB1geX1K5b88cqa8JinFLdd3d5,1309671683335707
tz1XykUaKpskyp7hDEZjmuNTk4gFU58a46KC,150253417874071518
tz1dghYwdzvHc3tYHp8iHpNUSpmAvvs8Zjs8,31151509408193332
tz1PuipWs33aqS2KSG5k1qQtC6Dff1P1GBmM,362318169788741
tz1ZNxMa8XsMa8JTv776X9iCETcNoo4SY629,498354534921974541
tz1iAAJhH465Cf3BnsKQ744XHypQGY1v7Ps9,1335859965
tz1a5QW18ULwjJK71LSc7UqNGgryrFouHzf1,424112084354724
tz1Z1ZX2B98nEAvEnLXJBCnsJ6K1GqaSp9jK,913556246987372
tz1enT2GWv7U8jyPmmoVb228u8hvi6hJh5FF,91162418486065
tz1RyhUycXcivQ3jzF7ZpFZNcoLcgmXqcrSz,2130487280325759
tz1gVon2mQhvutR49Yd5XK6k4ypwWfFjMZtz,1026778640
tz2HSz8b961xoDjDLy3aFGogvW4HEqXXdcR6,8234140478074177
tz1eSGjgq2NmLWnaQFQxafXK8ZQF5V7Sz72y,24034946279981337
tz2EP3fw5CbUUgJdx4c3Xono8Gbc8PLXGRM9,1980558490179484
tz1VCogGe8xeRgQCLrVhPbwo6mBSQxAXep65,1055702056484823
tz1LFFspqhK9KRQNvS1ahZ1RcpQ2PNeM8TxA,2485870879307838
tz1ZhteLTqobRVCYsPj44oFfom5BJ2SdGxeE,2023161076140825
tz1aRF3qMDrbN95f8dGYTKPaey6J2qQQnk8j,84503251004405085
tz2ALu8Jxf2SMgzSZaZEwfiJQbogpUDPStwz,3748369824019716
tz1fCHiWZ3ReGqvhxkMejVzcnXYz1rnsJpow,9140546929869118
tz1PXJVTDRHBcjJGpD4h6PzDovisMJuc8zVc,945466751066420
tz1L1i5BVehYJBebCGvPYU9kZYGKBELGUJGH,16513444855511837
tz1TR56EbNTEEDeRrsPzQzoyvwFgZT25q3JR,901194502705348
tz1XbQgDFCaT228TPS2YUeHHfpVqGW7ANCDw,486564704380083
tz1S1Aew75hMrPUymqenKfHo8FspppXKpW7h,1113216638
tz1Wb4LakUUYuFuuEgXXQrNZuBD49Trodhwx,1035031486430919
tz1RAfKUFBX6P2jFkCpzLFntju7djjbtKAKr,38711109537672073
tz1MiQ6euA3EEdnZxJ6EPwVsHzd6vQ7AHJmU,808624480100723
tz1UFwr89hcJvC4sNCYK7zSLcaD4JW2KkNYD,10925369947986669
tz1TiJBTfVoXxregtdgCs1rYd55APXSAmniz,1796862620
tz1ZPSGxrrPPfrmoGJgpXDArNJfNNy3qGvE4,902841316820010
tz1iQ5n52oSKgdtdYtqEJgKmQYbL1nn2poB8,24518329110452153
tz1gueZ7eL2KnvxqWudHjoTH3ZPiUCmwNKR6,3046762894935946
tz1QxepCwQ45EwtcxkgXZezHbnidvK7hUywy,16532581087826927
tz1TVZgy4rejPUkEF3bsxLGNCp6H4gz4PaGf,294769384338523
tz1WT27PugwGBtre1hsj6BHmbAK2qQsVbRDo,1701850922335272
tz1fL2TsQR271w84MXx3qFD7y4PZ1F2mpHFA,4402844403999929
tz1KhU89QWZuuhhnDD1paFp1jYMdpJLh55im,6073770113065131
tz1QQyhTMAmNQPcSGkM7GfDva8hmuFPAxUMB,41853885984715692
tz1htnC2n5n27PFD41q5X8bDvDcjbGMUS3f5,66482079537396202
tz1PoickddNEkRN6qp4K41u4KUW43vZ1UDvF,19855707722829994
tz1b9qYttBxHzoEseqabgvQiCxafZzkAtH9G,18713501947704089
tz1MQotPcNdc9R3nWCTwXLMDqKLS46WqW7Wx,10362549282801130
tz1a89Pvs553YqhJdCfDdQrRuQeykHMvVSRX,150973662710
tz1favSqpvTLtedjTm1UjuEmKfgm4o9kyLd1,18245465726652888
tz1XYuybht7U1RVsUip7H7S31fBDxpUgpTXP,1225847968
tz1WHUWCMqVqq5AagGN5DrytqWz88tYgedUr,576839028090471
tz1YJvMiZyXnzvV9pxtAiuCFvaG7XoBZhbUQ,5779199590069370
tz1TmSForCvNii8rmwL6q2jgicQfqjNFtj8K,11644819929624418
tz1eoqCSmqPQtTLs53Rj6gBB14eQh2aHWVxu,1970501714774015
tz1XhZUHsJAFp4FHoeeQQ7auVBk5j6xoUKbS,316514754900699
tz1Pwh2MBs6q2SeLHiko3iJpfMwsDV46bqQU,59278066179486038
tz1ZWbokP5pGwT3tTtLPP2KhXX5ssg1EtDPs,1204081695291522
tz1hLWsybqnJtQRFp8skYy5aZLGNmL9bMUpa,6345864278744861
tz1PuYitvGfsBm7C3oYAXqNc3t5wNhWZj5Dh,5619174939296432
tz1dbCAvra65bwTVk5mgkYUHUGz3hoKwovZ8,2639794164759778
tz1T5NfkdPfhkXzYx8akPkdznxSgU1Uf5jEG,4743693357341894
tz1PYqfNnkpZydtSY2Tn3Rv8mjkgUpHJpFXC,13182827692143320
tz2Mz3ovkZR2HyC89CHHSdsrPya1mKSmLWfD,914495710153409
tz1ae2d1BJt7YUqaaec6Xenh3mBqS7VjSZtK,792669576800583
tz1L1XwcVmD2z4qPfLtBJ6RPThgAwLcXG6kW,138216357025866
tz1VeyZaPimHfrJFy8WwsCYzxHR3VmGTMpgK,535118481498037
tz1epFVHmqeWvvkFf2eskwhQ1AY3JwWd7Ej6,2724106667905230
tz1QRcnskFh7eaV7QdEnjoYdDfrDqHgmmrvF,7084824778072958
tz1XybkRZWjLx3hwcy1hQ7PT6FWEhpHm1FBv,1087792704620941
tz1XcuwadWbLKkc4mDVxRo25dbtwfEa7wf2c,4882041836157057
tz1hvRvzke27MGtp8CsSvsafxyyMWSVYM1ut,449487266971653
tz1a7MJ4HMNbWDhKZAqrvzX5P6u2E2mJyJiV,9452091159627400
tz1citPWufjty33AZ9KwZDztqrTzdNjfQU7P,36231249983242408
tz1WeLuPLjUs53Yr1RCgq4EQ4d5SvV651Tqt,100121546994929037
tz1Wo716Gggp5HfupfxtPgmYu23rDQNcLcD8,8792971759870140
tz1imyQrFWHyTp4avUNAw52RxdFjU3HPviRN,2420614255755705
tz1isKR8pS4pdgU934K1S4UpLsF56ECJNArh,3270152719474637
tz1ZVoeS9T3H451BgjTe18pM1q1LPd2cgB6Z,2211884259560853
tz1eL4fYCgegW8tLCbQ1mYiKY3TdDxWnnKo8,5250892603721495
tz1Rhg2UDkjgLhemdSMtiGVGRmzwVLVaHArD,652081492248775
tz1dPHDXSCFo8PienbvDMyCKr5DXjPMrZkJ1,3372992423459285
tz1fkkxXSMtSQew8F78XdsnaC26AfsXtsGiY,917966701296208
tz1ZuiTWKXKqYfzFPaSaAG3Huf9QM1AdZ1pJ,3342401341059134
tz1RsCndtupuxe2U3syGAdcRBzpNqJZ9ANNc,69814694507169623
tz1MrZQhiNiHK14oEq595DLsVQ9wC4Nv2ZXW,277539966218458
tz1LJQ6MPnjGekNAmhFmkm8XWtM6UGx4MyF4,15977543106132209
tz1hmxzW7MuU8HeRoCFPGZJnavGf5unqgaph,9603630249782112
tz1Z6QqrAbEAMDLsis3v6b956sfH6qLTSEex,4419442374625
tz1NnBgY2ze24nQDpdY72wb1GVsee1UfAT3d,351304016410667
tz1dAW94vB3yYfNPE4LM2txBT8PQ21Zq4Xzf,785800184264696
tz1eeR22tmjPN3rGDikEMvpe8jcdXww3dqTt,2619333352960336
tz1MsfyCeQEt7khed67HHsAidezZ1Th6mjzB,908370252626984
tz1WBMWCwjuFSsiiLUWKEQHEACNEat2S3EsD,151857823723248
tz2SuPjN8dYMJQe548bTvSPL1fdStZPXv7gT,117006044564630836
tz1N33TtiYBQ67sw32rhCsMSVpZkrSHWe9aq,40907173743076681
tz1QMjzbw5Yoi2zPqUeg2yuv5GZdmXjhh9mr,2619367323093470
tz1ZutSZgCHEzxspXyoSYSREhwHh5g4PM8hN,1639702624
tz1NJS9T6FKTnKUkVNv2g44GHTAhzH77qiYw,5312711650543351
tz1URL5HNuTa1fHqqCtUKXUM3hm6g9c88NgF,8270992695032
tz2M9C5x1KoZGoQ9xEY6fQ6Xwbe2GU1RTzRx,3022819180707
tz1RCQDHtpdcwfgF1Kbbyusd6xhfjbXanhZ5,3093677774554117
tz1c8JTzmA6c7cm6ZmUwR7WES6akdiMa1kwt,4147128429369065
tz1XRTNgXgWmR4PqxZpiB6HZJ8Siz3M2JAim,1241156235057321
tz1imbraxLCQ9TUpnJVP31LS18hpTqG5wv1k,2943700638492742
tz1iDuz9LvybPBC4kDc7ceBoKVDwwzJR7zKb,80314222166276197
tz1eiyML8sHGBL139FwJQJeLGHWAFtDqPz4U,261933339748900
tz1YQDCB6Hbn2ozMyS2kf6WPJDeRvJtmtNqQ,3561916096868356
tz1eeNRXYK56vgSfXHFcXorubcaBBCVpUY1Y,1686850623
tz1TQw8erN1a2LpfRSNMExicRXMveBPbvTKE,958675975
tz1gaRjULm9qy4D83VCvb4ABWLKpz4XXfqjx,1269500037715026
tz1hAZNx3LrRKFgfRytoLNVGhCrzU1uVDUHS,1031900320989836
tz1W28xB2eAvRGCXmVduC63Gx6gGDp87zqbB,72027857589221
tz1gJaXdi7Gweq8TUSy9knB2wLjioTKy2tZF,523630868517782
tz1PoXtd7RGVBwWmmZvxX18NQXYpbNdiwwtE,7248884776295634
tz1RLCvv7wrWq4hTmyKk1zZuZeuUXNViSgRD,123145631500827
tz1QFk2DJhPkzp2nCN7Thpo4askJjQ3Zw6BU,837118450805613
tz1bRDYJHp3ACUojEeM6Ja442YEwNmcb7ph9,2571194190596882
tz1MDs7ym4sp2FsQhL32vuAnEqG3ARhM9Vi4,2776493417054341
tz1Xy5UM1tC3CFcbPBVq5PjufaxcLjMwfQkE,75298437034705
tz1RAKBnmd1X43pkkGqywYCRgf1Uo6D77zMx,75293140742840
tz1cXwKRD6AMy5nhqEVUU23SBxcAMnh2aKLn,839625769847774
tz1imrUNR1R52GxhP4y6XQCDDXtQs11GarTN,54325692264321
tz1chab75LnyqBqNwrK11459SGCFQXLg9uyx,1374089884080600
tz1USfPTFciXzVsQL7Rk8HmMWyWtFEas7fh3,3010196952767962
tz1btYY98CWBVCGEikD7s1buWjpicb9kG8aH,56544589719057
tz1fj962xSPKTA57yWHA43VeVzo8KqdpNAeF,2793715423215611
tz1ioU6W4otB7ebgRZTq1EVVra3vMyXqeqsm,709078047922971
tz1N8oU57qMgDRr6N9pSbhaiWRRQSxJRPGoZ,645334539343417
tz1fCEeLBcuSMSittqTnMEhcFdPCtD1HsiZc,71320606205027
tz1WsKkY3TLDvqTuK97Xu4zuVoTb2nsr7J8S,484303756450926
tz2DsS3zeg4pqoUnRPHxvuRSuQrjDnTZcTNJ,152670594949011
tz1gSGxwMrToBdzLeaxg4Bregv6W2oEbNLC8,24348252605870272
tz1X8AQxtn4KzBwMZ6MZUVFDcACrfnyfYhDg,1079165305
tz1KxARuCbAoiGGesnQjr2pvZa7CzJR7V9D7,1910816075477061
tz1LGVwoTMUhi76Jc8TeaNUQhanfeLLNF4xm,686213875574855
tz1QS7N8HnRBG2RNh3Kjty58XFXuLFVdnKGY,157000722410807562
tz1RAP1j8SjwT587jyccTNArBFhC9HhGKfHq,336639270502052
tz1QiZCuJMuVz3aq7j1Bq2v3BRTQPCdTw3Fb,5141268883394320
tz1L8hBVpams2fWFC9kS1sPVxfGY6Hmg5TQ8,731161709557019
tz1TQSPkLPqXUREhxvYzPbAib6Jz35w2a6tw,2386819190999711
tz1XD1xSVzgY8Qs1id1kNyFJDbv9e9pNMe2c,1309816252355702
tz1Tk1MJDZ96bK85RLAqtKfnptZZyXsJ2jaq,150735193996819
tz1RKg4C5yKTzm28Qj9gKmfUozCDrctDpx4G,1587931685482456
tz1hes6aF3Px3D8nPQx27fdwBKrXmGs1UYxT,3600601533785336
tz1c1BG1PEeuhMFwmonTVSGafehicqbBJFec,222584193586573
tz1e826sMLNdz1CQLzthLDBJCFsinxqGDzv2,87193832692251
tz1THwbFPPPBHmBu4cmLV2SppLFrA5QfBhyF,925475410385351
tz1U1aA8tyN6QByoYLhSvNu3krJPLYqnkRVa,129921330563227
tz1QSwx2wnmrTjEGrid79c4tpFMxjCT86SAy,2240096942090803
tz1RcJYTsoYQ7adtNMANhwd8qf4zApM4i2Yd,2030580001714709
tz1cvrgSekgCqgyc1c2qFPSeMtux6AAAfDsk,46117115088905
tz1a1ZcbAeBEjxYSwuNKxSu6FbFB4dxdL3m9,30698143216319
tz1NZnfrNgCGdECyAhA93TLPTSciJcZBJqDY,185618141552433
tz1UGuKv6PzgVbofb42VgeRwDwsVN47UpuZB,4424790456767442
tz1eCzNtidHvVgeRzQ38C81FPcYnxMsCEL6Z,9186523279730615
tz1N3nvFqipu91tfU9s4GXGsopawpwxSoAJh,215374672601132
tz1LFeLTRQZrgKxbmvjz2ckViRhVw9BZXw7t,51914248585077981
tz1XuzzMTz1LhqbRPy9uxfRkccSxju3v8Y4j,2431754832817544
tz1MoiwNRQWHfA71aypNk8J9CsKjfmq39c2F,9383875145670044
tz1hhphPmGxL6HEmEjoVSJBy82FMWbFwzNCD,52454094826726
tz1YHLm7Lq27q3rgVXLY424zQMkvncVvNiaK,288126698607456
tz1fKtBhuuZiMYhM3Pi1hcP2sjRbstgDrmqX,84307762152239
tz1XEA7cp83PyiXfSxWu3uHjA3EF6Gdh3Vhq,283419541942187
tz1UXMLCt7dqbUiJ2BHRhE1gFkdVkmCZYcM9,92353961047006
tz1iKF8o1hCLaTNZcCJpgKQBQxkpcSiBy5V6,3699583356105206
tz1c2iwyckUCcicx2qxqtwLEartYFEHg1pvB,1684158627449717
tz1PQDUDph7dDCn8pLGXqaR79DiUWLiSZdEf,974898770113672
tz1fUZ5pMP1gUjuJsp5V631cXmA87Kxm3cuZ,3478969911913165
tz1NVsmLrZX4jad9bNdvM1EskvcTq2LSZhLx,9097194826377549
tz1PKoh9LB2P3pgh5ahaAFnrC2QBmUxcHDJU,814321617007870
tz1cqoo91JCc6sKmNuTVKNzwUdi6E6moHWFb,3459688748566833
tz1ZGNErBKdYeEPjZuqKXhyTixQTTPn54bx3,1754953288
tz1XoiGxnmjnkaKcNyG4rrHNNEoh1u5VidxY,535577432171365
tz1QVUXNoyCfKpAyxDpq8kR3rK2AShuzQxJ5,8936822137734301
tz1UVTMhbMiSETKCxFi413yZ7imF1xeyt3fV,2672130431142981
tz1S5TbsJCWmCyRh3ghJ2rWwQHHbcvoh1uYV,1921585989290823
tz1UAYfFWmaTrQTYMptaGCw6LrXK5Yv84VnQ,14224247394517
tz1hLhGe26gqt78sZboxiwne6zgKMqirRieW,874180789551207
tz1RYTr2WKdJD1MMV51kN9AoxPnxZJgJ5sqU,142732619302004
tz1R6mtcAQwBTK9YpSqRL9y2a6JZWgDkBm6M,1748448630233063
tz1Sv2XMQNxcAqyqyyv42FHjf3EGwJ3Godj1,9881527924900296
tz1NCsGajb5YgZdhdviKrfisN3VteMasnzQi,654847492247392
tz1Vh4cX8VutUUUnnjmnY2omSV4F26T5orLH,144347058889307
tz1QGCWjNpYmcS6T9qFGYSam25e36WeFUCK4,1574614993237165
tz1LApX9pPhcDUDznHR5TTCcSXh3m6zPgFHA,842749489786097
tz1hUY7paB2J5EhD73r4oWL6uZubf1UibHrk,2827084642061917
tz1MgDFQvyV8Vfc48HgeqMbCD2Po7nhoWDeL,3903502275429812
tz1PWZTKd1zhfuxrixGJoHJ6G17SQiypwe5m,1301808633
tz1V1Hu7nMcgVuMKDEZickAKHHZavLKTB7Vh,1401343297
tz1NKHjwrYfg7GWwbWZ3bvdejkVL34De72Pz,1372530631
tz1RaZeHEiKewSd14gZ7HKfcQ3HaNHJ5tnV6,28233306704638700
tz1aiLrqvULcV2Kfvzt9dUmqnLQnoNXPPek8,4508112843052959
tz1M2h2hPZzov29kf7xcHXrunXb2jFSbfiNd,13162691748390925
tz1MToDUySbYhPabULUyDPPsfDQF1cpZPdoH,1972416557273159
tz1gMfLSQs6xTM2TcLM6Sb2njJ6h9qhSsT9Z,1977601032007170
tz1Mt4ddsTmDs4of6kkWYvMWSUtM8zbGNMq2,1223228635
tz1UNTxRbAYTSBSdHMjoUoYAtLH4MHMUiGwg,272678601795488
tz1YUJitqsUrFfFzEp1d2RiqVwV61J8aPb4E,1503497294
tz1TqqKqc4t2Y6PTvxeuhF8kNjVn8HpZkKma,1904315893514194
tz2VoUZvPNLyq9bZ82VoDLrhkH8n6eaUoS6E,359321465503500
tz1ZvbLR47deoqaSgsaRXe7hbgDgwonBicnV,14649512215075985
tz1L8m6MGdvK2WA65wQ7DeVwXVmCS72JKWeN,116277293204243979
tz1iCJRFVD1oY7yQBap6X59XktpKHJtgCGyS,89169155637573
tz1bnWUvcfU77EBpbLUQ41c3hCBKovGuqyGY,5994308114836625
tz1STAzkywd9GnKGvJBPL4xWte3LCniyu5ho,1727486933743881
tz1g6cLrzLxNayiVyb7BLsKK6TfwboqWaYPx,67350046663444
tz2Q6ugZbronUHSk8fbuHibBrBEJwrzgtL8X,526486086105654
tz2Kn9u9cxvTczP6CjirJnEE1UApmoCzuGPB,1453143433956858
tz1aHfKHR887WzmpA56K2diKDufR3QJqn9iK,96745200123449369
tz1fcuYiLoHA1qD8vLJmSJPPKhGANGLJZgin,1013027279060
tz1bdbHUpDrUx7m5g4VTSkjnc3mxnquzRTcw,10759535335596586
tz1NoV2nnTuxavEAuozNyHm4nqT3qtkYUNYW,1411820630
tz1TQJjDtzUWWAa5a9H61iyPZmuKRfX9hXi8,48681092595115
tz1ewd8gDnG3USrTRJVdbpsyieVv9fWDMPNk,5116285775492864
tz1Tpms3fccT8x1pVY9BQKgnvppew71pTDDd,261982913250302
tz1bNLPqmLVxWF6puxbFZHU1yCJLiCZmHH2E,3704425379864
tz1ajJzH5YBGRuXnU7QDJzY2qVRGcysUbxJE,261934798717529
tz1YT4u9DnGFiRM8AXXACY8LWuV1rW3A2hFb,74330084685255
tz1QppHuA9TUoFN5Ek2ZSmRPdU1xQiwRSnPb,145852373569762
tz1fne8nhZuSRgzaQPyaomKQcFRfthyicBQc,261933431425564
tz1PGFWJqZhk5BabfqxfYixpVH9S8vY7NKj8,1673753957
tz1Uva3ynPUXqpAsWJ3CxcXVPG7HEXB19rzU,2676592169377843
tz1cGZNvVyHrKgbRu4b23Nw896JD6GYhZKQm,2672182469436987
tz1i9THBDe13YzhSmcdpcWKJrL4raaJ1cpN3,2667783665922520
tz1apbBneTw4Ap2kdmv7gfTv4kDPYbR5HAkn,2260330767708035
tz1MJ4C21XhL6B3YptprRWMuL8oeJquUhz4u,520885623407748
tz1SMoz8tsJzeQPtGhPEjPnanQMvFc5KitVh,146123162862188
tz1XuNQgqT23u9KcwmRLGGQ6w2n6dCE4bmoV,304424439295275
tz1WrZ2Th2eCuq5NuZb8nHXPJUjaBE25Uwgv,904368106673
tz1idC7XEoSZ45sXLwp1ujYJ3yNFi2tkLT7A,218814131594360
tz1d4649CmmMEzXBWzhTgTkFxy9ATNhb5HC3,29515841663143
tz2CrWArLr8eRCj6mp6yYQAKshR9MuyaK3Qu,2972629951192845
tz1UdGjnCNd5ifzEShXft78CmazG9gj4fdrN,13759461866943
tz1WqkwtGV3ttnchD3bqmucZwByduHq8EN8f,154921739358756
tz1fvhxJtMzKYkXM3fvXrQEyAXyMLYayTtZ2,89237313256427
tz1dVTewmwhAqfBcAgDuDuF2sPUaafuPA8mr,2782499480131812
tz1ScePe2eXYo1RBdEe12hNY8KrvHyjFhHw6,32616564020544
tz1XNmNga2NyqFiNpmEN66fpySDoGWoKpKXB,171088811665438
tz1dXpsNAWLHVYNWSqhrHCHT6wh6L1fKZfo1,41279516716568
tz1N2AezxpvrXzvGaqNVW9BqXxJ6Rcup9M4p,1212751302
tz1iFKBz9HbJDp6omQGG9LC9bTXF4zKdkJfR,114952952866375
tz1fFCF6FogyPLLjSk3FNTG7gVdDWfPCWVni,1482542628
tz1WUmNdnrv1w75V7ntFSt5kSuyQfYuo2hqK,90031014099848
tz1LYQiMSoy34xAUD2NnsJLCTmb8HYYR9th9,134579365637301
tz1VYa9SB4LtsHLWZnJXc1JuL7wuX46orE2Z,675243727812045
tz1d9NBC61N2Xjo9LvXAQsKPqC4HaL1mFD9X,981101789263836
tz1cAxm3wHEUX9tY87sSfdVfHgCWcPCTkNTA,1903375634070844
tz1iNdzx7BJpGD2e2YaV2QbsteMQWMAXjjDf,84070810513879
tz1YrFGJ542U6jpYHpe7BFHxNfa2mb1wpAdH,10053812266075
tz1SPVSDCDpbqigKWVYnbgHEudxSM3BASPZj,18295827898380094
tz1f7C7HeTczoCxoo8oQ3vBDRQTiNM3tFTZu,1150739936271558
tz1P8pHeW6qWzBkgeDvi3bc8depN63r5tt5s,319455180111566
tz1iZnkruZaYGv3dfER3wEasjJj5xpaTtMjN,3928999967886173
tz1Y1svqGfYwEN9J3ne2WLEuzUVnwzP5qoYW,1236325301
tz1YmwJZfEerVMbc8uuJc7xUzE64ma3Xfu7L,265428750935743
tz1aQbe92zZy6MNeRFtgmgV5dV5R4BNTdqK1,265395773529917
tz1THz87Wwo5DL34CELa6psvuH8RXShPmSbc,68103861964883
tz1cgAHrLkuj5NrLmQ6LnELKFKu3i13CokzB,1228467301
tz1eQ9skdokeeUyTc4SdNQMPigjZ8JY4kzus,429719564657315
tz1S35xPc2sh4kK5hd7KujsWU1G3SUdCnFqp,19158058906983245
tz1dYEEirVkgSnE7eGK9vFUwxWBqibkafs8W,787577635006692
tz1VLGH7SJ4HA6kDXRiHYqVFkn2btjnoxqib,16041143028609894
tz1XYkmAHtkZFjZLdWNoL2BTqUws4oD4H1PR,3879068714466632
tz1dCyFm9jxuhxJEi8UW5sgiS7TFubaNT1J7,14850938594532
tz1XbmhVLdDgsihnVoyn6aTRMURJ87YEbG9B,1099601523474002
tz1Sk1mwyBQkcyrwWZkftmR3Mjv77BEGUw65,298749778302423
tz1QHXGKA8NaCmpZLrvrUyBpYhgEiQDyWY1r,17166440941431
tz1NS4ZXnzYBPJpspW2svbqdjGsgBsGZchzV,27185917919834
tz1LUdy3KnxyyARheKtfcnRymhUq82SKLvyx,163038188087068
tz1LxFeaR3ZNkMRstvhjNeVbpv9vz2LttLBz,3354407604514
tz1SFJ5pW5FVR8cRfAqY3NqQBuQQq8TNsjvv,203373872007776
tz1YRG68NdqtAcsFEwTUw6FsSsiBb5kagEDo,2027413525248010
tz1XUmPaRxfbi6Mjj6vUWf9zhjwHdfL9gEdk,10094661070260
tz1NiraRNtWgpXyyxopRTk2a7Py9oKFdrgkB,168609441166264227
tz1VnXCALwSCihScu984A3dbY6XXLzDqJWa1,26565608318290367
tz1ZDDHc1YycDdwQezjVDVCSfSB6A1xH3YxG,10680474112643
tz1dx37ewvwHWAaRxdjd5sayKBR8LnJUT1XE,182275936176
tz2R1iMz3wHEx6Z8dpdPVgb9eTDVh5NdeqNz,1406979665373167
tz1hR6q1QMUC4wLD3izGsfeZ3HuyfJH5QajX,41425537077649
tz1akJUKXFmNjxKaCqcEHmwbx4u86xfHLYJc,31571795934474336
tz1V2FYediKBAEaTpXXJBSjuQpjkyCzrTSiE,162325953834001
tz1Z1xRcvcqPPqja34fWNd1StABUV38LnbpW,9592568124379
tz1egZ7YNcG81udp3pGXPBsYQsUNHB7xAH7V,494491566142311
tz1TSowSJAKRqQbqjspmyfN33nps1op2GodY,73576607562766
tz1VV5912Qp7qqZaQ28MC2G3RQ89UhEdueqt,894904944557027
tz2RJZQGhhkdVX3kq5agHahLmh8TByJWaedL,480042213294380
tz1codeYURj5z49HKX9zmLHms2vJN2qDjrtt,70030019324074189
tz1WXSxKwhw9EectY8mAdUFXDBHFnPZE3HSG,7578427336420463
tz1aDrsGYyNbiqUX6eTHLe5otZJwN5XQh2kG,25528350334803953
tz1gu5jCJunSaHjR52rcu3n7SgDCJZDLTqJM,155570158301440
tz1SDmZnnzpH5GAfHoeXygPWwzJtHXADpohn,11896909318506
tz2KgCQ3sTz3n3jrU21DveCfTVFgrMnzeA7x,84476782639089367
tz1XT3SAzJh47s5DxMJud63MWnvDftqWFtS3,5056947115649543
tz2RjcKqwtC4vVKN878Bx7L9oNHR4mPTHDc4,434306261333965
tz1bQxeuFnf9PTDRUwu94sU1GUvU425KqCeq,6380702779793
tz1Rb2U9TbEkYVQM412wBzBbMbnqX2r4CTXs,5324999520644
tz1gaTbRLDWJFA8bzcvDtkz8HxN6V1eL6gwL,221882776985473
tz1U9RY2mXmwAaSSm67rEy49N5YE1Rs7K223,3794424341773
tz1ZzEEVRzw78fhsLMM7JvV9CxZUaWGB98U8,154982659596065
tz1RSRuULmTkaXTjrhbFuNkE4mkJLRGPWJmy,139786431075899
tz1hHz9wjLaZ3p9sDo9SkqT1t5wxNsK7688s,335045888675379
tz2BzwVtwa2mTbspW1qqdiA2UtctbGntxAGi,2719724642088270
tz1QjLLgQidRchfWMvHa23uhfgdzNKSevELK,25344563946015638
tz1WW1xr4mdTif7jorgVr7aqY3YnnJPSDXj7,980573591633
tz1coEYWsh5bwhhCsK2Dc1SXTNQs1hWs1QtL,339251433232203
tz1YKkEwEXk5g5MeDzNTgfDwKd589rGJS9q7,219786574585032
tz1PSiE9EmFbQFb7K1cBxPTsbPdgotHLdy9e,543954625620927
tz1hWxyYMfK3h3y7WvL1ErggtgneuNynC1JA,12646526951396217
tz1agphvYoUaWn5BjTVHnqTTyYwURTGAZyBE,4003369363419
tz1VXAAqokxhhf5iwfvkJ8tRukgVLN8BVyce,11078359136545
tz1UVjnYXp5DZaCX3JZvxQQqxKnXaVMYAYZD,155034869712734
tz1N4Q2BLS4sYvKCoM5XxFAEL1yoEY8TSS7j,27829765301087254
tz1XH15XMCB22rJJxHLsZgVhXA6t7kJnmFa1,552347394079995
tz1NEmMNjFtXgixkdCkkGsEn7k6QPeG1G1Qn,547194313748558
tz1gVmWVnkT2yQr9gmed4BgK22SrSPjfpkEn,1184419549181906
tz1huGodLQWq9gKTZJ7D2Z9GeymHBJNnXvtd,187653382310
tz1RVq5ohXzWvbqHzUgsmUNWHqin9HRkrWPz,15359317808709
tz1az9uytyQ2tv3aKXJuNBjrX29vBsYuWDuR,711217533567314
tz1LovFrdT3D2uY5ijGnb16172szCqFazDCE,29012730891157
tz1aGLjZZLDwYYSevU3HLbEXenAxwRo6f6EM,3044766381607
tz1VLnru4Qd3CFuj33ss2v1feACiaLaAQdvA,59521131687
tz1cj6FQs2Zjuwwf1uY7e7fLQfzi3YAbNj46,649817400061779
tz1XksiJMYSGBzqZqbj4F1dbHBH85i9jR3Zi,1142112289937902
tz1U6R3G9mF8n9qH5mhrMZjgJTMKAEYb9Uw7,6722539182399432
tz1TtLSSFGrP1796nyd1ZhGH3o1AVitoukLj,36947000109859
tz1QoX2rtnpKq3MxJ21E9NcEKxqPL4dKsEcn,1194604713271192
tz1iXbbzm9Wogk7D2W2qNwYzePbQVmYP6BXN,5386871609743
tz1aQGJFwYn3yzghyRbuWNapzDZjXCEfYHuW,41272693782644
tz1YDowtv9HFd9eUoMZMNjicREmagF38XWyJ,4766567889904
tz1MtaUicPHBwrvkwnNwikGFfFWdaPxYAvJc,106525162137576
tz1enSmESCGkRYo2CtDYKhqUHFTAQkpXjYjg,99260438191984
tz1Wn4Wc6d6jieFpj2DJaNEC7HXcwKexW2By,1240566668514146
tz1c2MCGJM3pFb88Spt1cWgxGtXAX38Ur3CS,739782937954960
tz1ZFS66zDerPgLPnYYEo8YXveudhGbzjESJ,448542479146498
tz1eAR5bUqFqx85oRxGDSqriJbYzsC6Ff6Dj,8876038916169
tz1ZrtiLUXfjKsYskvr7fmZk9N277YQcv8Ws,34488579012001
tz1NqZnVNkS4N4XQqZaTigDQpSs8nc8RoMFW,146904035272511
tz1WEjGgTyPyhUapqCRvwBnHhLCNV38Jr1GU,18251762312217
tz1f2NgqK2bX3LaPgeTrEWgFFqRJgPNzFAYv,121729937383031
tz1WGMbfVnzVSTD8oNgZA8feaYvNvBYzSVmD,165710415973985
tz2WnujX4qC7yfQF1SAHQuLMUcB3pA5GJhfU,59354136916416
tz1MrpnRbw6HqHvKyBE3811uHgJYuvVj2hwN,68847596846310
tz1TkqGsSx3gB17SLAcMAnDgfs53kYeFez9Z,84583377940902
tz1KssAq8Lofcu9MwuXqpvXh75ufZSCsLQun,108107915459272
tz1fhd4k1jSJRRcNVbkMwVzkKEhX3kzApsfk,389918320781160
tz1XFukdhsw2szhabNoSDMBPCwqsyPLAkSfB,17079371914
tz1TRrpXyABLU7RfM1fR5AbFM4g3F71KpKVS,267774354175254
tz1NkGJR1x59KMwfLr2a8bAqDYSm4WeDjeui,5013498178091
tz1USgVdDHovucdwWXcd943nkjN9Dc2kZ36s,1158139482532
tz1cVcDkvek2UNAo8ihaycH6GqEZknuxjz9L,570693541072
tz1Z4eLXZquq6x1kMujWqCN3eQbTzwkMb5A6,571061064586
tz1VYfSekJV2Jcjbgt4VaaDUDH1knN1ytNUU,1134342692671
tz1Z6ikQVtLws398W5w6qMLQ7pjv8eEutu9u,1122534348441
tz1iAafYqNNj9ZqP2Z3iPwokaUfMmrNd4UkY,2787173351204
tz1ceVRLF5yAKvGcFXu2ngFtqXbqkKd1kAZe,1106471252602
tz1gSHNQkhh8qNCXgLn4MWnH9DZ34NGUn8Hz,1104782675245
tz1bxpnJwhqrdhf5Dmsp8QusjL9zN4qbDCWs,1088181848187
tz1b4Y6E5szNCHKZadDnAvdUyBfr7eQoEM3Z,25994480741443
tz1Y8v9LUURRffBVoJNysYTMzb2NranuM3fd,5027526534351
tz2ULsEpiuozejYYvEcwYq76vDHUEVcyYyE6,110789951556
tz1PQkArZXKyQjY8gmX9yAF8NEtEtbuekeqP,5944428559844703
tz1bv7bDGmKDPNjX3FBJ5nPG3LWnT7yB1Wto,4937155112821
