Address,Amount
tz1NRbpmTuPEFCCYCqCr7i3hkMRDRhBFgmxz,33917568628426
tz1RDbEW7YUkwnnDdMNieSiF6kB4XBws7QSg,187445500438668
tz1eqt71cHna4YgyNg3ao6x22xU7c7CZXxcf,1291462327396
tz1SBxNvpDFC4bjW23CtQfVLqN5cBATVf68B,137028434914652
tz1Rgo7URug42QnhBM6eLy4MWdfwn4RovHy6,29486141555325912
tz1YTQ3Lys25j8FhZQY61eoYErYUteSao3ez,61769467302101
tz1R3bKH1seset2h49p4vrZJCEL8voJgSK2G,10293621467376
tz1bdRJkGkNQ7homh4PTnkVM7xzVWhuC4EMm,3682430464868766
tz1Z2Ne4ZHxNPuCJeCcoykHVXTqhVdLMD9gV,8969586850910568
tz1Qji1NnEPj4Cxa9s2WEoWi9U9KM6a9gdDL,929298733063078
tz1cmanHzitf3UgWgECzLpGUKpzEfmGZaFsw,162182721399319
tz1eZFb4bNMMdveGT7BPcktbYsurg2e8r1xR,145930355492
tz1RartAmPJhFsL9oAhZndSL2G7KCsaQqqkf,61534231769363033
tz1MyqKoe43P4Z8MfHoXVBTrohgcbehp2zLL,960710030898222
tz1SRcMg9GRXi7paNeAc3ARn23mS3Z5dXa6S,72139697710744
tz1hD7VdzRpWG3nmYpCyW2gNc8mQNs3TCgxu,1062342954408
tz1f38MX7YT2Q7MAq3mDdj75GTN7vgqV2TfH,402900351648
tz1aBDeNFooBEmBXnWDVgLknNMUHMYhHVcRA,7497656013236194
tz1hD5k7QW9ChHCgb2YLthKFirKDYQiNPDJz,208304915590937
tz1ZL7ekzieKxwngCCyjsCN5qhu1ohwJQEBy,440951130865679
tz1enbGpES1NDr2kTaocDhxvMqtpMy4ruhW6,175452094107771
tz1ehGMhxarDhwppx14PX1Y3eqbZ5W9Bc2Y1,43625459191751
tz1LN3wPFYuS5fCnodwxT94xVFLPtcFHvcHk,2672232780281
tz1ed4brTwpFg8hFUJSJ4HqnsC7sEjVesMtb,1226324382176321
tz1QJE62jTxHis7kZkbDT2zsYZyauNDNzWg7,545626979439207
tz1gWt7kUnJtGXoT5BYzHVa89qGp6QVvQmyp,3417770910496184
tz1epR6pJmPaJ8vvzNi6V1T51ccocX1Y4VBb,22314756638399
tz1W19DveaP3mW4WvFtdVdqGsWwBL5q1QDSK,4529134080302521
tz1esdEqZC5Nz3HDFseHvpH6SmQJPocxLzA2,224695460562428
tz1XyTsb9DwkPru3eU1Cwnr5JkihEi5eisHo,17227981892580
tz1ULQQ3S4kFLhhpPsegiMVFmXx2G6ewmbTA,2229308645830856
tz2Lqs8WFf2HDG1RoxG3EAtuHjDS27XQANWT,61721666242
tz1LRrXCmELevk5znmVcYD63TChSpYh3vaE6,483773451709
tz1S8GvdiWQghwPMMzbNvRh66rcfmhEA6vj2,4692878509942451
tz1N9qzry2ko1gwTK6HKWamZZK6FGx3Vr89U,9951724377139
tz1M5swezYMnDaim71PSeb2cPFk49ajrvDV6,281174159623676
tz1QQ4HyGbCZDmQxeVHoLP99KLyfvGvyX21i,5675713147735853
tz1WKygtstVY96oyc6Rmk945dMf33LeihgWT,902083271311022
tz1Rux3pGrp2KpZUBKvg3VQ4edRYVJsapr4z,106126935170742
tz1LWMmDzH79xyu6JvELrnvWLBBVjZg7TnfN,3242134893091602
tz1RfSFe1dxP7wh1zSffEnskgqvVVWKNKZG1,14852106508158
tz1czGMShkB8ZtCHKHeCPTY3CpuiCrjsGJBy,35658266397364
tz1UQ6cQZef4MuskJjV9g8pXNZa5s8ff1oQy,390955248422525
tz1dTmMLY7tan1HKfW5e3KxJcfZput6UuTH6,672689695695
tz1daKxrqyoFUCcuQj36BeMN9C1Ytmjg5p6n,631081808754399
tz1YZ4VZCRPoiDyGP3U69jCq2S8duDUcRjHP,45092530189434
tz1L5rXu3RqYBjZzjWXLaFANYZcwS5Pb1ZST,666098212731500
tz1NkFRjmkqqcGkAhqe78fdgemDNKXvL7Bod,507259428957070
tz1QkQLtDkqpw8VSymi13A86jh5iaCeMriMJ,3594961737449573
tz1h6J2pn9X3KMghNHZikrh3PtEpgCcRAjHZ,783542602541916
tz1VCyNit49HjTmz8SEgeL67x4BLuoTaeYMy,4686803653611973
tz1gACjUSBkWjqWv5ZBMRk6G9Sp8xNAYgwYV,287880967671841
tz1ieVZFcRity1eybQtgUyGg8NLEYWNqKtQe,133811226356026
tz1T5GmdYXDWwbhBrU7RubT7Z2dmz3ZmKwCE,2405363322799637
tz1XLpud4YtVgwiAJezLKUsAo9K2s8n2YPqx,67586071589
tz1gmajxhmKt22CbcsSA7WWXSATgbuVEmzTC,365786060190513
tz1cfzEz3R8YKMqC2rbKnr2XtpNjZxH6RGdy,65526653871033
tz1hR9eQYNNTZ4VGUeipK4PHtyyDEDmQ9dSf,1431011385060049
tz1RxeY78zE8hNJbqPypB1mTVyTsBRmPuqry,190037137917178
tz1SBF19iLiCc8dNpKe1Ym9juSAKaTPyeypF,201569752773
tz1X6ADVxP37XjYppBHMLVRJQwmxA2YxztbQ,19681790382286
tz1T1u1CET7ek19f5P59vCdjTNFWAscYQ5ct,709533480825004
tz1V9qHfFxixcXJKWuEziUqvdrQ7BWpPnWTa,955836104400373
tz1Lqnwap8kKynTpefqqSH158i667Wdg8HVA,280835683833352
tz1Kp19QyYUnXuE6cxuXxsfQZbyqv5JtKPku,105846168
tz1cnojsw9qgMbdpgPeCcWPf5GX4YPvd4HAh,835971756904269
tz1fbJACCskangcgy9xjDSiEYgh7CUmSo9oc,33805231239141
tz1dKaw4xdNjfufDSLWRxumNBwe2VX4mxXyW,185654100868679
tz1RJf644pa7QAZqKzrPQGiYQPyubXarC4cv,8856132463412
tz1YSwscBZCf26kSPvqsnUdhnS4XQD6mAjcz,8370795593959175
tz1iCiA1vKmgfZbY533ZgMwFKZ14S1DQNooQ,35532359095894
tz1hNGWJUFPFV7AWLXvxGzJVEfCZ8KJ77PJA,137415453172524
tz1Qm3DHkV7V6peZPyWe4rv6aToH3nRmWEH7,57219420697817
tz1KsiwkQ9pyrt4Ra7QrAQp5LQJCGxHQrY1n,226969082849
tz1eKTUc8X17nVmtVRtxBcs3hwUPXWuqP2AS,6627768398273358
tz1hXx6tvTV3kzxpBR6E4hDYcxdgcRGHUTFj,4386417
tz1fkZtnjNfQHtEyUpyX9Tqq4RrLKx35qBxf,243810717525863
tz1chg2T1s4DTjLqthPc49HDcqkFHMwdSPwb,767769283184694
tz1Uzm53vPr2Giyi32yT9GUvBErKqHPBjvQL,634906699667
tz1aR3nrJgUyU5B623U9s1MtMsMjA5Wz5c3G,1464233877337362
tz1YaPLZuVmZaKB69BjJXKUDgNaZrxBR4Lfn,40803347832618
tz1WNk2o2hJvzjuZRNmZQwjLQuv24wDv1zjU,115043723832
tz1QmBcwm7RH6swEYNpsZZfAWCCFaW6wugVT,3442702231873592
tz1LxqBcvRbZhp34C2ab62CMy49wFbsQSzD7,19842922600425
tz2Kmi3xEnXk8c7zqWSQqSSyfNpWt6ovG38D,4082738015560656
tz1LgePVXLZYNhHoRQ6KgHfQjQ1uq7JJPZDa,31799117234999
tz1gk77xzDAG3sif9eFvsqUnzaGh4MrzaCp3,1674479876997991
tz1cWUkZFBZ72Yn9desxcgS9KdH4BVfqd2ZW,820664256061609
tz1a3LNYNZTNN2SLMjWSUc5jtLWFvZ1kC7BR,17631594556162876
tz1SGPStfd9v5upQUxRiHPC9666X4FpVAmK4,1716504073541
tz1iF629Cc91SJkmQRAWAm6nYavf7RgpAqZh,1539926803094
tz1WHGwmdEr4iruf4v9r6bdHgzC5v8SKYTkV,90887943590147
tz1Uza3jMhipiQMtmeEidizjbSqnqZMQyRv7,46173373862
tz1YqsEWdPxBmqVKsJircrwBmCmZDtHAgHzp,22900347183297872
tz1ZLMaECyswARea2bTsBws9eMjgUm4jG8Uj,2833873930370641
tz1NySiq6aHysD6Rpu4bYhFaVe3ASya2qB8D,190713817240682
tz1USU2xSWb7CBYGJYat2X7An9sr3cFfsLwi,116420218930064
tz1aoYg1xYeEdnLrAJ7y2r1T3aMBCyms6ppJ,2082710266127
tz1WxCJ3UpzyWsXmmkE1YjYzbBv6jXYkbFYV,138165492663682
tz1fq3tMpnnsZ944DVxcJqsVNGsWTPvqJzvo,118733595197471
tz1PrecMTmNArbdvQxtZLUVUBT8rcC86dKZC,3800198025394
tz1Q1LWn8wCK77L4xetjbH3Ar7sDaSANezZx,26552180707054
tz1dugdoeZULYPA9phfkpofrP95rFqhZNXeR,281385840940
tz1UecmgMghaWovhh9EYfqTrK9gTtaiMtbzs,30655720410
tz1gGwXf6Ggkv9T4jGmp58jUMU2Gh2vYjDyH,89653340529996
tz1QjPnpmqAJYSfDtDM7uTf5bkZDNY7eBECd,309527424200046
tz1aVZZd883FwyEx5g2o3TgQ7pwEYi2f6apg,416790766647081
tz2MzvuRU1GEKi9udpqzLpGYfDoZTiKZ3C4C,1041715069456286
tz1SEox4m6JwzUjLL2daQMKU7XDrvsEukR7X,17857854367557
tz1XJqUrY2okTwoJFgHFJKQV98tsn2oC6Twj,85994523027596
tz1VqXA6L6hPEFjvsgWv7Viw4xQn5GyNszzy,8323517701988573
tz1Wf1Lqz1yHm27P2RQJAVV2CMxnhYK4bBGc,307078547451324
tz1cTS1WwovU7SC783xgJxZrzr151mcshmNi,23711220583342
tz1f4Z9FJfgStP7v6Rj7BMJnWJ9Mb1NdAGsS,330204721718
tz1ersiy3MYVu89DFXvW7Qb8AM6LYptSsoT7,376760660067566
tz1UFF5DSDDtk3fM1ewaLvVG6fhaAeCdgYEt,28960060027179
tz1dcpUhXGeXexEXispSpfv7CeufoFnV7AAf,2316441892056903
tz1RKRhkvC7MQgKfPejvNaHGshWUDsyJKZdT,1367365638954485
tz1SHzbhYsbX6Uk51hJC4JkjgWM1gWaSwBqQ,75865098476879
tz1NW1MMFL3jytxBjhx1qATMJyY47vLBMa4p,34136909176565
tz1QRm2TJKnarZ9tbL5CNjN4Ltq9pJtytuk7,101078323
tz1WJpBDRGfa21un4yQDKTGXZw561nsGg7Qe,2103954641085
tz1UXAsfFeufr6p2PafNr2oXNrTDSdtwwdgm,30659193690941
tz1YPUNi7KW28VxZNEu3fNkRkJG55G9p7wsN,43899460021
tz1YpusrSty7ULz7w9sM814trSRmM1aNbmZd,1555942909325571
tz1cuj9Cgi19KMRi83UuypS89kXM435qdhmy,3721297065352
tz1htwxBMBFikeP8SnQiEQyA9n1ryDrDFyLK,19071387636196
tz1XTyukKgkqq9P83UkV15np7EtSSEy4kAeY,19534167110129
tz1WMFtCLLeRiayH19ZiaErKq4Zu9p5N73Sr,537216737963
tz1RFUjzPENm3vF7quaxfELQCfNTCSjAsFdA,188014556856919
tz1cLd3gXJ9Fk5c648hRzFvTnGfT97CxcHrj,320130400503949
tz1Te5JR7gzDBwtZLKPWSPuTGFE4JX21vVur,7356976213
tz1YDRhXyq5ZHMoHXJX67rHSrUFTqhYjFo86,22027081143426
tz1NGDuYTuuB1geX1K5b88cqa8JinFLdd3d5,95357276316580
tz1XykUaKpskyp7hDEZjmuNTk4gFU58a46KC,10939960654288581
tz1dghYwdzvHc3tYHp8iHpNUSpmAvvs8Zjs8,4718462717169156
tz1PuipWs33aqS2KSG5k1qQtC6Dff1P1GBmM,71377599305785
tz1ZNxMa8XsMa8JTv776X9iCETcNoo4SY629,41662156514704918
tz1iAAJhH465Cf3BnsKQ744XHypQGY1v7Ps9,97264046
tz1a5QW18ULwjJK71LSc7UqNGgryrFouHzf1,13927010222938
tz1Z1ZX2B98nEAvEnLXJBCnsJ6K1GqaSp9jK,68566388824802
tz1enT2GWv7U8jyPmmoVb228u8hvi6hJh5FF,178723325852956
tz1gVon2mQhvutR49Yd5XK6k4ypwWfFjMZtz,74759816
tz2HSz8b961xoDjDLy3aFGogvW4HEqXXdcR6,97930970176067
tz1eSGjgq2NmLWnaQFQxafXK8ZQF5V7Sz72y,8176356288021428
tz2EP3fw5CbUUgJdx4c3Xono8Gbc8PLXGRM9,144204586242691
tz1ZhteLTqobRVCYsPj44oFfom5BJ2SdGxeE,147306483163124
tz1aRF3qMDrbN95f8dGYTKPaey6J2qQQnk8j,47999412534243332
tz2ALu8Jxf2SMgzSZaZEwfiJQbogpUDPStwz,96119763
tz1fCHiWZ3ReGqvhxkMejVzcnXYz1rnsJpow,3916023621294250
tz1Mdpj1npkpaxPHF2wFN6oX8SovVPfHyXSy,47632738371867
tz1L1i5BVehYJBebCGvPYU9kZYGKBELGUJGH,1190731858005149
tz1TR56EbNTEEDeRrsPzQzoyvwFgZT25q3JR,66018927866713
tz1XbQgDFCaT228TPS2YUeHHfpVqGW7ANCDw,29052362395
tz1S1Aew75hMrPUymqenKfHo8FspppXKpW7h,7994147971038
tz1Wb4LakUUYuFuuEgXXQrNZuBD49Trodhwx,75360706583021
tz1RAfKUFBX6P2jFkCpzLFntju7djjbtKAKr,2818558281189481
tz1MiQ6euA3EEdnZxJ6EPwVsHzd6vQ7AHJmU,170879580
tz1UFwr89hcJvC4sNCYK7zSLcaD4JW2KkNYD,802281162891219
tz1TiJBTfVoXxregtdgCs1rYd55APXSAmniz,130829678
tz1ZPSGxrrPPfrmoGJgpXDArNJfNNy3qGvE4,65735932152671
tz1iQ5n52oSKgdtdYtqEJgKmQYbL1nn2poB8,1785181059921379
tz1gueZ7eL2KnvxqWudHjoTH3ZPiUCmwNKR6,221834994938224
tz1QxepCwQ45EwtcxkgXZezHbnidvK7hUywy,1203738252172386
tz1WT27PugwGBtre1hsj6BHmbAK2qQsVbRDo,297264217593747
tz1fL2TsQR271w84MXx3qFD7y4PZ1F2mpHFA,2438406596
tz1KhU89QWZuuhhnDD1paFp1jYMdpJLh55im,442231577825510
tz1QQyhTMAmNQPcSGkM7GfDva8hmuFPAxUMB,295379423423426
tz1htnC2n5n27PFD41q5X8bDvDcjbGMUS3f5,4840564325558060
tz1PoickddNEkRN6qp4K41u4KUW43vZ1UDvF,9816871576776
tz1b9qYttBxHzoEseqabgvQiCxafZzkAtH9G,2085517117463909
tz1MQotPcNdc9R3nWCTwXLMDqKLS46WqW7Wx,754497854597780
tz1favSqpvTLtedjTm1UjuEmKfgm4o9kyLd1,1700931909950842
tz1XYuybht7U1RVsUip7H7S31fBDxpUgpTXP,89254066
tz1WHUWCMqVqq5AagGN5DrytqWz88tYgedUr,82437004572997
tz1YJvMiZyXnzvV9pxtAiuCFvaG7XoBZhbUQ,420783879815820
tz1TmSForCvNii8rmwL6q2jgicQfqjNFtj8K,847860059750097
tz1eoqCSmqPQtTLs53Rj6gBB14eQh2aHWVxu,17024292235747
tz1XhZUHsJAFp4FHoeeQQ7auVBk5j6xoUKbS,23045458892772
tz1Pwh2MBs6q2SeLHiko3iJpfMwsDV46bqQU,4316039667126934
tz1hLWsybqnJtQRFp8skYy5aZLGNmL9bMUpa,462042770868004
tz1PuYitvGfsBm7C3oYAXqNc3t5wNhWZj5Dh,409132475089444
tz1dbCAvra65bwTVk5mgkYUHUGz3hoKwovZ8,137620280020541
tz1T5NfkdPfhkXzYx8akPkdznxSgU1Uf5jEG,345388606925565
tz1PYqfNnkpZydtSY2Tn3Rv8mjkgUpHJpFXC,959842500123260
tz1WidyAU8wuyG25Pd7b93bcx9hMu7W9Pea8,9601450072204
tz2Mz3ovkZR2HyC89CHHSdsrPya1mKSmLWfD,66584489252543
tz1ae2d1BJt7YUqaaec6Xenh3mBqS7VjSZtK,59719254951477
tz1g1vr7gbU7kwxVqmbmnovTGtdeRxFE6uBk,15641797160673
tz1L1XwcVmD2z4qPfLtBJ6RPThgAwLcXG6kW,10063541508981
tz1epFVHmqeWvvkFf2eskwhQ1AY3JwWd7Ej6,198342375079582
tz1QRcnskFh7eaV7QdEnjoYdDfrDqHgmmrvF,515846530556840
tz1XybkRZWjLx3hwcy1hQ7PT6FWEhpHm1FBv,50442550323557
tz1XcuwadWbLKkc4mDVxRo25dbtwfEa7wf2c,355461768230202
tz1hvRvzke27MGtp8CsSvsafxyyMWSVYM1ut,17991092097874
tz1a7MJ4HMNbWDhKZAqrvzX5P6u2E2mJyJiV,688207342303105
tz1WeLuPLjUs53Yr1RCgq4EQ4d5SvV651Tqt,6755598372160
tz1Wo716Gggp5HfupfxtPgmYu23rDQNcLcD8,640216818015224
tz1imyQrFWHyTp4avUNAw52RxdFjU3HPviRN,176245073768449
tz1isKR8pS4pdgU934K1S4UpLsF56ECJNArh,238100021888027
tz1ZVoeS9T3H451BgjTe18pM1q1LPd2cgB6Z,374624835794
tz1eL4fYCgegW8tLCbQ1mYiKY3TdDxWnnKo8,382317815443990
tz1Rhg2UDkjgLhemdSMtiGVGRmzwVLVaHArD,47478093806626
tz1dPHDXSCFo8PienbvDMyCKr5DXjPMrZkJ1,317806578196522
tz1fkkxXSMtSQew8F78XdsnaC26AfsXtsGiY,66837212332462
tz1ZuiTWKXKqYfzFPaSaAG3Huf9QM1AdZ1pJ,243360448496914
tz1RsCndtupuxe2U3syGAdcRBzpNqJZ9ANNc,5083212227756003
tz1MrZQhiNiHK14oEq595DLsVQ9wC4Nv2ZXW,30445912023784
tz1LJQ6MPnjGekNAmhFmkm8XWtM6UGx4MyF4,1163325902375026
tz1hmxzW7MuU8HeRoCFPGZJnavGf5unqgaph,699240912835715
tz1Z6QqrAbEAMDLsis3v6b956sfH6qLTSEex,2548906378096
tz1NnBgY2ze24nQDpdY72wb1GVsee1UfAT3d,25578467176349
tz1dAW94vB3yYfNPE4LM2txBT8PQ21Zq4Xzf,57214160047882
tz1eeR22tmjPN3rGDikEMvpe8jcdXww3dqTt,190713823534238
tz1MsfyCeQEt7khed67HHsAidezZ1Th6mjzB,66138494310952
tz1WBMWCwjuFSsiiLUWKEQHEACNEat2S3EsD,11056777543460
tz2SuPjN8dYMJQe548bTvSPL1fdStZPXv7gT,14050353584059031
tz1N33TtiYBQ67sw32rhCsMSVpZkrSHWe9aq,2978453851894923
tz1QMjzbw5Yoi2zPqUeg2yuv5GZdmXjhh9mr,190716296901734
tz1ZutSZgCHEzxspXyoSYSREhwHh5g4PM8hN,119386849
tz1NJS9T6FKTnKUkVNv2g44GHTAhzH77qiYw,386818864068944
tz1URL5HNuTa1fHqqCtUKXUM3hm6g9c88NgF,602211490000
tz2M9C5x1KoZGoQ9xEY6fQ6Xwbe2GU1RTzRx,155377859458
tz1RCQDHtpdcwfgF1Kbbyusd6xhfjbXanhZ5,2250241600430610
tz1c8JTzmA6c7cm6ZmUwR7WES6akdiMa1kwt,301952677599677
tz1XRTNgXgWmR4PqxZpiB6HZJ8Siz3M2JAim,90571825869446
tz1imbraxLCQ9TUpnJVP31LS18hpTqG5wv1k,214331025668282
tz1iDuz9LvybPBC4kDc7ceBoKVDwwzJR7zKb,5847683486409895
tz1eiyML8sHGBL139FwJQJeLGHWAFtDqPz4U,19071382677637
tz1YQDCB6Hbn2ozMyS2kf6WPJDeRvJtmtNqQ,341689037313269
tz1eeNRXYK56vgSfXHFcXorubcaBBCVpUY1Y,122819698
tz1TQw8erN1a2LpfRSNMExicRXMveBPbvTKE,35399811093
tz1gaRjULm9qy4D83VCvb4ABWLKpz4XXfqjx,92432376312797
tz1hAZNx3LrRKFgfRytoLNVGhCrzU1uVDUHS,301585922902671
tz1gJaXdi7Gweq8TUSy9knB2wLjioTKy2tZF,39657518812258
tz1PoXtd7RGVBwWmmZvxX18NQXYpbNdiwwtE,527791749180772
tz1RLCvv7wrWq4hTmyKk1zZuZeuUXNViSgRD,10665791161911
tz1QFk2DJhPkzp2nCN7Thpo4askJjQ3Zw6BU,204925175756
tz1bRDYJHp3ACUojEeM6Ja442YEwNmcb7ph9,187208808143320
tz1MDs7ym4sp2FsQhL32vuAnEqG3ARhM9Vi4,202156657527238
tz1Xy5UM1tC3CFcbPBVq5PjufaxcLjMwfQkE,5482483860563
tz1RAKBnmd1X43pkkGqywYCRgf1Uo6D77zMx,5482098237225
tz1cXwKRD6AMy5nhqEVUU23SBxcAMnh2aKLn,61133204265342
tz1imrUNR1R52GxhP4y6XQCDDXtQs11GarTN,3955457015871
tz1chab75LnyqBqNwrK11459SGCFQXLg9uyx,100047569499527
tz1USfPTFciXzVsQL7Rk8HmMWyWtFEas7fh3,219172626425982
tz1btYY98CWBVCGEikD7s1buWjpicb9kG8aH,4117015076873
tz1fj962xSPKTA57yWHA43VeVzo8KqdpNAeF,288851109193767
tz1ioU6W4otB7ebgRZTq1EVVra3vMyXqeqsm,53909926285500
tz1N8oU57qMgDRr6N9pSbhaiWRRQSxJRPGoZ,41824238270751
tz1fCEeLBcuSMSittqTnMEhcFdPCtD1HsiZc,972753151478
tz1WsKkY3TLDvqTuK97Xu4zuVoTb2nsr7J8S,35262186479763
tz2DsS3zeg4pqoUnRPHxvuRSuQrjDnTZcTNJ,613937846945
tz1gSGxwMrToBdzLeaxg4Bregv6W2oEbNLC8,1772797779097084
tz1X8AQxtn4KzBwMZ6MZUVFDcACrfnyfYhDg,78574092
tz1KxARuCbAoiGGesnQjr2pvZa7CzJR7V9D7,139126636711992
tz1QS7N8HnRBG2RNh3Kjty58XFXuLFVdnKGY,11431232315185241
tz1RAP1j8SjwT587jyccTNArBFhC9HhGKfHq,24510726119171
tz1QiZCuJMuVz3aq7j1Bq2v3BRTQPCdTw3Fb,374336105582580
tz1L8hBVpams2fWFC9kS1sPVxfGY6Hmg5TQ8,53235929322952
tz1TQSPkLPqXUREhxvYzPbAib6Jz35w2a6tw,174482801576020
tz1XD1xSVzgY8Qs1id1kNyFJDbv9e9pNMe2c,95364366293450
tz1Tk1MJDZ96bK85RLAqtKfnptZZyXsJ2jaq,86320660737
tz1hes6aF3Px3D8nPQx27fdwBKrXmGs1UYxT,554431108463814
tz1c1BG1PEeuhMFwmonTVSGafehicqbBJFec,16206368910319
tz1THwbFPPPBHmBu4cmLV2SppLFrA5QfBhyF,75999754885318
tz1QSwx2wnmrTjEGrid79c4tpFMxjCT86SAy,163101596988660
tz1RcJYTsoYQ7adtNMANhwd8qf4zApM4i2Yd,404135445473456
tz1cvrgSekgCqgyc1c2qFPSeMtux6AAAfDsk,2473505149182
tz1a1ZcbAeBEjxYSwuNKxSu6FbFB4dxdL3m9,2235133707425
tz1NZnfrNgCGdECyAhA93TLPTSciJcZBJqDY,9251705256898
tz1UGuKv6PzgVbofb42VgeRwDwsVN47UpuZB,322169266998489
tz1eCzNtidHvVgeRzQ38C81FPcYnxMsCEL6Z,174121715
tz1N3nvFqipu91tfU9s4GXGsopawpwxSoAJh,15681443241187
tz1LFeLTRQZrgKxbmvjz2ckViRhVw9BZXw7t,3779879652346439
tz1XuzzMTz1LhqbRPy9uxfRkccSxju3v8Y4j,62400748031292
tz1MoiwNRQWHfA71aypNk8J9CsKjfmq39c2F,683240530105120
tz1hhphPmGxL6HEmEjoVSJBy82FMWbFwzNCD,3819185890610
tz1YHLm7Lq27q3rgVXLY424zQMkvncVvNiaK,20978522757182
tz1fKtBhuuZiMYhM3Pi1hcP2sjRbstgDrmqX,6138453379939
tz1XEA7cp83PyiXfSxWu3uHjA3EF6Gdh3Vhq,20635794389067
tz1UXMLCt7dqbUiJ2BHRhE1gFkdVkmCZYcM9,6724297619430
tz1iKF8o1hCLaTNZcCJpgKQBQxkpcSiBy5V6,269366893117684
tz1c2iwyckUCcicx2qxqtwLEartYFEHg1pvB,122623693893754
tz1PQDUDph7dDCn8pLGXqaR79DiUWLiSZdEf,64460985491621
tz1fUZ5pMP1gUjuJsp5V631cXmA87Kxm3cuZ,984083304781188
tz1NVsmLrZX4jad9bNdvM1EskvcTq2LSZhLx,849989454470120
tz1PKoh9LB2P3pgh5ahaAFnrC2QBmUxcHDJU,59290807331046
tz1cqoo91JCc6sKmNuTVKNzwUdi6E6moHWFb,251900151896228
tz1ZGNErBKdYeEPjZuqKXhyTixQTTPn54bx3,7024106527706
tz1QVUXNoyCfKpAyxDpq8kR3rK2AShuzQxJ5,650690572930120
tz1UVTMhbMiSETKCxFi413yZ7imF1xeyt3fV,194557982064220
tz1UAYfFWmaTrQTYMptaGCw6LrXK5Yv84VnQ,1035668333104
tz1hLhGe26gqt78sZboxiwne6zgKMqirRieW,7327219327686
tz1RYTr2WKdJD1MMV51kN9AoxPnxZJgJ5sqU,10392370844809
tz1R6mtcAQwBTK9YpSqRL9y2a6JZWgDkBm6M,119005826859199
tz1Sv2XMQNxcAqyqyyv42FHjf3EGwJ3Godj1,2123617489734
tz1Vh4cX8VutUUUnnjmnY2omSV4F26T5orLH,1434905070610
tz1QGCWjNpYmcS6T9qFGYSam25e36WeFUCK4,115294935617151
tz1LApX9pPhcDUDznHR5TTCcSXh3m6zPgFHA,10567406867694
tz1hUY7paB2J5EhD73r4oWL6uZubf1UibHrk,205840207751027
tz1PWZTKd1zhfuxrixGJoHJ6G17SQiypwe5m,94784767
tz1V1Hu7nMcgVuMKDEZickAKHHZavLKTB7Vh,102031892
tz1NKHjwrYfg7GWwbWZ3bvdejkVL34De72Pz,99934040
tz1RaZeHEiKewSd14gZ7HKfcQ3HaNHJ5tnV6,2055668808466484
tz1aiLrqvULcV2Kfvzt9dUmqnLQnoNXPPek8,1863130606257975
tz1M2h2hPZzov29kf7xcHXrunXb2jFSbfiNd,958376400812476
tz1MToDUySbYhPabULUyDPPsfDQF1cpZPdoH,144216018838531
tz1gMfLSQs6xTM2TcLM6Sb2njJ6h9qhSsT9Z,288771175536151
tz1Mt4ddsTmDs4of6kkWYvMWSUtM8zbGNMq2,89063352
tz1UNTxRbAYTSBSdHMjoUoYAtLH4MHMUiGwg,19853745872251
tz1YUJitqsUrFfFzEp1d2RiqVwV61J8aPb4E,109469731
tz1TqqKqc4t2Y6PTvxeuhF8kNjVn8HpZkKma,138653358060993
tz2VoUZvPNLyq9bZ82VoDLrhkH8n6eaUoS6E,26162218140982
tz1ZvbLR47deoqaSgsaRXe7hbgDgwonBicnV,2822049244404916
tz1L8m6MGdvK2WA65wQ7DeVwXVmCS72JKWeN,26680227378164744
tz1iCJRFVD1oY7yQBap6X59XktpKHJtgCGyS,6492411740468
tz1bnWUvcfU77EBpbLUQ41c3hCBKovGuqyGY,436445944816752
tz1STAzkywd9GnKGvJBPL4xWte3LCniyu5ho,125778430556533
tz1g6cLrzLxNayiVyb7BLsKK6TfwboqWaYPx,48354843719210
tz2Q6ugZbronUHSk8fbuHibBrBEJwrzgtL8X,38333484512502
tz2Kn9u9cxvTczP6CjirJnEE1UApmoCzuGPB,105803463358480
tz1aHfKHR887WzmpA56K2diKDufR3QJqn9iK,7044024008351371
tz1bdbHUpDrUx7m5g4VTSkjnc3mxnquzRTcw,8164971437435
tz1NoV2nnTuxavEAuozNyHm4nqT3qtkYUNYW,102794747
tz1TQJjDtzUWWAa5a9H61iyPZmuKRfX9hXi8,20349728396051
tz1ewd8gDnG3USrTRJVdbpsyieVv9fWDMPNk,344885648275414
tz1PwxV2kaHhubkYaRWTnGBvsxXswz7V9GWc,693499528458
tz1Tpms3fccT8x1pVY9BQKgnvppew71pTDDd,19074992127342
tz1bNLPqmLVxWF6puxbFZHU1yCJLiCZmHH2E,5709149588137
tz1ajJzH5YBGRuXnU7QDJzY2qVRGcysUbxJE,19071488905233
tz1YT4u9DnGFiRM8AXXACY8LWuV1rW3A2hFb,1009267718519
tz1QppHuA9TUoFN5Ek2ZSmRPdU1xQiwRSnPb,10619520346120
tz1fne8nhZuSRgzaQPyaomKQcFRfthyicBQc,19071389352620
tz1PGFWJqZhk5BabfqxfYixpVH9S8vY7NKj8,121866129
tz1Uva3ynPUXqpAsWJ3CxcXVPG7HEXB19rzU,194882841501228
tz1cGZNvVyHrKgbRu4b23Nw896JD6GYhZKQm,194561770975627
tz1i9THBDe13YzhSmcdpcWKJrL4raaJ1cpN3,194241493819506
tz1apbBneTw4Ap2kdmv7gfTv4kDPYbR5HAkn,164574823084080
tz1MJ4C21XhL6B3YptprRWMuL8oeJquUhz4u,128509643259892
tz1SMoz8tsJzeQPtGhPEjPnanQMvFc5KitVh,10639236531260
tz1XuNQgqT23u9KcwmRLGGQ6w2n6dCE4bmoV,15859438639678
tz1WrZ2Th2eCuq5NuZb8nHXPJUjaBE25Uwgv,126633974
tz1idC7XEoSZ45sXLwp1ujYJ3yNFi2tkLT7A,66785912032049
tz1d4649CmmMEzXBWzhTgTkFxy9ATNhb5HC3,2149050258168
tz2CrWArLr8eRCj6mp6yYQAKshR9MuyaK3Qu,216437370716353
tz1WqkwtGV3ttnchD3bqmucZwByduHq8EN8f,13022929627332
tz1dVTewmwhAqfBcAgDuDuF2sPUaafuPA8mr,202593959351612
tz1ScePe2eXYo1RBdEe12hNY8KrvHyjFhHw6,1721084691075
tz1XNmNga2NyqFiNpmEN66fpySDoGWoKpKXB,4670666382415
tz1dXpsNAWLHVYNWSqhrHCHT6wh6L1fKZfo1,131783247
tz1N2AezxpvrXzvGaqNVW9BqXxJ6Rcup9M4p,7161357688148
tz1iFKBz9HbJDp6omQGG9LC9bTXF4zKdkJfR,9720675064063
tz1fFCF6FogyPLLjSk3FNTG7gVdDWfPCWVni,107944020
tz1WUmNdnrv1w75V7ntFSt5kSuyQfYuo2hqK,123010412
tz1LYQiMSoy34xAUD2NnsJLCTmb8HYYR9th9,9798731940894
tz1VYa9SB4LtsHLWZnJXc1JuL7wuX46orE2Z,336290423151275
tz1cAxm3wHEUX9tY87sSfdVfHgCWcPCTkNTA,138584897712732
tz1YrFGJ542U6jpYHpe7BFHxNfa2mb1wpAdH,2220296849736
tz1SPVSDCDpbqigKWVYnbgHEudxSM3BASPZj,1712876285940268
tz1f7C7HeTczoCxoo8oQ3vBDRQTiNM3tFTZu,83785445976878
tz1P8pHeW6qWzBkgeDvi3bc8depN63r5tt5s,64981552615854
tz1iZnkruZaYGv3dfER3wEasjJj5xpaTtMjN,286070730819582
tz1Y1svqGfYwEN9J3ne2WLEuzUVnwzP5qoYW,29579270968
tz1YmwJZfEerVMbc8uuJc7xUzE64ma3Xfu7L,19325883782475
tz1aQbe92zZy6MNeRFtgmgV5dV5R4BNTdqK1,18351935846111
tz1THz87Wwo5DL34CELa6psvuH8RXShPmSbc,4958646404472
tz1cgAHrLkuj5NrLmQ6LnELKFKu3i13CokzB,89444780
tz1eQ9skdokeeUyTc4SdNQMPigjZ8JY4kzus,246801975583304
tz1S35xPc2sh4kK5hd7KujsWU1G3SUdCnFqp,3218677825820016
tz1dYEEirVkgSnE7eGK9vFUwxWBqibkafs8W,57343576346410
tz1VLGH7SJ4HA6kDXRiHYqVFkn2btjnoxqib,1854061908047525
tz1XYkmAHtkZFjZLdWNoL2BTqUws4oD4H1PR,856218202383025
tz1dCyFm9jxuhxJEi8UW5sgiS7TFubaNT1J7,1081297758162
tz1XbmhVLdDgsihnVoyn6aTRMURJ87YEbG9B,104896951866396
tz1Sk1mwyBQkcyrwWZkftmR3Mjv77BEGUw65,21885220299236
tz1QHXGKA8NaCmpZLrvrUyBpYhgEiQDyWY1r,14430890108173
tz1NS4ZXnzYBPJpspW2svbqdjGsgBsGZchzV,763673438773
tz1LUdy3KnxyyARheKtfcnRymhUq82SKLvyx,441415388024
tz1LxFeaR3ZNkMRstvhjNeVbpv9vz2LttLBz,88872638
tz1YRG68NdqtAcsFEwTUw6FsSsiBb5kagEDo,9588918795619
tz1NiraRNtWgpXyyxopRTk2a7Py9oKFdrgkB,47979535012325685
tz1VnXCALwSCihScu984A3dbY6XXLzDqJWa1,104366904248195396
tz1ZDDHc1YycDdwQezjVDVCSfSB6A1xH3YxG,87346928
tz2R1iMz3wHEx6Z8dpdPVgb9eTDVh5NdeqNz,107815941926412
tz1hR6q1QMUC4wLD3izGsfeZ3HuyfJH5QajX,4016487221528
tz1akJUKXFmNjxKaCqcEHmwbx4u86xfHLYJc,5840328986843648
tz1V2FYediKBAEaTpXXJBSjuQpjkyCzrTSiE,15277886110008
tz1Z1xRcvcqPPqja34fWNd1StABUV38LnbpW,2002667134961
tz1egZ7YNcG81udp3pGXPBsYQsUNHB7xAH7V,37617629805510
tz1TSowSJAKRqQbqjspmyfN33nps1op2GodY,191648951455
tz1VV5912Qp7qqZaQ28MC2G3RQ89UhEdueqt,9352201743916984
tz1codeYURj5z49HKX9zmLHms2vJN2qDjrtt,5911377395361557
tz1WXSxKwhw9EectY8mAdUFXDBHFnPZE3HSG,835002831822874
tz1aDrsGYyNbiqUX6eTHLe5otZJwN5XQh2kG,12777524957366596
tz1gu5jCJunSaHjR52rcu3n7SgDCJZDLTqJM,41853689826180
tz1SDmZnnzpH5GAfHoeXygPWwzJtHXADpohn,12757253305359
tz2KgCQ3sTz3n3jrU21DveCfTVFgrMnzeA7x,18444344498076492
tz1XT3SAzJh47s5DxMJud63MWnvDftqWFtS3,991104253855282
tz1bQxeuFnf9PTDRUwu94sU1GUvU425KqCeq,558992496878
tz1Rb2U9TbEkYVQM412wBzBbMbnqX2r4CTXs,504414970229
tz1gaTbRLDWJFA8bzcvDtkz8HxN6V1eL6gwL,7983349818566
tz1U9RY2mXmwAaSSm67rEy49N5YE1Rs7K223,8339602727655
tz1ZzEEVRzw78fhsLMM7JvV9CxZUaWGB98U8,27147339016077
tz1RSRuULmTkaXTjrhbFuNkE4mkJLRGPWJmy,116716856
tz1hHz9wjLaZ3p9sDo9SkqT1t5wxNsK7688s,31411642469752
tz2BzwVtwa2mTbspW1qqdiA2UtctbGntxAGi,3162907988351298
tz1QjLLgQidRchfWMvHa23uhfgdzNKSevELK,2409949050817584
tz1WW1xr4mdTif7jorgVr7aqY3YnnJPSDXj7,22681146753792
tz1coEYWsh5bwhhCsK2Dc1SXTNQs1hWs1QtL,32828391528904
tz1YKkEwEXk5g5MeDzNTgfDwKd589rGJS9q7,11625207989628
tz1PSiE9EmFbQFb7K1cBxPTsbPdgotHLdy9e,35595061023361
tz1hWxyYMfK3h3y7WvL1ErggtgneuNynC1JA,30978814935671
tz1agphvYoUaWn5BjTVHnqTTyYwURTGAZyBE,228006366853
tz1UVjnYXp5DZaCX3JZvxQQqxKnXaVMYAYZD,137790012784582
tz1N4Q2BLS4sYvKCoM5XxFAEL1yoEY8TSS7j,11606499129022533
tz1XH15XMCB22rJJxHLsZgVhXA6t7kJnmFa1,61433253551151
tz1NEmMNjFtXgixkdCkkGsEn7k6QPeG1G1Qn,342651916285175
tz1gVmWVnkT2yQr9gmed4BgK22SrSPjfpkEn,318591828416902
tz1huGodLQWq9gKTZJ7D2Z9GeymHBJNnXvtd,22833593196
tz1RVq5ohXzWvbqHzUgsmUNWHqin9HRkrWPz,261627017343
tz1aGLjZZLDwYYSevU3HLbEXenAxwRo6f6EM,74182269943
tz1VLnru4Qd3CFuj33ss2v1feACiaLaAQdvA,179652415
tz1cj6FQs2Zjuwwf1uY7e7fLQfzi3YAbNj46,95357689593422
tz1XksiJMYSGBzqZqbj4F1dbHBH85i9jR3Zi,165329853555836
tz1U6R3G9mF8n9qH5mhrMZjgJTMKAEYb9Uw7,3209524513502020
tz1TtLSSFGrP1796nyd1ZhGH3o1AVitoukLj,4620956351235
tz1QoX2rtnpKq3MxJ21E9NcEKxqPL4dKsEcn,792102458022131
tz1iXbbzm9Wogk7D2W2qNwYzePbQVmYP6BXN,14285849038804
tz1aQGJFwYn3yzghyRbuWNapzDZjXCEfYHuW,2035378240967
tz1YDowtv9HFd9eUoMZMNjicREmagF38XWyJ,210738768
tz1MtaUicPHBwrvkwnNwikGFfFWdaPxYAvJc,18539953476623
tz1enSmESCGkRYo2CtDYKhqUHFTAQkpXjYjg,18823890114869
tz1Wn4Wc6d6jieFpj2DJaNEC7HXcwKexW2By,247927982056410
tz1c2MCGJM3pFb88Spt1cWgxGtXAX38Ur3CS,152083230733702
tz1ZFS66zDerPgLPnYYEo8YXveudhGbzjESJ,37045612780858
tz1ZrtiLUXfjKsYskvr7fmZk9N277YQcv8Ws,91923449351984
tz1NqZnVNkS4N4XQqZaTigDQpSs8nc8RoMFW,37558905493052
tz1WEjGgTyPyhUapqCRvwBnHhLCNV38Jr1GU,20290215846092
tz1f2NgqK2bX3LaPgeTrEWgFFqRJgPNzFAYv,31443048839748
tz1WGMbfVnzVSTD8oNgZA8feaYvNvBYzSVmD,22716183858753
tz1MrpnRbw6HqHvKyBE3811uHgJYuvVj2hwN,19249768753731
tz1TkqGsSx3gB17SLAcMAnDgfs53kYeFez9Z,39939971747384
tz1KssAq8Lofcu9MwuXqpvXh75ufZSCsLQun,32445286566400
tz1fhd4k1jSJRRcNVbkMwVzkKEhX3kzApsfk,55199777279722
tz1TRrpXyABLU7RfM1fR5AbFM4g3F71KpKVS,7060840036455
tz1NkGJR1x59KMwfLr2a8bAqDYSm4WeDjeui,24673192800583
tz1b4Y6E5szNCHKZadDnAvdUyBfr7eQoEM3Z,91190950558969
tz1Y8v9LUURRffBVoJNysYTMzb2NranuM3fd,14010826064313
tz2ULsEpiuozejYYvEcwYq76vDHUEVcyYyE6,2270724596729
tz1PQkArZXKyQjY8gmX9yAF8NEtEtbuekeqP,13151634183229505
tz1bv7bDGmKDPNjX3FBJ5nPG3LWnT7yB1Wto,453334061270269
tz1LrMXpAmdVrP5daG1dyQnTia36EtXQGhzC,8652179159802
tz1fkdpxhfX9pyAirzTZ5cKUKn7QRoPH635X,44864087497
tz1bRxQfpDiUrzfEyjn4Hah34a7HNmoC8qyN,2678405358265723
tz1YrmdFnmRS5McKQyFsXRrTSS849k9CPdXL,12265208875681
tz1TyTnxshr1r3xEQDsiX3sX96wvfwm41tWS,610107529136
tz1VFdHcm1vd6qTka7VHV5VmZPebpe4cJXsm,7003704874125
tz1UJd94Mz9pyLzfC8SAZvTdDHUs5qkFvucK,170864140278904
tz1i3d4DrdmVrQRVALsNrxw9J2UsXR4a819E,2580835067912
tz1ajbUoguHiipVftY865tu8r1aRYEVWMKZz,682084627839
tz1f94uZ7SF2fLKnMjFzGQTbznd8qpAZ12is,70711044108259
tz1bmKAXCTFwox8xP1uSsTYiSSBt4dhtjx3e,134228273650655
tz1b6XZn2k2tpS7uh3aHCMZ7J5xTR72ziJZv,116787421431840
tz1gqAonCuKe1Vg9zNwFhP44fdPpHypGfZh1,34450120262740
tz1fCCyqjcmwNw5Vv1b7yVXPvJzL42KqxWxd,39054229288
tz1Yhe4w3qt2wiRz1LJv6QWsdHavkuLZtA3Q,266415688331207
tz1eQpFrU6eQjmy2dcJiTeG18SK75yMPucec,30899260917
tz1biyDVy4Zq4vZyc91eJAKi7wYbNFPJTzHD,8926542982549
tz1cd8cN3qrphyJ3n337tcbCP2G5QkMP271b,529865785499981
tz1MT9A2Fhs6PwsUXtYgVUxGNxHeuHX93sr8,7289578241341
tz1igNamUNibU68i3pwGcdKLNr1Guf5oJ6nu,616279546039976
tz1Yu1qh4mk9ejf2MLxRNnRwdHoidXqoSqqm,2081586443310181
tz1Yoe8QLauwLiYB6bpDo6tXNtfidrrcUyCx,6578671140432
tz1Y1kdVWiz11sFffcydfFtP6Zam6N2h3iSF,114583196295
tz1ZPzoCDzn9kZD9kf9ZWg7bybBJdKnw9PMz,32976681375693
tz1Z4HEApoZ8Yum7RTc94Nqt2eepRcHFSqcQ,136928228960003
tz1aWwVu9MLbY2MiqL8H7WuzJ2g39m67oJQS,15236920396801
tz1MAE9qgpWLsc2p6NdKZbnCcpzKt2QkQSzB,128783224982431
tz1bYyUrzvViYFF1LbXxWeFiorMBXUtEusSj,119128782129
tz1chAZukD7QacpWDUJ33dGqeWFvknj5Xpj9,278164909010435
tz1dDmngL167C8BFXJwX569z8KPoBS4Hrmua,12611767795
tz1TwG24jP7Sow6uq8554A6AUSxwtMQk9sp8,23571328413643
tz1Ziaxoio55wxE9UWpXnaMgRtSN3VBhgGTX,529466441278
tz1bp3oUKqHcF3BZZQcDNYqsk1nw91Nkr4fr,5193720607764
tz1RYVLebe4eDwGTJSMppc83yugoYXN8G53H,5193720607764
tz1QKxiyYVjjff51jz4RR36SxHsM6PiiExAn,5193720607764
tz1MdzpED8Jx333i4MMnhisRxK4RZdN49AZy,5193720607764
tz1bZHuPEvBTssxpk6TTErngCiqpedPz85Ku,5193720607764
tz1PZ36aiHW5x5HmhNc7gvDNdu8m7NAuZbiG,5193720607764
tz1WUqA3SszNphCmLgiDu5jSNKoGqAuHA77B,5193720607764
tz1NXp5GJfJ6UZoiv5BYykyxkag123G6SQs3,5193720607764
tz1SKjT7gZtxGYZzvwMJPczpnbrgy9S2CGq9,5193720607764
tz1SXKgF1AcPkTDCHm1TaBSx1kkhEEiAv2ZV,5193720607764
tz1hf9kC9q6s36AFnz5VdGPWfw3U3yjM5fd3,5193720607764
tz1ZyPDo7hJ1xyUWg25q7rpZ6kZ7WjLNXPcq,5193720607764
tz1L1CRSuow6DbyfL4T1iCrZcbvULU4Ndxbk,5193720607764
tz1PHJKsafAGux2BN5RbnA9VVnJTLwHyEGKm,5193720607764
tz1iuXgS8GQHX3UrFTeQeDJNRQwTqk5Ky71W,5193720607764
tz1ZiutCQgTEedcG6bB4HyxHksneK2BGyRcX,5193720607764
tz1SevLttnimTvtKcwteXobXLXeotdFivrCE,5193720607764
tz1b7f2dYCGV3Mn9Kqd1rbCmjPLXaEwyHwQT,5193720607764
tz1dpQJYQkWUcBTqx3sW8AEFsJeNUcAa7mVd,5193720607764
tz1Xq2xFYJ6yewPo4G3AyYexq8YbDPFrMnJP,5193720607764
tz1VfGyV1Dfava6M8oBYqmDRJR8UL2FfYoVi,5193720607764
tz1fekve2hE2s2cRwLVMS82tXn4GPcugfCdY,5193720607764
tz1Va9fLvE3yNPupePTdMPX7zF449Q8fjeRc,5193720607764
tz1Wbc68JZxRJeaYQ7BV1WvnytzJfJ3LYFdY,5193720607764
tz1aKbkT7her6XEBY5a5cyzG9sSRQXNdDfeB,5193720607764
tz1LUSKkdCc4h33utT48d3dqqqWuNTHSy8Wc,5193720607764
tz1abXSECVwRTMajFVmUzWXABPaGkTy35NKW,5193720607764
tz1S6SSigi75RbYC2sR4xzTTyxZACqhpcxoZ,5193720607764
tz1fgX3sRSUFc3NYTqj81Z7s97auxMoDdaHc,5193720607764
tz1StsoAaqgEcbx65F1sWQs4F9KzXyycufcA,4627908424648
tz1ZYCUaf3AHvBhVChWL2RDQ9vww4VtQqBQX,4606071787482
tz1a3zH4CyejVgJ8bJL88F2bkb9DKTsVALu5,4617151128558
tz1RPJZCCaXzywaZbUQ1AShwDGW2eqqopqio,875225925336062
tz1TjQAiE96rYCGCGrbWCzmwhuKgt556AgUx,6480549247914
tz1S4nxXjJiSsn5h8DcUXBJhBL6MnPoyuTdC,3397212715541
tz1QwQdgo79b1b3Uhcbviz66JeNq5NSkLMMU,3265505281459
tz1PmrFyfaJsaoNswcXgc6xRHsimmSVmpZwQ,3401395164616
tz1hkfSmFhSUdaGv6WNbtnMyfBcifEc4ZqiC,3191040990921
tz1Y97DD3qM7xfwcg1N5vNP1RFPPmYFrT76k,3352283704728
tz1QZZJyziNF4YKouMcpV7fNvZAbsxbqW9En,3309511891791
tz1h3iUBUDeP3uyFTQ3hkhHQyTdc3AQxugdc,3372655415476
tz1LK7fLAhbDFMkz3PEmmtPPdMThLCFdf2Ew,3386726399611
tz1WWRakDQcrPLDSdoMSKfxA2quuejwrcdMC,3390881023038
tz1MhPuAFdwmU7ZCFxBPAuHHdyZ87yxDmUFW,3403413401094
tz1NHrBGrp8bExPpFyq7mE8PivPK38TRHV3v,3051752590170
tz1dkSFiGuksdcLuFvwinHxDTxGcaZuMBhZo,3375874279432
tz1aGPrBTV7uHxetHTDrDXehi8axBZjoJ94K,3158504246892
tz1QX6fBCPCQdrLXeTQJy8yNpoxfXcPGrPaE,3298403396552
tz1NdwCrV7Tacpaxu3HXpePoWaYYxndWZb5W,3084058201891
tz1aBA3X3suZiyhPLADGU1vt9EazWNN9mpWs,3382544765890
tz1S4exgAjybUiCXdYy93FFq6UiVfrxk4i69,3405545536936
tz2M8wUVctsHkQq6zEugKTgieYbdzEuuhpkc,21538082397524
tz1djbv9JAQkbn8uQqXJEmM4ymxHSqmdzGy4,261161808183461
tz1LXcSjjWHCuKHaJPAvPb18goJhMoaLgkaE,121128284765
tz2Q7GcWsdAV2krjJDmEz4CNfcDfnoREZDeT,5606299585590
tz1h2AzE3kDAPJYZeJ7rqfojDHwZECie5kyh,317724874040252
tz1SJsRzVgciEYuGiRAxJ9S5NFFuFnomUgco,21980899
tz1Rpm6NShycycR78Gd9iEtHVPcaUsfcTqcy,3830334333727
tz1MBkViJxtsnZ8DSDxJFCR16azpks1uGgoR,528147333831
tz1PPvPurgxkRirjhsih7t5aPveMs1ENt74t,380323476404
tz1UChaj24fHGPfNn1aqABNBb5WWGZ7RfMuF,5037643714259
tz1f5oxQvEXA9m18aiVGDaVs5At4oZdrR6Kt,80388685797
tz1e9jhSiUVy9vD7qwnotAVgxy1rpjqGJjcU,1516556931339
tz1KwuJDP5WDyWWe8REH6RHTUJ1sfkJrGBL4,1501763320266
tz1cZDhWdASeB2Nk93eT4mCAdw4VvnMEw9Sa,1101433153826
tz1Li4CydFSpubMEDpKiNZ7NoWiMSgJJcqeA,1134050137629
tz1P4owaJWbeXsuqGSvggi3imzR2mJDpyxTV,27822547034600
tz1PVV8i3pkUJC7FSNVQp5fatez52M9QLeAb,40330325266928
tz1TXXmPc2fsvzzRwdQmT3W9iEfWygty4X2Z,44313934652377
tz1ZZvnqtcmgdf4YKFTnVi9Cg1XEiueLCmBr,453620055051
tz1W4jZBoLM2AGZq2ptopYBu353rRvuSh2dK,90325167073951
tz1XpqxdnX8JwzcLtSSKkiemic12U4NkCbkG,32249323529477
tz1Q9Yyna7X9nxjHe4dbyj8Qk1ZuznCTch3a,805800704524
tz1Qg41X8F1dZPVZmc1n32fxRAk1WEgg3qUo,40290034551
tz1MN2zesLxjCfB3K8LUBf6rvnXLk8Z11hm6,958978943706
tz2SFxhkao5Kh35pbg3mQxbTvKbEbXPEhGds,6457102600159
tz1bMLmaYWNNJBYUgPGsCV2C3B4CixzmnDk4,15876701935402
tz1dHJmULw6DQSKAWYWpDXoqeecE4tG216yP,4742649555152
tz1TiKTQkyc8KupyxY5QmPA7uf9xmhQzXAkq,5201645484540249
tz1XUaLk6Y1T6PbJzfrmfvem29cDNp2dnSDM,2215951937136
tz1cLB1J9PtkoJCnH3ovrn53ZWddfMbF2PL5,12087010569099
tz1MhV6pu2sFcSKZvevrCtNRcb4yszVdVn5b,24303723657
tz1bi7iZyxPCGjMUQMiouiHRxQwveQjuTu8b,25583119235026
tz2PBAJo8zSWvHXh7Z2VineRxPP3tn27JPQf,4029003522623
tz1duafqHy827Aw6bbFNVqUbpxphm8MSecwU,33803056707775
tz1VokTq5w2ngWQtfwzF6pyB24Ro6C692Wez,22159519377500
tz1XkMZQCCAC1d2YCbHzSySvaiGU7fv24gx3,462339501758056
tz1VEbcByoqdaTKar1XRpada24pn8D5xRrkw,276850263738
tz1N6Rvgx7tFsXkNWjHNdwhDLLg4oSoFeMAU,32312620420461
tz1hZ3dazpeour6uTQCA26yzohhuYgesjzDT,6040080558515
tz1XrThJDztPJoJEKbYXqaDxFzwp1Adbo1F8,92924315793
tz1YtUbTURpWeX1CzHFamxS7fGdaKwKKgMzq,8390297373143
tz1NFiJUDasUpobcXVdtKyBj5eDcdmjnAPqt,3781264778
tz1SqQoCZfqRem7eo2HtKHSL6zbdoevxc1S7,72636446463
tz1YcRfmH4JsdvLzzijq1mh4FXjoHmh2ANEQ,40290034551
tz1ht6fhcHXknEg7jE9nFVU2gXUD15cUifUs,64389778206066
tz1LxkEN5DUeU4usSqobNqYmvWa5VN1NC2B4,46462157896
tz1d4cbP98Sbni6mxUmvAN9vufMZskSv3F4K,4865612549125
tz1Q4mLBtkz5CbKcpLBB6shR8QUzcMpphNrX,7496145283129
tz1TreKYWjXdKDaKCga4b8zobDq2pdHdGZuA,35171602879026
tz1fwd9Ub1AwXaRNLUfdDCtQfWyeq8YcJvCV,28237716441254
tz1Qor64hy8s7jH8ZQkMoaYLiS6NVmkeSBbY,50576474639692
tz1TnjxYt7dKGzDoFj3j3sGudp4buKFEg7xF,16038475186881
tz1ZgEA1VMzNomprfSrZB1aM5CBqi1nnCqHF,5951454544123
tz1Mc61yajNASzh5KWZFtYs4i7EJbzAxQC4K,7369291197796659
tz1PqercEyjV2AgKpNXgxeWnxgbYu31fw6CC,11085305280603
tz1PzXjyPchzGUGH9yXLTgvyhhakFnyYDYge,189063243844
tz1XrwX7i9Nzh8e6UmG3VnFkAeoyWdTqDf3U,5415629153140
tz1QFsmp3jUZXxwmwTAL6fYheo79RreoZXPV,66498775860788
tz1PsF3NELGCZnighkMmr4mLkCzbkoVPdGSS,5123455119632
tz1SEEQNGjxP3SC8biDWMMHwgpYk1aeiQDyJ,350440711927096
tz1U3YJZ1pFfkaUWZVWv7FvNyiUi5vKYG696,4536200552972
tz1XmqF5gnTjgE6Cxu5CzaT5H7vXiFfihe95,402900351648
tz1USBJ4HRxuvrVUqaxALcdXaRs8AC1PdYjM,15734345509224
tz1ctD8vJYVazKJbCKa7LUVb7n1cEmfRQpe3,1890632442129
tz1Zvu2PkSnZAJr3seWbEdt6W6KYWUgaanVh,690568267806
tz1ehz91i7CxXaMnUjFDWBhr5uVvr3bVkBxD,152729214594287
tz1cmp13ABTtQ8dhVazH5yWtx2hGZc42ywaV,161920823015543
tz1LfKbYRG3fWd5ccbmsq9ykYJQekZEouB3y,45509165855925
tz1P1NgMTMvhHi1amqUZrQHS9DZSizEW3p8w,1134050137629
tz1ZD5nQNtzgTzZxHgxgFuGo9CNBuGJHVRXu,37350141659410
tz1QDp8TCD9dJgWoszxo77K6QukSTubjqd2C,1538974807891
tz1TxrHpaBDeAG95HkTxx6D3d5RVwb91fRJY,724520556926
tz1U3ozNjAw2sguL8Pn36V7tX38aSYziM9Fs,6197421587671
tz1amoqk71y4tqnZxRWGcttpK47XJnPx51jB,831948097682851
tz1ZfxjoBeGkRG7zLgyH6gnYVNAL9KQwRnCB,2268100276486
tz1Zya25zMcv5a5UbYyLYVuES7SA5eWcis5b,108196313658616
tz1YHWL72KHVVRGxPfEA2r1jtLtuCmjM4hgW,163179302523803
tz2MBb5FxZXzhBuAPmY9z4zYTF8NeWPEkiV4,657713374243
tz1dsvBGt2bDoMMxagnpHf45ehgNtQ6ctg3z,173864090606563
tz1Us632Z8mVMLZqCs1FXuwyBEBe6o4KjHzG,6799716092746
tz1SWd4hwQtHrzisTLp6vydczMypKPnxBFTw,11534732400111
tz1day3KgAK3ZEP3hN1PaZiAPpbnGD3Lb8Kv,240126938878501
tz1LCPRSFPJ2kaqvj14SWo2VnxPMTeCVVrFn,60489848035
tz1L8VQ3oi6fCbddWYxCoL1ckjFK7wBHdT48,1119726030862
tz1Mf4iUxRSb1NhhqdB2oNbo9rRekha11MDH,194415306185
tz1dham37JdHm31Lf63N3aBqxJJyhcnGA9GQ,3697747098347
tz1NATazbFfnypvM7q32nnFP6m7aDXrtCm1g,1412756058
