Address,Amount
tz1NRbpmTuPEFCCYCqCr7i3hkMRDRhBFgmxz,35331450370560474
tz1SBxNvpDFC4bjW23CtQfVLqN5cBATVf68B,138801682129816390
tz1Rgo7URug42QnhBM6eLy4MWdfwn4RovHy6,23663556962745152857
tz1V3fPD3AKPNwZf42PKGzFaWU3vZ83Gjvfq,4968950028674475
tz1YTQ3Lys25j8FhZQY61eoYErYUteSao3ez,74636278299156777
tz1R3bKH1seset2h49p4vrZJCEL8voJgSK2G,1383094228691981
tz1bdRJkGkNQ7homh4PTnkVM7xzVWhuC4EMm,3835817474838654863
tz1Z2Ne4ZHxNPuCJeCcoykHVXTqhVdLMD9gV,7096837416123885665
tz1Qji1NnEPj4Cxa9s2WEoWi9U9KM6a9gdDL,1203135505457715961
tz1cmanHzitf3UgWgECzLpGUKpzEfmGZaFsw,597857394621710243
tz1RartAmPJhFsL9oAhZndSL2G7KCsaQqqkf,30761870488829371415
tz1YrfZhjFnhgERznXtYee6c29n3PBeam8A9,70341386881675
tz1MyqKoe43P4Z8MfHoXVBTrohgcbehp2zLL,1943902401966167119
tz1SRcMg9GRXi7paNeAc3ARn23mS3Z5dXa6S,68483696536993250
tz1YjtCLzjw3bqPxJh6MqdVBFrM2zrsA9kyg,34794862875600031
tz1hD7VdzRpWG3nmYpCyW2gNc8mQNs3TCgxu,342910023834739416
tz1f38MX7YT2Q7MAq3mDdj75GTN7vgqV2TfH,4226242257012823
tz1aBDeNFooBEmBXnWDVgLknNMUHMYhHVcRA,5619684150154133513
tz1hD5k7QW9ChHCgb2YLthKFirKDYQiNPDJz,195961528506386993
tz1cjTb6ijvnPrJBfaTEFphxDovW9xQbkmDK,76984964029063
tz1ZL7ekzieKxwngCCyjsCN5qhu1ohwJQEBy,458577218461616694
tz1enbGpES1NDr2kTaocDhxvMqtpMy4ruhW6,182765958942713269
tz1ehGMhxarDhwppx14PX1Y3eqbZ5W9Bc2Y1,45444022335800833
tz1ed4brTwpFg8hFUJSJ4HqnsC7sEjVesMtb,1277444722578313959
tz1QJE62jTxHis7kZkbDT2zsYZyauNDNzWg7,568371888801559577
tz1gWt7kUnJtGXoT5BYzHVa89qGp6QVvQmyp,916026259029156690
tz1epR6pJmPaJ8vvzNi6V1T51ccocX1Y4VBb,23244965620559857
tz1W19DveaP3mW4WvFtdVdqGsWwBL5q1QDSK,419661629532602508
tz1esdEqZC5Nz3HDFseHvpH6SmQJPocxLzA2,234062075625850079
tz1ULQQ3S4kFLhhpPsegiMVFmXx2G6ewmbTA,1313305196452719714
tz2Lqs8WFf2HDG1RoxG3EAtuHjDS27XQANWT,74984861229475
tz1LRrXCmELevk5znmVcYD63TChSpYh3vaE6,20544072041543791
tz1S8GvdiWQghwPMMzbNvRh66rcfmhEA6vj2,4888505010059578986
tz1N9qzry2ko1gwTK6HKWamZZK6FGx3Vr89U,50570595978803463
tz1M5swezYMnDaim71PSeb2cPFk49ajrvDV6,129244666770237729
tz1QQ4HyGbCZDmQxeVHoLP99KLyfvGvyX21i,6201748479982362208
tz1WKygtstVY96oyc6Rmk945dMf33LeihgWT,1669389144348104857
tz1Rux3pGrp2KpZUBKvg3VQ4edRYVJsapr4z,3540969191104178556
tz1LWMmDzH79xyu6JvELrnvWLBBVjZg7TnfN,3377285952446621928
tz1esBaTjr9qFQ7FhrDQF7N7bTpNSVTkGbMU,154302745499216227
tz1RfSFe1dxP7wh1zSffEnskgqvVVWKNKZG1,11218851670342960
tz1czGMShkB8ZtCHKHeCPTY3CpuiCrjsGJBy,118999663853
tz1UQ6cQZef4MuskJjV9g8pXNZa5s8ff1oQy,407252539475188405
tz1dTmMLY7tan1HKfW5e3KxJcfZput6UuTH6,18319594095359332
tz1daKxrqyoFUCcuQj36BeMN9C1Ytmjg5p6n,364595137186722087
tz1YZ4VZCRPoiDyGP3U69jCq2S8duDUcRjHP,46972249394543798
tz2LYELYe16viwVBaRjZc8GsauKRsxTGPvB1,98274741523088374
tz1gN5Ch4VeDZjiM6R1KPMBxPWFxL3HHKZyT,11174703157652930
tz2WYko4XXaV4B5mzjguTeRkkgw8LyB2jA2d,152450112138496072
tz1NkFRjmkqqcGkAhqe78fdgemDNKXvL7Bod,485562866582143140
tz1QkQLtDkqpw8VSymi13A86jh5iaCeMriMJ,3744730079506465887
tz1h6J2pn9X3KMghNHZikrh3PtEpgCcRAjHZ,1493471792827611
tz1VCyNit49HjTmz8SEgeL67x4BLuoTaeYMy,4860470433524473364
tz1gACjUSBkWjqWv5ZBMRk6G9Sp8xNAYgwYV,678996042821777860
tz1ieVZFcRity1eybQtgUyGg8NLEYWNqKtQe,116458155529640335
tz1T5GmdYXDWwbhBrU7RubT7Z2dmz3ZmKwCE,2256156739386430128
tz1gmajxhmKt22CbcsSA7WWXSATgbuVEmzTC,11785416090550999
tz1cfzEz3R8YKMqC2rbKnr2XtpNjZxH6RGdy,68258186326863589
tz1hR9eQYNNTZ4VGUeipK4PHtyyDEDmQ9dSf,1489979103620863105
tz1RxeY78zE8hNJbqPypB1mTVyTsBRmPuqry,197958992298076939
tz1SBF19iLiCc8dNpKe1Ym9juSAKaTPyeypF,1065865403217002
tz1X6ADVxP37XjYppBHMLVRJQwmxA2YxztbQ,19400328255383237
tz1T1u1CET7ek19f5P59vCdjTNFWAscYQ5ct,1478690477049487539
tz1V9qHfFxixcXJKWuEziUqvdrQ7BWpPnWTa,995680918493318698
tz1Lqnwap8kKynTpefqqSH158i667Wdg8HVA,292542550273624946
tz1Kp19QyYUnXuE6cxuXxsfQZbyqv5JtKPku,4622157371146235
tz1cnojsw9qgMbdpgPeCcWPf5GX4YPvd4HAh,4973703938072051894
tz1fbJACCskangcgy9xjDSiEYgh7CUmSo9oc,12564755837468976
tz1dKaw4xdNjfufDSLWRxumNBwe2VX4mxXyW,3256211739340619205
tz1RJf644pa7QAZqKzrPQGiYQPyubXarC4cv,167212965729833
tz1iCiA1vKmgfZbY533ZgMwFKZ14S1DQNooQ,51893126614456736
tz1hNGWJUFPFV7AWLXvxGzJVEfCZ8KJ77PJA,143143729348691421
tz1NPu5aFQ12P3KGhBGgt7G79SAgVj2Skkn1,434667285207975850
tz1Qm3DHkV7V6peZPyWe4rv6aToH3nRmWEH7,59604659306941362
tz1KsiwkQ9pyrt4Ra7QrAQp5LQJCGxHQrY1n,282469558990968365
tz1eKTUc8X17nVmtVRtxBcs3hwUPXWuqP2AS,2634074275992919007
tz1hXx6tvTV3kzxpBR6E4hDYcxdgcRGHUTFj,4569269229
tz1fkZtnjNfQHtEyUpyX9Tqq4RrLKx35qBxf,253974167796221265
tz1chg2T1s4DTjLqthPc49HDcqkFHMwdSPwb,799774377168834525
tz1Uzm53vPr2Giyi32yT9GUvBErKqHPBjvQL,216301749358784272
tz1aR3nrJgUyU5B623U9s1MtMsMjA5Wz5c3G,1525271670702261423
tz1YaPLZuVmZaKB69BjJXKUDgNaZrxBR4Lfn,42504268943754540
tz1WNk2o2hJvzjuZRNmZQwjLQuv24wDv1zjU,4308856352572771433
tz1QmBcwm7RH6swEYNpsZZfAWCCFaW6wugVT,3586214105692613445
tz1LxqBcvRbZhp34C2ab62CMy49wFbsQSzD7,65120511931163241
tz1S5RkjdXMREayGWMawArqqpyMqGRjohJJr,157093997879512869
tz1bZ8vsMAXmaWEV7FRnyhcuUs2fYMaQ6Hkk,82377391748926
tz2Kmi3xEnXk8c7zqWSQqSSyfNpWt6ovG38D,949624164853663715
tz1LgePVXLZYNhHoRQ6KgHfQjQ1uq7JJPZDa,56553355392483307
tz1gk77xzDAG3sif9eFvsqUnzaGh4MrzaCp3,121591787708943438
tz1cWUkZFBZ72Yn9desxcgS9KdH4BVfqd2ZW,854874320491026348
tz1a3LNYNZTNN2SLMjWSUc5jtLWFvZ1kC7BR,2258956486048450696
tz1SGPStfd9v5upQUxRiHPC9666X4FpVAmK4,1788057957502807
tz1iF629Cc91SJkmQRAWAm6nYavf7RgpAqZh,701504019263582229
tz1WHGwmdEr4iruf4v9r6bdHgzC5v8SKYTkV,94676682265081372
tz1YqsEWdPxBmqVKsJircrwBmCmZDtHAgHzp,7738193389780879022
tz1ZLMaECyswARea2bTsBws9eMjgUm4jG8Uj,2952006295740223107
tz1NySiq6aHysD6Rpu4bYhFaVe3ASya2qB8D,198663879555683642
tz1Rb321A5bMKjQdczUs7TyJBeXjfCtB4mYd,1786402883572306301
tz1USU2xSWb7CBYGJYat2X7An9sr3cFfsLwi,127117483392033091
tz1aoYg1xYeEdnLrAJ7y2r1T3aMBCyms6ppJ,1210171931366449153
tz1WxCJ3UpzyWsXmmkE1YjYzbBv6jXYkbFYV,133068042219115418
tz1fq3tMpnnsZ944DVxcJqsVNGsWTPvqJzvo,62373444425709773
tz1PrecMTmNArbdvQxtZLUVUBT8rcC86dKZC,1538348048259953
tz1Q1LWn8wCK77L4xetjbH3Ar7sDaSANezZx,16164044784127398
tz1dugdoeZULYPA9phfkpofrP95rFqhZNXeR,293115641132240
tz1UecmgMghaWovhh9EYfqTrK9gTtaiMtbzs,3551991974614953
tz1gGwXf6Ggkv9T4jGmp58jUMU2Gh2vYjDyH,93390613761028494
tz1QjPnpmqAJYSfDtDM7uTf5bkZDNY7eBECd,322430329433633997
tz1aVZZd883FwyEx5g2o3TgQ7pwEYi2f6apg,2131139277079926
tz2MzvuRU1GEKi9udpqzLpGYfDoZTiKZ3C4C,62644468859343166
tz1SEox4m6JwzUjLL2daQMKU7XDrvsEukR7X,1971142991696470
tz1XJqUrY2okTwoJFgHFJKQV98tsn2oC6Twj,89579275442023600
tz1VqXA6L6hPEFjvsgWv7Viw4xQn5GyNszzy,8670490382669145669
tz1Wf1Lqz1yHm27P2RQJAVV2CMxnhYK4bBGc,198948029723301027
tz1cTS1WwovU7SC783xgJxZrzr151mcshmNi,377885307334602383
tz1f4Z9FJfgStP7v6Rj7BMJnWJ9Mb1NdAGsS,99331939777
tz1ersiy3MYVu89DFXvW7Qb8AM6LYptSsoT7,392466238031002629
tz1UFF5DSDDtk3fM1ewaLvVG6fhaAeCdgYEt,12247128173835404
tz1dcpUhXGeXexEXispSpfv7CeufoFnV7AAf,2408850463359554525
tz1RKRhkvC7MQgKfPejvNaHGshWUDsyJKZdT,1424365400137812029
tz1ibTknNagJCgQPgcbPvJhpSyS5vxgdyFt4,63979053647706
tz1SHzbhYsbX6Uk51hJC4JkjgWM1gWaSwBqQ,79027597498456832
tz1NW1MMFL3jytxBjhx1qATMJyY47vLBMa4p,11588373914943435
tz1QRm2TJKnarZ9tbL5CNjN4Ltq9pJtytuk7,312358011966717
tz1WJpBDRGfa21un4yQDKTGXZw561nsGg7Qe,2191659720594422
tz1UXAsfFeufr6p2PafNr2oXNrTDSdtwwdgm,31937247394114168
tz1YPUNi7KW28VxZNEu3fNkRkJG55G9p7wsN,20514880733502255
tz1YpusrSty7ULz7w9sM814trSRmM1aNbmZd,1605832539088962385
tz1cuj9Cgi19KMRi83UuypS89kXM435qdhmy,3876422393922251
tz1htwxBMBFikeP8SnQiEQyA9n1ryDrDFyLK,19866394114148630
tz1XTyukKgkqq9P83UkV15np7EtSSEy4kAeY,20348464931042667
tz1WMFtCLLeRiayH19ZiaErKq4Zu9p5N73Sr,53045950320543
tz1RFUjzPENm3vF7quaxfELQCfNTCSjAsFdA,195852098282947456
tz1cLd3gXJ9Fk5c648hRzFvTnGfT97CxcHrj,121032225529490968
tz1Te5JR7gzDBwtZLKPWSPuTGFE4JX21vVur,7663657817740
tz1NGDuYTuuB1geX1K5b88cqa8JinFLdd3d5,99332322801801604
tz1XykUaKpskyp7hDEZjmuNTk4gFU58a46KC,11396001911202304677
tz1dghYwdzvHc3tYHp8iHpNUSpmAvvs8Zjs8,2362692747862402029
tz1PuipWs33aqS2KSG5k1qQtC6Dff1P1GBmM,27480097383450824
tz1ZNxMa8XsMa8JTv776X9iCETcNoo4SY629,37797803955361452080
tz1iAAJhH465Cf3BnsKQ744XHypQGY1v7Ps9,101318578573
tz1a5QW18ULwjJK71LSc7UqNGgryrFouHzf1,32166869760800771
tz1Z1ZX2B98nEAvEnLXJBCnsJ6K1GqaSp9jK,69288864665856333
tz1enT2GWv7U8jyPmmoVb228u8hvi6hJh5FF,6914232700967398
tz1RyhUycXcivQ3jzF7ZpFZNcoLcgmXqcrSz,161587253467558369
tz1gVon2mQhvutR49Yd5XK6k4ypwWfFjMZtz,77876240785
tz2HSz8b961xoDjDLy3aFGogvW4HEqXXdcR6,624520107115875789
tz1eSGjgq2NmLWnaQFQxafXK8ZQF5V7Sz72y,1822935528640496889
tz2EP3fw5CbUUgJdx4c3Xono8Gbc8PLXGRM9,150215873014281848
tz1VCogGe8xeRgQCLrVhPbwo6mBSQxAXep65,80069943323647608
tz1LFFspqhK9KRQNvS1ahZ1RcpQ2PNeM8TxA,188541396877487403
tz1ZhteLTqobRVCYsPj44oFfom5BJ2SdGxeE,153447075058847030
tz1aRF3qMDrbN95f8dGYTKPaey6J2qQQnk8j,6409166750243944922
tz2ALu8Jxf2SMgzSZaZEwfiJQbogpUDPStwz,284295893449975897
tz1fCHiWZ3ReGqvhxkMejVzcnXYz1rnsJpow,693266694069647388
tz1PXJVTDRHBcjJGpD4h6PzDovisMJuc8zVc,71709123523309052
tz1L1i5BVehYJBebCGvPYU9kZYGKBELGUJGH,1252465679627120795
tz1TR56EbNTEEDeRrsPzQzoyvwFgZT25q3JR,68351285584748130
tz1XbQgDFCaT228TPS2YUeHHfpVqGW7ANCDw,36903601791516191
tz1S1Aew75hMrPUymqenKfHo8FspppXKpW7h,84432148811
tz1Wb4LakUUYuFuuEgXXQrNZuBD49Trodhwx,78502179613690901
tz1RAfKUFBX6P2jFkCpzLFntju7djjbtKAKr,2936052201127333448
tz1MiQ6euA3EEdnZxJ6EPwVsHzd6vQ7AHJmU,61330292854942240
tz1UFwr89hcJvC4sNCYK7zSLcaD4JW2KkNYD,828636969258145630
tz1TiJBTfVoXxregtdgCs1rYd55APXSAmniz,136283421375
tz1ZPSGxrrPPfrmoGJgpXDArNJfNNy3qGvE4,68476188545782982
tz1iQ5n52oSKgdtdYtqEJgKmQYbL1nn2poB8,1859597800539726589
tz1gueZ7eL2KnvxqWudHjoTH3ZPiUCmwNKR6,231082369139650221
tz1QxepCwQ45EwtcxkgXZezHbnidvK7hUywy,1253917071170298536
tz1TVZgy4rejPUkEF3bsxLGNCp6H4gz4PaGf,22356845619985214
tz1WT27PugwGBtre1hsj6BHmbAK2qQsVbRDo,129077239226389319
tz1fL2TsQR271w84MXx3qFD7y4PZ1F2mpHFA,333934654882602728
tz1KhU89QWZuuhhnDD1paFp1jYMdpJLh55im,460666364839066070
tz1QQyhTMAmNQPcSGkM7GfDva8hmuFPAxUMB,3174416738212323797
tz1htnC2n5n27PFD41q5X8bDvDcjbGMUS3f5,5042347230356156585
tz1PoickddNEkRN6qp4K41u4KUW43vZ1UDvF,1505960305989766419
tz1b9qYttBxHzoEseqabgvQiCxafZzkAtH9G,1419329470029479538
tz1MQotPcNdc9R3nWCTwXLMDqKLS46WqW7Wx,785949718166832014
tz1a89Pvs553YqhJdCfDdQrRuQeykHMvVSRX,11450629031461
tz1favSqpvTLtedjTm1UjuEmKfgm4o9kyLd1,1383831164932142963
tz1XYuybht7U1RVsUip7H7S31fBDxpUgpTXP,92974695632
tz1WHUWCMqVqq5AagGN5DrytqWz88tYgedUr,43750476758435669
tz1YJvMiZyXnzvV9pxtAiuCFvaG7XoBZhbUQ,438324601899223859
tz1TmSForCvNii8rmwL6q2jgicQfqjNFtj8K,883203803622138404
tz1eoqCSmqPQtTLs53Rj6gBB14eQh2aHWVxu,149453114779808255
tz1XhZUHsJAFp4FHoeeQQ7auVBk5j6xoUKbS,24006127799336660
tz1Pwh2MBs6q2SeLHiko3iJpfMwsDV46bqQU,4495957330168480262
tz1ZWbokP5pGwT3tTtLPP2KhXX5ssg1EtDPs,91323828069496390
tz1hLWsybqnJtQRFp8skYy5aZLGNmL9bMUpa,481303403756290455
tz1PuYitvGfsBm7C3oYAXqNc3t5wNhWZj5Dh,426187498784695731
tz1dbCAvra65bwTVk5mgkYUHUGz3hoKwovZ8,200215740662857949
tz1T5NfkdPfhkXzYx8akPkdznxSgU1Uf5jEG,359786415053355129
tz1PYqfNnkpZydtSY2Tn3Rv8mjkgUpHJpFXC,999854324116780380
tz2Mz3ovkZR2HyC89CHHSdsrPya1mKSmLWfD,69360118446217172
tz1ae2d1BJt7YUqaaec6Xenh3mBqS7VjSZtK,60120189876427387
tz1L1XwcVmD2z4qPfLtBJ6RPThgAwLcXG6kW,10483048513054859
tz1VeyZaPimHfrJFy8WwsCYzxHR3VmGTMpgK,40586173174325197
tz1epFVHmqeWvvkFf2eskwhQ1AY3JwWd7Ej6,206610440101835736
tz1QRcnskFh7eaV7QdEnjoYdDfrDqHgmmrvF,537350017416046709
tz1XybkRZWjLx3hwcy1hQ7PT6FWEhpHm1FBv,82503865244794353
tz1XcuwadWbLKkc4mDVxRo25dbtwfEa7wf2c,370279484371158657
tz1hvRvzke27MGtp8CsSvsafxyyMWSVYM1ut,34091455794790271
tz1a7MJ4HMNbWDhKZAqrvzX5P6u2E2mJyJiV,716895831349739227
tz1citPWufjty33AZ9KwZDztqrTzdNjfQU7P,2747966734442781433
tz1WeLuPLjUs53Yr1RCgq4EQ4d5SvV651Tqt,7593739676943727002
tz1Wo716Gggp5HfupfxtPgmYu23rDQNcLcD8,666904782589440483
tz1imyQrFWHyTp4avUNAw52RxdFjU3HPviRN,183591994612695101
tz1isKR8pS4pdgU934K1S4UpLsF56ECJNArh,248025417114237303
tz1ZVoeS9T3H451BgjTe18pM1q1LPd2cgB6Z,167760824385636583
tz1eL4fYCgegW8tLCbQ1mYiKY3TdDxWnnKo8,398255047999506142
tz1Rhg2UDkjgLhemdSMtiGVGRmzwVLVaHArD,49457257193009541
tz1dPHDXSCFo8PienbvDMyCKr5DXjPMrZkJ1,255825315976696169
tz1fkkxXSMtSQew8F78XdsnaC26AfsXtsGiY,69623376495563229
tz1ZuiTWKXKqYfzFPaSaAG3Huf9QM1AdZ1pJ,253505128932498321
tz1RsCndtupuxe2U3syGAdcRBzpNqJZ9ANNc,5295110109911211804
tz1MrZQhiNiHK14oEq595DLsVQ9wC4Nv2ZXW,21050076798328670
tz1LJQ6MPnjGekNAmhFmkm8XWtM6UGx4MyF4,1211820099336459226
tz1hmxzW7MuU8HeRoCFPGZJnavGf5unqgaph,728389345344025318
tz1Z6QqrAbEAMDLsis3v6b956sfH6qLTSEex,335193531436964
tz1NnBgY2ze24nQDpdY72wb1GVsee1UfAT3d,26644726616364493
tz1dAW94vB3yYfNPE4LM2txBT8PQ21Zq4Xzf,59599179362487698
tz1eeR22tmjPN3rGDikEMvpe8jcdXww3dqTt,198663886111591668
tz1MsfyCeQEt7khed67HHsAidezZ1Th6mjzB,68895531838698951
tz1WBMWCwjuFSsiiLUWKEQHEACNEat2S3EsD,11517688408469823
tz2SuPjN8dYMJQe548bTvSPL1fdStZPXv7gT,8874347927301648483
tz1N33TtiYBQ67sw32rhCsMSVpZkrSHWe9aq,3102613150195983917
tz1QMjzbw5Yoi2zPqUeg2yuv5GZdmXjhh9mr,198666462583445625
tz1ZutSZgCHEzxspXyoSYSREhwHh5g4PM8hN,124363588601
tz1NJS9T6FKTnKUkVNv2g44GHTAhzH77qiYw,402943726538060364
tz1URL5HNuTa1fHqqCtUKXUM3hm6g9c88NgF,627315171220475
tz2M9C5x1KoZGoQ9xEY6fQ6Xwbe2GU1RTzRx,229266353125052
tz1RCQDHtpdcwfgF1Kbbyusd6xhfjbXanhZ5,234640637998735966
tz1c8JTzmA6c7cm6ZmUwR7WES6akdiMa1kwt,314539823291745697
tz1XRTNgXgWmR4PqxZpiB6HZJ8Siz3M2JAim,94135754293910770
tz1imbraxLCQ9TUpnJVP31LS18hpTqG5wv1k,223265590739414867
tz1iDuz9LvybPBC4kDc7ceBoKVDwwzJR7zKb,6091448981684376517
tz1eiyML8sHGBL139FwJQJeLGHWAFtDqPz4U,19866388948887762
tz1YQDCB6Hbn2ozMyS2kf6WPJDeRvJtmtNqQ,270154271508646535
tz1eeNRXYK56vgSfXHFcXorubcaBBCVpUY1Y,127939538433
tz1TQw8erN1a2LpfRSNMExicRXMveBPbvTKE,72710979917
tz1gaRjULm9qy4D83VCvb4ABWLKpz4XXfqjx,96285495935918943
tz1hAZNx3LrRKFgfRytoLNVGhCrzU1uVDUHS,78264695715782023
tz1W28xB2eAvRGCXmVduC63Gx6gGDp87zqbB,5462967926856185
tz1gJaXdi7Gweq8TUSy9knB2wLjioTKy2tZF,39714892764665174
tz1PoXtd7RGVBwWmmZvxX18NQXYpbNdiwwtE,549793182302082203
tz1RLCvv7wrWq4hTmyKk1zZuZeuUXNViSgRD,9340006182859831
tz1QFk2DJhPkzp2nCN7Thpo4askJjQ3Zw6BU,63491424023903793
tz1bRDYJHp3ACUojEeM6Ja442YEwNmcb7ph9,195012761271573853
tz1MDs7ym4sp2FsQhL32vuAnEqG3ARhM9Vi4,210583724050193555
tz1Xy5UM1tC3CFcbPBVq5PjufaxcLjMwfQkE,5711025709093919
tz1RAKBnmd1X43pkkGqywYCRgf1Uo6D77zMx,5710624010729457
tz1cXwKRD6AMy5nhqEVUU23SBxcAMnh2aKLn,63681592161179767
tz1imrUNR1R52GxhP4y6XQCDDXtQs11GarTN,4120343494551756
tz1chab75LnyqBqNwrK11459SGCFQXLg9uyx,104218134713383413
tz1USfPTFciXzVsQL7Rk8HmMWyWtFEas7fh3,228309017606439166
tz1btYY98CWBVCGEikD7s1buWjpicb9kG8aH,4288636236192605
tz1fj962xSPKTA57yWHA43VeVzo8KqdpNAeF,211889930710284713
tz1ioU6W4otB7ebgRZTq1EVVra3vMyXqeqsm,53780172881619480
tz1N8oU57qMgDRr6N9pSbhaiWRRQSxJRPGoZ,48945533138461311
tz1fCEeLBcuSMSittqTnMEhcFdPCtD1HsiZc,5409326297667223
tz1WsKkY3TLDvqTuK97Xu4zuVoTb2nsr7J8S,36732119722846085
tz2DsS3zeg4pqoUnRPHxvuRSuQrjDnTZcTNJ,11579333212117017
tz1gSGxwMrToBdzLeaxg4Bregv6W2oEbNLC8,1846698312470242992
tz1X8AQxtn4KzBwMZ6MZUVFDcACrfnyfYhDg,81849518376
tz1KxARuCbAoiGGesnQjr2pvZa7CzJR7V9D7,144926244981282384
tz1LGVwoTMUhi76Jc8TeaNUQhanfeLLNF4xm,52046034946763585
tz1QS7N8HnRBG2RNh3Kjty58XFXuLFVdnKGY,11907752635305978118
tz1RAP1j8SjwT587jyccTNArBFhC9HhGKfHq,25532475895106787
tz1QiZCuJMuVz3aq7j1Bq2v3BRTQPCdTw3Fb,389940613998353366
tz1L8hBVpams2fWFC9kS1sPVxfGY6Hmg5TQ8,55455112818086558
tz1TQSPkLPqXUREhxvYzPbAib6Jz35w2a6tw,181028800856455303
tz1XD1xSVzgY8Qs1id1kNyFJDbv9e9pNMe2c,99343287669366551
tz1Tk1MJDZ96bK85RLAqtKfnptZZyXsJ2jaq,11432542322018168
tz1RKg4C5yKTzm28Qj9gKmfUozCDrctDpx4G,120437010875740786
tz1hes6aF3Px3D8nPQx27fdwBKrXmGs1UYxT,273088376564486847
tz1c1BG1PEeuhMFwmonTVSGafehicqbBJFec,16881944726488260
tz1e826sMLNdz1CQLzthLDBJCFsinxqGDzv2,6613234481219889
tz1THwbFPPPBHmBu4cmLV2SppLFrA5QfBhyF,70192876107227650
tz1U1aA8tyN6QByoYLhSvNu3krJPLYqnkRVa,9853910495702466
tz1QSwx2wnmrTjEGrid79c4tpFMxjCT86SAy,169900621194125294
tz1RcJYTsoYQ7adtNMANhwd8qf4zApM4i2Yd,154009765021014164
tz1cvrgSekgCqgyc1c2qFPSeMtux6AAAfDsk,3497762241473741
tz1a1ZcbAeBEjxYSwuNKxSu6FbFB4dxdL3m9,2328307094196967
tz1NZnfrNgCGdECyAhA93TLPTSciJcZBJqDY,14078246776776876
tz1UGuKv6PzgVbofb42VgeRwDwsVN47UpuZB,335599157845800128
tz1eCzNtidHvVgeRzQ38C81FPcYnxMsCEL6Z,696753779943000753
tz1N3nvFqipu91tfU9s4GXGsopawpwxSoAJh,16335137099138328
tz1LFeLTRQZrgKxbmvjz2ckViRhVw9BZXw7t,3937447044233076542
tz1XuzzMTz1LhqbRPy9uxfRkccSxju3v8Y4j,184436954010524010
tz1MoiwNRQWHfA71aypNk8J9CsKjfmq39c2F,711721973500567560
tz1hhphPmGxL6HEmEjoVSJBy82FMWbFwzNCD,3978391795365074
tz1YHLm7Lq27q3rgVXLY424zQMkvncVvNiaK,21853029731083394
tz1fKtBhuuZiMYhM3Pi1hcP2sjRbstgDrmqX,6394339857355791
tz1XEA7cp83PyiXfSxWu3uHjA3EF6Gdh3Vhq,21496014449083706
tz1UXMLCt7dqbUiJ2BHRhE1gFkdVkmCZYcM9,7004605495768917
tz1iKF8o1hCLaTNZcCJpgKQBQxkpcSiBy5V6,280595673585023892
tz1c2iwyckUCcicx2qxqtwLEartYFEHg1pvB,127735363419621828
tz1PQDUDph7dDCn8pLGXqaR79DiUWLiSZdEf,73941401165033861
tz1fUZ5pMP1gUjuJsp5V631cXmA87Kxm3cuZ,263863200758638597
tz1NVsmLrZX4jad9bNdvM1EskvcTq2LSZhLx,689978644711205419
tz1PKoh9LB2P3pgh5ahaAFnrC2QBmUxcHDJU,61762393395487940
tz1cqoo91JCc6sKmNuTVKNzwUdi6E6moHWFb,262400816891077189
tz1ZGNErBKdYeEPjZuqKXhyTixQTTPn54bx3,133104799302
tz1XoiGxnmjnkaKcNyG4rrHNNEoh1u5VidxY,40620982384154779
tz1QVUXNoyCfKpAyxDpq8kR3rK2AShuzQxJ5,677815144591595206
tz1UVTMhbMiSETKCxFi413yZ7imF1xeyt3fV,202668291551337402
tz1S5TbsJCWmCyRh3ghJ2rWwQHHbcvoh1uYV,145743091347519307
tz1UAYfFWmaTrQTYMptaGCw6LrXK5Yv84VnQ,1078841019305067
tz1hLhGe26gqt78sZboxiwne6zgKMqirRieW,66302424859388325
tz1RYTr2WKdJD1MMV51kN9AoxPnxZJgJ5sqU,10825585370176408
tz1R6mtcAQwBTK9YpSqRL9y2a6JZWgDkBm6M,132611452129991528
tz1Sv2XMQNxcAqyqyyv42FHjf3EGwJ3Godj1,749466552648685205
tz1NCsGajb5YgZdhdviKrfisN3VteMasnzQi,49667045041543163
tz1Vh4cX8VutUUUnnjmnY2omSV4F26T5orLH,10948032878411081
tz1QGCWjNpYmcS6T9qFGYSam25e36WeFUCK4,119427003566586466
tz1LApX9pPhcDUDznHR5TTCcSXh3m6zPgFHA,63918511353374332
tz1hUY7paB2J5EhD73r4oWL6uZubf1UibHrk,214420826094418627
tz1MgDFQvyV8Vfc48HgeqMbCD2Po7nhoWDeL,296061946680396473
tz1PWZTKd1zhfuxrixGJoHJ6G17SQiypwe5m,98735948139
tz1V1Hu7nMcgVuMKDEZickAKHHZavLKTB7Vh,106285175562
tz1NKHjwrYfg7GWwbWZ3bvdejkVL34De72Pz,104099872887
tz1RaZeHEiKewSd14gZ7HKfcQ3HaNHJ5tnV6,2141361053332456083
tz1aiLrqvULcV2Kfvzt9dUmqnLQnoNXPPek8,341918761664406830
tz1M2h2hPZzov29kf7xcHXrunXb2jFSbfiNd,998327109250503751
tz1MToDUySbYhPabULUyDPPsfDQF1cpZPdoH,149598346409734841
tz1gMfLSQs6xTM2TcLM6Sb2njJ6h9qhSsT9Z,149991563980511756
tz1Mt4ddsTmDs4of6kkWYvMWSUtM8zbGNMq2,92776031752
tz1UNTxRbAYTSBSdHMjoUoYAtLH4MHMUiGwg,20681365596686367
tz1YUJitqsUrFfFzEp1d2RiqVwV61J8aPb4E,114033066864
tz1TqqKqc4t2Y6PTvxeuhF8kNjVn8HpZkKma,144433237320491047
tz2VoUZvPNLyq9bZ82VoDLrhkH8n6eaUoS6E,27252811720035616
tz1ZvbLR47deoqaSgsaRXe7hbgDgwonBicnV,1111095318584406411
tz1L8m6MGdvK2WA65wQ7DeVwXVmCS72JKWeN,8819075627920610403
tz1iCJRFVD1oY7yQBap6X59XktpKHJtgCGyS,6763053263239235
tz1bnWUvcfU77EBpbLUQ41c3hCBKovGuqyGY,454639552960224414
tz1STAzkywd9GnKGvJBPL4xWte3LCniyu5ho,131021607874648346
tz1g6cLrzLxNayiVyb7BLsKK6TfwboqWaYPx,5108178378607281
tz2Q6ugZbronUHSk8fbuHibBrBEJwrzgtL8X,39931447339919835
tz2Kn9u9cxvTczP6CjirJnEE1UApmoCzuGPB,110213967741502674
tz1aHfKHR887WzmpA56K2diKDufR3QJqn9iK,7337659942155184987
tz1fcuYiLoHA1qD8vLJmSJPPKhGANGLJZgin,76833265902502
tz1bdbHUpDrUx7m5g4VTSkjnc3mxnquzRTcw,816059208389339437
tz1NoV2nnTuxavEAuozNyHm4nqT3qtkYUNYW,107079831080
tz1TQJjDtzUWWAa5a9H61iyPZmuKRfX9hXi8,3692227651808272
tz1ewd8gDnG3USrTRJVdbpsyieVv9fWDMPNk,388045764953179744
tz1Tpms3fccT8x1pVY9BQKgnvppew71pTDDd,19870148861472232
tz1bNLPqmLVxWF6puxbFZHU1yCJLiCZmHH2E,280962917889982
tz1ajJzH5YBGRuXnU7QDJzY2qVRGcysUbxJE,19866499604668674
tz1YT4u9DnGFiRM8AXXACY8LWuV1rW3A2hFb,5637580822573565
tz1QppHuA9TUoFN5Ek2ZSmRPdU1xQiwRSnPb,11062203785257325
tz1fne8nhZuSRgzaQPyaomKQcFRfthyicBQc,19866395902123546
tz1PGFWJqZhk5BabfqxfYixpVH9S8vY7NKj8,126946219036
tz1Uva3ynPUXqpAsWJ3CxcXVPG7HEXB19rzU,203006693021142120
tz1cGZNvVyHrKgbRu4b23Nw896JD6GYhZKQm,202672238406632535
tz1i9THBDe13YzhSmcdpcWKJrL4raaJ1cpN3,202338610233861902
tz1apbBneTw4Ap2kdmv7gfTv4kDPYbR5HAkn,171435259930917039
tz1MJ4C21XhL6B3YptprRWMuL8oeJquUhz4u,39506679074997967
tz1SMoz8tsJzeQPtGhPEjPnanQMvFc5KitVh,11082741855789671
tz1XuNQgqT23u9KcwmRLGGQ6w2n6dCE4bmoV,23089135282987219
tz1WrZ2Th2eCuq5NuZb8nHXPJUjaBE25Uwgv,68591988241641
tz1idC7XEoSZ45sXLwp1ujYJ3yNFi2tkLT7A,16596003586003693
tz1d4649CmmMEzXBWzhTgTkFxy9ATNhb5HC3,2238635185562520
tz2CrWArLr8eRCj6mp6yYQAKshR9MuyaK3Qu,225459740513075640
tz1UdGjnCNd5ifzEShXft78CmazG9gj4fdrN,1043589263734585
tz1WqkwtGV3ttnchD3bqmucZwByduHq8EN8f,11750071730806434
tz1fvhxJtMzKYkXM3fvXrQEyAXyMLYayTtZ2,6768222692099511
tz1dVTewmwhAqfBcAgDuDuF2sPUaafuPA8mr,211039255160753869
tz1ScePe2eXYo1RBdEe12hNY8KrvHyjFhHw6,2473810121420987
tz1XNmNga2NyqFiNpmEN66fpySDoGWoKpKXB,12976266712007544
tz1dXpsNAWLHVYNWSqhrHCHT6wh6L1fKZfo1,3130853580913443
tz1N2AezxpvrXzvGaqNVW9BqXxJ6Rcup9M4p,91981376234
tz1iFKBz9HbJDp6omQGG9LC9bTXF4zKdkJfR,8718630757947107
tz1fFCF6FogyPLLjSk3FNTG7gVdDWfPCWVni,112443755828
tz1WUmNdnrv1w75V7ntFSt5kSuyQfYuo2hqK,6828421098608540
tz1LYQiMSoy34xAUD2NnsJLCTmb8HYYR9th9,10207200140341961
tz1VYa9SB4LtsHLWZnJXc1JuL7wuX46orE2Z,51214001794772738
tz1d9NBC61N2Xjo9LvXAQsKPqC4HaL1mFD9X,74411870450130153
tz1cAxm3wHEUX9tY87sSfdVfHgCWcPCTkNTA,144361923146310823
tz1iNdzx7BJpGD2e2YaV2QbsteMQWMAXjjDf,6376368210774853
tz1YrFGJ542U6jpYHpe7BFHxNfa2mb1wpAdH,762533494546428
tz1SPVSDCDpbqigKWVYnbgHEudxSM3BASPZj,1387650894382401145
tz1f7C7HeTczoCxoo8oQ3vBDRQTiNM3tFTZu,87278111197698687
tz1P8pHeW6qWzBkgeDvi3bc8depN63r5tt5s,24229144964582619
tz1iZnkruZaYGv3dfER3wEasjJj5xpaTtMjN,297995824498786332
tz1Y1svqGfYwEN9J3ne2WLEuzUVnwzP5qoYW,93769351150
tz1YmwJZfEerVMbc8uuJc7xUzE64ma3Xfu7L,20131499141582916
tz1aQbe92zZy6MNeRFtgmgV5dV5R4BNTdqK1,20128997963339310
tz1THz87Wwo5DL34CELa6psvuH8RXShPmSbc,5165351657840731
tz1cgAHrLkuj5NrLmQ6LnELKFKu3i13CokzB,93173359511
tz1eQ9skdokeeUyTc4SdNQMPigjZ8JY4kzus,32592170277418063
tz1S35xPc2sh4kK5hd7KujsWU1G3SUdCnFqp,1453046985605927432
tz1dYEEirVkgSnE7eGK9vFUwxWBqibkafs8W,59733990485851510
tz1VLGH7SJ4HA6kDXRiHYqVFkn2btjnoxqib,1216643848761683416
tz1XYkmAHtkZFjZLdWNoL2BTqUws4oD4H1PR,294208778137719794
tz1dCyFm9jxuhxJEi8UW5sgiS7TFubaNT1J7,1126372544472041
tz1XbmhVLdDgsihnVoyn6aTRMURJ87YEbG9B,83399507581072586
tz1Sk1mwyBQkcyrwWZkftmR3Mjv77BEGUw65,22658739432863127
tz1QHXGKA8NaCmpZLrvrUyBpYhgEiQDyWY1r,1301992304368443
tz1NS4ZXnzYBPJpspW2svbqdjGsgBsGZchzV,2061921631838569
tz1LUdy3KnxyyARheKtfcnRymhUq82SKLvyx,12365665482540864
tz1LxFeaR3ZNkMRstvhjNeVbpv9vz2LttLBz,254415746495924
tz1SFJ5pW5FVR8cRfAqY3NqQBuQQq8TNsjvv,15424933867605385
tz1YRG68NdqtAcsFEwTUw6FsSsiBb5kagEDo,153769602950980507
tz1XUmPaRxfbi6Mjj6vUWf9zhjwHdfL9gEdk,765631680645310
tz1NiraRNtWgpXyyxopRTk2a7Py9oKFdrgkB,12788218337821110924
tz1VnXCALwSCihScu984A3dbY6XXLzDqJWa1,2014874120342599501
tz1ZDDHc1YycDdwQezjVDVCSfSB6A1xH3YxG,810062793395086
tz1dx37ewvwHWAaRxdjd5sayKBR8LnJUT1XE,13824756510856
tz2R1iMz3wHEx6Z8dpdPVgb9eTDVh5NdeqNz,106712667055957160
tz1hR6q1QMUC4wLD3izGsfeZ3HuyfJH5QajX,3141928525746627
tz1akJUKXFmNjxKaCqcEHmwbx4u86xfHLYJc,2394569467370806753
tz1V2FYediKBAEaTpXXJBSjuQpjkyCzrTSiE,12311645926619826
tz1Z1xRcvcqPPqja34fWNd1StABUV38LnbpW,727550336128699
tz1egZ7YNcG81udp3pGXPBsYQsUNHB7xAH7V,37504816280146951
tz1TSowSJAKRqQbqjspmyfN33nps1op2GodY,5580433192593373
tz1VV5912Qp7qqZaQ28MC2G3RQ89UhEdueqt,67874252731232871
tz2RJZQGhhkdVX3kq5agHahLmh8TByJWaedL,36408902090636419
tz1codeYURj5z49HKX9zmLHms2vJN2qDjrtt,5311441465694614299
tz1WXSxKwhw9EectY8mAdUFXDBHFnPZE3HSG,574787406714018966
tz1aDrsGYyNbiqUX6eTHLe5otZJwN5XQh2kG,1936203071593958437
tz1gu5jCJunSaHjR52rcu3n7SgDCJZDLTqJM,11799251201161514
tz1SDmZnnzpH5GAfHoeXygPWwzJtHXADpohn,902323576058204
tz2KgCQ3sTz3n3jrU21DveCfTVFgrMnzeA7x,6407159251539475393
tz1XT3SAzJh47s5DxMJud63MWnvDftqWFtS3,383545211883901705
tz2RjcKqwtC4vVKN878Bx7L9oNHR4mPTHDc4,32940049246381106
tz1bQxeuFnf9PTDRUwu94sU1GUvU425KqCeq,483945737156444
tz1Rb2U9TbEkYVQM412wBzBbMbnqX2r4CTXs,403875702616447
tz1gaTbRLDWJFA8bzcvDtkz8HxN6V1eL6gwL,16828745637643660
tz1U9RY2mXmwAaSSm67rEy49N5YE1Rs7K223,287788907983504
tz1ZzEEVRzw78fhsLMM7JvV9CxZUaWGB98U8,11754692238949429
tz1RSRuULmTkaXTjrhbFuNkE4mkJLRGPWJmy,10602131107834154
tz1hHz9wjLaZ3p9sDo9SkqT1t5wxNsK7688s,25411625517132331
tz2BzwVtwa2mTbspW1qqdiA2UtctbGntxAGi,206278084437042347
tz1QjLLgQidRchfWMvHa23uhfgdzNKSevELK,1922263754488773088
tz1WW1xr4mdTif7jorgVr7aqY3YnnJPSDXj7,74371809190339
tz1coEYWsh5bwhhCsK2Dc1SXTNQs1hWs1QtL,25730595923831361
tz1YKkEwEXk5g5MeDzNTgfDwKd589rGJS9q7,16669758728063249
tz1PSiE9EmFbQFb7K1cBxPTsbPdgotHLdy9e,41256352373819352
tz1hWxyYMfK3h3y7WvL1ErggtgneuNynC1JA,959178482242384911
tz1agphvYoUaWn5BjTVHnqTTyYwURTGAZyBE,303636386860872
tz1VXAAqokxhhf5iwfvkJ8tRukgVLN8BVyce,840240466269241
tz1UVjnYXp5DZaCX3JZvxQQqxKnXaVMYAYZD,11758652126170407
tz1N4Q2BLS4sYvKCoM5XxFAEL1yoEY8TSS7j,2110754371160501795
tz1XH15XMCB22rJJxHLsZgVhXA6t7kJnmFa1,41892903653338188
tz1NEmMNjFtXgixkdCkkGsEn7k6QPeG1G1Qn,41502067197592098
tz1gVmWVnkT2yQr9gmed4BgK22SrSPjfpkEn,89832548484553315
tz1huGodLQWq9gKTZJ7D2Z9GeymHBJNnXvtd,14232610037860
tz1RVq5ohXzWvbqHzUgsmUNWHqin9HRkrWPz,1164930672322619
tz1az9uytyQ2tv3aKXJuNBjrX29vBsYuWDuR,53942442617888379
tz1LovFrdT3D2uY5ijGnb16172szCqFazDCE,2200476643812048
tz1aGLjZZLDwYYSevU3HLbEXenAxwRo6f6EM,230930943168578
tz1VLnru4Qd3CFuj33ss2v1feACiaLaAQdvA,4514392684492
tz1cj6FQs2Zjuwwf1uY7e7fLQfzi3YAbNj46,49285536647445898
tz1XksiJMYSGBzqZqbj4F1dbHBH85i9jR3Zi,86623745556646034
tz1U6R3G9mF8n9qH5mhrMZjgJTMKAEYb9Uw7,509872390623178785
tz1TtLSSFGrP1796nyd1ZhGH3o1AVitoukLj,2802252952528733
tz1QoX2rtnpKq3MxJ21E9NcEKxqPL4dKsEcn,90605044385609543
tz1iXbbzm9Wogk7D2W2qNwYzePbQVmYP6BXN,408568404157617
tz1aQGJFwYn3yzghyRbuWNapzDZjXCEfYHuW,3130336094062621
tz1YDowtv9HFd9eUoMZMNjicREmagF38XWyJ,361521338760855
tz1MtaUicPHBwrvkwnNwikGFfFWdaPxYAvJc,8079423207053989
tz1enSmESCGkRYo2CtDYKhqUHFTAQkpXjYjg,7528428699643133
tz1Wn4Wc6d6jieFpj2DJaNEC7HXcwKexW2By,94091038496108172
tz1c2MCGJM3pFb88Spt1cWgxGtXAX38Ur3CS,56108991689462272
tz1ZFS66zDerPgLPnYYEo8YXveudhGbzjESJ,34019798164544769
tz1eAR5bUqFqx85oRxGDSqriJbYzsC6Ff6Dj,673205028436349
tz1ZrtiLUXfjKsYskvr7fmZk9N277YQcv8Ws,2615793490067685
tz1NqZnVNkS4N4XQqZaTigDQpSs8nc8RoMFW,11141967287106673
tz1WEjGgTyPyhUapqCRvwBnHhLCNV38Jr1GU,1384308730781547
tz1f2NgqK2bX3LaPgeTrEWgFFqRJgPNzFAYv,9232632566336800
tz1WGMbfVnzVSTD8oNgZA8feaYvNvBYzSVmD,12568341165645742
tz2WnujX4qC7yfQF1SAHQuLMUcB3pA5GJhfU,4501726931124736
tz1MrpnRbw6HqHvKyBE3811uHgJYuvVj2hwN,5221760385509567
tz1TkqGsSx3gB17SLAcMAnDgfs53kYeFez9Z,6415243994504858
tz1KssAq8Lofcu9MwuXqpvXh75ufZSCsLQun,8199467463845074
tz1fhd4k1jSJRRcNVbkMwVzkKEhX3kzApsfk,29573436609335810
tz1XFukdhsw2szhabNoSDMBPCwqsyPLAkSfB,1295388535787
tz1TRrpXyABLU7RfM1fR5AbFM4g3F71KpKVS,20309401909976481
tz1NkGJR1x59KMwfLr2a8bAqDYSm4WeDjeui,380249818125407
tz1USgVdDHovucdwWXcd943nkjN9Dc2kZ36s,87839331331853
tz1cVcDkvek2UNAo8ihaycH6GqEZknuxjz9L,43284371009937
tz1Z4eLXZquq6x1kMujWqCN3eQbTzwkMb5A6,43312245907775
tz1VYfSekJV2Jcjbgt4VaaDUDH1knN1ytNUU,86034458826612
tz1Z6ikQVtLws398W5w6qMLQ7pjv8eEutu9u,85138852488186
tz1iAafYqNNj9ZqP2Z3iPwokaUfMmrNd4UkY,211393745890053
tz1ceVRLF5yAKvGcFXu2ngFtqXbqkKd1kAZe,83920543623920
tz1gSHNQkhh8qNCXgLn4MWnH9DZ34NGUn8Hz,83792473121096
tz1bxpnJwhqrdhf5Dmsp8QusjL9zN4qbDCWs,82533379920020
tz1b4Y6E5szNCHKZadDnAvdUyBfr7eQoEM3Z,1971556829798583
tz1Y8v9LUURRffBVoJNysYTMzb2NranuM3fd,381313801740681
tz2ULsEpiuozejYYvEcwYq76vDHUEVcyYyE6,8402887052706
tz1PQkArZXKyQjY8gmX9yAF8NEtEtbuekeqP,450856427677215732
tz1bv7bDGmKDPNjX3FBJ5nPG3LWnT7yB1Wto,374459562369301
