Address,Amount
tz1NRbpmTuPEFCCYCqCr7i3hkMRDRhBFgmxz,8501
tz1foujP81wtDKMCX95CBY35TUYzWapuuuLg,21970044
tz1NBpWeS2gVpwPpT9NUn9ifBRfriwicJT4y,1688557
tz1RDbEW7YUkwnnDdMNieSiF6kB4XBws7QSg,1203970
tz1XwT7cC7UnvMi4GooA3qUNEA22cPcUXxLp,1876930
tz1WdQ1dak79v48jXAQjYtt5ZMGnPiwn1ktL,3274
tz1eqt71cHna4YgyNg3ao6x22xU7c7CZXxcf,485993
tz1SBxNvpDFC4bjW23CtQfVLqN5cBATVf68B,127069
tz1Rgo7URug42QnhBM6eLy4MWdfwn4RovHy6,4352769
tz1ek9wEDD2edxuV1JniLuh2ckh5DeM4FjQo,595678
tz1S4Sp3WtEz3MfdBjiaRWEAG3ZDSngAR5L6,465
tz1V3fPD3AKPNwZf42PKGzFaWU3vZ83Gjvfq,394619
tz1P6DFx1Biicriaz37h6oLAhndhBL8eMoAt,5055623
tz2UD7tXJyBrfDBHnFzhnaeL8ZGHxcDZuDa3,2090358
tz1drEV5soQL85qJMNts3JfkgZxD1oL88gsh,98714358
tz1YTQ3Lys25j8FhZQY61eoYErYUteSao3ez,28178
tz1R3bKH1seset2h49p4vrZJCEL8voJgSK2G,2974517
tz1Z6nhkXDgJjDzSpDEX5g2o1ris8Ga4xjDY,525317
tz1bdRJkGkNQ7homh4PTnkVM7xzVWhuC4EMm,3338619
tz1Z2Ne4ZHxNPuCJeCcoykHVXTqhVdLMD9gV,4029274
tz1Qji1NnEPj4Cxa9s2WEoWi9U9KM6a9gdDL,1053496
tz1VjYmQHw4QE6tYTQLLfWNjqkUNwMC7YPoF,729687
tz1czaureyspHk1etv1dKV1WmHCs9pb4fXBr,326193
tz1cmanHzitf3UgWgECzLpGUKpzEfmGZaFsw,3041321
tz1eZFb4bNMMdveGT7BPcktbYsurg2e8r1xR,10686
tz1RartAmPJhFsL9oAhZndSL2G7KCsaQqqkf,21350387
tz1bEi1SEPrZh28Vqa2gKi7veuJ7AksFC5GL,39154
tz1YrfZhjFnhgERznXtYee6c29n3PBeam8A9,89536
tz1MyqKoe43P4Z8MfHoXVBTrohgcbehp2zLL,11402172
tz1SRcMg9GRXi7paNeAc3ARn23mS3Z5dXa6S,95447
tz1YjtCLzjw3bqPxJh6MqdVBFrM2zrsA9kyg,37174
tz1hD7VdzRpWG3nmYpCyW2gNc8mQNs3TCgxu,1186601
tz1MstraWa1kkCRoGRYpYEtMncugi99rUx2H,4453
tz1f38MX7YT2Q7MAq3mDdj75GTN7vgqV2TfH,3139861
tz1U1Pfo6gY5UKitBztSaAbmbwFxgmmN2oaP,116458
tz1aBDeNFooBEmBXnWDVgLknNMUHMYhHVcRA,1504371
tz1hD5k7QW9ChHCgb2YLthKFirKDYQiNPDJz,170855
tz1cjTb6ijvnPrJBfaTEFphxDovW9xQbkmDK,11367
tz1ZL7ekzieKxwngCCyjsCN5qhu1ohwJQEBy,399836
tz1enbGpES1NDr2kTaocDhxvMqtpMy4ruhW6,159354
tz1SKobyM2ZGQYYWKiWYnc58GhJ4TBnQN7gy,550
tz1ehGMhxarDhwppx14PX1Y3eqbZ5W9Bc2Y1,39622
tz1LN3wPFYuS5fCnodwxT94xVFLPtcFHvcHk,2059262
tz1SRqikWtR2KNpugCApreA9QeZuqh8swQMa,16744
tz1dPPVGVRxY45ZvnRMU3vebaBVMuhPq5bxh,8727
tz1deYjddv6VT4o656x2FsaaN1owykAT7Nmx,78712
tz1ed4brTwpFg8hFUJSJ4HqnsC7sEjVesMtb,1113318
tz1QJE62jTxHis7kZkbDT2zsYZyauNDNzWg7,495126
tz1UcwKfokzWm6g2jpnVVqjRBd9iFJQHhH2m,186660
tz1gWt7kUnJtGXoT5BYzHVa89qGp6QVvQmyp,493960
tz1TJspN7PEXSA4tsGJZ1EAE3iJGDBoXJz2Z,239457
tz1epR6pJmPaJ8vvzNi6V1T51ccocX1Y4VBb,20209
tz1TrxaPKNsRpcgw58155HdX6USrpV2fERQm,529246
tz1W19DveaP3mW4WvFtdVdqGsWwBL5q1QDSK,365419
tz1esdEqZC5Nz3HDFseHvpH6SmQJPocxLzA2,203937
tz1ZLGi9hMam6Gf6kixB1XK1yJED6CYu1tGg,4105335
tz1XyTsb9DwkPru3eU1Cwnr5JkihEi5eisHo,801114
tz1ULQQ3S4kFLhhpPsegiMVFmXx2G6ewmbTA,29498
tz2Lqs8WFf2HDG1RoxG3EAtuHjDS27XQANWT,9447
tz1LRrXCmELevk5znmVcYD63TChSpYh3vaE6,443770
tz1dNTV2DXUpqC7SEiJ4BTB5RvL53bPPHZfM,338273
tz3T9ZKHLVzc23dxD85p9xo6L8L5mx1hvb5x,1035713
tz1dZuKxjVojU7gtRDU1nMmG8uRdowF2Q3Sn,838741
tz1iPeVakaABzkhWFmG8mjYMpcN3JCpHBvZ2,34
tz1S8GvdiWQghwPMMzbNvRh66rcfmhEA6vj2,4256871
tz1N9qzry2ko1gwTK6HKWamZZK6FGx3Vr89U,368823
tz1M5swezYMnDaim71PSeb2cPFk49ajrvDV6,698196
tz1QQ4HyGbCZDmQxeVHoLP99KLyfvGvyX21i,5494932
tz1WKygtstVY96oyc6Rmk945dMf33LeihgWT,1967778
tz1Rux3pGrp2KpZUBKvg3VQ4edRYVJsapr4z,14161162
tz1d9Y652aoNq7351TAYiNeWy4FdWuuw1JxD,32472
tz1LWMmDzH79xyu6JvELrnvWLBBVjZg7TnfN,2941543
tz1esBaTjr9qFQ7FhrDQF7N7bTpNSVTkGbMU,103256
tz1LaWQ2BUAdTVNz9nb7AhKDcPDQsb99tzhD,21172
tz1RfSFe1dxP7wh1zSffEnskgqvVVWKNKZG1,129615
tz1czGMShkB8ZtCHKHeCPTY3CpuiCrjsGJBy,200360
tz1UQ6cQZef4MuskJjV9g8pXNZa5s8ff1oQy,354332
tz1aZsKPTRdkm9vaQhWv9Mz8ZbwxSHmf7t9T,82800
tz1KyRUKbkuBTK5uaidmF8FbWHYrMjdw6GuP,42900
tz1dTmMLY7tan1HKfW5e3KxJcfZput6UuTH6,6741
tz1daKxrqyoFUCcuQj36BeMN9C1Ytmjg5p6n,1856604
tz1YZ4VZCRPoiDyGP3U69jCq2S8duDUcRjHP,41507
tz3VvvqkW6D7bSPej9x3pghjTozTRbaB4Gn2,223595
tz1Y2QaG5AtmfN7rwBG1coLQKFTTSw55g3Kk,722
tz2LYELYe16viwVBaRjZc8GsauKRsxTGPvB1,1019452
tz1gXcAJZUYqK8JkkGDPN63cPQGu8LiBndK1,1409087
tz1gN5Ch4VeDZjiM6R1KPMBxPWFxL3HHKZyT,228405
tz1L5rXu3RqYBjZzjWXLaFANYZcwS5Pb1ZST,33981
tz1Md6npfDk8cL8rjnPNZU15tHvyCZkcGDuu,101725
tz2WYko4XXaV4B5mzjguTeRkkgw8LyB2jA2d,197021
tz1NkFRjmkqqcGkAhqe78fdgemDNKXvL7Bod,6024265
tz1TgtGGP3TDUMnUw4UzRTZHrsmzsSKraau7,557
tz1QkQLtDkqpw8VSymi13A86jh5iaCeMriMJ,2788320
tz1h6J2pn9X3KMghNHZikrh3PtEpgCcRAjHZ,7730612
tz1VCyNit49HjTmz8SEgeL67x4BLuoTaeYMy,4201823
tz1gACjUSBkWjqWv5ZBMRk6G9Sp8xNAYgwYV,364571
tz1ieVZFcRity1eybQtgUyGg8NLEYWNqKtQe,67560
tz1bKUD8UtyPfknyWyMbtTqsfdMuWomrPdSp,120553
tz1T5GmdYXDWwbhBrU7RubT7Z2dmz3ZmKwCE,1734248
tz1XLpud4YtVgwiAJezLKUsAo9K2s8n2YPqx,234887
tz1gmajxhmKt22CbcsSA7WWXSATgbuVEmzTC,103351
tz1cfzEz3R8YKMqC2rbKnr2XtpNjZxH6RGdy,58990
tz1MNGNi6vfbqGdhikvLBGbcz3FncMpuvU6J,1188
tz1hR9eQYNNTZ4VGUeipK4PHtyyDEDmQ9dSf,1286599
tz1RxeY78zE8hNJbqPypB1mTVyTsBRmPuqry,170902
tz1UnGY1PRznh3CJzSFaW2V9EZdK36AYneHi,9793537
tz1ecAtwNdrsABBKa7Bvn9ZEq1Ze1EvS9WTW,923027
tz1SBF19iLiCc8dNpKe1Ym9juSAKaTPyeypF,33258
tz1X6ADVxP37XjYppBHMLVRJQwmxA2YxztbQ,325771
tz1T1u1CET7ek19f5P59vCdjTNFWAscYQ5ct,1275553
tz1c6Brwut7ZqXQfkjxDXvyAUL2Mr43p2JZZ,2346
tz1V9qHfFxixcXJKWuEziUqvdrQ7BWpPnWTa,858726
tz1Lqnwap8kKynTpefqqSH158i667Wdg8HVA,252203
tz1Kp19QyYUnXuE6cxuXxsfQZbyqv5JtKPku,175977
tz1cnojsw9qgMbdpgPeCcWPf5GX4YPvd4HAh,4286585
tz1fbJACCskangcgy9xjDSiEYgh7CUmSo9oc,60259
tz1dKaw4xdNjfufDSLWRxumNBwe2VX4mxXyW,2662491
tz1RJf644pa7QAZqKzrPQGiYQPyubXarC4cv,46515
tz1PTR7wFs8pTFarkpsZ7zrtVBJhusyNRRM5,160943
tz1awQgCgLpgnkxRvbnKemRws9uqp6WASwRD,2151
tz1PaJwmmL2nrRt5K6HvwFEc6fUfxNe6Dyp5,114431
tz1YSwscBZCf26kSPvqsnUdhnS4XQD6mAjcz,1219117
tz1iCiA1vKmgfZbY533ZgMwFKZ14S1DQNooQ,112484
tz1hNGWJUFPFV7AWLXvxGzJVEfCZ8KJ77PJA,123053
tz1MqSihmFMUS3qAmWPhdQWhzrhJJSBMaVCB,8380
tz1NPu5aFQ12P3KGhBGgt7G79SAgVj2Skkn1,387044
tz1Qm3DHkV7V6peZPyWe4rv6aToH3nRmWEH7,21043
tz1KsiwkQ9pyrt4Ra7QrAQp5LQJCGxHQrY1n,308656
tz1dz7eYRd5uV2DndcPWFeEHYGgw4bJZoCBN,531679
tz1eKTUc8X17nVmtVRtxBcs3hwUPXWuqP2AS,496580
tz1hXx6tvTV3kzxpBR6E4hDYcxdgcRGHUTFj,24688
tz1fkZtnjNfQHtEyUpyX9Tqq4RrLKx35qBxf,218048
tz1chg2T1s4DTjLqthPc49HDcqkFHMwdSPwb,769303
tz1Uzm53vPr2Giyi32yT9GUvBErKqHPBjvQL,431498
tz1aR3nrJgUyU5B623U9s1MtMsMjA5Wz5c3G,972609
tz1YaPLZuVmZaKB69BjJXKUDgNaZrxBR4Lfn,37666
tz1WNk2o2hJvzjuZRNmZQwjLQuv24wDv1zjU,4030694
tz1br5Mvr9VMEb1sb7HDtxpCxKVbZ5XnDqJi,170066
tz1PMB2EKqwkD2NDuf9tvdqhEjhBy3pBGQKX,169999
tz1QmBcwm7RH6swEYNpsZZfAWCCFaW6wugVT,3068767
tz1LxqBcvRbZhp34C2ab62CMy49wFbsQSzD7,36421
tz1S5RkjdXMREayGWMawArqqpyMqGRjohJJr,308565
tz1bZ8vsMAXmaWEV7FRnyhcuUs2fYMaQ6Hkk,52017
tz2Kmi3xEnXk8c7zqWSQqSSyfNpWt6ovG38D,907410
tz1LgePVXLZYNhHoRQ6KgHfQjQ1uq7JJPZDa,689379
tz1gk77xzDAG3sif9eFvsqUnzaGh4MrzaCp3,219144
tz1cWUkZFBZ72Yn9desxcgS9KdH4BVfqd2ZW,730517
tz1a3LNYNZTNN2SLMjWSUc5jtLWFvZ1kC7BR,1692192
tz1MiKQQw6u5CWaBZHtn7Xmbr6f7fCQZyZKa,3536
tz1SGPStfd9v5upQUxRiHPC9666X4FpVAmK4,4988
tz1iF629Cc91SJkmQRAWAm6nYavf7RgpAqZh,779365
tz1hJso9uzj2UFHr4rGA2o6s41UK8NLnGpUd,114277
tz1WHGwmdEr4iruf4v9r6bdHgzC5v8SKYTkV,49433
tz1Uza3jMhipiQMtmeEidizjbSqnqZMQyRv7,9706
tz1YqsEWdPxBmqVKsJircrwBmCmZDtHAgHzp,1139488
tz1ZLMaECyswARea2bTsBws9eMjgUm4jG8Uj,2516460
tz1hKW9ZbV7U1hb1zPfrE6HG5UWsKt6eppMa,1972745
tz2H21wDMLHDJ4jcJwPr8cmhFatSv276Jama,370750
tz1NySiq6aHysD6Rpu4bYhFaVe3ASya2qB8D,1621153
tz1Rb321A5bMKjQdczUs7TyJBeXjfCtB4mYd,4425100
tz1USU2xSWb7CBYGJYat2X7An9sr3cFfsLwi,108199
tz1aoYg1xYeEdnLrAJ7y2r1T3aMBCyms6ppJ,867114
tz1Z5RUwr1F7BZiHjeHkPSpWBwb1EgwiqXk8,82047
tz1WxCJ3UpzyWsXmmkE1YjYzbBv6jXYkbFYV,50799
tz1Y9QxwVevgnxVtG56YS6s53W6MBKVdCPCB,382392
tz1fq3tMpnnsZ944DVxcJqsVNGsWTPvqJzvo,522034
tz1PrecMTmNArbdvQxtZLUVUBT8rcC86dKZC,48089
tz1Ty6Hq9GpzxmMs5Sv1VQ7cP2U4KuSCAN3K,128043
tz1gV6MqrjtV5MtVaATuemVsXDQZJgiaFiaU,183449
tz1Q1LWn8wCK77L4xetjbH3Ar7sDaSANezZx,38180
tz1dugdoeZULYPA9phfkpofrP95rFqhZNXeR,10951
tz1UecmgMghaWovhh9EYfqTrK9gTtaiMtbzs,12695
tz1gGwXf6Ggkv9T4jGmp58jUMU2Gh2vYjDyH,78805
tz1QjPnpmqAJYSfDtDM7uTf5bkZDNY7eBECd,271244
tz1aVZZd883FwyEx5g2o3TgQ7pwEYi2f6apg,46975
tz2MzvuRU1GEKi9udpqzLpGYfDoZTiKZ3C4C,759724
tz1SEox4m6JwzUjLL2daQMKU7XDrvsEukR7X,156801
tz1XJqUrY2okTwoJFgHFJKQV98tsn2oC6Twj,67503
tz1VqXA6L6hPEFjvsgWv7Viw4xQn5GyNszzy,7260930
tz1Wf1Lqz1yHm27P2RQJAVV2CMxnhYK4bBGc,325519
tz1f6qSGVtbzq9kMbuefmSX62cRJgPUKo54w,1663
tz1iuQgH6htUbmdLALotF4HHbbKxjN7MkGd8,32989
tz1cTS1WwovU7SC783xgJxZrzr151mcshmNi,641784
tz1f4Z9FJfgStP7v6Rj7BMJnWJ9Mb1NdAGsS,1161
tz1ersiy3MYVu89DFXvW7Qb8AM6LYptSsoT7,329022
tz1UFF5DSDDtk3fM1ewaLvVG6fhaAeCdgYEt,41648
tz1dcpUhXGeXexEXispSpfv7CeufoFnV7AAf,2017235
tz1RKRhkvC7MQgKfPejvNaHGshWUDsyJKZdT,975280
tz1ibTknNagJCgQPgcbPvJhpSyS5vxgdyFt4,332933
tz1SHzbhYsbX6Uk51hJC4JkjgWM1gWaSwBqQ,65715
tz1LGkz6e1mTymuFyHBVFQZsHEtHepCYYgXD,1622073
tz1NW1MMFL3jytxBjhx1qATMJyY47vLBMa4p,2652751
tz1QRm2TJKnarZ9tbL5CNjN4Ltq9pJtytuk7,1107
tz1WJpBDRGfa21un4yQDKTGXZw561nsGg7Qe,32970
tz1UXAsfFeufr6p2PafNr2oXNrTDSdtwwdgm,26360
tz1dpa4iDvAySDpgrcDCQky5Qk4kzLxHm8gf,252599
tz1YPUNi7KW28VxZNEu3fNkRkJG55G9p7wsN,21802
tz1YpusrSty7ULz7w9sM814trSRmM1aNbmZd,730735
tz1cuj9Cgi19KMRi83UuypS89kXM435qdhmy,3197
tz1N5jTEgaMoMWi1i5bU69wRCNrLvLL9iYpY,64091
tz1htwxBMBFikeP8SnQiEQyA9n1ryDrDFyLK,16347
tz1XTyukKgkqq9P83UkV15np7EtSSEy4kAeY,16725
tz1WMFtCLLeRiayH19ZiaErKq4Zu9p5N73Sr,100
tz1RFUjzPENm3vF7quaxfELQCfNTCSjAsFdA,160377
tz1UvkN6NDmGtkBB84svr5MRWsqQxMmM5chq,8279
tz1YjsPAFc2RmuKa784bkeQhdVLzbnRVtB7c,84000
tz1cLd3gXJ9Fk5c648hRzFvTnGfT97CxcHrj,157358
tz1Te5JR7gzDBwtZLKPWSPuTGFE4JX21vVur,20642
tz1YDRhXyq5ZHMoHXJX67rHSrUFTqhYjFo86,82316
tz1NGDuYTuuB1geX1K5b88cqa8JinFLdd3d5,105562
tz1gqVB5kR6VTTDZc5BU5cdADzxJhot3JoQq,2
tz1XykUaKpskyp7hDEZjmuNTk4gFU58a46KC,9159129
tz1dghYwdzvHc3tYHp8iHpNUSpmAvvs8Zjs8,61788
tz1RwqsGoUqGfTegy7fnWg5b1ArKevJSudE8,15610
tz1PuipWs33aqS2KSG5k1qQtC6Dff1P1GBmM,2941
tz1ZNxMa8XsMa8JTv776X9iCETcNoo4SY629,20253189
tz1iAAJhH465Cf3BnsKQ744XHypQGY1v7Ps9,46
tz1a5QW18ULwjJK71LSc7UqNGgryrFouHzf1,785022
tz1Z1ZX2B98nEAvEnLXJBCnsJ6K1GqaSp9jK,54742
tz1enT2GWv7U8jyPmmoVb228u8hvi6hJh5FF,5454
tz1RyhUycXcivQ3jzF7ZpFZNcoLcgmXqcrSz,613979
tz1gVon2mQhvutR49Yd5XK6k4ypwWfFjMZtz,42
tz2HSz8b961xoDjDLy3aFGogvW4HEqXXdcR6,491043
tz1eSGjgq2NmLWnaQFQxafXK8ZQF5V7Sz72y,913599
tz2EP3fw5CbUUgJdx4c3Xono8Gbc8PLXGRM9,2555440
tz1e5b7RDRhmUWsiXur9MhyRBBTpCoNeUuwa,1140
tz1VCogGe8xeRgQCLrVhPbwo6mBSQxAXep65,91780
tz1LFFspqhK9KRQNvS1ahZ1RcpQ2PNeM8TxA,181
tz1ZhteLTqobRVCYsPj44oFfom5BJ2SdGxeE,115122
tz1aRF3qMDrbN95f8dGYTKPaey6J2qQQnk8j,10649371
tz2ALu8Jxf2SMgzSZaZEwfiJQbogpUDPStwz,1634100
tz1gLNb49fErXUiYdreLAAV6twp4v3Lm8V4H,245797
tz1fCHiWZ3ReGqvhxkMejVzcnXYz1rnsJpow,5221
tz1Mdpj1npkpaxPHF2wFN6oX8SovVPfHyXSy,15790
tz1PXJVTDRHBcjJGpD4h6PzDovisMJuc8zVc,607813
tz1L1i5BVehYJBebCGvPYU9kZYGKBELGUJGH,712928
tz1TR56EbNTEEDeRrsPzQzoyvwFgZT25q3JR,51976
tz1XbQgDFCaT228TPS2YUeHHfpVqGW7ANCDw,3086930
tz1cJPtF6fU9DQFVhTifFCPxDNjKiCm5TKHB,47020
tz1S1Aew75hMrPUymqenKfHo8FspppXKpW7h,7775
tz1ip7fCgktJzFWxnoDdNBjpF4ZCWw9qfScc,6595109
tz1Wb4LakUUYuFuuEgXXQrNZuBD49Trodhwx,57688
tz1WzQh4yDUuTpZBDdRwMrnkV9bs1upnSANF,147
tz1RAfKUFBX6P2jFkCpzLFntju7djjbtKAKr,2215359
tz1MiQ6euA3EEdnZxJ6EPwVsHzd6vQ7AHJmU,108851
tz1UFwr89hcJvC4sNCYK7zSLcaD4JW2KkNYD,600219
tz1Rm5QmNUnQetDKSVW8srM29hjPRiQCgqJx,862
tz1TiJBTfVoXxregtdgCs1rYd55APXSAmniz,121887
tz1UNdZnQnfmxaG5Uh2v5TsoYFPox7pyQkZ4,667
tz1ZPSGxrrPPfrmoGJgpXDArNJfNNy3qGvE4,49042
tz1ZU7vwEU4aoKard1acgnpGi8fFc4VkKzbP,7901
tz1iQ5n52oSKgdtdYtqEJgKmQYbL1nn2poB8,1318034
tz1gueZ7eL2KnvxqWudHjoTH3ZPiUCmwNKR6,162261
tz1QxepCwQ45EwtcxkgXZezHbnidvK7hUywy,878491
tz1TVZgy4rejPUkEF3bsxLGNCp6H4gz4PaGf,25211
tz1WT27PugwGBtre1hsj6BHmbAK2qQsVbRDo,136416
tz1fL2TsQR271w84MXx3qFD7y4PZ1F2mpHFA,372256
tz1KhU89QWZuuhhnDD1paFp1jYMdpJLh55im,308393
tz1QQyhTMAmNQPcSGkM7GfDva8hmuFPAxUMB,1086489
tz1htnC2n5n27PFD41q5X8bDvDcjbGMUS3f5,3306222
tz1PoickddNEkRN6qp4K41u4KUW43vZ1UDvF,1764941
tz1b9qYttBxHzoEseqabgvQiCxafZzkAtH9G,491260
tz1MQotPcNdc9R3nWCTwXLMDqKLS46WqW7Wx,494155
tz1a89Pvs553YqhJdCfDdQrRuQeykHMvVSRX,11380
tz1favSqpvTLtedjTm1UjuEmKfgm4o9kyLd1,295456
tz1XYuybht7U1RVsUip7H7S31fBDxpUgpTXP,79
tz1WHUWCMqVqq5AagGN5DrytqWz88tYgedUr,5957
tz1YJvMiZyXnzvV9pxtAiuCFvaG7XoBZhbUQ,276052
tz1TmSForCvNii8rmwL6q2jgicQfqjNFtj8K,555924
tz1RSYHrs9rpGHn2CcgKGGUQL4RvMqXxtLdA,120967
tz1Su8UYhcLvUPYABx7kYsWRVibZdiZPnmh3,9820228
tz1eoqCSmqPQtTLs53Rj6gBB14eQh2aHWVxu,124840
tz1XhZUHsJAFp4FHoeeQQ7auVBk5j6xoUKbS,15047
tz1Pwh2MBs6q2SeLHiko3iJpfMwsDV46bqQU,2815482
tz1ZWbokP5pGwT3tTtLPP2KhXX5ssg1EtDPs,4119
tz1hLWsybqnJtQRFp8skYy5aZLGNmL9bMUpa,280629
tz1PuYitvGfsBm7C3oYAXqNc3t5wNhWZj5Dh,266598
tz1NsE7vEgP3M9bDdkNGF4rCaTUENp5h56ZU,1595
tz1eRrQnioaBfZkWnXxYth5ZHYJqr48E854Q,652902
tz1dbCAvra65bwTVk5mgkYUHUGz3hoKwovZ8,125124
tz1T5NfkdPfhkXzYx8akPkdznxSgU1Uf5jEG,224787
tz1PYqfNnkpZydtSY2Tn3Rv8mjkgUpHJpFXC,624519
tz1WidyAU8wuyG25Pd7b93bcx9hMu7W9Pea8,601327
tz1VRQHQLw8Yq8tjxYLuybyHfhdqZpj3yXMw,190
tz2CCSPbBJLu3mrEWzP4RJn9jNMz6JDboRCJ,879
tz2Mz3ovkZR2HyC89CHHSdsrPya1mKSmLWfD,43258
tz1ae2d1BJt7YUqaaec6Xenh3mBqS7VjSZtK,58453
tz1MA5sPsCo8ySkTpMbyAEbKf5v4WwBr6XLg,114401
tz1g1vr7gbU7kwxVqmbmnovTGtdeRxFE6uBk,102638
tz1L1XwcVmD2z4qPfLtBJ6RPThgAwLcXG6kW,6513
tz1VeyZaPimHfrJFy8WwsCYzxHR3VmGTMpgK,63483
tz1epFVHmqeWvvkFf2eskwhQ1AY3JwWd7Ej6,127514
tz1QRcnskFh7eaV7QdEnjoYdDfrDqHgmmrvF,331136
tz1XybkRZWjLx3hwcy1hQ7PT6FWEhpHm1FBv,4571
tz1XcuwadWbLKkc4mDVxRo25dbtwfEa7wf2c,228023
tz1MkNbJTzf6uADvfSJKJvArvRoVvjk3tZz4,44996
tz1hvRvzke27MGtp8CsSvsafxyyMWSVYM1ut,20936
tz1a7MJ4HMNbWDhKZAqrvzX5P6u2E2mJyJiV,440077
tz1citPWufjty33AZ9KwZDztqrTzdNjfQU7P,2570349
tz1WntXgznbivRjyhE7Y5jEzoebAhMPB2iJa,186459
tz1b58mxvQAc98hbXjcrgjf5xnSwYXzi5gX6,149073
tz1WeLuPLjUs53Yr1RCgq4EQ4d5SvV651Tqt,15052611
tz1Wo716Gggp5HfupfxtPgmYu23rDQNcLcD8,405711
tz1imyQrFWHyTp4avUNAw52RxdFjU3HPviRN,40378
tz1isKR8pS4pdgU934K1S4UpLsF56ECJNArh,146688
tz1ZVoeS9T3H451BgjTe18pM1q1LPd2cgB6Z,6463
tz1Kx4ydaiJHThd2nTgXR25JPTZtKyLG9KC1,76462
tz1eL4fYCgegW8tLCbQ1mYiKY3TdDxWnnKo8,195027
tz1Rhg2UDkjgLhemdSMtiGVGRmzwVLVaHArD,33700
tz1dPHDXSCFo8PienbvDMyCKr5DXjPMrZkJ1,177406
tz1a7by2HMBv9QA8WT3t5fhu3E4XPofzcukg,27720
tz1eFe7ufhpTuqh3LHB7zYLuFgB1rFCPXnzN,91142
tz1fkkxXSMtSQew8F78XdsnaC26AfsXtsGiY,41823
tz1ZuiTWKXKqYfzFPaSaAG3Huf9QM1AdZ1pJ,94640
tz1RsCndtupuxe2U3syGAdcRBzpNqJZ9ANNc,3171625
tz1MrZQhiNiHK14oEq595DLsVQ9wC4Nv2ZXW,71001
tz1LJQ6MPnjGekNAmhFmkm8XWtM6UGx4MyF4,720911
tz1cGtKd7EeDGW1v3d6B5tuiy81LfzMp1FfU,37892
tz1hmxzW7MuU8HeRoCFPGZJnavGf5unqgaph,430505
tz1Z6QqrAbEAMDLsis3v6b956sfH6qLTSEex,40729
tz1NnBgY2ze24nQDpdY72wb1GVsee1UfAT3d,15562
tz1dAW94vB3yYfNPE4LM2txBT8PQ21Zq4Xzf,16501
tz1eeR22tmjPN3rGDikEMvpe8jcdXww3dqTt,115985
tz1MsfyCeQEt7khed67HHsAidezZ1Th6mjzB,40205
tz1WBMWCwjuFSsiiLUWKEQHEACNEat2S3EsD,385223
tz2SuPjN8dYMJQe548bTvSPL1fdStZPXv7gT,6100160
tz1N33TtiYBQ67sw32rhCsMSVpZkrSHWe9aq,1800268
tz1QMjzbw5Yoi2zPqUeg2yuv5GZdmXjhh9mr,113752
tz1ZutSZgCHEzxspXyoSYSREhwHh5g4PM8hN,110301
tz1dDw2YD657qFqQq5tCtbkLxrgnEAECm2Fj,169199
tz1NrRkB19Su8iBGVTz1cXbG3oCw29GSmasw,180406
tz1NJS9T6FKTnKUkVNv2g44GHTAhzH77qiYw,229515
tz1URL5HNuTa1fHqqCtUKXUM3hm6g9c88NgF,356
tz1YPBTsfVCgRSzri3cUfNzBRbQ84G5RQ6DF,419712
tz1VLGEhMhsb2HDhUaa2oeHQ8qM7Y7s72d3s,954209
tz2M9C5x1KoZGoQ9xEY6fQ6Xwbe2GU1RTzRx,77576
tz1RCQDHtpdcwfgF1Kbbyusd6xhfjbXanhZ5,147401
tz1c8JTzmA6c7cm6ZmUwR7WES6akdiMa1kwt,173940
tz1XRTNgXgWmR4PqxZpiB6HZJ8Siz3M2JAim,52025
tz1LxL9L2SmaFYw7XhyATaRAiLWCgxKmycBC,504579
tz1imbraxLCQ9TUpnJVP31LS18hpTqG5wv1k,121968
tz1iDuz9LvybPBC4kDc7ceBoKVDwwzJR7zKb,3325189
tz1eJiCVNV3YVn2im3wzJZQLj4TdFJ5KabzE,219945
tz2HYjnnRbzPpUGMUYGKVXDnsfSKKqH3aCVT,1456745
tz1eiyML8sHGBL139FwJQJeLGHWAFtDqPz4U,10696
tz1YQDCB6Hbn2ozMyS2kf6WPJDeRvJtmtNqQ,46190
tz1eeNRXYK56vgSfXHFcXorubcaBBCVpUY1Y,2996
tz1TQw8erN1a2LpfRSNMExicRXMveBPbvTKE,59
tz1gaRjULm9qy4D83VCvb4ABWLKpz4XXfqjx,50976
tz1hAZNx3LrRKFgfRytoLNVGhCrzU1uVDUHS,167961
tz2HGysnSAQAetSyFYCa7SoH6XXVwbVqMHnM,229626
tz1W28xB2eAvRGCXmVduC63Gx6gGDp87zqbB,445801
tz1gJaXdi7Gweq8TUSy9knB2wLjioTKy2tZF,482935
tz1PoXtd7RGVBwWmmZvxX18NQXYpbNdiwwtE,287316
tz1RLCvv7wrWq4hTmyKk1zZuZeuUXNViSgRD,1403846
tz1fXXFNod2gQDT2Vf9ibBortMmsKKorUv7Q,14901
tz1QFk2DJhPkzp2nCN7Thpo4askJjQ3Zw6BU,119808
tz1bRDYJHp3ACUojEeM6Ja442YEwNmcb7ph9,86550
tz1MDs7ym4sp2FsQhL32vuAnEqG3ARhM9Vi4,34058
tz1Xy5UM1tC3CFcbPBVq5PjufaxcLjMwfQkE,2937
tz1RAKBnmd1X43pkkGqywYCRgf1Uo6D77zMx,2932
tz1ezWyS2cFiqrNyiSVz5VKEKnmDN9Ah1zSR,237314
tz1KgzP46kFAohMo8NHXkFU7STZDkAv8LVYq,21937
tz1cXwKRD6AMy5nhqEVUU23SBxcAMnh2aKLn,32296
tz1WNQE7B2s8woZp1d5U4SeRKHmssN7TvsDi,127928
tz1imrUNR1R52GxhP4y6XQCDDXtQs11GarTN,2088
tz1c19XDWSTDVAZJXdxdGAPuGpoemUnGtXYb,44
tz1chab75LnyqBqNwrK11459SGCFQXLg9uyx,4057
tz1USfPTFciXzVsQL7Rk8HmMWyWtFEas7fh3,101846
tz1btYY98CWBVCGEikD7s1buWjpicb9kG8aH,2057
tz1fj962xSPKTA57yWHA43VeVzo8KqdpNAeF,4895
tz1ioU6W4otB7ebgRZTq1EVVra3vMyXqeqsm,25678
tz1N8oU57qMgDRr6N9pSbhaiWRRQSxJRPGoZ,4564
tz1fCEeLBcuSMSittqTnMEhcFdPCtD1HsiZc,9961
tz1WsKkY3TLDvqTuK97Xu4zuVoTb2nsr7J8S,16985
tz1dAekzaZ2VrjvuNxoaTZ4dY9XjgrjBvBro,152600
tz2DsS3zeg4pqoUnRPHxvuRSuQrjDnTZcTNJ,836
tz1gSGxwMrToBdzLeaxg4Bregv6W2oEbNLC8,812499
tz1dWwKG6Z9unqwonQUWV65gkz2YhABiwF1R,110526
tz1X8AQxtn4KzBwMZ6MZUVFDcACrfnyfYhDg,36
tz1KxARuCbAoiGGesnQjr2pvZa7CzJR7V9D7,61334
tz1LGVwoTMUhi76Jc8TeaNUQhanfeLLNF4xm,48124
tz1QS7N8HnRBG2RNh3Kjty58XFXuLFVdnKGY,4966638
tz1RAP1j8SjwT587jyccTNArBFhC9HhGKfHq,10584
tz1QiZCuJMuVz3aq7j1Bq2v3BRTQPCdTw3Fb,160972
tz1L8hBVpams2fWFC9kS1sPVxfGY6Hmg5TQ8,22878
tz1TQSPkLPqXUREhxvYzPbAib6Jz35w2a6tw,46608
tz1XD1xSVzgY8Qs1id1kNyFJDbv9e9pNMe2c,39829
tz1Tk1MJDZ96bK85RLAqtKfnptZZyXsJ2jaq,104081
tz1avT6pCusXgxhnffuJzk49Vq5QppLVegHB,35689
tz1RKg4C5yKTzm28Qj9gKmfUozCDrctDpx4G,47521
tz1Kw5M75chWdw3HUBMg2bsp164TrVXRsGJR,33347
tz1XAFvpynqgRBizrYs12fBt563NSHm9FWve,27725
tz1hes6aF3Px3D8nPQx27fdwBKrXmGs1UYxT,39497
tz1c1BG1PEeuhMFwmonTVSGafehicqbBJFec,6576
tz1UZ78ecNwH3T583wmY6nUrjpyrXP7do4hL,41887
tz1bF5LgAwDooVGC1cT6eSnsvmPt7WaByJD5,12468
tz1e826sMLNdz1CQLzthLDBJCFsinxqGDzv2,27122
tz1WtkHVMtif3DXVCZ9pUCqWcBsmqgFjgdkk,3404
tz1ivMszr6h94yTACLXjJzK3tuvRoDHqfpwN,3012
tz1THwbFPPPBHmBu4cmLV2SppLFrA5QfBhyF,25726
tz1U1aA8tyN6QByoYLhSvNu3krJPLYqnkRVa,36689
tz1QSwx2wnmrTjEGrid79c4tpFMxjCT86SAy,60364
tz1RcJYTsoYQ7adtNMANhwd8qf4zApM4i2Yd,30833
tz1cvrgSekgCqgyc1c2qFPSeMtux6AAAfDsk,696
tz1a1ZcbAeBEjxYSwuNKxSu6FbFB4dxdL3m9,859
tz1NZnfrNgCGdECyAhA93TLPTSciJcZBJqDY,45520
tz1UGuKv6PzgVbofb42VgeRwDwsVN47UpuZB,112332
tz1eCzNtidHvVgeRzQ38C81FPcYnxMsCEL6Z,657642
tz1N3nvFqipu91tfU9s4GXGsopawpwxSoAJh,5368
tz1LFeLTRQZrgKxbmvjz2ckViRhVw9BZXw7t,1272074
tz1XuzzMTz1LhqbRPy9uxfRkccSxju3v8Y4j,58740
tz1MoiwNRQWHfA71aypNk8J9CsKjfmq39c2F,226183
tz1hhphPmGxL6HEmEjoVSJBy82FMWbFwzNCD,1205
tz1YHLm7Lq27q3rgVXLY424zQMkvncVvNiaK,6197
tz1fKtBhuuZiMYhM3Pi1hcP2sjRbstgDrmqX,1787
tz1aoz4qrvkwo1ezDQaNCFZb5kg5tAvC25xR,12558
tz1XEA7cp83PyiXfSxWu3uHjA3EF6Gdh3Vhq,5519
tz1UXMLCt7dqbUiJ2BHRhE1gFkdVkmCZYcM9,1729
tz1iKF8o1hCLaTNZcCJpgKQBQxkpcSiBy5V6,64989
tz1c2iwyckUCcicx2qxqtwLEartYFEHg1pvB,29246
tz1YQs3qHgQGGQm14vX8vMDWwzY1DFXHCzJB,30103
tz1PQDUDph7dDCn8pLGXqaR79DiUWLiSZdEf,154739
tz1XYkHggnKNoYbm965gwKattMWK6bomgVSX,22520
tz1fUZ5pMP1gUjuJsp5V631cXmA87Kxm3cuZ,178606
tz1KiUXfWuF65Ck5zY4otx8t5pHToY8stYhj,4360
tz1YQXd4LjZfDaKRvSTwBEwgggREFfX95JUc,15449
tz1hM6Pz2e5vJbd1YYkYHcj5RL7tXhcn59Xr,71986
tz1NVsmLrZX4jad9bNdvM1EskvcTq2LSZhLx,89858
tz1cBNfPUb3Gi6oezs6fpXtki8EzSwjnoNGS,143720
tz1h1ybLPkwDH85opBrU6hge8wSsRQBnAghf,1382940
tz1PKoh9LB2P3pgh5ahaAFnrC2QBmUxcHDJU,10694
tz1cqoo91JCc6sKmNuTVKNzwUdi6E6moHWFb,43411
tz2HdbFWnzRZ7B9fM2xZCYdZv8rM5frGKDCo,32525
tz1ZGNErBKdYeEPjZuqKXhyTixQTTPn54bx3,6367
tz1iUyniY5PPWrzE53cs6jBwNKUun4btzMcW,271498
tz1gi68wGST7UtzkNpnnc354mpqCcVNQVcSw,26600
tz1XoiGxnmjnkaKcNyG4rrHNNEoh1u5VidxY,62886
tz1QVUXNoyCfKpAyxDpq8kR3rK2AShuzQxJ5,103142
tz2HZ2yRFd9F3uLcKnLukEXhuUz3HqhZf8mA,670827
tz1UVTMhbMiSETKCxFi413yZ7imF1xeyt3fV,29312
tz1XisBzUGgCmvC7pNS6hxvQ5hMvXUTd1p7D,73030
tz1S5TbsJCWmCyRh3ghJ2rWwQHHbcvoh1uYV,283698
tz1UAYfFWmaTrQTYMptaGCw6LrXK5Yv84VnQ,131466
tz1XgakycyAAuhtzXcbb3Eh57ZQ8cBBHT8YG,14448
tz1hLhGe26gqt78sZboxiwne6zgKMqirRieW,34335
tz1YfiydbiaKMGPuavawX4rQtXdn9wgpdDKS,14078
tz1RYTr2WKdJD1MMV51kN9AoxPnxZJgJ5sqU,1414
tz1R6mtcAQwBTK9YpSqRL9y2a6JZWgDkBm6M,140060
tz1Sv2XMQNxcAqyqyyv42FHjf3EGwJ3Godj1,141431
tz1NCsGajb5YgZdhdviKrfisN3VteMasnzQi,6859
tz1Vh4cX8VutUUUnnjmnY2omSV4F26T5orLH,148196
tz1hgSYGDwHFqC5AwW3P7vYfXfdwwsx4ALAN,55
tz1QGCWjNpYmcS6T9qFGYSam25e36WeFUCK4,12488
tz1URdfSGhAfbtpEkjWBmpTt3pyLmxdHdPYy,3692
tz1LApX9pPhcDUDznHR5TTCcSXh3m6zPgFHA,5479
tz1hUY7paB2J5EhD73r4oWL6uZubf1UibHrk,16123
tz1MgDFQvyV8Vfc48HgeqMbCD2Po7nhoWDeL,265
tz1PWZTKd1zhfuxrixGJoHJ6G17SQiypwe5m,93
tz1V1Hu7nMcgVuMKDEZickAKHHZavLKTB7Vh,34
tz1NKHjwrYfg7GWwbWZ3bvdejkVL34De72Pz,51
tz1RaZeHEiKewSd14gZ7HKfcQ3HaNHJ5tnV6,107011
tz1aiLrqvULcV2Kfvzt9dUmqnLQnoNXPPek8,10016
tz1M2h2hPZzov29kf7xcHXrunXb2jFSbfiNd,5040
tz1MToDUySbYhPabULUyDPPsfDQF1cpZPdoH,461
