Address,Amount
tz1NRbpmTuPEFCCYCqCr7i3hkMRDRhBFgmxz,68280
tz1SBxNvpDFC4bjW23CtQfVLqN5cBATVf68B,268243
tz1Rgo7URug42QnhBM6eLy4MWdfwn4RovHy6,45731316
tz1V3fPD3AKPNwZf42PKGzFaWU3vZ83Gjvfq,9602
tz1YTQ3Lys25j8FhZQY61eoYErYUteSao3ez,144239
tz1R3bKH1seset2h49p4vrZJCEL8voJgSK2G,2672
tz1bdRJkGkNQ7homh4PTnkVM7xzVWhuC4EMm,7412959
tz1Z2Ne4ZHxNPuCJeCcoykHVXTqhVdLMD9gV,13715085
tz1Qji1NnEPj4Cxa9s2WEoWi9U9KM6a9gdDL,2325135
tz1cmanHzitf3UgWgECzLpGUKpzEfmGZaFsw,1155397
tz1RartAmPJhFsL9oAhZndSL2G7KCsaQqqkf,59449254
tz1YrfZhjFnhgERznXtYee6c29n3PBeam8A9,135
tz1MyqKoe43P4Z8MfHoXVBTrohgcbehp2zLL,3756713
tz1SRcMg9GRXi7paNeAc3ARn23mS3Z5dXa6S,132349
tz1YjtCLzjw3bqPxJh6MqdVBFrM2zrsA9kyg,67243
tz1hD7VdzRpWG3nmYpCyW2gNc8mQNs3TCgxu,662695
tz1f38MX7YT2Q7MAq3mDdj75GTN7vgqV2TfH,8167
tz1aBDeNFooBEmBXnWDVgLknNMUHMYhHVcRA,10860394
tz1hD5k7QW9ChHCgb2YLthKFirKDYQiNPDJz,378708
tz1cjTb6ijvnPrJBfaTEFphxDovW9xQbkmDK,148
tz1ZL7ekzieKxwngCCyjsCN5qhu1ohwJQEBy,886229
tz1enbGpES1NDr2kTaocDhxvMqtpMy4ruhW6,353206
tz1ehGMhxarDhwppx14PX1Y3eqbZ5W9Bc2Y1,87823
tz1ed4brTwpFg8hFUJSJ4HqnsC7sEjVesMtb,2468742
tz1QJE62jTxHis7kZkbDT2zsYZyauNDNzWg7,1098414
tz1gWt7kUnJtGXoT5BYzHVa89qGp6QVvQmyp,1770278
tz1epR6pJmPaJ8vvzNi6V1T51ccocX1Y4VBb,44922
tz1W19DveaP3mW4WvFtdVdqGsWwBL5q1QDSK,811022
tz1esdEqZC5Nz3HDFseHvpH6SmQJPocxLzA2,452339
tz1ULQQ3S4kFLhhpPsegiMVFmXx2G6ewmbTA,2538045
tz2Lqs8WFf2HDG1RoxG3EAtuHjDS27XQANWT,144
tz1LRrXCmELevk5znmVcYD63TChSpYh3vaE6,39702
tz1S8GvdiWQghwPMMzbNvRh66rcfmhEA6vj2,9447344
tz1N9qzry2ko1gwTK6HKWamZZK6FGx3Vr89U,97730
tz1M5swezYMnDaim71PSeb2cPFk49ajrvDV6,249773
tz1QQ4HyGbCZDmQxeVHoLP99KLyfvGvyX21i,11985270
tz1WKygtstVY96oyc6Rmk945dMf33LeihgWT,3226199
tz1Rux3pGrp2KpZUBKvg3VQ4edRYVJsapr4z,6843146
tz1LWMmDzH79xyu6JvELrnvWLBBVjZg7TnfN,6526818
tz1esBaTjr9qFQ7FhrDQF7N7bTpNSVTkGbMU,298199
tz1RfSFe1dxP7wh1zSffEnskgqvVVWKNKZG1,21681
tz1UQ6cQZef4MuskJjV9g8pXNZa5s8ff1oQy,787041
tz1dTmMLY7tan1HKfW5e3KxJcfZput6UuTH6,35403
tz1daKxrqyoFUCcuQj36BeMN9C1Ytmjg5p6n,704603
tz1YZ4VZCRPoiDyGP3U69jCq2S8duDUcRjHP,90776
tz2LYELYe16viwVBaRjZc8GsauKRsxTGPvB1,189922
tz1gN5Ch4VeDZjiM6R1KPMBxPWFxL3HHKZyT,21595
tz2WYko4XXaV4B5mzjguTeRkkgw8LyB2jA2d,294619
tz1NkFRjmkqqcGkAhqe78fdgemDNKXvL7Bod,938380
tz1QkQLtDkqpw8VSymi13A86jh5iaCeMriMJ,7236927
tz1h6J2pn9X3KMghNHZikrh3PtEpgCcRAjHZ,2886
tz1VCyNit49HjTmz8SEgeL67x4BLuoTaeYMy,9393165
tz1gACjUSBkWjqWv5ZBMRk6G9Sp8xNAYgwYV,1312202
tz1ieVZFcRity1eybQtgUyGg8NLEYWNqKtQe,225062
tz1T5GmdYXDWwbhBrU7RubT7Z2dmz3ZmKwCE,4360165
tz1gmajxhmKt22CbcsSA7WWXSATgbuVEmzTC,22776
tz1cfzEz3R8YKMqC2rbKnr2XtpNjZxH6RGdy,131913
tz1hR9eQYNNTZ4VGUeipK4PHtyyDEDmQ9dSf,2879478
tz1RxeY78zE8hNJbqPypB1mTVyTsBRmPuqry,382568
tz1SBF19iLiCc8dNpKe1Ym9juSAKaTPyeypF,2059
tz1X6ADVxP37XjYppBHMLVRJQwmxA2YxztbQ,37492
tz1T1u1CET7ek19f5P59vCdjTNFWAscYQ5ct,2857662
tz1V9qHfFxixcXJKWuEziUqvdrQ7BWpPnWTa,1924216
tz1Lqnwap8kKynTpefqqSH158i667Wdg8HVA,565356
tz1Kp19QyYUnXuE6cxuXxsfQZbyqv5JtKPku,8932
tz1cnojsw9qgMbdpgPeCcWPf5GX4YPvd4HAh,9611996
tz1fbJACCskangcgy9xjDSiEYgh7CUmSo9oc,24282
tz1dKaw4xdNjfufDSLWRxumNBwe2VX4mxXyW,6292834
tz1RJf644pa7QAZqKzrPQGiYQPyubXarC4cv,323
tz1iCiA1vKmgfZbY533ZgMwFKZ14S1DQNooQ,100286
tz1hNGWJUFPFV7AWLXvxGzJVEfCZ8KJ77PJA,276634
tz1NPu5aFQ12P3KGhBGgt7G79SAgVj2Skkn1,840021
tz1Qm3DHkV7V6peZPyWe4rv6aToH3nRmWEH7,115189
tz1KsiwkQ9pyrt4Ra7QrAQp5LQJCGxHQrY1n,545890
tz1eKTUc8X17nVmtVRtxBcs3hwUPXWuqP2AS,5090514
tz1fkZtnjNfQHtEyUpyX9Tqq4RrLKx35qBxf,490821
tz1chg2T1s4DTjLqthPc49HDcqkFHMwdSPwb,1545614
tz1Uzm53vPr2Giyi32yT9GUvBErKqHPBjvQL,418016
tz1aR3nrJgUyU5B623U9s1MtMsMjA5Wz5c3G,2947683
tz1YaPLZuVmZaKB69BjJXKUDgNaZrxBR4Lfn,82142
tz1WNk2o2hJvzjuZRNmZQwjLQuv24wDv1zjU,8327136
tz1QmBcwm7RH6swEYNpsZZfAWCCFaW6wugVT,6930584
tz1LxqBcvRbZhp34C2ab62CMy49wFbsQSzD7,125849
tz1S5RkjdXMREayGWMawArqqpyMqGRjohJJr,303594
tz1bZ8vsMAXmaWEV7FRnyhcuUs2fYMaQ6Hkk,159
tz2Kmi3xEnXk8c7zqWSQqSSyfNpWt6ovG38D,1835208
tz1LgePVXLZYNhHoRQ6KgHfQjQ1uq7JJPZDa,109292
tz1gk77xzDAG3sif9eFvsqUnzaGh4MrzaCp3,234983
tz1cWUkZFBZ72Yn9desxcgS9KdH4BVfqd2ZW,1652098
tz1a3LNYNZTNN2SLMjWSUc5jtLWFvZ1kC7BR,4365575
tz1SGPStfd9v5upQUxRiHPC9666X4FpVAmK4,3455
tz1iF629Cc91SJkmQRAWAm6nYavf7RgpAqZh,1355700
tz1WHGwmdEr4iruf4v9r6bdHgzC5v8SKYTkV,182968
tz1YqsEWdPxBmqVKsJircrwBmCmZDtHAgHzp,14954546
tz1ZLMaECyswARea2bTsBws9eMjgUm4jG8Uj,5704938
tz1NySiq6aHysD6Rpu4bYhFaVe3ASya2qB8D,383930
tz1Rb321A5bMKjQdczUs7TyJBeXjfCtB4mYd,3452336
tz1USU2xSWb7CBYGJYat2X7An9sr3cFfsLwi,245662
tz1aoYg1xYeEdnLrAJ7y2r1T3aMBCyms6ppJ,2338733
tz1WxCJ3UpzyWsXmmkE1YjYzbBv6jXYkbFYV,257162
tz1fq3tMpnnsZ944DVxcJqsVNGsWTPvqJzvo,120540
tz1PrecMTmNArbdvQxtZLUVUBT8rcC86dKZC,2972
tz1Q1LWn8wCK77L4xetjbH3Ar7sDaSANezZx,31238
tz1dugdoeZULYPA9phfkpofrP95rFqhZNXeR,566
tz1UecmgMghaWovhh9EYfqTrK9gTtaiMtbzs,6864
tz1gGwXf6Ggkv9T4jGmp58jUMU2Gh2vYjDyH,180483
tz1QjPnpmqAJYSfDtDM7uTf5bkZDNY7eBECd,623116
tz1aVZZd883FwyEx5g2o3TgQ7pwEYi2f6apg,4118
tz2MzvuRU1GEKi9udpqzLpGYfDoZTiKZ3C4C,121064
tz1SEox4m6JwzUjLL2daQMKU7XDrvsEukR7X,3809
tz1XJqUrY2okTwoJFgHFJKQV98tsn2oC6Twj,173117
tz1VqXA6L6hPEFjvsgWv7Viw4xQn5GyNszzy,16756269
tz1Wf1Lqz1yHm27P2RQJAVV2CMxnhYK4bBGc,384479
tz1cTS1WwovU7SC783xgJxZrzr151mcshmNi,730287
tz1ersiy3MYVu89DFXvW7Qb8AM6LYptSsoT7,758465
tz1UFF5DSDDtk3fM1ewaLvVG6fhaAeCdgYEt,23668
tz1dcpUhXGeXexEXispSpfv7CeufoFnV7AAf,4655255
tz1RKRhkvC7MQgKfPejvNaHGshWUDsyJKZdT,2752675
tz1ibTknNagJCgQPgcbPvJhpSyS5vxgdyFt4,123
tz1SHzbhYsbX6Uk51hJC4JkjgWM1gWaSwBqQ,152725
tz1NW1MMFL3jytxBjhx1qATMJyY47vLBMa4p,22395
tz1QRm2TJKnarZ9tbL5CNjN4Ltq9pJtytuk7,603
tz1WJpBDRGfa21un4yQDKTGXZw561nsGg7Qe,4235
tz1UXAsfFeufr6p2PafNr2oXNrTDSdtwwdgm,61720
tz1YPUNi7KW28VxZNEu3fNkRkJG55G9p7wsN,39646
tz1YpusrSty7ULz7w9sM814trSRmM1aNbmZd,3103372
tz1cuj9Cgi19KMRi83UuypS89kXM435qdhmy,7491
tz1htwxBMBFikeP8SnQiEQyA9n1ryDrDFyLK,38393
tz1XTyukKgkqq9P83UkV15np7EtSSEy4kAeY,39324
tz1WMFtCLLeRiayH19ZiaErKq4Zu9p5N73Sr,102
tz1RFUjzPENm3vF7quaxfELQCfNTCSjAsFdA,378496
tz1cLd3gXJ9Fk5c648hRzFvTnGfT97CxcHrj,233902
tz1Te5JR7gzDBwtZLKPWSPuTGFE4JX21vVur,14
tz1NGDuYTuuB1geX1K5b88cqa8JinFLdd3d5,191965
tz1XykUaKpskyp7hDEZjmuNTk4gFU58a46KC,22023492
tz1dghYwdzvHc3tYHp8iHpNUSpmAvvs8Zjs8,4566052
tz1PuipWs33aqS2KSG5k1qQtC6Dff1P1GBmM,53107
tz1ZNxMa8XsMa8JTv776X9iCETcNoo4SY629,73046640
tz1a5QW18ULwjJK71LSc7UqNGgryrFouHzf1,62164
tz1Z1ZX2B98nEAvEnLXJBCnsJ6K1GqaSp9jK,133905
tz1enT2GWv7U8jyPmmoVb228u8hvi6hJh5FF,13362
tz1RyhUycXcivQ3jzF7ZpFZNcoLcgmXqcrSz,312277
tz2HSz8b961xoDjDLy3aFGogvW4HEqXXdcR6,1206924
tz1eSGjgq2NmLWnaQFQxafXK8ZQF5V7Sz72y,3522937
tz2EP3fw5CbUUgJdx4c3Xono8Gbc8PLXGRM9,290301
tz1VCogGe8xeRgQCLrVhPbwo6mBSQxAXep65,154740
tz1LFFspqhK9KRQNvS1ahZ1RcpQ2PNeM8TxA,364368
tz1ZhteLTqobRVCYsPj44oFfom5BJ2SdGxeE,296546
tz1aRF3qMDrbN95f8dGYTKPaey6J2qQQnk8j,12386118
tz2ALu8Jxf2SMgzSZaZEwfiJQbogpUDPStwz,549419
tz1fCHiWZ3ReGqvhxkMejVzcnXYz1rnsJpow,1339781
tz1PXJVTDRHBcjJGpD4h6PzDovisMJuc8zVc,138582
tz1L1i5BVehYJBebCGvPYU9kZYGKBELGUJGH,2420468
tz1TR56EbNTEEDeRrsPzQzoyvwFgZT25q3JR,132093
tz1XbQgDFCaT228TPS2YUeHHfpVqGW7ANCDw,71318
tz1Wb4LakUUYuFuuEgXXQrNZuBD49Trodhwx,151710
tz1RAfKUFBX6P2jFkCpzLFntju7djjbtKAKr,5674106
tz1MiQ6euA3EEdnZxJ6EPwVsHzd6vQ7AHJmU,118524
tz1UFwr89hcJvC4sNCYK7zSLcaD4JW2KkNYD,1601393
tz1ZPSGxrrPPfrmoGJgpXDArNJfNNy3qGvE4,132334
tz1iQ5n52oSKgdtdYtqEJgKmQYbL1nn2poB8,3593790
tz1gueZ7eL2KnvxqWudHjoTH3ZPiUCmwNKR6,446581
tz1QxepCwQ45EwtcxkgXZezHbnidvK7hUywy,2423273
tz1TVZgy4rejPUkEF3bsxLGNCp6H4gz4PaGf,43206
tz1WT27PugwGBtre1hsj6BHmbAK2qQsVbRDo,249449
tz1fL2TsQR271w84MXx3qFD7y4PZ1F2mpHFA,645349
tz1KhU89QWZuuhhnDD1paFp1jYMdpJLh55im,890266
tz1QQyhTMAmNQPcSGkM7GfDva8hmuFPAxUMB,6134760
tz1htnC2n5n27PFD41q5X8bDvDcjbGMUS3f5,9744654
tz1PoickddNEkRN6qp4K41u4KUW43vZ1UDvF,2910363
tz1b9qYttBxHzoEseqabgvQiCxafZzkAtH9G,2742943
tz1MQotPcNdc9R3nWCTwXLMDqKLS46WqW7Wx,1518897
tz1a89Pvs553YqhJdCfDdQrRuQeykHMvVSRX,22
tz1favSqpvTLtedjTm1UjuEmKfgm4o9kyLd1,2674341
tz1WHUWCMqVqq5AagGN5DrytqWz88tYgedUr,84550
tz1YJvMiZyXnzvV9pxtAiuCFvaG7XoBZhbUQ,847089
tz1TmSForCvNii8rmwL6q2jgicQfqjNFtj8K,1706847
tz1eoqCSmqPQtTLs53Rj6gBB14eQh2aHWVxu,288827
tz1XhZUHsJAFp4FHoeeQQ7auVBk5j6xoUKbS,46393
tz1Pwh2MBs6q2SeLHiko3iJpfMwsDV46bqQU,8688721
tz1ZWbokP5pGwT3tTtLPP2KhXX5ssg1EtDPs,176489
tz1hLWsybqnJtQRFp8skYy5aZLGNmL9bMUpa,930149
tz1PuYitvGfsBm7C3oYAXqNc3t5wNhWZj5Dh,823634
tz1dbCAvra65bwTVk5mgkYUHUGz3hoKwovZ8,386929
tz1T5NfkdPfhkXzYx8akPkdznxSgU1Uf5jEG,695309
tz1PYqfNnkpZydtSY2Tn3Rv8mjkgUpHJpFXC,1932281
tz2Mz3ovkZR2HyC89CHHSdsrPya1mKSmLWfD,134042
tz1ae2d1BJt7YUqaaec6Xenh3mBqS7VjSZtK,116186
tz1L1XwcVmD2z4qPfLtBJ6RPThgAwLcXG6kW,20259
tz1VeyZaPimHfrJFy8WwsCYzxHR3VmGTMpgK,78435
tz1epFVHmqeWvvkFf2eskwhQ1AY3JwWd7Ej6,399287
tz1QRcnskFh7eaV7QdEnjoYdDfrDqHgmmrvF,1038462
tz1XybkRZWjLx3hwcy1hQ7PT6FWEhpHm1FBv,159443
tz1XcuwadWbLKkc4mDVxRo25dbtwfEa7wf2c,715588
tz1hvRvzke27MGtp8CsSvsafxyyMWSVYM1ut,65883
tz1a7MJ4HMNbWDhKZAqrvzX5P6u2E2mJyJiV,1385446
tz1citPWufjty33AZ9KwZDztqrTzdNjfQU7P,5310619
tz1WeLuPLjUs53Yr1RCgq4EQ4d5SvV651Tqt,14675380
tz1Wo716Gggp5HfupfxtPgmYu23rDQNcLcD8,1288835
tz1imyQrFWHyTp4avUNAw52RxdFjU3HPviRN,354803
tz1isKR8pS4pdgU934K1S4UpLsF56ECJNArh,479324
tz1ZVoeS9T3H451BgjTe18pM1q1LPd2cgB6Z,324208
tz1eL4fYCgegW8tLCbQ1mYiKY3TdDxWnnKo8,769652
tz1Rhg2UDkjgLhemdSMtiGVGRmzwVLVaHArD,95579
tz1dPHDXSCFo8PienbvDMyCKr5DXjPMrZkJ1,494398
tz1fkkxXSMtSQew8F78XdsnaC26AfsXtsGiY,134551
tz1ZuiTWKXKqYfzFPaSaAG3Huf9QM1AdZ1pJ,489914
tz1RsCndtupuxe2U3syGAdcRBzpNqJZ9ANNc,10233134
tz1MrZQhiNiHK14oEq595DLsVQ9wC4Nv2ZXW,40680
tz1LJQ6MPnjGekNAmhFmkm8XWtM6UGx4MyF4,2341918
tz1hmxzW7MuU8HeRoCFPGZJnavGf5unqgaph,1407658
tz1Z6QqrAbEAMDLsis3v6b956sfH6qLTSEex,647
tz1NnBgY2ze24nQDpdY72wb1GVsee1UfAT3d,51492
tz1dAW94vB3yYfNPE4LM2txBT8PQ21Zq4Xzf,115179
tz1eeR22tmjPN3rGDikEMvpe8jcdXww3dqTt,383930
tz1MsfyCeQEt7khed67HHsAidezZ1Th6mjzB,133144
tz1WBMWCwjuFSsiiLUWKEQHEACNEat2S3EsD,22258
tz2SuPjN8dYMJQe548bTvSPL1fdStZPXv7gT,17150237
tz1N33TtiYBQ67sw32rhCsMSVpZkrSHWe9aq,5995995
tz1QMjzbw5Yoi2zPqUeg2yuv5GZdmXjhh9mr,383935
tz1NJS9T6FKTnKUkVNv2g44GHTAhzH77qiYw,778714
tz1URL5HNuTa1fHqqCtUKXUM3hm6g9c88NgF,1212
tz2M9C5x1KoZGoQ9xEY6fQ6Xwbe2GU1RTzRx,443
tz1RCQDHtpdcwfgF1Kbbyusd6xhfjbXanhZ5,453457
tz1c8JTzmA6c7cm6ZmUwR7WES6akdiMa1kwt,607868
tz1XRTNgXgWmR4PqxZpiB6HZJ8Siz3M2JAim,181923
tz1imbraxLCQ9TUpnJVP31LS18hpTqG5wv1k,431474
tz1iDuz9LvybPBC4kDc7ceBoKVDwwzJR7zKb,11772109
tz1eiyML8sHGBL139FwJQJeLGHWAFtDqPz4U,38393
tz1YQDCB6Hbn2ozMyS2kf6WPJDeRvJtmtNqQ,522090
tz1gaRjULm9qy4D83VCvb4ABWLKpz4XXfqjx,186077
tz1hAZNx3LrRKFgfRytoLNVGhCrzU1uVDUHS,151251
tz1W28xB2eAvRGCXmVduC63Gx6gGDp87zqbB,10557
tz1gJaXdi7Gweq8TUSy9knB2wLjioTKy2tZF,76751
tz1PoXtd7RGVBwWmmZvxX18NQXYpbNdiwwtE,1062510
tz1RLCvv7wrWq4hTmyKk1zZuZeuUXNViSgRD,18050
tz1QFk2DJhPkzp2nCN7Thpo4askJjQ3Zw6BU,122701
tz1bRDYJHp3ACUojEeM6Ja442YEwNmcb7ph9,376874
tz1MDs7ym4sp2FsQhL32vuAnEqG3ARhM9Vi4,406966
tz1Xy5UM1tC3CFcbPBVq5PjufaxcLjMwfQkE,11036
tz1RAKBnmd1X43pkkGqywYCRgf1Uo6D77zMx,11036
tz1cXwKRD6AMy5nhqEVUU23SBxcAMnh2aKLn,123068
tz1imrUNR1R52GxhP4y6XQCDDXtQs11GarTN,7962
tz1chab75LnyqBqNwrK11459SGCFQXLg9uyx,201408
tz1USfPTFciXzVsQL7Rk8HmMWyWtFEas7fh3,441221
tz1btYY98CWBVCGEikD7s1buWjpicb9kG8aH,8288
tz1fj962xSPKTA57yWHA43VeVzo8KqdpNAeF,409490
tz1ioU6W4otB7ebgRZTq1EVVra3vMyXqeqsm,103933
tz1N8oU57qMgDRr6N9pSbhaiWRRQSxJRPGoZ,94590
tz1fCEeLBcuSMSittqTnMEhcFdPCtD1HsiZc,10453
tz1WsKkY3TLDvqTuK97Xu4zuVoTb2nsr7J8S,70987
tz2DsS3zeg4pqoUnRPHxvuRSuQrjDnTZcTNJ,22377
tz1gSGxwMrToBdzLeaxg4Bregv6W2oEbNLC8,3568860
tz1KxARuCbAoiGGesnQjr2pvZa7CzJR7V9D7,280079
tz1LGVwoTMUhi76Jc8TeaNUQhanfeLLNF4xm,100582
tz1QS7N8HnRBG2RNh3Kjty58XFXuLFVdnKGY,23012482
tz1RAP1j8SjwT587jyccTNArBFhC9HhGKfHq,49343
tz1QiZCuJMuVz3aq7j1Bq2v3BRTQPCdTw3Fb,753584
tz1L8hBVpams2fWFC9kS1sPVxfGY6Hmg5TQ8,107170
tz1TQSPkLPqXUREhxvYzPbAib6Jz35w2a6tw,349849
tz1XD1xSVzgY8Qs1id1kNyFJDbv9e9pNMe2c,191987
tz1Tk1MJDZ96bK85RLAqtKfnptZZyXsJ2jaq,22094
tz1RKg4C5yKTzm28Qj9gKmfUozCDrctDpx4G,232752
tz1hes6aF3Px3D8nPQx27fdwBKrXmGs1UYxT,527760
tz1c1BG1PEeuhMFwmonTVSGafehicqbBJFec,32625
tz1e826sMLNdz1CQLzthLDBJCFsinxqGDzv2,12780
tz1THwbFPPPBHmBu4cmLV2SppLFrA5QfBhyF,135652
tz1U1aA8tyN6QByoYLhSvNu3krJPLYqnkRVa,19043
tz1QSwx2wnmrTjEGrid79c4tpFMxjCT86SAy,328343
tz1RcJYTsoYQ7adtNMANhwd8qf4zApM4i2Yd,297633
tz1cvrgSekgCqgyc1c2qFPSeMtux6AAAfDsk,6759
tz1a1ZcbAeBEjxYSwuNKxSu6FbFB4dxdL3m9,4499
tz1NZnfrNgCGdECyAhA93TLPTSciJcZBJqDY,27207
tz1UGuKv6PzgVbofb42VgeRwDwsVN47UpuZB,648566
tz1eCzNtidHvVgeRzQ38C81FPcYnxMsCEL6Z,1346520
tz1N3nvFqipu91tfU9s4GXGsopawpwxSoAJh,31568
tz1LFeLTRQZrgKxbmvjz2ckViRhVw9BZXw7t,7609364
tz1XuzzMTz1LhqbRPy9uxfRkccSxju3v8Y4j,356436
tz1MoiwNRQWHfA71aypNk8J9CsKjfmq39c2F,1375447
tz1hhphPmGxL6HEmEjoVSJBy82FMWbFwzNCD,7688
tz1YHLm7Lq27q3rgVXLY424zQMkvncVvNiaK,42232
tz1fKtBhuuZiMYhM3Pi1hcP2sjRbstgDrmqX,12357
tz1XEA7cp83PyiXfSxWu3uHjA3EF6Gdh3Vhq,41542
tz1UXMLCt7dqbUiJ2BHRhE1gFkdVkmCZYcM9,13536
tz1iKF8o1hCLaTNZcCJpgKQBQxkpcSiBy5V6,542268
tz1c2iwyckUCcicx2qxqtwLEartYFEHg1pvB,246856
tz1PQDUDph7dDCn8pLGXqaR79DiUWLiSZdEf,142896
tz1fUZ5pMP1gUjuJsp5V631cXmA87Kxm3cuZ,509932
tz1NVsmLrZX4jad9bNdvM1EskvcTq2LSZhLx,1333427
tz1PKoh9LB2P3pgh5ahaAFnrC2QBmUxcHDJU,119359
tz1cqoo91JCc6sKmNuTVKNzwUdi6E6moHWFb,507106
tz1XoiGxnmjnkaKcNyG4rrHNNEoh1u5VidxY,78502
tz1QVUXNoyCfKpAyxDpq8kR3rK2AShuzQxJ5,1309920
tz1UVTMhbMiSETKCxFi413yZ7imF1xeyt3fV,391669
tz1S5TbsJCWmCyRh3ghJ2rWwQHHbcvoh1uYV,281657
tz1UAYfFWmaTrQTYMptaGCw6LrXK5Yv84VnQ,2084
tz1hLhGe26gqt78sZboxiwne6zgKMqirRieW,128133
tz1RYTr2WKdJD1MMV51kN9AoxPnxZJgJ5sqU,20921
tz1R6mtcAQwBTK9YpSqRL9y2a6JZWgDkBm6M,256279
tz1Sv2XMQNxcAqyqyyv42FHjf3EGwJ3Godj1,1448391
tz1NCsGajb5YgZdhdviKrfisN3VteMasnzQi,95984
tz1Vh4cX8VutUUUnnjmnY2omSV4F26T5orLH,21157
tz1QGCWjNpYmcS6T9qFGYSam25e36WeFUCK4,230800
tz1LApX9pPhcDUDznHR5TTCcSXh3m6zPgFHA,123526
tz1hUY7paB2J5EhD73r4oWL6uZubf1UibHrk,414381
tz1MgDFQvyV8Vfc48HgeqMbCD2Po7nhoWDeL,572158
tz1RaZeHEiKewSd14gZ7HKfcQ3HaNHJ5tnV6,4138315
tz1aiLrqvULcV2Kfvzt9dUmqnLQnoNXPPek8,660779
tz1M2h2hPZzov29kf7xcHXrunXb2jFSbfiNd,1929330
tz1MToDUySbYhPabULUyDPPsfDQF1cpZPdoH,289108
tz1gMfLSQs6xTM2TcLM6Sb2njJ6h9qhSsT9Z,289868
tz1UNTxRbAYTSBSdHMjoUoYAtLH4MHMUiGwg,39968
tz1TqqKqc4t2Y6PTvxeuhF8kNjVn8HpZkKma,279126
tz2VoUZvPNLyq9bZ82VoDLrhkH8n6eaUoS6E,52667
tz1ZvbLR47deoqaSgsaRXe7hbgDgwonBicnV,2147261
tz1L8m6MGdvK2WA65wQ7DeVwXVmCS72JKWeN,17043419
tz1iCJRFVD1oY7yQBap6X59XktpKHJtgCGyS,13070
tz1bnWUvcfU77EBpbLUQ41c3hCBKovGuqyGY,878619
tz1STAzkywd9GnKGvJBPL4xWte3LCniyu5ho,253207
tz1g6cLrzLxNayiVyb7BLsKK6TfwboqWaYPx,9871
tz2Q6ugZbronUHSk8fbuHibBrBEJwrzgtL8X,77170
tz2Kn9u9cxvTczP6CjirJnEE1UApmoCzuGPB,212995
tz1aHfKHR887WzmpA56K2diKDufR3QJqn9iK,14180490
tz1fcuYiLoHA1qD8vLJmSJPPKhGANGLJZgin,148
tz1bdbHUpDrUx7m5g4VTSkjnc3mxnquzRTcw,1577085
tz1TQJjDtzUWWAa5a9H61iyPZmuKRfX9hXi8,7135
tz1ewd8gDnG3USrTRJVdbpsyieVv9fWDMPNk,749922
tz1Tpms3fccT8x1pVY9BQKgnvppew71pTDDd,38400
tz1bNLPqmLVxWF6puxbFZHU1yCJLiCZmHH2E,542
tz1ajJzH5YBGRuXnU7QDJzY2qVRGcysUbxJE,38393
tz1YT4u9DnGFiRM8AXXACY8LWuV1rW3A2hFb,10894
tz1QppHuA9TUoFN5Ek2ZSmRPdU1xQiwRSnPb,21378
tz1fne8nhZuSRgzaQPyaomKQcFRfthyicBQc,38393
tz1Uva3ynPUXqpAsWJ3CxcXVPG7HEXB19rzU,392323
tz1cGZNvVyHrKgbRu4b23Nw896JD6GYhZKQm,391676
tz1i9THBDe13YzhSmcdpcWKJrL4raaJ1cpN3,391032
tz1apbBneTw4Ap2kdmv7gfTv4kDPYbR5HAkn,331309
tz1MJ4C21XhL6B3YptprRWMuL8oeJquUhz4u,76349
tz1SMoz8tsJzeQPtGhPEjPnanQMvFc5KitVh,21418
tz1XuNQgqT23u9KcwmRLGGQ6w2n6dCE4bmoV,44621
tz1WrZ2Th2eCuq5NuZb8nHXPJUjaBE25Uwgv,132
tz1idC7XEoSZ45sXLwp1ujYJ3yNFi2tkLT7A,32072
tz1d4649CmmMEzXBWzhTgTkFxy9ATNhb5HC3,4326
tz2CrWArLr8eRCj6mp6yYQAKshR9MuyaK3Qu,435715
tz1UdGjnCNd5ifzEShXft78CmazG9gj4fdrN,2016
tz1WqkwtGV3ttnchD3bqmucZwByduHq8EN8f,22707
tz1fvhxJtMzKYkXM3fvXrQEyAXyMLYayTtZ2,13080
tz1dVTewmwhAqfBcAgDuDuF2sPUaafuPA8mr,407846
tz1ScePe2eXYo1RBdEe12hNY8KrvHyjFhHw6,4780
tz1XNmNga2NyqFiNpmEN66fpySDoGWoKpKXB,25077
tz1dXpsNAWLHVYNWSqhrHCHT6wh6L1fKZfo1,6050
tz1iFKBz9HbJDp6omQGG9LC9bTXF4zKdkJfR,16849
tz1WUmNdnrv1w75V7ntFSt5kSuyQfYuo2hqK,13196
tz1LYQiMSoy34xAUD2NnsJLCTmb8HYYR9th9,19726
tz1VYa9SB4LtsHLWZnJXc1JuL7wuX46orE2Z,98974
tz1d9NBC61N2Xjo9LvXAQsKPqC4HaL1mFD9X,143805
tz1cAxm3wHEUX9tY87sSfdVfHgCWcPCTkNTA,278988
tz1iNdzx7BJpGD2e2YaV2QbsteMQWMAXjjDf,12322
tz1YrFGJ542U6jpYHpe7BFHxNfa2mb1wpAdH,1473
tz1SPVSDCDpbqigKWVYnbgHEudxSM3BASPZj,2681722
tz1f7C7HeTczoCxoo8oQ3vBDRQTiNM3tFTZu,168670
tz1P8pHeW6qWzBkgeDvi3bc8depN63r5tt5s,46824
tz1iZnkruZaYGv3dfER3wEasjJj5xpaTtMjN,575895
tz1YmwJZfEerVMbc8uuJc7xUzE64ma3Xfu7L,38905
tz1aQbe92zZy6MNeRFtgmgV5dV5R4BNTdqK1,38900
tz1THz87Wwo5DL34CELa6psvuH8RXShPmSbc,9982
tz1eQ9skdokeeUyTc4SdNQMPigjZ8JY4kzus,62986
tz1S35xPc2sh4kK5hd7KujsWU1G3SUdCnFqp,2808104
tz1dYEEirVkgSnE7eGK9vFUwxWBqibkafs8W,115439
tz1VLGH7SJ4HA6kDXRiHYqVFkn2btjnoxqib,2351240
tz1XYkmAHtkZFjZLdWNoL2BTqUws4oD4H1PR,568577
tz1dCyFm9jxuhxJEi8UW5sgiS7TFubaNT1J7,2176
tz1XbmhVLdDgsihnVoyn6aTRMURJ87YEbG9B,161174
tz1Sk1mwyBQkcyrwWZkftmR3Mjv77BEGUw65,43789
tz1QHXGKA8NaCmpZLrvrUyBpYhgEiQDyWY1r,2516
tz1NS4ZXnzYBPJpspW2svbqdjGsgBsGZchzV,3984
tz1LUdy3KnxyyARheKtfcnRymhUq82SKLvyx,23897
tz1LxFeaR3ZNkMRstvhjNeVbpv9vz2LttLBz,491
tz1SFJ5pW5FVR8cRfAqY3NqQBuQQq8TNsjvv,29809
tz1YRG68NdqtAcsFEwTUw6FsSsiBb5kagEDo,297169
tz1XUmPaRxfbi6Mjj6vUWf9zhjwHdfL9gEdk,1479
tz1NiraRNtWgpXyyxopRTk2a7Py9oKFdrgkB,24714038
tz1VnXCALwSCihScu984A3dbY6XXLzDqJWa1,3893871
tz1ZDDHc1YycDdwQezjVDVCSfSB6A1xH3YxG,1565
tz1dx37ewvwHWAaRxdjd5sayKBR8LnJUT1XE,26
tz2R1iMz3wHEx6Z8dpdPVgb9eTDVh5NdeqNz,206228
tz1hR6q1QMUC4wLD3izGsfeZ3HuyfJH5QajX,6071
tz1akJUKXFmNjxKaCqcEHmwbx4u86xfHLYJc,4627656
tz1V2FYediKBAEaTpXXJBSjuQpjkyCzrTSiE,23793
tz1Z1xRcvcqPPqja34fWNd1StABUV38LnbpW,1406
tz1egZ7YNcG81udp3pGXPBsYQsUNHB7xAH7V,72480
tz1TSowSJAKRqQbqjspmyfN33nps1op2GodY,10784
tz1VV5912Qp7qqZaQ28MC2G3RQ89UhEdueqt,131171
tz2RJZQGhhkdVX3kq5agHahLmh8TByJWaedL,70362
tz1codeYURj5z49HKX9zmLHms2vJN2qDjrtt,10264695
tz1WXSxKwhw9EectY8mAdUFXDBHFnPZE3HSG,1110812
tz1aDrsGYyNbiqUX6eTHLe5otZJwN5XQh2kG,3741834
tz1gu5jCJunSaHjR52rcu3n7SgDCJZDLTqJM,22802
tz1SDmZnnzpH5GAfHoeXygPWwzJtHXADpohn,1743
tz2KgCQ3sTz3n3jrU21DveCfTVFgrMnzeA7x,12382239
tz1XT3SAzJh47s5DxMJud63MWnvDftqWFtS3,741225
tz2RjcKqwtC4vVKN878Bx7L9oNHR4mPTHDc4,63658
tz1bQxeuFnf9PTDRUwu94sU1GUvU425KqCeq,935
tz1Rb2U9TbEkYVQM412wBzBbMbnqX2r4CTXs,780
tz1gaTbRLDWJFA8bzcvDtkz8HxN6V1eL6gwL,32522
tz1U9RY2mXmwAaSSm67rEy49N5YE1Rs7K223,556
tz1ZzEEVRzw78fhsLMM7JvV9CxZUaWGB98U8,22716
tz1RSRuULmTkaXTjrhbFuNkE4mkJLRGPWJmy,20489
tz1hHz9wjLaZ3p9sDo9SkqT1t5wxNsK7688s,49109
tz2BzwVtwa2mTbspW1qqdiA2UtctbGntxAGi,398645
tz1QjLLgQidRchfWMvHa23uhfgdzNKSevELK,3714895
tz1WW1xr4mdTif7jorgVr7aqY3YnnJPSDXj7,143
tz1coEYWsh5bwhhCsK2Dc1SXTNQs1hWs1QtL,49725
tz1YKkEwEXk5g5MeDzNTgfDwKd589rGJS9q7,32215
tz1PSiE9EmFbQFb7K1cBxPTsbPdgotHLdy9e,79730
tz1hWxyYMfK3h3y7WvL1ErggtgneuNynC1JA,1853672
tz1agphvYoUaWn5BjTVHnqTTyYwURTGAZyBE,586
tz1VXAAqokxhhf5iwfvkJ8tRukgVLN8BVyce,1623
tz1UVjnYXp5DZaCX3JZvxQQqxKnXaVMYAYZD,22724
tz1N4Q2BLS4sYvKCoM5XxFAEL1yoEY8TSS7j,4079165
tz1XH15XMCB22rJJxHLsZgVhXA6t7kJnmFa1,80960
tz1NEmMNjFtXgixkdCkkGsEn7k6QPeG1G1Qn,80205
tz1gVmWVnkT2yQr9gmed4BgK22SrSPjfpkEn,173607
tz1huGodLQWq9gKTZJ7D2Z9GeymHBJNnXvtd,27
tz1RVq5ohXzWvbqHzUgsmUNWHqin9HRkrWPz,2251
tz1az9uytyQ2tv3aKXJuNBjrX29vBsYuWDuR,104247
tz1LovFrdT3D2uY5ijGnb16172szCqFazDCE,4252
tz1aGLjZZLDwYYSevU3HLbEXenAxwRo6f6EM,446
tz1VLnru4Qd3CFuj33ss2v1feACiaLaAQdvA,8
tz1cj6FQs2Zjuwwf1uY7e7fLQfzi3YAbNj46,95247
tz1XksiJMYSGBzqZqbj4F1dbHBH85i9jR3Zi,167405
tz1U6R3G9mF8n9qH5mhrMZjgJTMKAEYb9Uw7,985360
tz1TtLSSFGrP1796nyd1ZhGH3o1AVitoukLj,5415
tz1QoX2rtnpKq3MxJ21E9NcEKxqPL4dKsEcn,175099
tz1iXbbzm9Wogk7D2W2qNwYzePbQVmYP6BXN,789
tz1aQGJFwYn3yzghyRbuWNapzDZjXCEfYHuW,6049
tz1YDowtv9HFd9eUoMZMNjicREmagF38XWyJ,698
tz1MtaUicPHBwrvkwnNwikGFfFWdaPxYAvJc,15613
tz1enSmESCGkRYo2CtDYKhqUHFTAQkpXjYjg,14549
tz1Wn4Wc6d6jieFpj2DJaNEC7HXcwKexW2By,181836
tz1c2MCGJM3pFb88Spt1cWgxGtXAX38Ur3CS,108434
tz1ZFS66zDerPgLPnYYEo8YXveudhGbzjESJ,65745
tz1eAR5bUqFqx85oRxGDSqriJbYzsC6Ff6Dj,1301
tz1ZrtiLUXfjKsYskvr7fmZk9N277YQcv8Ws,5055
tz1NqZnVNkS4N4XQqZaTigDQpSs8nc8RoMFW,21532
tz1WEjGgTyPyhUapqCRvwBnHhLCNV38Jr1GU,2675
tz1f2NgqK2bX3LaPgeTrEWgFFqRJgPNzFAYv,17842
tz1WGMbfVnzVSTD8oNgZA8feaYvNvBYzSVmD,24289
tz2WnujX4qC7yfQF1SAHQuLMUcB3pA5GJhfU,8699
tz1MrpnRbw6HqHvKyBE3811uHgJYuvVj2hwN,10091
tz1TkqGsSx3gB17SLAcMAnDgfs53kYeFez9Z,12397
tz1KssAq8Lofcu9MwuXqpvXh75ufZSCsLQun,15845
tz1fhd4k1jSJRRcNVbkMwVzkKEhX3kzApsfk,57152
tz1XFukdhsw2szhabNoSDMBPCwqsyPLAkSfB,2
tz1TRrpXyABLU7RfM1fR5AbFM4g3F71KpKVS,39249
tz1NkGJR1x59KMwfLr2a8bAqDYSm4WeDjeui,734
tz1USgVdDHovucdwWXcd943nkjN9Dc2kZ36s,169
tz1cVcDkvek2UNAo8ihaycH6GqEZknuxjz9L,83
tz1Z4eLXZquq6x1kMujWqCN3eQbTzwkMb5A6,83
tz1VYfSekJV2Jcjbgt4VaaDUDH1knN1ytNUU,166
tz1Z6ikQVtLws398W5w6qMLQ7pjv8eEutu9u,164
tz1iAafYqNNj9ZqP2Z3iPwokaUfMmrNd4UkY,408
tz1ceVRLF5yAKvGcFXu2ngFtqXbqkKd1kAZe,162
tz1gSHNQkhh8qNCXgLn4MWnH9DZ34NGUn8Hz,161
tz1bxpnJwhqrdhf5Dmsp8QusjL9zN4qbDCWs,159
tz1b4Y6E5szNCHKZadDnAvdUyBfr7eQoEM3Z,3810
tz1Y8v9LUURRffBVoJNysYTMzb2NranuM3fd,736
tz2ULsEpiuozejYYvEcwYq76vDHUEVcyYyE6,16
tz1PQkArZXKyQjY8gmX9yAF8NEtEtbuekeqP,871308
tz1bv7bDGmKDPNjX3FBJ5nPG3LWnT7yB1Wto,723
