Address,Amount
tz1NRbpmTuPEFCCYCqCr7i3hkMRDRhBFgmxz,1232994694384544
tz1SBxNvpDFC4bjW23CtQfVLqN5cBATVf68B,4843892221880468
tz1Rgo7URug42QnhBM6eLy4MWdfwn4RovHy6,825809296797016253
tz1V3fPD3AKPNwZf42PKGzFaWU3vZ83Gjvfq,173406100167417
tz1YTQ3Lys25j8FhZQY61eoYErYUteSao3ez,2604652064556861
tz1R3bKH1seset2h49p4vrZJCEL8voJgSK2G,48267133897001
tz1bdRJkGkNQ7homh4PTnkVM7xzVWhuC4EMm,133862112806000750
tz1Z2Ne4ZHxNPuCJeCcoykHVXTqhVdLMD9gV,247664978063895497
tz1Qji1NnEPj4Cxa9s2WEoWi9U9KM6a9gdDL,41986945888049559
tz1cmanHzitf3UgWgECzLpGUKpzEfmGZaFsw,20863989104205065
tz1RartAmPJhFsL9oAhZndSL2G7KCsaQqqkf,1073525788051860037
tz1YrfZhjFnhgERznXtYee6c29n3PBeam8A9,2454769218673
tz1MyqKoe43P4Z8MfHoXVBTrohgcbehp2zLL,67838181645177535
tz1SRcMg9GRXi7paNeAc3ARn23mS3Z5dXa6S,2389939659887627
tz1YjtCLzjw3bqPxJh6MqdVBFrM2zrsA9kyg,1214268898318425
tz1hD7VdzRpWG3nmYpCyW2gNc8mQNs3TCgxu,11966852071032156
tz1f38MX7YT2Q7MAq3mDdj75GTN7vgqV2TfH,147487131873378
tz1aBDeNFooBEmBXnWDVgLknNMUHMYhHVcRA,196115377902247380
tz1hD5k7QW9ChHCgb2YLthKFirKDYQiNPDJz,6838652883414816
tz1cjTb6ijvnPrJBfaTEFphxDovW9xQbkmDK,2686616348880
tz1ZL7ekzieKxwngCCyjsCN5qhu1ohwJQEBy,16003398428271943
tz1enbGpES1NDr2kTaocDhxvMqtpMy4ruhW6,6378154741086962
tz1ehGMhxarDhwppx14PX1Y3eqbZ5W9Bc2Y1,1585902583784768
tz1ed4brTwpFg8hFUJSJ4HqnsC7sEjVesMtb,44580184192523757
tz1QJE62jTxHis7kZkbDT2zsYZyauNDNzWg7,19835005808693846
tz1gWt7kUnJtGXoT5BYzHVa89qGp6QVvQmyp,31967425776581724
tz1epR6pJmPaJ8vvzNi6V1T51ccocX1Y4VBb,811201322920579
tz1W19DveaP3mW4WvFtdVdqGsWwBL5q1QDSK,14645324695801977
tz1esdEqZC5Nz3HDFseHvpH6SmQJPocxLzA2,8168283338964697
tz1ULQQ3S4kFLhhpPsegiMVFmXx2G6ewmbTA,45831640715296458
tz2Lqs8WFf2HDG1RoxG3EAtuHjDS27XQANWT,2616816889355
tz1LRrXCmELevk5znmVcYD63TChSpYh3vaE6,716945711614032
tz1S8GvdiWQghwPMMzbNvRh66rcfmhEA6vj2,170598735054988630
tz1N9qzry2ko1gwTK6HKWamZZK6FGx3Vr89U,1764809422759621
tz1M5swezYMnDaim71PSeb2cPFk49ajrvDV6,4510372111357896
tz1QQ4HyGbCZDmQxeVHoLP99KLyfvGvyX21i,216428221641792874
tz1WKygtstVY96oyc6Rmk945dMf33LeihgWT,58258235545276764
tz1Rux3pGrp2KpZUBKvg3VQ4edRYVJsapr4z,123572516265805531
tz1LWMmDzH79xyu6JvELrnvWLBBVjZg7TnfN,117860309076241324
tz1esBaTjr9qFQ7FhrDQF7N7bTpNSVTkGbMU,5384847339525853
tz1RfSFe1dxP7wh1zSffEnskgqvVVWKNKZG1,391514767764701
tz1czGMShkB8ZtCHKHeCPTY3CpuiCrjsGJBy,4152842655
tz1UQ6cQZef4MuskJjV9g8pXNZa5s8ff1oQy,14212273064961472
tz1dTmMLY7tan1HKfW5e3KxJcfZput6UuTH6,639316022579068
tz1daKxrqyoFUCcuQj36BeMN9C1Ytmjg5p6n,12723617769289505
tz1YZ4VZCRPoiDyGP3U69jCq2S8duDUcRjHP,1639234553898710
tz2LYELYe16viwVBaRjZc8GsauKRsxTGPvB1,3429585641662360
tz1gN5Ch4VeDZjiM6R1KPMBxPWFxL3HHKZyT,389974075793642
tz2WYko4XXaV4B5mzjguTeRkkgw8LyB2jA2d,5320194259042321
tz1NkFRjmkqqcGkAhqe78fdgemDNKXvL7Bod,16945141849732553
tz1QkQLtDkqpw8VSymi13A86jh5iaCeMriMJ,130683350711833289
tz1h6J2pn9X3KMghNHZikrh3PtEpgCcRAjHZ,52119083067809
tz1VCyNit49HjTmz8SEgeL67x4BLuoTaeYMy,169620386196830664
tz1gACjUSBkWjqWv5ZBMRk6G9Sp8xNAYgwYV,23695560457516323
tz1ieVZFcRity1eybQtgUyGg8NLEYWNqKtQe,4064149260215575
tz1T5GmdYXDWwbhBrU7RubT7Z2dmz3ZmKwCE,78735213533190520
tz1gmajxhmKt22CbcsSA7WWXSATgbuVEmzTC,411286696650067
tz1cfzEz3R8YKMqC2rbKnr2XtpNjZxH6RGdy,2382069819003566
tz1hR9eQYNNTZ4VGUeipK4PHtyyDEDmQ9dSf,51997195423348279
tz1RxeY78zE8hNJbqPypB1mTVyTsBRmPuqry,6908360247011502
tz1SBF19iLiCc8dNpKe1Ym9juSAKaTPyeypF,37196502643142
tz1X6ADVxP37XjYppBHMLVRJQwmxA2YxztbQ,677031414145896
tz1T1u1CET7ek19f5P59vCdjTNFWAscYQ5ct,51603245655551818
tz1V9qHfFxixcXJKWuEziUqvdrQ7BWpPnWTa,34747208985938873
tz1Lqnwap8kKynTpefqqSH158i667Wdg8HVA,10209131201408461
tz1Kp19QyYUnXuE6cxuXxsfQZbyqv5JtKPku,161303752194176
tz1cnojsw9qgMbdpgPeCcWPf5GX4YPvd4HAh,173572001793400292
tz1fbJACCskangcgy9xjDSiEYgh7CUmSo9oc,438484045272742
tz1dKaw4xdNjfufDSLWRxumNBwe2VX4mxXyW,113635068934079650
tz1RJf644pa7QAZqKzrPQGiYQPyubXarC4cv,5835387379086
tz1iCiA1vKmgfZbY533ZgMwFKZ14S1DQNooQ,1810963012261858
tz1hNGWJUFPFV7AWLXvxGzJVEfCZ8KJ77PJA,4995420707903250
tz1NPu5aFQ12P3KGhBGgt7G79SAgVj2Skkn1,15168991107439388
tz1Qm3DHkV7V6peZPyWe4rv6aToH3nRmWEH7,2080079586749533
tz1KsiwkQ9pyrt4Ra7QrAQp5LQJCGxHQrY1n,9857604596136516
tz1eKTUc8X17nVmtVRtxBcs3hwUPXWuqP2AS,91923755545010736
tz1hXx6tvTV3kzxpBR6E4hDYcxdgcRGHUTFj,159458065
tz1fkZtnjNfQHtEyUpyX9Tqq4RrLKx35qBxf,8863174257471144
tz1chg2T1s4DTjLqthPc49HDcqkFHMwdSPwb,27910475041679802
tz1Uzm53vPr2Giyi32yT9GUvBErKqHPBjvQL,7548484609273227
tz1aR3nrJgUyU5B623U9s1MtMsMjA5Wz5c3G,53228833171195551
tz1YaPLZuVmZaKB69BjJXKUDgNaZrxBR4Lfn,1483311258006297
tz1WNk2o2hJvzjuZRNmZQwjLQuv24wDv1zjU,150370193294249688
tz1QmBcwm7RH6swEYNpsZZfAWCCFaW6wugVT,125151470400162432
tz1LxqBcvRbZhp34C2ab62CMy49wFbsQSzD7,2272571458703352
tz1S5RkjdXMREayGWMawArqqpyMqGRjohJJr,5482256286497972
tz1bZ8vsMAXmaWEV7FRnyhcuUs2fYMaQ6Hkk,2874800946419
tz2Kmi3xEnXk8c7zqWSQqSSyfNpWt6ovG38D,33139923344317198
tz1LgePVXLZYNhHoRQ6KgHfQjQ1uq7JJPZDa,1973595377977384
tz1gk77xzDAG3sif9eFvsqUnzaGh4MrzaCp3,4243302427538609
tz1cWUkZFBZ72Yn9desxcgS9KdH4BVfqd2ZW,29833349338223262
tz1a3LNYNZTNN2SLMjWSUc5jtLWFvZ1kC7BR,78832918913062743
tz1SGPStfd9v5upQUxRiHPC9666X4FpVAmK4,62399532193845
tz1iF629Cc91SJkmQRAWAm6nYavf7RgpAqZh,24481042379232204
tz1WHGwmdEr4iruf4v9r6bdHgzC5v8SKYTkV,3304020799894630
tz1YqsEWdPxBmqVKsJircrwBmCmZDtHAgHzp,270046977796061094
tz1ZLMaECyswARea2bTsBws9eMjgUm4jG8Uj,103018926827592014
tz1NySiq6aHysD6Rpu4bYhFaVe3ASya2qB8D,6932959357425960
tz1Rb321A5bMKjQdczUs7TyJBeXjfCtB4mYd,62341773529716669
tz1USU2xSWb7CBYGJYat2X7An9sr3cFfsLwi,4436137801930997
tz1aoYg1xYeEdnLrAJ7y2r1T3aMBCyms6ppJ,42232502629193904
tz1WxCJ3UpzyWsXmmkE1YjYzbBv6jXYkbFYV,4643800023138002
tz1fq3tMpnnsZ944DVxcJqsVNGsWTPvqJzvo,2176704472666385
tz1PrecMTmNArbdvQxtZLUVUBT8rcC86dKZC,53685171758525
tz1Q1LWn8wCK77L4xetjbH3Ar7sDaSANezZx,564091800636348
tz1dugdoeZULYPA9phfkpofrP95rFqhZNXeR,10229130889523
tz1UecmgMghaWovhh9EYfqTrK9gTtaiMtbzs,123957188659482
tz1gGwXf6Ggkv9T4jGmp58jUMU2Gh2vYjDyH,3259139663527991
tz1QjPnpmqAJYSfDtDM7uTf5bkZDNY7eBECd,11252153006195003
tz1aVZZd883FwyEx5g2o3TgQ7pwEYi2f6apg,74372362132734
tz2MzvuRU1GEKi9udpqzLpGYfDoZTiKZ3C4C,2186162666010098
tz1SEox4m6JwzUjLL2daQMKU7XDrvsEukR7X,68788822002623
tz1XJqUrY2okTwoJFgHFJKQV98tsn2oC6Twj,3126131822736002
tz1VqXA6L6hPEFjvsgWv7Viw4xQn5GyNszzy,302582218601791516
tz1Wf1Lqz1yHm27P2RQJAVV2CMxnhYK4bBGc,6942875611794409
tz1cTS1WwovU7SC783xgJxZrzr151mcshmNi,13187417276752078
tz1f4Z9FJfgStP7v6Rj7BMJnWJ9Mb1NdAGsS,3466479678
tz1ersiy3MYVu89DFXvW7Qb8AM6LYptSsoT7,13696261663248885
tz1UFF5DSDDtk3fM1ewaLvVG6fhaAeCdgYEt,427399495390344
tz1dcpUhXGeXexEXispSpfv7CeufoFnV7AAf,84063909342450443
tz1RKRhkvC7MQgKfPejvNaHGshWUDsyJKZdT,49707412597423510
tz1ibTknNagJCgQPgcbPvJhpSyS5vxgdyFt4,2232736920562
tz1SHzbhYsbX6Uk51hJC4JkjgWM1gWaSwBqQ,2757900040999897
tz1NW1MMFL3jytxBjhx1qATMJyY47vLBMa4p,404410331413260
tz1QRm2TJKnarZ9tbL5CNjN4Ltq9pJtytuk7,10900649915701
tz1WJpBDRGfa21un4yQDKTGXZw561nsGg7Qe,76484400698163
tz1UXAsfFeufr6p2PafNr2oXNrTDSdtwwdgm,1114544016087181
tz1YPUNi7KW28VxZNEu3fNkRkJG55G9p7wsN,715926995213775
tz1YpusrSty7ULz7w9sM814trSRmM1aNbmZd,56040241201548599
tz1cuj9Cgi19KMRi83UuypS89kXM435qdhmy,135279140674115
tz1htwxBMBFikeP8SnQiEQyA9n1ryDrDFyLK,693296150664336
tz1XTyukKgkqq9P83UkV15np7EtSSEy4kAeY,710119427187488
tz1WMFtCLLeRiayH19ZiaErKq4Zu9p5N73Sr,1851194180194
tz1RFUjzPENm3vF7quaxfELQCfNTCSjAsFdA,6834833994479006
tz1cLd3gXJ9Fk5c648hRzFvTnGfT97CxcHrj,4223774862403099
tz1Te5JR7gzDBwtZLKPWSPuTGFE4JX21vVur,267445840172
tz1NGDuYTuuB1geX1K5b88cqa8JinFLdd3d5,3466493045458621
tz1XykUaKpskyp7hDEZjmuNTk4gFU58a46KC,397696945535431017
tz1dghYwdzvHc3tYHp8iHpNUSpmAvvs8Zjs8,82453100340385762
tz1PuipWs33aqS2KSG5k1qQtC6Dff1P1GBmM,958998680201307
tz1ZNxMa8XsMa8JTv776X9iCETcNoo4SY629,1319065343979778610
tz1iAAJhH465Cf3BnsKQ744XHypQGY1v7Ps9,3535809272
tz1a5QW18ULwjJK71LSc7UqNGgryrFouHzf1,1122557362747654
tz1Z1ZX2B98nEAvEnLXJBCnsJ6K1GqaSp9jK,2418038365730819
tz1enT2GWv7U8jyPmmoVb228u8hvi6hJh5FF,241292450398143
tz1RyhUycXcivQ3jzF7ZpFZNcoLcgmXqcrSz,5639061632513150
tz1gVon2mQhvutR49Yd5XK6k4ypwWfFjMZtz,2717720068
tz2HSz8b961xoDjDLy3aFGogvW4HEqXXdcR6,21794462738839644
tz1eSGjgq2NmLWnaQFQxafXK8ZQF5V7Sz72y,63616687439801876
tz2EP3fw5CbUUgJdx4c3Xono8Gbc8PLXGRM9,5242223925041033
tz1VCogGe8xeRgQCLrVhPbwo6mBSQxAXep65,2794275758913957
tz1LFFspqhK9KRQNvS1ahZ1RcpQ2PNeM8TxA,6579705604599129
tz1ZhteLTqobRVCYsPj44oFfom5BJ2SdGxeE,5354986207247060
tz1aRF3qMDrbN95f8dGYTKPaey6J2qQQnk8j,223666691165932426
tz2ALu8Jxf2SMgzSZaZEwfiJQbogpUDPStwz,9921339899230790
tz1fCHiWZ3ReGqvhxkMejVzcnXYz1rnsJpow,24193576731671223
tz1PXJVTDRHBcjJGpD4h6PzDovisMJuc8zVc,2502500404480378
tz1L1i5BVehYJBebCGvPYU9kZYGKBELGUJGH,43708467149871928
tz1TR56EbNTEEDeRrsPzQzoyvwFgZT25q3JR,2385318790948358
tz1XbQgDFCaT228TPS2YUeHHfpVqGW7ANCDw,1287859534080531
tz1S1Aew75hMrPUymqenKfHo8FspppXKpW7h,2946507726
tz1Wb4LakUUYuFuuEgXXQrNZuBD49Trodhwx,2739564041275670
tz1RAfKUFBX6P2jFkCpzLFntju7djjbtKAKr,102462161854598070
tz1MiQ6euA3EEdnZxJ6EPwVsHzd6vQ7AHJmU,2140300635894742
tz1UFwr89hcJvC4sNCYK7zSLcaD4JW2KkNYD,28917719933668689
tz1TiJBTfVoXxregtdgCs1rYd55APXSAmniz,4756010119
tz1ZPSGxrrPPfrmoGJgpXDArNJfNNy3qGvE4,2389677646490762
tz1iQ5n52oSKgdtdYtqEJgKmQYbL1nn2poB8,64896125058742644
tz1gueZ7eL2KnvxqWudHjoTH3ZPiUCmwNKR6,8064297732662813
tz1QxepCwQ45EwtcxkgXZezHbnidvK7hUywy,43759117719079919
tz1TVZgy4rejPUkEF3bsxLGNCp6H4gz4PaGf,780207767965989
tz1WT27PugwGBtre1hsj6BHmbAK2qQsVbRDo,4504529235645357
tz1fL2TsQR271w84MXx3qFD7y4PZ1F2mpHFA,11653630219620434
tz1KhU89QWZuuhhnDD1paFp1jYMdpJLh55im,16076305324880244
tz1QQyhTMAmNQPcSGkM7GfDva8hmuFPAxUMB,110780592218275180
tz1htnC2n5n27PFD41q5X8bDvDcjbGMUS3f5,175967511015459041
tz1PoickddNEkRN6qp4K41u4KUW43vZ1UDvF,52554906401077126
tz1b9qYttBxHzoEseqabgvQiCxafZzkAtH9G,49531669030721839
tz1MQotPcNdc9R3nWCTwXLMDqKLS46WqW7Wx,27428022976384803
tz1a89Pvs553YqhJdCfDdQrRuQeykHMvVSRX,399603319282
tz1favSqpvTLtedjTm1UjuEmKfgm4o9kyLd1,48292851450758294
tz1XYuybht7U1RVsUip7H7S31fBDxpUgpTXP,3244624979
tz1WHUWCMqVqq5AagGN5DrytqWz88tYgedUr,1526801338585687
tz1YJvMiZyXnzvV9pxtAiuCFvaG7XoBZhbUQ,15296623911320835
tz1TmSForCvNii8rmwL6q2jgicQfqjNFtj8K,30821989827899359
tz1eoqCSmqPQtTLs53Rj6gBB14eQh2aHWVxu,5215605236978692
tz1XhZUHsJAFp4FHoeeQQ7auVBk5j6xoUKbS,837764311933336
tz1Pwh2MBs6q2SeLHiko3iJpfMwsDV46bqQU,156899631238917086
tz1ZWbokP5pGwT3tTtLPP2KhXX5ssg1EtDPs,3187013108706105
tz1hLWsybqnJtQRFp8skYy5aZLGNmL9bMUpa,16796495388573386
tz1PuYitvGfsBm7C3oYAXqNc3t5wNhWZj5Dh,14873064063410354
tz1dbCAvra65bwTVk5mgkYUHUGz3hoKwovZ8,6987116107049858
tz1T5NfkdPfhkXzYx8akPkdznxSgU1Uf5jEG,12555803291960509
tz1PYqfNnkpZydtSY2Tn3Rv8mjkgUpHJpFXC,34892852228355282
tz2Mz3ovkZR2HyC89CHHSdsrPya1mKSmLWfD,2420524975598750
tz1ae2d1BJt7YUqaaec6Xenh3mBqS7VjSZtK,2098070539577752
tz1L1XwcVmD2z4qPfLtBJ6RPThgAwLcXG6kW,365836756261285
tz1VeyZaPimHfrJFy8WwsCYzxHR3VmGTMpgK,1416373674572178
tz1epFVHmqeWvvkFf2eskwhQ1AY3JwWd7Ej6,7210277918912901
tz1QRcnskFh7eaV7QdEnjoYdDfrDqHgmmrvF,18752406525985421
tz1XybkRZWjLx3hwcy1hQ7PT6FWEhpHm1FBv,2879214610386093
tz1XcuwadWbLKkc4mDVxRo25dbtwfEa7wf2c,12921989753624742
tz1hvRvzke27MGtp8CsSvsafxyyMWSVYM1ut,1189721443019120
tz1a7MJ4HMNbWDhKZAqrvzX5P6u2E2mJyJiV,25018184852585313
tz1citPWufjty33AZ9KwZDztqrTzdNjfQU7P,95898367272699765
tz1WeLuPLjUs53Yr1RCgq4EQ4d5SvV651Tqt,265005841368195520
tz1Wo716Gggp5HfupfxtPgmYu23rDQNcLcD8,23273600431575324
tz1imyQrFWHyTp4avUNAw52RxdFjU3HPviRN,6406981681044927
tz1isKR8pS4pdgU934K1S4UpLsF56ECJNArh,8655575136796090
tz1ZVoeS9T3H451BgjTe18pM1q1LPd2cgB6Z,5854506515402524
tz1eL4fYCgegW8tLCbQ1mYiKY3TdDxWnnKo8,13898279183138544
tz1Rhg2UDkjgLhemdSMtiGVGRmzwVLVaHArD,1725956197048846
tz1dPHDXSCFo8PienbvDMyCKr5DXjPMrZkJ1,8927775508229505
tz1fkkxXSMtSQew8F78XdsnaC26AfsXtsGiY,2429712138160528
tz1ZuiTWKXKqYfzFPaSaAG3Huf9QM1AdZ1pJ,8846805769215920
tz1RsCndtupuxe2U3syGAdcRBzpNqJZ9ANNc,184788413813393031
tz1MrZQhiNiHK14oEq595DLsVQ9wC4Nv2ZXW,734604233240106
tz1LJQ6MPnjGekNAmhFmkm8XWtM6UGx4MyF4,42290020289554948
tz1hmxzW7MuU8HeRoCFPGZJnavGf5unqgaph,25419284768556990
tz1Z6QqrAbEAMDLsis3v6b956sfH6qLTSEex,11697562413066
tz1NnBgY2ze24nQDpdY72wb1GVsee1UfAT3d,929845964621885
tz1dAW94vB3yYfNPE4LM2txBT8PQ21Zq4Xzf,2079888347998617
tz1eeR22tmjPN3rGDikEMvpe8jcdXww3dqTt,6932959586213619
tz1MsfyCeQEt7khed67HHsAidezZ1Th6mjzB,2404311861895686
tz1WBMWCwjuFSsiiLUWKEQHEACNEat2S3EsD,401943553131084
tz2SuPjN8dYMJQe548bTvSPL1fdStZPXv7gT,309696426150756881
tz1N33TtiYBQ67sw32rhCsMSVpZkrSHWe9aq,108274795197961227
tz1QMjzbw5Yoi2zPqUeg2yuv5GZdmXjhh9mr,6933049499763525
tz1ZutSZgCHEzxspXyoSYSREhwHh5g4PM8hN,4340032557
tz1NJS9T6FKTnKUkVNv2g44GHTAhzH77qiYw,14061904386776634
tz1URL5HNuTa1fHqqCtUKXUM3hm6g9c88NgF,21892004707122
tz2M9C5x1KoZGoQ9xEY6fQ6Xwbe2GU1RTzRx,8000922521981
tz1RCQDHtpdcwfgF1Kbbyusd6xhfjbXanhZ5,8188473971634938
tz1c8JTzmA6c7cm6ZmUwR7WES6akdiMa1kwt,10976790627721475
tz1XRTNgXgWmR4PqxZpiB6HZJ8Siz3M2JAim,3285143530167450
tz1imbraxLCQ9TUpnJVP31LS18hpTqG5wv1k,7791508300200095
tz1iDuz9LvybPBC4kDc7ceBoKVDwwzJR7zKb,212578996807592102
tz1eiyML8sHGBL139FwJQJeLGHWAFtDqPz4U,693295970407392
tz1YQDCB6Hbn2ozMyS2kf6WPJDeRvJtmtNqQ,9427826481559717
tz1eeNRXYK56vgSfXHFcXorubcaBBCVpUY1Y,4464825826
tz1TQw8erN1a2LpfRSNMExicRXMveBPbvTKE,2537463124
tz1gaRjULm9qy4D83VCvb4ABWLKpz4XXfqjx,3360165076441197
tz1hAZNx3LrRKFgfRytoLNVGhCrzU1uVDUHS,2731276343401614
tz1W28xB2eAvRGCXmVduC63Gx6gGDp87zqbB,190646305168925
tz1gJaXdi7Gweq8TUSy9knB2wLjioTKy2tZF,1385967786583862
tz1PoXtd7RGVBwWmmZvxX18NQXYpbNdiwwtE,19186647298014912
tz1RLCvv7wrWq4hTmyKk1zZuZeuUXNViSgRD,325946938158551
tz1QFk2DJhPkzp2nCN7Thpo4askJjQ3Zw6BU,2215719653151361
tz1bRDYJHp3ACUojEeM6Ja442YEwNmcb7ph9,6805542865160223
tz1MDs7ym4sp2FsQhL32vuAnEqG3ARhM9Vi4,7348937327916119
tz1Xy5UM1tC3CFcbPBVq5PjufaxcLjMwfQkE,199303009781730
tz1RAKBnmd1X43pkkGqywYCRgf1Uo6D77zMx,199288991337909
tz1cXwKRD6AMy5nhqEVUU23SBxcAMnh2aKLn,2222356128638301
tz1imrUNR1R52GxhP4y6XQCDDXtQs11GarTN,143791483636837
tz1chab75LnyqBqNwrK11459SGCFQXLg9uyx,3636997796935247
tz1USfPTFciXzVsQL7Rk8HmMWyWtFEas7fh3,7967513488306919
tz1btYY98CWBVCGEikD7s1buWjpicb9kG8aH,149664552966578
tz1fj962xSPKTA57yWHA43VeVzo8KqdpNAeF,7394521244363663
tz1ioU6W4otB7ebgRZTq1EVVra3vMyXqeqsm,1876817032152549
tz1N8oU57qMgDRr6N9pSbhaiWRRQSxJRPGoZ,1708098083735370
tz1fCEeLBcuSMSittqTnMEhcFdPCtD1HsiZc,188774323025694
tz1WsKkY3TLDvqTuK97Xu4zuVoTb2nsr7J8S,1281875163820189
tz2DsS3zeg4pqoUnRPHxvuRSuQrjDnTZcTNJ,404094829544483
tz1gSGxwMrToBdzLeaxg4Bregv6W2oEbNLC8,64445959549454561
tz1X8AQxtn4KzBwMZ6MZUVFDcACrfnyfYhDg,2856379255
tz1KxARuCbAoiGGesnQjr2pvZa7CzJR7V9D7,5057626824396941
tz1LGVwoTMUhi76Jc8TeaNUQhanfeLLNF4xm,1816299197459017
tz1QS7N8HnRBG2RNh3Kjty58XFXuLFVdnKGY,415555989561346241
tz1RAP1j8SjwT587jyccTNArBFhC9HhGKfHq,891030710117676
tz1QiZCuJMuVz3aq7j1Bq2v3BRTQPCdTw3Fb,13608122597357002
tz1L8hBVpams2fWFC9kS1sPVxfGY6Hmg5TQ8,1935268978886031
tz1TQSPkLPqXUREhxvYzPbAib6Jz35w2a6tw,6317531509343042
tz1XD1xSVzgY8Qs1id1kNyFJDbv9e9pNMe2c,3466875696705326
tz1Tk1MJDZ96bK85RLAqtKfnptZZyXsJ2jaq,398972130454081
tz1RKg4C5yKTzm28Qj9gKmfUozCDrctDpx4G,4203003099500735
tz1hes6aF3Px3D8nPQx27fdwBKrXmGs1UYxT,9530220692062675
tz1c1BG1PEeuhMFwmonTVSGafehicqbBJFec,589145026890753
tz1e826sMLNdz1CQLzthLDBJCFsinxqGDzv2,230788233784462
tz1THwbFPPPBHmBu4cmLV2SppLFrA5QfBhyF,2449586499169533
tz1U1aA8tyN6QByoYLhSvNu3krJPLYqnkRVa,343881137986484
tz1QSwx2wnmrTjEGrid79c4tpFMxjCT86SAy,5929181007512419
tz1RcJYTsoYQ7adtNMANhwd8qf4zApM4i2Yd,5374622925543618
tz1cvrgSekgCqgyc1c2qFPSeMtux6AAAfDsk,122064682902155
tz1a1ZcbAeBEjxYSwuNKxSu6FbFB4dxdL3m9,81253111998900
tz1NZnfrNgCGdECyAhA93TLPTSciJcZBJqDY,491301755233515
tz1UGuKv6PzgVbofb42VgeRwDwsVN47UpuZB,11711717937528551
tz1eCzNtidHvVgeRzQ38C81FPcYnxMsCEL6Z,24315268831361831
tz1N3nvFqipu91tfU9s4GXGsopawpwxSoAJh,570062569298430
tz1LFeLTRQZrgKxbmvjz2ckViRhVw9BZXw7t,137408775016061617
tz1XuzzMTz1LhqbRPy9uxfRkccSxju3v8Y4j,6436469020046484
tz1MoiwNRQWHfA71aypNk8J9CsKjfmq39c2F,24837627892409005
tz1hhphPmGxL6HEmEjoVSJBy82FMWbFwzNCD,138837662321257
tz1YHLm7Lq27q3rgVXLY424zQMkvncVvNiaK,762625633311245
tz1fKtBhuuZiMYhM3Pi1hcP2sjRbstgDrmqX,223149263206605
tz1XEA7cp83PyiXfSxWu3uHjA3EF6Gdh3Vhq,750166536843284
tz1UXMLCt7dqbUiJ2BHRhE1gFkdVkmCZYcM9,244446274408714
tz1iKF8o1hCLaTNZcCJpgKQBQxkpcSiBy5V6,9792209863138537
tz1c2iwyckUCcicx2qxqtwLEartYFEHg1pvB,4457700539599358
tz1PQDUDph7dDCn8pLGXqaR79DiUWLiSZdEf,2580402286791253
tz1fUZ5pMP1gUjuJsp5V631cXmA87Kxm3cuZ,9208281097053767
tz1NVsmLrZX4jad9bNdvM1EskvcTq2LSZhLx,24078830595542843
tz1PKoh9LB2P3pgh5ahaAFnrC2QBmUxcHDJU,2155380052911188
tz1cqoo91JCc6sKmNuTVKNzwUdi6E6moHWFb,9157246918412769
tz1ZGNErBKdYeEPjZuqKXhyTixQTTPn54bx3,4645082769
tz1XoiGxnmjnkaKcNyG4rrHNNEoh1u5VidxY,1417588444149579
tz1QVUXNoyCfKpAyxDpq8kR3rK2AShuzQxJ5,23654349546637993
tz1UVTMhbMiSETKCxFi413yZ7imF1xeyt3fV,7072705071032015
tz1S5TbsJCWmCyRh3ghJ2rWwQHHbcvoh1uYV,5086133076620785
tz1UAYfFWmaTrQTYMptaGCw6LrXK5Yv84VnQ,37649324863151
tz1hLhGe26gqt78sZboxiwne6zgKMqirRieW,2313817780449042
tz1RYTr2WKdJD1MMV51kN9AoxPnxZJgJ5sqU,377790585584237
tz1R6mtcAQwBTK9YpSqRL9y2a6JZWgDkBm6M,4627865971422213
tz1Sv2XMQNxcAqyqyyv42FHjf3EGwJ3Godj1,26154835800471125
tz1NCsGajb5YgZdhdviKrfisN3VteMasnzQi,1733277359963908
tz1Vh4cX8VutUUUnnjmnY2omSV4F26T5orLH,382063750891930
tz1QGCWjNpYmcS6T9qFGYSam25e36WeFUCK4,4167755929050169
tz1LApX9pPhcDUDznHR5TTCcSXh3m6zPgFHA,2230624119448471
tz1hUY7paB2J5EhD73r4oWL6uZubf1UibHrk,7482844269542376
tz1MgDFQvyV8Vfc48HgeqMbCD2Po7nhoWDeL,10331950872026939
tz1PWZTKd1zhfuxrixGJoHJ6G17SQiypwe5m,3445680800
tz1V1Hu7nMcgVuMKDEZickAKHHZavLKTB7Vh,3709133256
tz1NKHjwrYfg7GWwbWZ3bvdejkVL34De72Pz,3632870703
tz1RaZeHEiKewSd14gZ7HKfcQ3HaNHJ5tnV6,74729081026365312
tz1aiLrqvULcV2Kfvzt9dUmqnLQnoNXPPek8,11932259067236801
tz1M2h2hPZzov29kf7xcHXrunXb2jFSbfiNd,34839555581669266
tz1MToDUySbYhPabULUyDPPsfDQF1cpZPdoH,5220673521107370
tz1gMfLSQs6xTM2TcLM6Sb2njJ6h9qhSsT9Z,5234396002732712
tz1Mt4ddsTmDs4of6kkWYvMWSUtM8zbGNMq2,3237692019
tz1UNTxRbAYTSBSdHMjoUoYAtLH4MHMUiGwg,721736973316808
tz1YUJitqsUrFfFzEp1d2RiqVwV61J8aPb4E,3979518671
tz1TqqKqc4t2Y6PTvxeuhF8kNjVn8HpZkKma,5040421874595244
tz2VoUZvPNLyq9bZ82VoDLrhkH8n6eaUoS6E,951066879662087
tz1ZvbLR47deoqaSgsaRXe7hbgDgwonBicnV,38774933335643479
tz1L8m6MGdvK2WA65wQ7DeVwXVmCS72JKWeN,307767536983499833
tz1iCJRFVD1oY7yQBap6X59XktpKHJtgCGyS,236016600053369
tz1bnWUvcfU77EBpbLUQ41c3hCBKovGuqyGY,15865982029551917
tz1STAzkywd9GnKGvJBPL4xWte3LCniyu5ho,4572383688323831
tz1g6cLrzLxNayiVyb7BLsKK6TfwboqWaYPx,178264882214987
tz2Q6ugZbronUHSk8fbuHibBrBEJwrzgtL8X,1393525094295073
tz2Kn9u9cxvTczP6CjirJnEE1UApmoCzuGPB,3846239994313215
tz1aHfKHR887WzmpA56K2diKDufR3QJqn9iK,256069187168548950
tz1fcuYiLoHA1qD8vLJmSJPPKhGANGLJZgin,2681322397366
tz1bdbHUpDrUx7m5g4VTSkjnc3mxnquzRTcw,28478782039644454
tz1NoV2nnTuxavEAuozNyHm4nqT3qtkYUNYW,3736865093
tz1TQJjDtzUWWAa5a9H61iyPZmuKRfX9hXi8,128851124349336
tz1ewd8gDnG3USrTRJVdbpsyieVv9fWDMPNk,13541996276618541
tz1Tpms3fccT8x1pVY9BQKgnvppew71pTDDd,693427183596191
tz1bNLPqmLVxWF6puxbFZHU1yCJLiCZmHH2E,9805025931395
tz1ajJzH5YBGRuXnU7QDJzY2qVRGcysUbxJE,693299832065754
tz1YT4u9DnGFiRM8AXXACY8LWuV1rW3A2hFb,196739934831240
tz1QppHuA9TUoFN5Ek2ZSmRPdU1xQiwRSnPb,386048079893940
tz1fne8nhZuSRgzaQPyaomKQcFRfthyicBQc,693296213060970
tz1PGFWJqZhk5BabfqxfYixpVH9S8vY7NKj8,4430161029
tz1Uva3ynPUXqpAsWJ3CxcXVPG7HEXB19rzU,7084514583872983
tz1cGZNvVyHrKgbRu4b23Nw896JD6GYhZKQm,7072842808135569
tz1i9THBDe13YzhSmcdpcWKJrL4raaJ1cpN3,7061199873509083
tz1apbBneTw4Ap2kdmv7gfTv4kDPYbR5HAkn,5982736731956664
tz1MJ4C21XhL6B3YptprRWMuL8oeJquUhz4u,1378701558564199
tz1SMoz8tsJzeQPtGhPEjPnanQMvFc5KitVh,386764816165270
tz1XuNQgqT23u9KcwmRLGGQ6w2n6dCE4bmoV,805763165770616
tz1WrZ2Th2eCuq5NuZb8nHXPJUjaBE25Uwgv,2393718816867
tz1idC7XEoSZ45sXLwp1ujYJ3yNFi2tkLT7A,579166271265778
tz1d4649CmmMEzXBWzhTgTkFxy9ATNhb5HC3,78123747468942
tz2CrWArLr8eRCj6mp6yYQAKshR9MuyaK3Qu,7868079598610845
tz1UdGjnCNd5ifzEShXft78CmazG9gj4fdrN,36419111352801
tz1WqkwtGV3ttnchD3bqmucZwByduHq8EN8f,410053251445175
tz1fvhxJtMzKYkXM3fvXrQEyAXyMLYayTtZ2,236197002450975
tz1dVTewmwhAqfBcAgDuDuF2sPUaafuPA8mr,7364834423465754
tz1ScePe2eXYo1RBdEe12hNY8KrvHyjFhHw6,86330867333100
tz1XNmNga2NyqFiNpmEN66fpySDoGWoKpKXB,452844925442280
tz1dXpsNAWLHVYNWSqhrHCHT6wh6L1fKZfo1,109260327942203
tz1N2AezxpvrXzvGaqNVW9BqXxJ6Rcup9M4p,3209960182
tz1iFKBz9HbJDp6omQGG9LC9bTXF4zKdkJfR,304262218338028
tz1fFCF6FogyPLLjSk3FNTG7gVdDWfPCWVni,3924054996
tz1WUmNdnrv1w75V7ntFSt5kSuyQfYuo2hqK,238297802589592
tz1LYQiMSoy34xAUD2NnsJLCTmb8HYYR9th9,356210217400230
tz1VYa9SB4LtsHLWZnJXc1JuL7wuX46orE2Z,1787262957757644
tz1d9NBC61N2Xjo9LvXAQsKPqC4HaL1mFD9X,2596820693800040
tz1cAxm3wHEUX9tY87sSfdVfHgCWcPCTkNTA,5037933157107668
tz1iNdzx7BJpGD2e2YaV2QbsteMQWMAXjjDf,222522089834121
tz1YrFGJ542U6jpYHpe7BFHxNfa2mb1wpAdH,26610845102743
tz1SPVSDCDpbqigKWVYnbgHEudxSM3BASPZj,48426152124711862
tz1f7C7HeTczoCxoo8oQ3vBDRQTiNM3tFTZu,3045825940175229
tz1P8pHeW6qWzBkgeDvi3bc8depN63r5tt5s,845547150696561
tz1iZnkruZaYGv3dfER3wEasjJj5xpaTtMjN,10399439216395883
tz1Y1svqGfYwEN9J3ne2WLEuzUVnwzP5qoYW,3272356816
tz1YmwJZfEerVMbc8uuJc7xUzE64ma3Xfu7L,702547768949259
tz1aQbe92zZy6MNeRFtgmgV5dV5R4BNTdqK1,702460482990949
tz1THz87Wwo5DL34CELa6psvuH8RXShPmSbc,180260111655501
tz1cgAHrLkuj5NrLmQ6LnELKFKu3i13CokzB,3251557938
tz1eQ9skdokeeUyTc4SdNQMPigjZ8JY4kzus,1137399472964139
tz1S35xPc2sh4kK5hd7KujsWU1G3SUdCnFqp,50708340731927436
tz1dYEEirVkgSnE7eGK9vFUwxWBqibkafs8W,2084592977956014
tz1VLGH7SJ4HA6kDXRiHYqVFkn2btjnoxqib,42458359188353672
tz1XYkmAHtkZFjZLdWNoL2BTqUws4oD4H1PR,10267279114797731
tz1dCyFm9jxuhxJEi8UW5sgiS7TFubaNT1J7,39308076987172
tz1XbmhVLdDgsihnVoyn6aTRMURJ87YEbG9B,2910470679330758
tz1Sk1mwyBQkcyrwWZkftmR3Mjv77BEGUw65,790743238931431
tz1QHXGKA8NaCmpZLrvrUyBpYhgEiQDyWY1r,45436844131183
tz1NS4ZXnzYBPJpspW2svbqdjGsgBsGZchzV,71956809177923
tz1LUdy3KnxyyARheKtfcnRymhUq82SKLvyx,431536202805056
tz1LxFeaR3ZNkMRstvhjNeVbpv9vz2LttLBz,8878584442679
tz1SFJ5pW5FVR8cRfAqY3NqQBuQQq8TNsjvv,538298355162831
tz1YRG68NdqtAcsFEwTUw6FsSsiBb5kagEDo,5366241764990112
tz1XUmPaRxfbi6Mjj6vUWf9zhjwHdfL9gEdk,26718965402987
tz1NiraRNtWgpXyyxopRTk2a7Py9oKFdrgkB,446282425312007961
tz1VnXCALwSCihScu984A3dbY6XXLzDqJWa1,70314948132024337
tz1ZDDHc1YycDdwQezjVDVCSfSB6A1xH3YxG,28269519532849
tz1dx37ewvwHWAaRxdjd5sayKBR8LnJUT1XE,482455468152
tz2R1iMz3wHEx6Z8dpdPVgb9eTDVh5NdeqNz,3724051827016246
tz1hR6q1QMUC4wLD3izGsfeZ3HuyfJH5QajX,109646820658372
tz1akJUKXFmNjxKaCqcEHmwbx4u86xfHLYJc,83565532058190271
tz1V2FYediKBAEaTpXXJBSjuQpjkyCzrTSiE,429651031798911
tz1Z1xRcvcqPPqja34fWNd1StABUV38LnbpW,25390005078643
tz1egZ7YNcG81udp3pGXPBsYQsUNHB7xAH7V,1308840678836664
tz1TSowSJAKRqQbqjspmyfN33nps1op2GodY,194745600496724
tz1VV5912Qp7qqZaQ28MC2G3RQ89UhEdueqt,2368671328948850
tz2RJZQGhhkdVX3kq5agHahLmh8TByJWaedL,1270595535572091
tz1codeYURj5z49HKX9zmLHms2vJN2qDjrtt,185358344422576857
tz1WXSxKwhw9EectY8mAdUFXDBHFnPZE3HSG,20058894142312401
tz1aDrsGYyNbiqUX6eTHLe5otZJwN5XQh2kG,67569490906482097
tz1gu5jCJunSaHjR52rcu3n7SgDCJZDLTqJM,411769513454927
tz1SDmZnnzpH5GAfHoeXygPWwzJtHXADpohn,31489230423013
tz2KgCQ3sTz3n3jrU21DveCfTVFgrMnzeA7x,223596633604591632
tz1XT3SAzJh47s5DxMJud63MWnvDftqWFtS3,13384936263570232
tz2RjcKqwtC4vVKN878Bx7L9oNHR4mPTHDc4,1149539730964326
tz1bQxeuFnf9PTDRUwu94sU1GUvU425KqCeq,16888707370504
tz1Rb2U9TbEkYVQM412wBzBbMbnqX2r4CTXs,14094428428328
tz1gaTbRLDWJFA8bzcvDtkz8HxN6V1eL6gwL,587288488492144
tz1U9RY2mXmwAaSSm67rEy49N5YE1Rs7K223,10043238896924
tz1ZzEEVRzw78fhsLMM7JvV9CxZUaWGB98U8,410214497642710
tz1RSRuULmTkaXTjrhbFuNkE4mkJLRGPWJmy,369992493034513
tz1hHz9wjLaZ3p9sDo9SkqT1t5wxNsK7688s,886813281359613
tz2BzwVtwa2mTbspW1qqdiA2UtctbGntxAGi,7198679392188384
tz1QjLLgQidRchfWMvHa23uhfgdzNKSevELK,67083037510038508
tz1WW1xr4mdTif7jorgVr7aqY3YnnJPSDXj7,2595422638519
tz1coEYWsh5bwhhCsK2Dc1SXTNQs1hWs1QtL,897944690203596
tz1YKkEwEXk5g5MeDzNTgfDwKd589rGJS9q7,581740173494224
tz1PSiE9EmFbQFb7K1cBxPTsbPdgotHLdy9e,1439761545395384
tz1hWxyYMfK3h3y7WvL1ErggtgneuNynC1JA,33473349301225413
tz1agphvYoUaWn5BjTVHnqTTyYwURTGAZyBE,10596283200802
tz1VXAAqokxhhf5iwfvkJ8tRukgVLN8BVyce,29322658029923
tz1UVjnYXp5DZaCX3JZvxQQqxKnXaVMYAYZD,410352689533579
tz1N4Q2BLS4sYvKCoM5XxFAEL1yoEY8TSS7j,73660970990266190
tz1XH15XMCB22rJJxHLsZgVhXA6t7kJnmFa1,1461975871218940
tz1NEmMNjFtXgixkdCkkGsEn7k6QPeG1G1Qn,1448336485593590
tz1gVmWVnkT2yQr9gmed4BgK22SrSPjfpkEn,3134970529168784
tz1huGodLQWq9gKTZJ7D2Z9GeymHBJNnXvtd,496688714442
tz1RVq5ohXzWvbqHzUgsmUNWHqin9HRkrWPz,40653676065798
tz1az9uytyQ2tv3aKXJuNBjrX29vBsYuWDuR,1882479911026195
tz1LovFrdT3D2uY5ijGnb16172szCqFazDCE,76792093120470
tz1aGLjZZLDwYYSevU3HLbEXenAxwRo6f6EM,8059013278813
tz1VLnru4Qd3CFuj33ss2v1feACiaLaAQdvA,157542987054
tz1cj6FQs2Zjuwwf1uY7e7fLQfzi3YAbNj46,1719963504437132
tz1XksiJMYSGBzqZqbj4F1dbHBH85i9jR3Zi,3022989929902700
tz1U6R3G9mF8n9qH5mhrMZjgJTMKAEYb9Uw7,17793494064296198
tz1TtLSSFGrP1796nyd1ZhGH3o1AVitoukLj,97792844238014
tz1QoX2rtnpKq3MxJ21E9NcEKxqPL4dKsEcn,3161929041696472
tz1iXbbzm9Wogk7D2W2qNwYzePbQVmYP6BXN,14258194026454
tz1aQGJFwYn3yzghyRbuWNapzDZjXCEfYHuW,109242268719194
tz1YDowtv9HFd9eUoMZMNjicREmagF38XWyJ,12616348548497
tz1MtaUicPHBwrvkwnNwikGFfFWdaPxYAvJc,281955194126011
tz1enSmESCGkRYo2CtDYKhqUHFTAQkpXjYjg,262726623061216
tz1Wn4Wc6d6jieFpj2DJaNEC7HXcwKexW2By,3283583041116830
tz1c2MCGJM3pFb88Spt1cWgxGtXAX38Ur3CS,1958088001901520
tz1ZFS66zDerPgLPnYYEo8YXveudhGbzjESJ,1187220739623754
tz1eAR5bUqFqx85oRxGDSqriJbYzsC6Ff6Dj,23493466008025
tz1ZrtiLUXfjKsYskvr7fmZk9N277YQcv8Ws,91285793847469
tz1NqZnVNkS4N4XQqZaTigDQpSs8nc8RoMFW,388831661477891
tz1WEjGgTyPyhUapqCRvwBnHhLCNV38Jr1GU,48309517513214
tz1f2NgqK2bX3LaPgeTrEWgFFqRJgPNzFAYv,322199820559323
tz1WGMbfVnzVSTD8oNgZA8feaYvNvBYzSVmD,438609165826051
tz2WnujX4qC7yfQF1SAHQuLMUcB3pA5GJhfU,157100978403926
tz1MrpnRbw6HqHvKyBE3811uHgJYuvVj2hwN,182228659824432
tz1TkqGsSx3gB17SLAcMAnDgfs53kYeFez9Z,223878774447303
tz1KssAq8Lofcu9MwuXqpvXh75ufZSCsLQun,286144490918596
tz1fhd4k1jSJRRcNVbkMwVzkKEhX3kzApsfk,1032051898566038
tz1XFukdhsw2szhabNoSDMBPCwqsyPLAkSfB,45206386237
tz1TRrpXyABLU7RfM1fR5AbFM4g3F71KpKVS,708756208377728
tz1NkGJR1x59KMwfLr2a8bAqDYSm4WeDjeui,13269933823038
tz1USgVdDHovucdwWXcd943nkjN9Dc2kZ36s,3065411364507
tz1cVcDkvek2UNAo8ihaycH6GqEZknuxjz9L,1510535209997
tz1Z4eLXZquq6x1kMujWqCN3eQbTzwkMb5A6,1511507986399
tz1VYfSekJV2Jcjbgt4VaaDUDH1knN1ytNUU,3002425039302
tz1Z6ikQVtLws398W5w6qMLQ7pjv8eEutu9u,2971170226608
tz1iAafYqNNj9ZqP2Z3iPwokaUfMmrNd4UkY,7377205418255
tz1ceVRLF5yAKvGcFXu2ngFtqXbqkKd1kAZe,2928653761816
tz1gSHNQkhh8qNCXgLn4MWnH9DZ34NGUn8Hz,2924184365602
tz1bxpnJwhqrdhf5Dmsp8QusjL9zN4qbDCWs,2880244611633
tz1b4Y6E5szNCHKZadDnAvdUyBfr7eQoEM3Z,68803264098232
tz1Y8v9LUURRffBVoJNysYTMzb2NranuM3fd,13307064655166
tz2ULsEpiuozejYYvEcwYq76vDHUEVcyYyE6,293243414715
tz1PQkArZXKyQjY8gmX9yAF8NEtEtbuekeqP,15733958765484942
tz1bv7bDGmKDPNjX3FBJ5nPG3LWnT7yB1Wto,13067865848145
