Address,Amount
tz1NRbpmTuPEFCCYCqCr7i3hkMRDRhBFgmxz,701947973076645
tz1RDbEW7YUkwnnDdMNieSiF6kB4XBws7QSg,3879316661424430
tz1eqt71cHna4YgyNg3ao6x22xU7c7CZXxcf,26727722524929
tz1SBxNvpDFC4bjW23CtQfVLqN5cBATVf68B,2835899978443367
tz1Rgo7URug42QnhBM6eLy4MWdfwn4RovHy6,610236468461519484
tz1YTQ3Lys25j8FhZQY61eoYErYUteSao3ez,1278362634000700
tz1R3bKH1seset2h49p4vrZJCEL8voJgSK2G,213033746722849
tz1bdRJkGkNQ7homh4PTnkVM7xzVWhuC4EMm,76210492241591268
tz1Z2Ne4ZHxNPuCJeCcoykHVXTqhVdLMD9gV,185631917732887901
tz1Qji1NnEPj4Cxa9s2WEoWi9U9KM6a9gdDL,19232491845232525
tz1cmanHzitf3UgWgECzLpGUKpzEfmGZaFsw,3356485655015217
tz1eZFb4bNMMdveGT7BPcktbYsurg2e8r1xR,3020131495001
tz1RartAmPJhFsL9oAhZndSL2G7KCsaQqqkf,1273494268959249986
tz1MyqKoe43P4Z8MfHoXVBTrohgcbehp2zLL,19882570778915474
tz1SRcMg9GRXi7paNeAc3ARn23mS3Z5dXa6S,1492981856723630
tz1hD7VdzRpWG3nmYpCyW2gNc8mQNs3TCgxu,21985935717526
tz1f38MX7YT2Q7MAq3mDdj75GTN7vgqV2TfH,8338306565835
tz1aBDeNFooBEmBXnWDVgLknNMUHMYhHVcRA,155169272272252015
tz1hD5k7QW9ChHCgb2YLthKFirKDYQiNPDJz,4311016950619916
tz1ZL7ekzieKxwngCCyjsCN5qhu1ohwJQEBy,9125794243329285
tz1enbGpES1NDr2kTaocDhxvMqtpMy4ruhW6,3631104669683898
tz1ehGMhxarDhwppx14PX1Y3eqbZ5W9Bc2Y1,902859606172436
tz1LN3wPFYuS5fCnodwxT94xVFLPtcFHvcHk,55303739612265
tz1ed4brTwpFg8hFUJSJ4HqnsC7sEjVesMtb,25379646867779601
tz1QJE62jTxHis7kZkbDT2zsYZyauNDNzWg7,11292134659448754
tz1gWt7kUnJtGXoT5BYzHVa89qGp6QVvQmyp,70733176347211329
tz1epR6pJmPaJ8vvzNi6V1T51ccocX1Y4VBb,461819606340985
tz1W19DveaP3mW4WvFtdVdqGsWwBL5q1QDSK,93733619950464691
tz1esdEqZC5Nz3HDFseHvpH6SmQJPocxLzA2,4650230823713329
tz1XyTsb9DwkPru3eU1Cwnr5JkihEi5eisHo,356545220035688
tz1ULQQ3S4kFLhhpPsegiMVFmXx2G6ewmbTA,46137112670030982
tz2Lqs8WFf2HDG1RoxG3EAtuHjDS27XQANWT,1277373357406
tz1LRrXCmELevk5znmVcYD63TChSpYh3vaE6,10012032335687
tz1S8GvdiWQghwPMMzbNvRh66rcfmhEA6vj2,97122426257530248
tz1N9qzry2ko1gwTK6HKWamZZK6FGx3Vr89U,205957945620417
tz1M5swezYMnDaim71PSeb2cPFk49ajrvDV6,5819097282343345
tz1QQ4HyGbCZDmQxeVHoLP99KLyfvGvyX21i,117462881359916168
tz1WKygtstVY96oyc6Rmk945dMf33LeihgWT,18669248694684587
tz1Rux3pGrp2KpZUBKvg3VQ4edRYVJsapr4z,2196371675341857
tz1LWMmDzH79xyu6JvELrnvWLBBVjZg7TnfN,67098265255350980
tz1RfSFe1dxP7wh1zSffEnskgqvVVWKNKZG1,307374805474201
tz1czGMShkB8ZtCHKHeCPTY3CpuiCrjsGJBy,737972939489524
tz1UQ6cQZef4MuskJjV9g8pXNZa5s8ff1oQy,8091094240872804
tz1dTmMLY7tan1HKfW5e3KxJcfZput6UuTH6,13921787070755
tz1daKxrqyoFUCcuQj36BeMN9C1Ytmjg5p6n,13060682543424639
tz1YZ4VZCRPoiDyGP3U69jCq2S8duDUcRjHP,933221673821359
tz1L5rXu3RqYBjZzjWXLaFANYZcwS5Pb1ZST,13785371688022068
tz1NkFRjmkqqcGkAhqe78fdgemDNKXvL7Bod,10498091177502930
tz1QkQLtDkqpw8VSymi13A86jh5iaCeMriMJ,74400265317835945
tz1h6J2pn9X3KMghNHZikrh3PtEpgCcRAjHZ,16215966058738618
tz1VCyNit49HjTmz8SEgeL67x4BLuoTaeYMy,96996702826861442
tz1gACjUSBkWjqWv5ZBMRk6G9Sp8xNAYgwYV,5957899398933668
tz1ieVZFcRity1eybQtgUyGg8NLEYWNqKtQe,2769317581236980
tz1T5GmdYXDWwbhBrU7RubT7Z2dmz3ZmKwCE,49780688216461098
tz1XLpud4YtVgwiAJezLKUsAo9K2s8n2YPqx,1398741356737
tz1gmajxhmKt22CbcsSA7WWXSATgbuVEmzTC,7570200162143415
tz1cfzEz3R8YKMqC2rbKnr2XtpNjZxH6RGdy,1356120256471368
tz1hR9eQYNNTZ4VGUeipK4PHtyyDEDmQ9dSf,29615788566596683
tz1RxeY78zE8hNJbqPypB1mTVyTsBRmPuqry,3932952424498109
tz1SBF19iLiCc8dNpKe1Ym9juSAKaTPyeypF,4171628012115
tz1X6ADVxP37XjYppBHMLVRJQwmxA2YxztbQ,407328515104302
tz1T1u1CET7ek19f5P59vCdjTNFWAscYQ5ct,14684295155452544
tz1V9qHfFxixcXJKWuEziUqvdrQ7BWpPnWTa,19781701437024559
tz1Lqnwap8kKynTpefqqSH158i667Wdg8HVA,5812092287452456
tz1Kp19QyYUnXuE6cxuXxsfQZbyqv5JtKPku,2190561012
tz1cnojsw9qgMbdpgPeCcWPf5GX4YPvd4HAh,17301024337471835
tz1fbJACCskangcgy9xjDSiEYgh7CUmSo9oc,699623071678990
tz1dKaw4xdNjfufDSLWRxumNBwe2VX4mxXyW,3842242385526304
tz1RJf644pa7QAZqKzrPQGiYQPyubXarC4cv,183283899270430
tz1YSwscBZCf26kSPvqsnUdhnS4XQD6mAjcz,173239510903325913
tz1iCiA1vKmgfZbY533ZgMwFKZ14S1DQNooQ,735367199201033
tz1hNGWJUFPFV7AWLXvxGzJVEfCZ8KJ77PJA,2843909593891714
tz1Qm3DHkV7V6peZPyWe4rv6aToH3nRmWEH7,1184196214636399
tz1KsiwkQ9pyrt4Ra7QrAQp5LQJCGxHQrY1n,4697285038400
tz1eKTUc8X17nVmtVRtxBcs3hwUPXWuqP2AS,137166335363151640
tz1hXx6tvTV3kzxpBR6E4hDYcxdgcRGHUTFj,90780005
tz1fkZtnjNfQHtEyUpyX9Tqq4RrLKx35qBxf,5045834530668812
tz1chg2T1s4DTjLqthPc49HDcqkFHMwdSPwb,15889526104483962
tz1Uzm53vPr2Giyi32yT9GUvBErKqHPBjvQL,13139841354987
tz1aR3nrJgUyU5B623U9s1MtMsMjA5Wz5c3G,30303351445000340
tz1YaPLZuVmZaKB69BjJXKUDgNaZrxBR4Lfn,844454023801792
tz1WNk2o2hJvzjuZRNmZQwjLQuv24wDv1zjU,2380910897364
tz1QmBcwm7RH6swEYNpsZZfAWCCFaW6wugVT,71249147603839866
tz1LxqBcvRbZhp34C2ab62CMy49wFbsQSzD7,410663259854415
tz2Kmi3xEnXk8c7zqWSQqSSyfNpWt6ovG38D,84495138965352818
tz1LgePVXLZYNhHoRQ6KgHfQjQ1uq7JJPZDa,658105129328956
tz1gk77xzDAG3sif9eFvsqUnzaGh4MrzaCp3,34654540497672087
tz1cWUkZFBZ72Yn9desxcgS9KdH4BVfqd2ZW,16984224825481785
tz1a3LNYNZTNN2SLMjWSUc5jtLWFvZ1kC7BR,364898268398727464
tz1SGPStfd9v5upQUxRiHPC9666X4FpVAmK4,35524260845472
tz1iF629Cc91SJkmQRAWAm6nYavf7RgpAqZh,31869869858914
tz1WHGwmdEr4iruf4v9r6bdHgzC5v8SKYTkV,1880990010785714
tz1Uza3jMhipiQMtmeEidizjbSqnqZMQyRv7,955590494938
tz1YqsEWdPxBmqVKsJircrwBmCmZDtHAgHzp,473938815136504089
tz1ZLMaECyswARea2bTsBws9eMjgUm4jG8Uj,58649017067551414
tz1NySiq6aHysD6Rpu4bYhFaVe3ASya2qB8D,3946956779726528
tz1USU2xSWb7CBYGJYat2X7An9sr3cFfsLwi,2409398432958670
tz1aoYg1xYeEdnLrAJ7y2r1T3aMBCyms6ppJ,43103155943465
tz1WxCJ3UpzyWsXmmkE1YjYzbBv6jXYkbFYV,2859432189461980
tz1fq3tMpnnsZ944DVxcJqsVNGsWTPvqJzvo,2457275384271400
tz1PrecMTmNArbdvQxtZLUVUBT8rcC86dKZC,78647774857886
tz1Q1LWn8wCK77L4xetjbH3Ar7sDaSANezZx,549516082130402
tz1dugdoeZULYPA9phfkpofrP95rFqhZNXeR,5823478176295
tz1UecmgMghaWovhh9EYfqTrK9gTtaiMtbzs,634441726686
tz1gGwXf6Ggkv9T4jGmp58jUMU2Gh2vYjDyH,1855439030846044
tz1QjPnpmqAJYSfDtDM7uTf5bkZDNY7eBECd,6405888063767709
tz1aVZZd883FwyEx5g2o3TgQ7pwEYi2f6apg,8625778488136713
tz2MzvuRU1GEKi9udpqzLpGYfDoZTiKZ3C4C,21559027108900568
tz1SEox4m6JwzUjLL2daQMKU7XDrvsEukR7X,369580874564777
tz1XJqUrY2okTwoJFgHFJKQV98tsn2oC6Twj,1779717225494854
tz1VqXA6L6hPEFjvsgWv7Viw4xQn5GyNszzy,172261061628153303
tz1Wf1Lqz1yHm27P2RQJAVV2CMxnhYK4bBGc,6355206834552493
tz1cTS1WwovU7SC783xgJxZrzr151mcshmNi,490720411300383
tz1f4Z9FJfgStP7v6Rj7BMJnWJ9Mb1NdAGsS,6833819300263
tz1ersiy3MYVu89DFXvW7Qb8AM6LYptSsoT7,7797327236711128
tz1UFF5DSDDtk3fM1ewaLvVG6fhaAeCdgYEt,599348840683680
tz1dcpUhXGeXexEXispSpfv7CeufoFnV7AAf,47940396574193295
tz1RKRhkvC7MQgKfPejvNaHGshWUDsyJKZdT,28298595021175238
tz1SHzbhYsbX6Uk51hJC4JkjgWM1gWaSwBqQ,1570081649616660
tz1NW1MMFL3jytxBjhx1qATMJyY47vLBMa4p,706487380215951
tz1QRm2TJKnarZ9tbL5CNjN4Ltq9pJtytuk7,2091887093
tz1WJpBDRGfa21un4yQDKTGXZw561nsGg7Qe,43542823246986
tz1UXAsfFeufr6p2PafNr2oXNrTDSdtwwdgm,634513608663673
tz1YPUNi7KW28VxZNEu3fNkRkJG55G9p7wsN,908530246341
tz1YpusrSty7ULz7w9sM814trSRmM1aNbmZd,32201334458528952
tz1cuj9Cgi19KMRi83UuypS89kXM435qdhmy,77014863914840
tz1htwxBMBFikeP8SnQiEQyA9n1ryDrDFyLK,394695800328313
tz1XTyukKgkqq9P83UkV15np7EtSSEy4kAeY,404273347506510
tz1WMFtCLLeRiayH19ZiaErKq4Zu9p5N73Sr,11118078788247
tz1RFUjzPENm3vF7quaxfELQCfNTCSjAsFdA,3891093684822940
tz1cLd3gXJ9Fk5c648hRzFvTnGfT97CxcHrj,6625324126730845
tz1Te5JR7gzDBwtZLKPWSPuTGFE4JX21vVur,152257804734
tz1YDRhXyq5ZHMoHXJX67rHSrUFTqhYjFo86,455865959344285
tz1NGDuYTuuB1geX1K5b88cqa8JinFLdd3d5,1973485999595935
tz1XykUaKpskyp7hDEZjmuNTk4gFU58a46KC,226410191453998390
tz1dghYwdzvHc3tYHp8iHpNUSpmAvvs8Zjs8,97651909446679221
tz1PuipWs33aqS2KSG5k1qQtC6Dff1P1GBmM,1477209693438387
tz1ZNxMa8XsMa8JTv776X9iCETcNoo4SY629,862227674391411419
tz1iAAJhH465Cf3BnsKQ744XHypQGY1v7Ps9,2012947957
tz1a5QW18ULwjJK71LSc7UqNGgryrFouHzf1,288229286247137
tz1Z1ZX2B98nEAvEnLXJBCnsJ6K1GqaSp9jK,1419029712419236
tz1enT2GWv7U8jyPmmoVb228u8hvi6hJh5FF,3698805114788105
tz1gVon2mQhvutR49Yd5XK6k4ypwWfFjMZtz,1547207057
tz2HSz8b961xoDjDLy3aFGogvW4HEqXXdcR6,2026750406835080
tz1eSGjgq2NmLWnaQFQxafXK8ZQF5V7Sz72y,169215452510913836
tz2EP3fw5CbUUgJdx4c3Xono8Gbc8PLXGRM9,2984415484799167
tz1ZhteLTqobRVCYsPj44oFfom5BJ2SdGxeE,3048611426431768
tz1aRF3qMDrbN95f8dGYTKPaey6J2qQQnk8j,993381651450207489
tz2ALu8Jxf2SMgzSZaZEwfiJQbogpUDPStwz,1989266216
tz1fCHiWZ3ReGqvhxkMejVzcnXYz1rnsJpow,81044867148406412
tz1Mdpj1npkpaxPHF2wFN6oX8SovVPfHyXSy,985793071387792
tz1L1i5BVehYJBebCGvPYU9kZYGKBELGUJGH,24643034509967600
tz1TR56EbNTEEDeRrsPzQzoyvwFgZT25q3JR,1366308213552017
tz1XbQgDFCaT228TPS2YUeHHfpVqGW7ANCDw,601259103211
tz1S1Aew75hMrPUymqenKfHo8FspppXKpW7h,165444523049995
tz1Wb4LakUUYuFuuEgXXQrNZuBD49Trodhwx,1559642904097824
tz1RAfKUFBX6P2jFkCpzLFntju7djjbtKAKr,58332048919956706
tz1MiQ6euA3EEdnZxJ6EPwVsHzd6vQ7AHJmU,3536473274
tz1UFwr89hcJvC4sNCYK7zSLcaD4JW2KkNYD,16603773763933139
tz1TiJBTfVoXxregtdgCs1rYd55APXSAmniz,2707612350
tz1ZPSGxrrPPfrmoGJgpXDArNJfNNy3qGvE4,1360451417917947
tz1iQ5n52oSKgdtdYtqEJgKmQYbL1nn2poB8,36945579452189997
tz1gueZ7eL2KnvxqWudHjoTH3ZPiUCmwNKR6,4591031472811671
tz1QxepCwQ45EwtcxkgXZezHbnidvK7hUywy,24912210998493255
tz1WT27PugwGBtre1hsj6BHmbAK2qQsVbRDo,6152092365290140
tz1fL2TsQR271w84MXx3qFD7y4PZ1F2mpHFA,50464542049
tz1KhU89QWZuuhhnDD1paFp1jYMdpJLh55im,9152293995063622
tz1QQyhTMAmNQPcSGkM7GfDva8hmuFPAxUMB,6113085222354351
tz1htnC2n5n27PFD41q5X8bDvDcjbGMUS3f5,100178888236254287
tz1PoickddNEkRN6qp4K41u4KUW43vZ1UDvF,203167071931467
tz1b9qYttBxHzoEseqabgvQiCxafZzkAtH9G,43161245708913421
tz1MQotPcNdc9R3nWCTwXLMDqKLS46WqW7Wx,15614864541962391
tz1favSqpvTLtedjTm1UjuEmKfgm4o9kyLd1,35201983951488793
tz1XYuybht7U1RVsUip7H7S31fBDxpUgpTXP,1847175772
tz1WHUWCMqVqq5AagGN5DrytqWz88tYgedUr,1706091875289313
tz1YJvMiZyXnzvV9pxtAiuCFvaG7XoBZhbUQ,8708418777768590
tz1TmSForCvNii8rmwL6q2jgicQfqjNFtj8K,17547061138557762
tz1eoqCSmqPQtTLs53Rj6gBB14eQh2aHWVxu,352329719115896
tz1XhZUHsJAFp4FHoeeQQ7auVBk5j6xoUKbS,476942004175527
tz1Pwh2MBs6q2SeLHiko3iJpfMwsDV46bqQU,89323480973781183
tz1hLWsybqnJtQRFp8skYy5aZLGNmL9bMUpa,9562300589367487
tz1PuYitvGfsBm7C3oYAXqNc3t5wNhWZj5Dh,8467284750127197
tz1dbCAvra65bwTVk5mgkYUHUGz3hoKwovZ8,2848148629784080
tz1T5NfkdPfhkXzYx8akPkdznxSgU1Uf5jEG,7148060499595310
tz1PYqfNnkpZydtSY2Tn3Rv8mjkgUpHJpFXC,19864616618470282
tz1WidyAU8wuyG25Pd7b93bcx9hMu7W9Pea8,198708772159225
tz2Mz3ovkZR2HyC89CHHSdsrPya1mKSmLWfD,1378012904792786
tz1ae2d1BJt7YUqaaec6Xenh3mBqS7VjSZtK,1235932045308943
tz1g1vr7gbU7kwxVqmbmnovTGtdeRxFE6uBk,323718009757589
tz1L1XwcVmD2z4qPfLtBJ6RPThgAwLcXG6kW,208272079923852
tz1epFVHmqeWvvkFf2eskwhQ1AY3JwWd7Ej6,4104835157483422
tz1QRcnskFh7eaV7QdEnjoYdDfrDqHgmmrvF,10675807293554668
tz1XybkRZWjLx3hwcy1hQ7PT6FWEhpHm1FBv,1043944108858155
tz1XcuwadWbLKkc4mDVxRo25dbtwfEa7wf2c,7356531667966089
tz1hvRvzke27MGtp8CsSvsafxyyMWSVYM1ut,372338323241552
tz1a7MJ4HMNbWDhKZAqrvzX5P6u2E2mJyJiV,14242935697379455
tz1WeLuPLjUs53Yr1RCgq4EQ4d5SvV651Tqt,139811866711557
tz1Wo716Gggp5HfupfxtPgmYu23rDQNcLcD8,13249737994448280
tz1imyQrFWHyTp4avUNAw52RxdFjU3HPviRN,3647515942307903
tz1isKR8pS4pdgU934K1S4UpLsF56ECJNArh,4927647662035864
tz1ZVoeS9T3H451BgjTe18pM1q1LPd2cgB6Z,7753124848977
tz1eL4fYCgegW8tLCbQ1mYiKY3TdDxWnnKo8,7912336481485941
tz1Rhg2UDkjgLhemdSMtiGVGRmzwVLVaHArD,982592593184073
tz1dPHDXSCFo8PienbvDMyCKr5DXjPMrZkJ1,6577230987262086
tz1fkkxXSMtSQew8F78XdsnaC26AfsXtsGiY,1383243186940743
tz1ZuiTWKXKqYfzFPaSaAG3Huf9QM1AdZ1pJ,5036515895961451
tz1RsCndtupuxe2U3syGAdcRBzpNqJZ9ANNc,105200657484666627
tz1MrZQhiNiHK14oEq595DLsVQ9wC4Nv2ZXW,630099594333961
tz1LJQ6MPnjGekNAmhFmkm8XWtM6UGx4MyF4,24075848954436036
tz1hmxzW7MuU8HeRoCFPGZJnavGf5unqgaph,14471283211200728
tz1Z6QqrAbEAMDLsis3v6b956sfH6qLTSEex,52751412852371
tz1NnBgY2ze24nQDpdY72wb1GVsee1UfAT3d,529364394763783
tz1dAW94vB3yYfNPE4LM2txBT8PQ21Zq4Xzf,1184087341780587
tz1eeR22tmjPN3rGDikEMvpe8jcdXww3dqTt,3946956909976102
tz1MsfyCeQEt7khed67HHsAidezZ1Th6mjzB,1368782725333816
tz1WBMWCwjuFSsiiLUWKEQHEACNEat2S3EsD,228827799257014
tz2SuPjN8dYMJQe548bTvSPL1fdStZPXv7gT,290781963984133318
tz1N33TtiYBQ67sw32rhCsMSVpZkrSHWe9aq,61641200380375706
tz1QMjzbw5Yoi2zPqUeg2yuv5GZdmXjhh9mr,3947008098058578
tz1ZutSZgCHEzxspXyoSYSREhwHh5g4PM8hN,2470794944
tz1NJS9T6FKTnKUkVNv2g44GHTAhzH77qiYw,8005488853155587
tz1URL5HNuTa1fHqqCtUKXUM3hm6g9c88NgF,12463190961595
tz2M9C5x1KoZGoQ9xEY6fQ6Xwbe2GU1RTzRx,3215654244049
tz1RCQDHtpdcwfgF1Kbbyusd6xhfjbXanhZ5,46570334909890712
tz1c8JTzmA6c7cm6ZmUwR7WES6akdiMa1kwt,6249123347494912
tz1XRTNgXgWmR4PqxZpiB6HZJ8Siz3M2JAim,1874447731893888
tz1imbraxLCQ9TUpnJVP31LS18hpTqG5wv1k,4435731543245052
tz1iDuz9LvybPBC4kDc7ceBoKVDwwzJR7zKb,121021928648476155
tz1eiyML8sHGBL139FwJQJeLGHWAFtDqPz4U,394695697707436
tz1YQDCB6Hbn2ozMyS2kf6WPJDeRvJtmtNqQ,7071495300625514
tz1eeNRXYK56vgSfXHFcXorubcaBBCVpUY1Y,2541840166
tz1TQw8erN1a2LpfRSNMExicRXMveBPbvTKE,732624024929
tz1gaRjULm9qy4D83VCvb4ABWLKpz4XXfqjx,1912953133823635
tz1hAZNx3LrRKFgfRytoLNVGhCrzU1uVDUHS,6241533100711590
tz1gJaXdi7Gweq8TUSy9knB2wLjioTKy2tZF,820740285144820
tz1PoXtd7RGVBwWmmZvxX18NQXYpbNdiwwtE,10923022006757865
tz1RLCvv7wrWq4hTmyKk1zZuZeuUXNViSgRD,220736060694166
tz1QFk2DJhPkzp2nCN7Thpo4askJjQ3Zw6BU,4241070854189
tz1bRDYJHp3ACUojEeM6Ja442YEwNmcb7ph9,3874418147654705
tz1MDs7ym4sp2FsQhL32vuAnEqG3ARhM9Vi4,4183774419380569
tz1Xy5UM1tC3CFcbPBVq5PjufaxcLjMwfQkE,113463865158148
tz1RAKBnmd1X43pkkGqywYCRgf1Uo6D77zMx,113455884411539
tz1cXwKRD6AMy5nhqEVUU23SBxcAMnh2aKLn,1265194722294233
tz1imrUNR1R52GxhP4y6XQCDDXtQs11GarTN,81860969024642
tz1chab75LnyqBqNwrK11459SGCFQXLg9uyx,2070554920690277
tz1USfPTFciXzVsQL7Rk8HmMWyWtFEas7fh3,4535931881174509
tz1btYY98CWBVCGEikD7s1buWjpicb9kG8aH,85204526892754
tz1fj962xSPKTA57yWHA43VeVzo8KqdpNAeF,5977977161062612
tz1ioU6W4otB7ebgRZTq1EVVra3vMyXqeqsm,1115703896685061
tz1N8oU57qMgDRr6N9pSbhaiWRRQSxJRPGoZ,865582070497325
tz1fCEeLBcuSMSittqTnMEhcFdPCtD1HsiZc,20131811642071
tz1WsKkY3TLDvqTuK97Xu4zuVoTb2nsr7J8S,729775786610355
tz2DsS3zeg4pqoUnRPHxvuRSuQrjDnTZcTNJ,12705876178192
tz1gSGxwMrToBdzLeaxg4Bregv6W2oEbNLC8,36689298733195082
tz1X8AQxtn4KzBwMZ6MZUVFDcACrfnyfYhDg,1626146193
tz1KxARuCbAoiGGesnQjr2pvZa7CzJR7V9D7,2879323742536946
tz1QS7N8HnRBG2RNh3Kjty58XFXuLFVdnKGY,236577404510284279
tz1RAP1j8SjwT587jyccTNArBFhC9HhGKfHq,507266741507227
tz1QiZCuJMuVz3aq7j1Bq2v3BRTQPCdTw3Fb,7747149373875669
tz1L8hBVpams2fWFC9kS1sPVxfGY6Hmg5TQ8,1101755054806007
tz1TQSPkLPqXUREhxvYzPbAib6Jz35w2a6tw,3611044478004633
tz1XD1xSVzgY8Qs1id1kNyFJDbv9e9pNMe2c,1973632731661178
tz1Tk1MJDZ96bK85RLAqtKfnptZZyXsJ2jaq,1786466875114
tz1hes6aF3Px3D8nPQx27fdwBKrXmGs1UYxT,11474342310923771
tz1c1BG1PEeuhMFwmonTVSGafehicqbBJFec,335402219780495
tz1THwbFPPPBHmBu4cmLV2SppLFrA5QfBhyF,1572868458836425
tz1QSwx2wnmrTjEGrid79c4tpFMxjCT86SAy,3375502432559418
tz1RcJYTsoYQ7adtNMANhwd8qf4zApM4i2Yd,8363867702497001
tz1cvrgSekgCqgyc1c2qFPSeMtux6AAAfDsk,51190931310096
tz1a1ZcbAeBEjxYSwuNKxSu6FbFB4dxdL3m9,46257666422699
tz1NZnfrNgCGdECyAhA93TLPTSciJcZBJqDY,191470556858842
tz1UGuKv6PzgVbofb42VgeRwDwsVN47UpuZB,6667519904939349
tz1eCzNtidHvVgeRzQ38C81FPcYnxMsCEL6Z,3603571539
tz1N3nvFqipu91tfU9s4GXGsopawpwxSoAJh,324538513319100
tz1LFeLTRQZrgKxbmvjz2ckViRhVw9BZXw7t,78227271816132743
tz1XuzzMTz1LhqbRPy9uxfRkccSxju3v8Y4j,1291427433342666
tz1MoiwNRQWHfA71aypNk8J9CsKjfmq39c2F,14140144020498879
tz1hhphPmGxL6HEmEjoVSJBy82FMWbFwzNCD,79040742102911
tz1YHLm7Lq27q3rgVXLY424zQMkvncVvNiaK,434165304974269
tz1fKtBhuuZiMYhM3Pi1hcP2sjRbstgDrmqX,127039616402900
tz1XEA7cp83PyiXfSxWu3uHjA3EF6Gdh3Vhq,427072299990645
tz1UXMLCt7dqbUiJ2BHRhE1gFkdVkmCZYcM9,139164075586703
tz1iKF8o1hCLaTNZcCJpgKQBQxkpcSiBy5V6,5574737585389397
tz1c2iwyckUCcicx2qxqtwLEartYFEHg1pvB,2537783716836131
tz1PQDUDph7dDCn8pLGXqaR79DiUWLiSZdEf,1334065498741094
tz1fUZ5pMP1gUjuJsp5V631cXmA87Kxm3cuZ,20366297145214113
tz1NVsmLrZX4jad9bNdvM1EskvcTq2LSZhLx,17591130462157423
tz1PKoh9LB2P3pgh5ahaAFnrC2QBmUxcHDJU,1227065020021068
tz1cqoo91JCc6sKmNuTVKNzwUdi6E6moHWFb,5213251072869155
tz1ZGNErBKdYeEPjZuqKXhyTixQTTPn54bx3,145368832118036
tz1QVUXNoyCfKpAyxDpq8kR3rK2AShuzQxJ5,13466499729747047
tz1UVTMhbMiSETKCxFi413yZ7imF1xeyt3fV,4026514478440620
tz1UAYfFWmaTrQTYMptaGCw6LrXK5Yv84VnQ,21433885640996
tz1hLhGe26gqt78sZboxiwne6zgKMqirRieW,151641965015346
tz1RYTr2WKdJD1MMV51kN9AoxPnxZJgJ5sqU,215077434644327
tz1R6mtcAQwBTK9YpSqRL9y2a6JZWgDkBm6M,2462909410261023
tz1Sv2XMQNxcAqyqyyv42FHjf3EGwJ3Godj1,43949759749580
tz1Vh4cX8VutUUUnnjmnY2omSV4F26T5orLH,29696371131624
tz1QGCWjNpYmcS6T9qFGYSam25e36WeFUCK4,2386109902188960
tz1LApX9pPhcDUDznHR5TTCcSXh3m6zPgFHA,218699928426981
tz1hUY7paB2J5EhD73r4oWL6uZubf1UibHrk,4260008085821739
tz1PWZTKd1zhfuxrixGJoHJ6G17SQiypwe5m,1961637519
tz1V1Hu7nMcgVuMKDEZickAKHHZavLKTB7Vh,2111621877
tz1NKHjwrYfg7GWwbWZ3bvdejkVL34De72Pz,2068205352
tz1RaZeHEiKewSd14gZ7HKfcQ3HaNHJ5tnV6,42543513930139976
tz1aiLrqvULcV2Kfvzt9dUmqnLQnoNXPPek8,38558800218473343
tz1M2h2hPZzov29kf7xcHXrunXb2jFSbfiNd,19834274660566152
tz1MToDUySbYhPabULUyDPPsfDQF1cpZPdoH,2984652090422784
tz1gMfLSQs6xTM2TcLM6Sb2njJ6h9qhSsT9Z,5976322877715859
tz1Mt4ddsTmDs4of6kkWYvMWSUtM8zbGNMq2,1843228816
tz1UNTxRbAYTSBSdHMjoUoYAtLH4MHMUiGwg,410887255088384
tz1YUJitqsUrFfFzEp1d2RiqVwV61J8aPb4E,2265553191
tz1TqqKqc4t2Y6PTvxeuhF8kNjVn8HpZkKma,2869528907494112
tz2VoUZvPNLyq9bZ82VoDLrhkH8n6eaUoS6E,541445532149972
tz1ZvbLR47deoqaSgsaRXe7hbgDgwonBicnV,58404296862608658
tz1L8m6MGdvK2WA65wQ7DeVwXVmCS72JKWeN,552166098180479310
tz1iCJRFVD1oY7yQBap6X59XktpKHJtgCGyS,134365033989542
tz1bnWUvcfU77EBpbLUQ41c3hCBKovGuqyGY,9032556244756259
tz1STAzkywd9GnKGvJBPL4xWte3LCniyu5ho,2603073214154993
tz1g6cLrzLxNayiVyb7BLsKK6TfwboqWaYPx,1000737550176000
tz2Q6ugZbronUHSk8fbuHibBrBEJwrzgtL8X,793338462709389
tz2Kn9u9cxvTczP6CjirJnEE1UApmoCzuGPB,2189677198345236
tz1aHfKHR887WzmpA56K2diKDufR3QJqn9iK,145781038409146507
tz1bdbHUpDrUx7m5g4VTSkjnc3mxnquzRTcw,168979835008959
tz1NoV2nnTuxavEAuozNyHm4nqT3qtkYUNYW,2127409704
tz1TQJjDtzUWWAa5a9H61iyPZmuKRfX9hXi8,421151962770600
tz1ewd8gDnG3USrTRJVdbpsyieVv9fWDMPNk,7137651416064520
tz1PwxV2kaHhubkYaRWTnGBvsxXswz7V9GWc,14352461217489
tz1Tpms3fccT8x1pVY9BQKgnvppew71pTDDd,394770397811449
tz1bNLPqmLVxWF6puxbFZHU1yCJLiCZmHH2E,118154872045454
tz1ajJzH5YBGRuXnU7QDJzY2qVRGcysUbxJE,394697896162363
tz1YT4u9DnGFiRM8AXXACY8LWuV1rW3A2hFb,20887506326513
tz1QppHuA9TUoFN5Ek2ZSmRPdU1xQiwRSnPb,219778453569863
tz1fne8nhZuSRgzaQPyaomKQcFRfthyicBQc,394695835850924
tz1PGFWJqZhk5BabfqxfYixpVH9S8vY7NKj8,2522105382
tz1Uva3ynPUXqpAsWJ3CxcXVPG7HEXB19rzU,4033237673308768
tz1cGZNvVyHrKgbRu4b23Nw896JD6GYhZKQm,4026592892630963
tz1i9THBDe13YzhSmcdpcWKJrL4raaJ1cpN3,4019964531293362
tz1apbBneTw4Ap2kdmv7gfTv4kDPYbR5HAkn,3405991884291450
tz1MJ4C21XhL6B3YptprRWMuL8oeJquUhz4u,2659597584818678
tz1SMoz8tsJzeQPtGhPEjPnanQMvFc5KitVh,220186493908708
tz1XuNQgqT23u9KcwmRLGGQ6w2n6dCE4bmoV,328222253464398
tz1WrZ2Th2eCuq5NuZb8nHXPJUjaBE25Uwgv,2620779301
tz1idC7XEoSZ45sXLwp1ujYJ3yNFi2tkLT7A,1382181491089608
tz1d4649CmmMEzXBWzhTgTkFxy9ATNhb5HC3,44476108806250
tz2CrWArLr8eRCj6mp6yYQAKshR9MuyaK3Qu,4479323837648316
tz1WqkwtGV3ttnchD3bqmucZwByduHq8EN8f,269518701519327
tz1dVTewmwhAqfBcAgDuDuF2sPUaafuPA8mr,4192824688655606
tz1ScePe2eXYo1RBdEe12hNY8KrvHyjFhHw6,35619059951764
tz1XNmNga2NyqFiNpmEN66fpySDoGWoKpKXB,96662730632945
tz1dXpsNAWLHVYNWSqhrHCHT6wh6L1fKZfo1,2727347134
tz1N2AezxpvrXzvGaqNVW9BqXxJ6Rcup9M4p,148209341558154
tz1iFKBz9HbJDp6omQGG9LC9bTXF4zKdkJfR,201176217343519
tz1fFCF6FogyPLLjSk3FNTG7gVdDWfPCWVni,2233977537
tz1WUmNdnrv1w75V7ntFSt5kSuyQfYuo2hqK,2545787122
tz1LYQiMSoy34xAUD2NnsJLCTmb8HYYR9th9,202791659389980
tz1VYa9SB4LtsHLWZnJXc1JuL7wuX46orE2Z,6959767177954060
tz1cAxm3wHEUX9tY87sSfdVfHgCWcPCTkNTA,2868112072365850
tz1YrFGJ542U6jpYHpe7BFHxNfa2mb1wpAdH,45950607202271
tz1SPVSDCDpbqigKWVYnbgHEudxSM3BASPZj,35449181225777378
tz1f7C7HeTczoCxoo8oQ3vBDRQTiNM3tFTZu,1733998819936098
tz1P8pHeW6qWzBkgeDvi3bc8depN63r5tt5s,1344839002045793
tz1iZnkruZaYGv3dfER3wEasjJj5xpaTtMjN,5920435272210668
tz1Y1svqGfYwEN9J3ne2WLEuzUVnwzP5qoYW,612163847261
tz1YmwJZfEerVMbc8uuJc7xUzE64ma3Xfu7L,399962777333451
tz1aQbe92zZy6MNeRFtgmgV5dV5R4BNTdqK1,379806238776613
tz1THz87Wwo5DL34CELa6psvuH8RXShPmSbc,102622680032138
tz1cgAHrLkuj5NrLmQ6LnELKFKu3i13CokzB,1851122729
tz1eQ9skdokeeUyTc4SdNQMPigjZ8JY4kzus,5107740723101789
tz1S35xPc2sh4kK5hd7KujsWU1G3SUdCnFqp,66612804725853811
tz1dYEEirVkgSnE7eGK9vFUwxWBqibkafs8W,1186765703234785
tz1VLGH7SJ4HA6kDXRiHYqVFkn2btjnoxqib,38371117121344321
tz1XYkmAHtkZFjZLdWNoL2BTqUws4oD4H1PR,17720038787520266
tz1dCyFm9jxuhxJEi8UW5sgiS7TFubaNT1J7,22378218732286
tz1XbmhVLdDgsihnVoyn6aTRMURJ87YEbG9B,2170916304502560
tz1Sk1mwyBQkcyrwWZkftmR3Mjv77BEGUw65,452930049252105
tz1QHXGKA8NaCmpZLrvrUyBpYhgEiQDyWY1r,298657435386885
tz1NS4ZXnzYBPJpspW2svbqdjGsgBsGZchzV,15804759719422
tz1LUdy3KnxyyARheKtfcnRymhUq82SKLvyx,9135402372238
tz1LxFeaR3ZNkMRstvhjNeVbpv9vz2LttLBz,1839281859
tz1YRG68NdqtAcsFEwTUw6FsSsiBb5kagEDo,198449428563707
tz1NiraRNtWgpXyyxopRTk2a7Py9oKFdrgkB,992970272133112660
tz1VnXCALwSCihScu984A3dbY6XXLzDqJWa1,2159946595697483767
tz1ZDDHc1YycDdwQezjVDVCSfSB6A1xH3YxG,1807706205
tz2R1iMz3wHEx6Z8dpdPVgb9eTDVh5NdeqNz,2231326859825870
tz1hR6q1QMUC4wLD3izGsfeZ3HuyfJH5QajX,83124032118196
tz1akJUKXFmNjxKaCqcEHmwbx4u86xfHLYJc,120869722099708591
tz1V2FYediKBAEaTpXXJBSjuQpjkyCzrTSiE,316186614238270
tz1Z1xRcvcqPPqja34fWNd1StABUV38LnbpW,41446606964495
tz1egZ7YNcG81udp3pGXPBsYQsUNHB7xAH7V,778523345325983
tz1TSowSJAKRqQbqjspmyfN33nps1op2GodY,3966310040972
tz1VV5912Qp7qqZaQ28MC2G3RQ89UhEdueqt,193550402443778943
tz1codeYURj5z49HKX9zmLHms2vJN2qDjrtt,122340118957921762
tz1WXSxKwhw9EectY8mAdUFXDBHFnPZE3HSG,17280971750436500
tz1aDrsGYyNbiqUX6eTHLe5otZJwN5XQh2kG,264439879020181104
tz1gu5jCJunSaHjR52rcu3n7SgDCJZDLTqJM,866191591181561
tz1SDmZnnzpH5GAfHoeXygPWwzJtHXADpohn,264020342903264
tz2KgCQ3sTz3n3jrU21DveCfTVFgrMnzeA7x,381718700918359234
tz1XT3SAzJh47s5DxMJud63MWnvDftqWFtS3,20511600631605651
tz1bQxeuFnf9PTDRUwu94sU1GUvU425KqCeq,11568743457044
tz1Rb2U9TbEkYVQM412wBzBbMbnqX2r4CTXs,10439223100606
tz1gaTbRLDWJFA8bzcvDtkz8HxN6V1eL6gwL,165221047678751
tz1U9RY2mXmwAaSSm67rEy49N5YE1Rs7K223,172593952564045
tz1ZzEEVRzw78fhsLMM7JvV9CxZUaWGB98U8,561833302543666
tz1RSRuULmTkaXTjrhbFuNkE4mkJLRGPWJmy,2415537549
tz1hHz9wjLaZ3p9sDo9SkqT1t5wxNsK7688s,650086066138937
tz2BzwVtwa2mTbspW1qqdiA2UtctbGntxAGi,65458608657177740
tz1QjLLgQidRchfWMvHa23uhfgdzNKSevELK,49875593087813848
tz1WW1xr4mdTif7jorgVr7aqY3YnnJPSDXj7,469402307851012
tz1coEYWsh5bwhhCsK2Dc1SXTNQs1hWs1QtL,679406685825004
tz1YKkEwEXk5g5MeDzNTgfDwKd589rGJS9q7,240591867722357
tz1PSiE9EmFbQFb7K1cBxPTsbPdgotHLdy9e,736664859754939
tz1hWxyYMfK3h3y7WvL1ErggtgneuNynC1JA,641128395453040
tz1agphvYoUaWn5BjTVHnqTTyYwURTGAZyBE,4718752361496
tz1UVjnYXp5DZaCX3JZvxQQqxKnXaVMYAYZD,2851661368889531
tz1N4Q2BLS4sYvKCoM5XxFAEL1yoEY8TSS7j,240204674674265877
tz1XH15XMCB22rJJxHLsZgVhXA6t7kJnmFa1,1271404453607950
tz1NEmMNjFtXgixkdCkkGsEn7k6QPeG1G1Qn,7091422759166306
tz1gVmWVnkT2yQr9gmed4BgK22SrSPjfpkEn,6593482293674765
tz1huGodLQWq9gKTZJ7D2Z9GeymHBJNnXvtd,472557294366
tz1RVq5ohXzWvbqHzUgsmUNWHqin9HRkrWPz,5414555404555
tz1aGLjZZLDwYYSevU3HLbEXenAxwRo6f6EM,1535254327800
tz1VLnru4Qd3CFuj33ss2v1feACiaLaAQdvA,3718033286
tz1cj6FQs2Zjuwwf1uY7e7fLQfzi3YAbNj46,1973494552651277
tz1XksiJMYSGBzqZqbj4F1dbHBH85i9jR3Zi,3421617771720640
tz1U6R3G9mF8n9qH5mhrMZjgJTMKAEYb9Uw7,66423370480170006
tz1TtLSSFGrP1796nyd1ZhGH3o1AVitoukLj,95633946523707
tz1QoX2rtnpKq3MxJ21E9NcEKxqPL4dKsEcn,16393118297154952
tz1iXbbzm9Wogk7D2W2qNwYzePbQVmYP6BXN,295655708294586
tz1aQGJFwYn3yzghyRbuWNapzDZjXCEfYHuW,42123586343810
tz1YDowtv9HFd9eUoMZMNjicREmagF38XWyJ,4361387241
tz1MtaUicPHBwrvkwnNwikGFfFWdaPxYAvJc,383697396072895
tz1enSmESCGkRYo2CtDYKhqUHFTAQkpXjYjg,389573664796120
tz1Wn4Wc6d6jieFpj2DJaNEC7HXcwKexW2By,5131044220181035
tz1c2MCGJM3pFb88Spt1cWgxGtXAX38Ur3CS,3147469581973495
tz1ZFS66zDerPgLPnYYEo8YXveudhGbzjESJ,766685050092654
tz1ZrtiLUXfjKsYskvr7fmZk9N277YQcv8Ws,1902420531899816
tz1NqZnVNkS4N4XQqZaTigDQpSs8nc8RoMFW,777308004316363
tz1WEjGgTyPyhUapqCRvwBnHhLCNV38Jr1GU,419920308630707
tz1f2NgqK2bX3LaPgeTrEWgFFqRJgPNzFAYv,650736043087509
tz1WGMbfVnzVSTD8oNgZA8feaYvNvBYzSVmD,470127425417058
tz1MrpnRbw6HqHvKyBE3811uHgJYuvVj2hwN,398387523200921
tz1TkqGsSx3gB17SLAcMAnDgfs53kYeFez9Z,826585847586922
tz1KssAq8Lofcu9MwuXqpvXh75ufZSCsLQun,671478058780673
tz1fhd4k1jSJRRcNVbkMwVzkKEhX3kzApsfk,1142398271534997
tz1TRrpXyABLU7RfM1fR5AbFM4g3F71KpKVS,146129057955371
tz1NkGJR1x59KMwfLr2a8bAqDYSm4WeDjeui,510629103914713
tz1b4Y6E5szNCHKZadDnAvdUyBfr7eQoEM3Z,1887260953432650
tz1Y8v9LUURRffBVoJNysYTMzb2NranuM3fd,289963914121237
tz2ULsEpiuozejYYvEcwYq76vDHUEVcyYyE6,46994244945786
tz1PQkArZXKyQjY8gmX9yAF8NEtEtbuekeqP,272182332958452294
tz1bv7bDGmKDPNjX3FBJ5nPG3LWnT7yB1Wto,9382067710141595
tz1LrMXpAmdVrP5daG1dyQnTia36EtXQGhzC,179062941994892
tz1fkdpxhfX9pyAirzTZ5cKUKn7QRoPH635X,928493891415
tz1bRxQfpDiUrzfEyjn4Hah34a7HNmoC8qyN,55431485461388318
tz1YrmdFnmRS5McKQyFsXRrTSS849k9CPdXL,253837136852753
tz1TyTnxshr1r3xEQDsiX3sX96wvfwm41tWS,12626605053197
tz1VFdHcm1vd6qTka7VHV5VmZPebpe4cJXsm,144946605527007
tz1UJd94Mz9pyLzfC8SAZvTdDHUs5qkFvucK,3536153733606390
tz1i3d4DrdmVrQRVALsNrxw9J2UsXR4a819E,53412199577537
tz1ajbUoguHiipVftY865tu8r1aRYEVWMKZz,14116221808934
tz1f94uZ7SF2fLKnMjFzGQTbznd8qpAZ12is,1463414864128170
tz1bmKAXCTFwox8xP1uSsTYiSSBt4dhtjx3e,2777948668752399
tz1b6XZn2k2tpS7uh3aHCMZ7J5xTR72ziJZv,2416997947377109
tz1gqAonCuKe1Vg9zNwFhP44fdPpHypGfZh1,712969504258927
tz1fCCyqjcmwNw5Vv1b7yVXPvJzL42KqxWxd,808254783522
tz1Yhe4w3qt2wiRz1LJv6QWsdHavkuLZtA3Q,5513660323611100
tz1eQpFrU6eQjmy2dcJiTeG18SK75yMPucec,639481969011
tz1biyDVy4Zq4vZyc91eJAKi7wYbNFPJTzHD,184741094558613
tz1cd8cN3qrphyJ3n337tcbCP2G5QkMP271b,10965945649260239
tz1MT9A2Fhs6PwsUXtYgVUxGNxHeuHX93sr8,150862956220425
tz1igNamUNibU68i3pwGcdKLNr1Guf5oJ6nu,12754339290369954
tz1Yu1qh4mk9ejf2MLxRNnRwdHoidXqoSqqm,43079897638676982
tz1Yoe8QLauwLiYB6bpDo6tXNtfidrrcUyCx,136150233029805
tz1Y1kdVWiz11sFffcydfFtP6Zam6N2h3iSF,2371379955613
tz1ZPzoCDzn9kZD9kf9ZWg7bybBJdKnw9PMz,682475648654321
tz1Z4HEApoZ8Yum7RTc94Nqt2eepRcHFSqcQ,2833826145630443
tz1aWwVu9MLbY2MiqL8H7WuzJ2g39m67oJQS,315338799948688
tz1MAE9qgpWLsc2p6NdKZbnCcpzKt2QkQSzB,2665259551267726
tz1bYyUrzvViYFF1LbXxWeFiorMBXUtEusSj,2465454056183
tz1chAZukD7QacpWDUJ33dGqeWFvknj5Xpj9,5756818721294776
tz1dDmngL167C8BFXJwX569z8KPoBS4Hrmua,261009417799
tz1TwG24jP7Sow6uq8554A6AUSxwtMQk9sp8,487825244313477
tz1Ziaxoio55wxE9UWpXnaMgRtSN3VBhgGTX,10957680939321
tz1bp3oUKqHcF3BZZQcDNYqsk1nw91Nkr4fr,107487706247067
tz1RYVLebe4eDwGTJSMppc83yugoYXN8G53H,107487706247067
tz1QKxiyYVjjff51jz4RR36SxHsM6PiiExAn,107487706247067
tz1MdzpED8Jx333i4MMnhisRxK4RZdN49AZy,107487706247067
tz1bZHuPEvBTssxpk6TTErngCiqpedPz85Ku,107487706247067
tz1PZ36aiHW5x5HmhNc7gvDNdu8m7NAuZbiG,107487706247067
tz1WUqA3SszNphCmLgiDu5jSNKoGqAuHA77B,107487706247067
tz1NXp5GJfJ6UZoiv5BYykyxkag123G6SQs3,107487706247067
tz1SKjT7gZtxGYZzvwMJPczpnbrgy9S2CGq9,107487706247067
tz1SXKgF1AcPkTDCHm1TaBSx1kkhEEiAv2ZV,107487706247067
tz1hf9kC9q6s36AFnz5VdGPWfw3U3yjM5fd3,107487706247067
tz1ZyPDo7hJ1xyUWg25q7rpZ6kZ7WjLNXPcq,107487706247067
tz1L1CRSuow6DbyfL4T1iCrZcbvULU4Ndxbk,107487706247067
tz1PHJKsafAGux2BN5RbnA9VVnJTLwHyEGKm,107487706247067
tz1iuXgS8GQHX3UrFTeQeDJNRQwTqk5Ky71W,107487706247067
tz1ZiutCQgTEedcG6bB4HyxHksneK2BGyRcX,107487706247067
tz1SevLttnimTvtKcwteXobXLXeotdFivrCE,107487706247067
tz1b7f2dYCGV3Mn9Kqd1rbCmjPLXaEwyHwQT,107487706247067
tz1dpQJYQkWUcBTqx3sW8AEFsJeNUcAa7mVd,107487706247067
tz1Xq2xFYJ6yewPo4G3AyYexq8YbDPFrMnJP,107487706247067
tz1VfGyV1Dfava6M8oBYqmDRJR8UL2FfYoVi,107487706247067
tz1fekve2hE2s2cRwLVMS82tXn4GPcugfCdY,107487706247067
tz1Va9fLvE3yNPupePTdMPX7zF449Q8fjeRc,107487706247067
tz1Wbc68JZxRJeaYQ7BV1WvnytzJfJ3LYFdY,107487706247067
tz1aKbkT7her6XEBY5a5cyzG9sSRQXNdDfeB,107487706247067
tz1LUSKkdCc4h33utT48d3dqqqWuNTHSy8Wc,107487706247067
tz1abXSECVwRTMajFVmUzWXABPaGkTy35NKW,107487706247067
tz1S6SSigi75RbYC2sR4xzTTyxZACqhpcxoZ,107487706247067
tz1fgX3sRSUFc3NYTqj81Z7s97auxMoDdaHc,107487706247067
tz1StsoAaqgEcbx65F1sWQs4F9KzXyycufcA,95777824579783
tz1ZYCUaf3AHvBhVChWL2RDQ9vww4VtQqBQX,95325899992688
tz1a3zH4CyejVgJ8bJL88F2bkb9DKTsVALu5,95555194760146
tz1RPJZCCaXzywaZbUQ1AShwDGW2eqqopqio,18113417002387481
tz1TjQAiE96rYCGCGrbWCzmwhuKgt556AgUx,134119531350626
tz1S4nxXjJiSsn5h8DcUXBJhBL6MnPoyuTdC,70307710022168
tz1QwQdgo79b1b3Uhcbviz66JeNq5NSkLMMU,67581931903889
tz1PmrFyfaJsaoNswcXgc6xRHsimmSVmpZwQ,70394268751740
tz1hkfSmFhSUdaGv6WNbtnMyfBcifEc4ZqiC,66040840961233
tz1Y97DD3qM7xfwcg1N5vNP1RFPPmYFrT76k,69377872497023
tz1QZZJyziNF4YKouMcpV7fNvZAbsxbqW9En,68492679701361
tz1h3iUBUDeP3uyFTQ3hkhHQyTdc3AQxugdc,69799479400043
tz1LK7fLAhbDFMkz3PEmmtPPdMThLCFdf2Ew,70090688327822
tz1WWRakDQcrPLDSdoMSKfxA2quuejwrcdMC,70176671186012
tz1MhPuAFdwmU7ZCFxBPAuHHdyZ87yxDmUFW,70436037577225
tz1NHrBGrp8bExPpFyq7mE8PivPK38TRHV3v,63158169397968
tz1dkSFiGuksdcLuFvwinHxDTxGcaZuMBhZo,69866096056871
tz1aGPrBTV7uHxetHTDrDXehi8axBZjoJ94K,65367470125855
tz1QX6fBCPCQdrLXeTQJy8yNpoxfXcPGrPaE,68262781567981
tz1NdwCrV7Tacpaxu3HXpePoWaYYxndWZb5W,63826756787457
tz1aBA3X3suZiyhPLADGU1vt9EazWNN9mpWs,70004146472580
tz1S4exgAjybUiCXdYy93FFq6UiVfrxk4i69,70480163630288
tz2M8wUVctsHkQq6zEugKTgieYbdzEuuhpkc,445745785864765
tz1djbv9JAQkbn8uQqXJEmM4ymxHSqmdzGy4,5404927573309913
tz1LXcSjjWHCuKHaJPAvPb18goJhMoaLgkaE,2506835171606
tz2Q7GcWsdAV2krjJDmEz4CNfcDfnoREZDeT,116026318798906
tz1h2AzE3kDAPJYZeJ7rqfojDHwZECie5kyh,6575540062198613
tz1SJsRzVgciEYuGiRAxJ9S5NFFuFnomUgco,454910193
tz1Rpm6NShycycR78Gd9iEtHVPcaUsfcTqcy,79271466985769
tz1MBkViJxtsnZ8DSDxJFCR16azpks1uGgoR,10930381081575
tz1PPvPurgxkRirjhsih7t5aPveMs1ENt74t,7871062230331
tz1UChaj24fHGPfNn1aqABNBb5WWGZ7RfMuF,104257585001048
tz1f5oxQvEXA9m18aiVGDaVs5At4oZdrR6Kt,1663700475462
tz1e9jhSiUVy9vD7qwnotAVgxy1rpjqGJjcU,31386213902055
tz1KwuJDP5WDyWWe8REH6RHTUJ1sfkJrGBL4,31080049700804
tz1cZDhWdASeB2Nk93eT4mCAdw4VvnMEw9Sa,22794934928211
tz1Li4CydFSpubMEDpKiNZ7NoWiMSgJJcqeA,23469966382229
tz1P4owaJWbeXsuqGSvggi3imzR2mJDpyxTV,575807208079157
tz1PVV8i3pkUJC7FSNVQp5fatez52M9QLeAb,834664488624800
tz1TXXmPc2fsvzzRwdQmT3W9iEfWygty4X2Z,917108090767361
tz1ZZvnqtcmgdf4YKFTnVi9Cg1XEiueLCmBr,9387986552891
tz1W4jZBoLM2AGZq2ptopYBu353rRvuSh2dK,1869342954383559
tz1XpqxdnX8JwzcLtSSKkiemic12U4NkCbkG,667422465702252
tz1Q9Yyna7X9nxjHe4dbyj8Qk1ZuznCTch3a,16676613157077
tz1Qg41X8F1dZPVZmc1n32fxRAk1WEgg3qUo,833830643880
tz1MN2zesLxjCfB3K8LUBf6rvnXLk8Z11hm6,19846744710160
tz2SFxhkao5Kh35pbg3mQxbTvKbEbXPEhGds,133634286460363
tz1bMLmaYWNNJBYUgPGsCV2C3B4CixzmnDk4,328579529529050
tz1dHJmULw6DQSKAWYWpDXoqeecE4tG216yP,98152473095079
tz1TiKTQkyc8KupyxY5QmPA7uf9xmhQzXAkq,107651717153928799
tz1XUaLk6Y1T6PbJzfrmfvem29cDNp2dnSDM,45860686175612
tz1cLB1J9PtkoJCnH3ovrn53ZWddfMbF2PL5,250149197381572
tz1MhV6pu2sFcSKZvevrCtNRcb4yszVdVn5b,502982679754
tz1bi7iZyxPCGjMUQMiouiHRxQwveQjuTu8b,529460672394847
tz2PBAJo8zSWvHXh7Z2VineRxPP3tn27JPQf,83383065785388
tz1duafqHy827Aw6bbFNVqUbpxphm8MSecwU,699578068220714
tz1VokTq5w2ngWQtfwzF6pyB24Ro6C692Wez,458606861883154
tz1XkMZQCCAC1d2YCbHzSySvaiGU7fv24gx3,9568441644143641
tz1VEbcByoqdaTKar1XRpada24pn8D5xRrkw,5729611211393
tz1N6Rvgx7tFsXkNWjHNdwhDLLg4oSoFeMAU,668732439445207
tz1hZ3dazpeour6uTQCA26yzohhuYgesjzDT,125003721573260
tz1XrThJDztPJoJEKbYXqaDxFzwp1Adbo1F8,1923134167887
tz1YtUbTURpWeX1CzHFamxS7fGdaKwKKgMzq,173643113959885
tz1NFiJUDasUpobcXVdtKyBj5eDcdmjnAPqt,78255937981
tz1SqQoCZfqRem7eo2HtKHSL6zbdoevxc1S7,1503262422043
tz1YcRfmH4JsdvLzzijq1mh4FXjoHmh2ANEQ,833830643880
tz1ht6fhcHXknEg7jE9nFVU2gXUD15cUifUs,1332591813810691
tz1LxkEN5DUeU4usSqobNqYmvWa5VN1NC2B4,961567083943
tz1d4cbP98Sbni6mxUmvAN9vufMZskSv3F4K,100697278866046
tz1Q4mLBtkz5CbKcpLBB6shR8QUzcMpphNrX,155138006648590
tz1TreKYWjXdKDaKCga4b8zobDq2pdHdGZuA,727901095189299
tz1fwd9Ub1AwXaRNLUfdDCtQfWyeq8YcJvCV,584399431380218
tz1Qor64hy8s7jH8ZQkMoaYLiS6NVmkeSBbY,1046715766912032
tz1TnjxYt7dKGzDoFj3j3sGudp4buKFEg7xF,331927540915657
tz1ZgEA1VMzNomprfSrZB1aM5CBqi1nnCqHF,123169543780444
tz1Mc61yajNASzh5KWZFtYs4i7EJbzAxQC4K,152512672001187121
tz1PqercEyjV2AgKpNXgxeWnxgbYu31fw6CC,229418200871099
tz1PzXjyPchzGUGH9yXLTgvyhhakFnyYDYge,3912797000692
tz1XrwX7i9Nzh8e6UmG3VnFkAeoyWdTqDf3U,112080259897983
tz1QFsmp3jUZXxwmwTAL6fYheo79RreoZXPV,1376239005777006
tz1PsF3NELGCZnighkMmr4mLkCzbkoVPdGSS,106033512477686
tz1SEEQNGjxP3SC8biDWMMHwgpYk1aeiQDyJ,7252617371122439
tz1U3YJZ1pFfkaUWZVWv7FvNyiUi5vKYG696,93879865579728
tz1XmqF5gnTjgE6Cxu5CzaT5H7vXiFfihe95,8338306565835
tz1USBJ4HRxuvrVUqaxALcdXaRs8AC1PdYjM,325633363018570
tz1ctD8vJYVazKJbCKa7LUVb7n1cEmfRQpe3,39127970083140
tz1Zvu2PkSnZAJr3seWbEdt6W6KYWUgaanVh,14291796713612
tz1ehz91i7CxXaMnUjFDWBhr5uVvr3bVkBxD,3160838672976033
tz1cmp13ABTtQ8dhVazH5yWtx2hGZc42ywaV,3351065483491189
tz1LfKbYRG3fWd5ccbmsq9ykYJQekZEouB3y,941844242402526
tz1P1NgMTMvhHi1amqUZrQHS9DZSizEW3p8w,23469966382229
tz1ZD5nQNtzgTzZxHgxgFuGo9CNBuGJHVRXu,772987489733441
tz1QDp8TCD9dJgWoszxo77K6QukSTubjqd2C,31850167647625
tz1TxrHpaBDeAG95HkTxx6D3d5RVwb91fRJY,14994463251738
tz1U3ozNjAw2sguL8Pn36V7tX38aSYziM9Fs,128260004996988
tz1amoqk71y4tqnZxRWGcttpK47XJnPx51jB,17217751875764231
tz1ZfxjoBeGkRG7zLgyH6gnYVNAL9KQwRnCB,46939932789864
tz1Zya25zMcv5a5UbYyLYVuES7SA5eWcis5b,2239198920743949
tz1YHWL72KHVVRGxPfEA2r1jtLtuCmjM4hgW,3377110603342186
tz2MBb5FxZXzhBuAPmY9z4zYTF8NeWPEkiV4,13611841549534
tz1dsvBGt2bDoMMxagnpHf45ehgNtQ6ctg3z,3598239818694043
tz1Us632Z8mVMLZqCs1FXuwyBEBe6o4KjHzG,140724914014015
tz1SWd4hwQtHrzisTLp6vydczMypKPnxBFTw,238719411669561
tz1day3KgAK3ZEP3hN1PaZiAPpbnGD3Lb8Kv,4969596136840917
tz1LCPRSFPJ2kaqvj14SWo2VnxPMTeCVVrFn,1251880011970
tz1L8VQ3oi6fCbddWYxCoL1ckjFK7wBHdT48,23173518903303
tz1Mf4iUxRSb1NhhqdB2oNbo9rRekha11MDH,4023561700641
tz1dham37JdHm31Lf63N3aBqxJJyhcnGA9GQ,76527480759916
tz1NATazbFfnypvM7q32nnFP6m7aDXrtCm1g,29237981731
