Address,Amount
tz1NRbpmTuPEFCCYCqCr7i3hkMRDRhBFgmxz,437032046628670
tz1RDbEW7YUkwnnDdMNieSiF6kB4XBws7QSg,2415258345475557
tz1eqt71cHna4YgyNg3ao6x22xU7c7CZXxcf,16640651052236
tz1SBxNvpDFC4bjW23CtQfVLqN5cBATVf68B,1765628250454367
tz1Rgo7URug42QnhBM6eLy4MWdfwn4RovHy6,379932563335530631
tz1YTQ3Lys25j8FhZQY61eoYErYUteSao3ez,795907189278174
tz1R3bKH1seset2h49p4vrZJCEL8voJgSK2G,132634579630155
tz1bdRJkGkNQ7homh4PTnkVM7xzVWhuC4EMm,47448569803455110
tz1Z2Ne4ZHxNPuCJeCcoykHVXTqhVdLMD9gV,115574230623999162
tz1Qji1NnEPj4Cxa9s2WEoWi9U9KM6a9gdDL,11974128561196689
tz1cmanHzitf3UgWgECzLpGUKpzEfmGZaFsw,2089744328004355
tz1eZFb4bNMMdveGT7BPcktbYsurg2e8r1xR,1880330592825
tz1RartAmPJhFsL9oAhZndSL2G7KCsaQqqkf,792876150484123040
tz1MyqKoe43P4Z8MfHoXVBTrohgcbehp2zLL,12378867000161625
tz1SRcMg9GRXi7paNeAc3ARn23mS3Z5dXa6S,929528884546200
tz1hD7VdzRpWG3nmYpCyW2gNc8mQNs3TCgxu,13688419729403
tz1f38MX7YT2Q7MAq3mDdj75GTN7vgqV2TfH,5191420623258
tz1aBDeNFooBEmBXnWDVgLknNMUHMYhHVcRA,96608220603294081
tz1hD5k7QW9ChHCgb2YLthKFirKDYQiNPDJz,2684034477259745
tz1ZL7ekzieKxwngCCyjsCN5qhu1ohwJQEBy,5681709597071319
tz1enbGpES1NDr2kTaocDhxvMqtpMy4ruhW6,2260721828655529
tz1ehGMhxarDhwppx14PX1Y3eqbZ5W9Bc2Y1,562119411463577
tz1LN3wPFYuS5fCnodwxT94xVFLPtcFHvcHk,34432048294166
tz1ed4brTwpFg8hFUJSJ4HqnsC7sEjVesMtb,15801340610363929
tz1QJE62jTxHis7kZkbDT2zsYZyauNDNzWg7,7030470790299695
tz1gWt7kUnJtGXoT5BYzHVa89qGp6QVvQmyp,44038398868904613
tz1epR6pJmPaJ8vvzNi6V1T51ccocX1Y4VBb,287528385968300
tz1W19DveaP3mW4WvFtdVdqGsWwBL5q1QDSK,58358450107516226
tz1esdEqZC5Nz3HDFseHvpH6SmQJPocxLzA2,2895228666699573
tz1XyTsb9DwkPru3eU1Cwnr5JkihEi5eisHo,221984667246631
tz1ULQQ3S4kFLhhpPsegiMVFmXx2G6ewmbTA,28724916303048526
tz2Lqs8WFf2HDG1RoxG3EAtuHjDS27XQANWT,795291266743
tz1LRrXCmELevk5znmVcYD63TChSpYh3vaE6,6233480472063
tz1S8GvdiWQghwPMMzbNvRh66rcfmhEA6vj2,60468317238428640
tz1N9qzry2ko1gwTK6HKWamZZK6FGx3Vr89U,128229193538962
tz1M5swezYMnDaim71PSeb2cPFk49ajrvDV6,3622963655963378
tz1QQ4HyGbCZDmQxeVHoLP99KLyfvGvyX21i,73132262521712002
tz1WKygtstVY96oyc6Rmk945dMf33LeihgWT,11623453986620107
tz1Rux3pGrp2KpZUBKvg3VQ4edRYVJsapr4z,1367458622645077
tz1LWMmDzH79xyu6JvELrnvWLBBVjZg7TnfN,41775307165930884
tz1RfSFe1dxP7wh1zSffEnskgqvVVWKNKZG1,191371220476210
tz1czGMShkB8ZtCHKHeCPTY3CpuiCrjsGJBy,459461151640745
tz1UQ6cQZef4MuskJjV9g8pXNZa5s8ff1oQy,5037506497889678
tz1dTmMLY7tan1HKfW5e3KxJcfZput6UuTH6,8667689529173
tz1daKxrqyoFUCcuQj36BeMN9C1Ytmjg5p6n,8131566784504371
tz1YZ4VZCRPoiDyGP3U69jCq2S8duDUcRjHP,581022801847807
tz1L5rXu3RqYBjZzjWXLaFANYZcwS5Pb1ZST,8582757459854342
tz1NkFRjmkqqcGkAhqe78fdgemDNKXvL7Bod,6536100179745845
tz1QkQLtDkqpw8VSymi13A86jh5iaCeMriMJ,46321524484293361
tz1h6J2pn9X3KMghNHZikrh3PtEpgCcRAjHZ,10096042878576383
tz1VCyNit49HjTmz8SEgeL67x4BLuoTaeYMy,60390041966867501
tz1gACjUSBkWjqWv5ZBMRk6G9Sp8xNAYgwYV,3709381703192694
tz1ieVZFcRity1eybQtgUyGg8NLEYWNqKtQe,1724174122176155
tz1T5GmdYXDWwbhBrU7RubT7Z2dmz3ZmKwCE,30993402486038986
tz1XLpud4YtVgwiAJezLKUsAo9K2s8n2YPqx,870854851478
tz1gmajxhmKt22CbcsSA7WWXSATgbuVEmzTC,4713198409490933
tz1cfzEz3R8YKMqC2rbKnr2XtpNjZxH6RGdy,844319000684067
tz1hR9eQYNNTZ4VGUeipK4PHtyyDEDmQ9dSf,18438757837069042
tz1RxeY78zE8hNJbqPypB1mTVyTsBRmPuqry,2448651913386068
tz1SBF19iLiCc8dNpKe1Ym9juSAKaTPyeypF,2597251075343
tz1X6ADVxP37XjYppBHMLVRJQwmxA2YxztbQ,253602291671284
tz1T1u1CET7ek19f5P59vCdjTNFWAscYQ5ct,9142426235606737
tz1V9qHfFxixcXJKWuEziUqvdrQ7BWpPnWTa,12316065857314162
tz1Lqnwap8kKynTpefqqSH158i667Wdg8HVA,3618602353742687
tz1Kp19QyYUnXuE6cxuXxsfQZbyqv5JtKPku,1363840910
tz1cnojsw9qgMbdpgPeCcWPf5GX4YPvd4HAh,10771598985943875
tz1fbJACCskangcgy9xjDSiEYgh7CUmSo9oc,435584565540330
tz1dKaw4xdNjfufDSLWRxumNBwe2VX4mxXyW,2392175941516161
tz1RJf644pa7QAZqKzrPQGiYQPyubXarC4cv,114112356876188
tz1YSwscBZCf26kSPvqsnUdhnS4XQD6mAjcz,107858731574061411
tz1iCiA1vKmgfZbY533ZgMwFKZ14S1DQNooQ,457838820563599
tz1hNGWJUFPFV7AWLXvxGzJVEfCZ8KJ77PJA,1770615028344411
tz1Qm3DHkV7V6peZPyWe4rv6aToH3nRmWEH7,737279278725064
tz1KsiwkQ9pyrt4Ra7QrAQp5LQJCGxHQrY1n,2924524569723
tz1eKTUc8X17nVmtVRtxBcs3hwUPXWuqP2AS,85399611611624726
tz1hXx6tvTV3kzxpBR6E4hDYcxdgcRGHUTFj,56519533
tz1fkZtnjNfQHtEyUpyX9Tqq4RrLKx35qBxf,3141531105535400
tz1chg2T1s4DTjLqthPc49HDcqkFHMwdSPwb,9892801717149587
tz1Uzm53vPr2Giyi32yT9GUvBErKqHPBjvQL,8180850974719
tz1aR3nrJgUyU5B623U9s1MtMsMjA5Wz5c3G,18866833739357943
tz1YaPLZuVmZaKB69BjJXKUDgNaZrxBR4Lfn,525756159232639
tz1WNk2o2hJvzjuZRNmZQwjLQuv24wDv1zjU,1482352542104
tz1QmBcwm7RH6swEYNpsZZfAWCCFaW6wugVT,44359642013603194
tz1LxqBcvRbZhp34C2ab62CMy49wFbsQSzD7,255678500135479
tz2Kmi3xEnXk8c7zqWSQqSSyfNpWt6ovG38D,52606581867243321
tz1LgePVXLZYNhHoRQ6KgHfQjQ1uq7JJPZDa,409735539668059
tz1gk77xzDAG3sif9eFvsqUnzaGh4MrzaCp3,21575879323780142
tz1cWUkZFBZ72Yn9desxcgS9KdH4BVfqd2ZW,10574359953413955
tz1a3LNYNZTNN2SLMjWSUc5jtLWFvZ1kC7BR,227185266096837973
tz1SGPStfd9v5upQUxRiHPC9666X4FpVAmK4,22117366268927
tz1iF629Cc91SJkmQRAWAm6nYavf7RgpAqZh,19842146404645
tz1WHGwmdEr4iruf4v9r6bdHgzC5v8SKYTkV,1171102340389557
tz1Uza3jMhipiQMtmeEidizjbSqnqZMQyRv7,594949605611
tz1YqsEWdPxBmqVKsJircrwBmCmZDtHAgHzp,295073792218582844
tz1ZLMaECyswARea2bTsBws9eMjgUm4jG8Uj,36514814409177192
tz1NySiq6aHysD6Rpu4bYhFaVe3ASya2qB8D,2457371009760640
tz1USU2xSWb7CBYGJYat2X7An9sr3cFfsLwi,1500088850865396
tz1aoYg1xYeEdnLrAJ7y2r1T3aMBCyms6ppJ,26835978136047
tz1WxCJ3UpzyWsXmmkE1YjYzbBv6jXYkbFYV,1780279379508969
tz1fq3tMpnnsZ944DVxcJqsVNGsWTPvqJzvo,1529896988820171
tz1PrecMTmNArbdvQxtZLUVUBT8rcC86dKZC,48966019316619
tz1Q1LWn8wCK77L4xetjbH3Ar7sDaSANezZx,342128116669688
tz1dugdoeZULYPA9phfkpofrP95rFqhZNXeR,3625691195786
tz1UecmgMghaWovhh9EYfqTrK9gTtaiMtbzs,395002730850
tz1gGwXf6Ggkv9T4jGmp58jUMU2Gh2vYjDyH,1155194327994481
tz1QjPnpmqAJYSfDtDM7uTf5bkZDNY7eBECd,3988298959981308
tz1aVZZd883FwyEx5g2o3TgQ7pwEYi2f6apg,5370400330259703
tz2MzvuRU1GEKi9udpqzLpGYfDoZTiKZ3C4C,13422626892744114
tz1SEox4m6JwzUjLL2daQMKU7XDrvsEukR7X,230100651616558
tz1XJqUrY2okTwoJFgHFJKQV98tsn2oC6Twj,1108050014118906
tz1VqXA6L6hPEFjvsgWv7Viw4xQn5GyNszzy,107249550116671072
tz1Wf1Lqz1yHm27P2RQJAVV2CMxnhYK4bBGc,3956744881646269
tz1cTS1WwovU7SC783xgJxZrzr151mcshmNi,305521995787076
tz1f4Z9FJfgStP7v6Rj7BMJnWJ9Mb1NdAGsS,4254728483642
tz1ersiy3MYVu89DFXvW7Qb8AM6LYptSsoT7,4854607479750150
tz1UFF5DSDDtk3fM1ewaLvVG6fhaAeCdgYEt,373153938090948
tz1dcpUhXGeXexEXispSpfv7CeufoFnV7AAf,29847638905742819
tz1RKRhkvC7MQgKfPejvNaHGshWUDsyJKZdT,17618674564460529
tz1SHzbhYsbX6Uk51hJC4JkjgWM1gWaSwBqQ,977531131970609
tz1NW1MMFL3jytxBjhx1qATMJyY47vLBMa4p,439858276589669
tz1QRm2TJKnarZ9tbL5CNjN4Ltq9pJtytuk7,1302406635
tz1WJpBDRGfa21un4yQDKTGXZw561nsGg7Qe,27109714522308
tz1UXAsfFeufr6p2PafNr2oXNrTDSdtwwdgm,395047484491774
tz1YPUNi7KW28VxZNEu3fNkRkJG55G9p7wsN,565649945881
tz1YpusrSty7ULz7w9sM814trSRmM1aNbmZd,20048515904822777
tz1cuj9Cgi19KMRi83UuypS89kXM435qdhmy,47949370734711
tz1htwxBMBFikeP8SnQiEQyA9n1ryDrDFyLK,245737177154565
tz1XTyukKgkqq9P83UkV15np7EtSSEy4kAeY,251700147638865
tz1WMFtCLLeRiayH19ZiaErKq4Zu9p5N73Sr,6922103793689
tz1RFUjzPENm3vF7quaxfELQCfNTCSjAsFdA,2422590707468833
tz1cLd3gXJ9Fk5c648hRzFvTnGfT97CxcHrj,4124919614758020
tz1Te5JR7gzDBwtZLKPWSPuTGFE4JX21vVur,94795544072
tz1YDRhXyq5ZHMoHXJX67rHSrUFTqhYjFo86,283821651806125
tz1NGDuYTuuB1geX1K5b88cqa8JinFLdd3d5,1228690242691626
tz1XykUaKpskyp7hDEZjmuNTk4gFU58a46KC,140962739610227307
tz1dghYwdzvHc3tYHp8iHpNUSpmAvvs8Zjs8,60797972897657939
tz1PuipWs33aqS2KSG5k1qQtC6Dff1P1GBmM,919709152793005
tz1ZNxMa8XsMa8JTv776X9iCETcNoo4SY629,536822014810508477
tz1iAAJhH465Cf3BnsKQ744XHypQGY1v7Ps9,1253259214
tz1a5QW18ULwjJK71LSc7UqNGgryrFouHzf1,179451240972745
tz1Z1ZX2B98nEAvEnLXJBCnsJ6K1GqaSp9jK,883486359718795
tz1enT2GWv7U8jyPmmoVb228u8hvi6hJh5FF,2302872052342168
tz1gVon2mQhvutR49Yd5XK6k4ypwWfFjMZtz,963289435
tz2HSz8b961xoDjDLy3aFGogvW4HEqXXdcR6,1261852604862369
tz1eSGjgq2NmLWnaQFQxafXK8ZQF5V7Sz72y,105353357183875513
tz2EP3fw5CbUUgJdx4c3Xono8Gbc8PLXGRM9,1858093843615474
tz1ZhteLTqobRVCYsPj44oFfom5BJ2SdGxeE,1898062167242056
tz1aRF3qMDrbN95f8dGYTKPaey6J2qQQnk8j,618478338663496864
tz2ALu8Jxf2SMgzSZaZEwfiJQbogpUDPStwz,1238514988
tz1fCHiWZ3ReGqvhxkMejVzcnXYz1rnsJpow,50458446376551243
tz1Mdpj1npkpaxPHF2wFN6oX8SovVPfHyXSy,613753696948033
tz1L1i5BVehYJBebCGvPYU9kZYGKBELGUJGH,15342726555399775
tz1TR56EbNTEEDeRrsPzQzoyvwFgZT25q3JR,850662011711516
tz1XbQgDFCaT228TPS2YUeHHfpVqGW7ANCDw,374343265468
tz1S1Aew75hMrPUymqenKfHo8FspppXKpW7h,103005580591866
tz1Wb4LakUUYuFuuEgXXQrNZuBD49Trodhwx,971031980333577
tz1RAfKUFBX6P2jFkCpzLFntju7djjbtKAKr,36317470384302732
tz1MiQ6euA3EEdnZxJ6EPwVsHzd6vQ7AHJmU,2201804424
tz1UFwr89hcJvC4sNCYK7zSLcaD4JW2KkNYD,10337491535172223
tz1TiJBTfVoXxregtdgCs1rYd55APXSAmniz,1685756512
tz1ZPSGxrrPPfrmoGJgpXDArNJfNNy3qGvE4,847015577102659
tz1iQ5n52oSKgdtdYtqEJgKmQYbL1nn2poB8,23002277691753839
tz1gueZ7eL2KnvxqWudHjoTH3ZPiUCmwNKR6,2858371215042232
tz1QxepCwQ45EwtcxkgXZezHbnidvK7hUywy,15510315545177855
tz1WT27PugwGBtre1hsj6BHmbAK2qQsVbRDo,3830286033403495
tz1fL2TsQR271w84MXx3qFD7y4PZ1F2mpHFA,31419169140
tz1KhU89QWZuuhhnDD1paFp1jYMdpJLh55im,5698208313756614
tz1QQyhTMAmNQPcSGkM7GfDva8hmuFPAxUMB,3806000228523048
tz1htnC2n5n27PFD41q5X8bDvDcjbGMUS3f5,62371267151012304
tz1PoickddNEkRN6qp4K41u4KUW43vZ1UDvF,126491598607505
tz1b9qYttBxHzoEseqabgvQiCxafZzkAtH9G,26872144761004565
tz1MQotPcNdc9R3nWCTwXLMDqKLS46WqW7Wx,9721797726251356
tz1favSqpvTLtedjTm1UjuEmKfgm4o9kyLd1,21916717024309922
tz1XYuybht7U1RVsUip7H7S31fBDxpUgpTXP,1150049632
tz1WHUWCMqVqq5AagGN5DrytqWz88tYgedUr,1062210950942971
tz1YJvMiZyXnzvV9pxtAiuCFvaG7XoBZhbUQ,5421852084943895
tz1TmSForCvNii8rmwL6q2jgicQfqjNFtj8K,10924781231421793
tz1eoqCSmqPQtTLs53Rj6gBB14eQh2aHWVxu,219360100946558
tz1XhZUHsJAFp4FHoeeQQ7auVBk5j6xoUKbS,296943574456694
tz1Pwh2MBs6q2SeLHiko3iJpfMwsDV46bqQU,55612702364347781
tz1hLWsybqnJtQRFp8skYy5aZLGNmL9bMUpa,5953477974632611
tz1PuYitvGfsBm7C3oYAXqNc3t5wNhWZj5Dh,5271722300894464
tz1dbCAvra65bwTVk5mgkYUHUGz3hoKwovZ8,1773254247492880
tz1T5NfkdPfhkXzYx8akPkdznxSgU1Uf5jEG,4450374713486912
tz1PYqfNnkpZydtSY2Tn3Rv8mjkgUpHJpFXC,12367688759343477
tz1WidyAU8wuyG25Pd7b93bcx9hMu7W9Pea8,123715866005263
tz2Mz3ovkZR2HyC89CHHSdsrPya1mKSmLWfD,857949339781842
tz1ae2d1BJt7YUqaaec6Xenh3mBqS7VjSZtK,769489950783500
tz1g1vr7gbU7kwxVqmbmnovTGtdeRxFE6uBk,201546481735437
tz1L1XwcVmD2z4qPfLtBJ6RPThgAwLcXG6kW,129669971046120
tz1epFVHmqeWvvkFf2eskwhQ1AY3JwWd7Ej6,2555665916500083
tz1QRcnskFh7eaV7QdEnjoYdDfrDqHgmmrvF,6646746040829497
tz1XybkRZWjLx3hwcy1hQ7PT6FWEhpHm1FBv,649958469800164
tz1XcuwadWbLKkc4mDVxRo25dbtwfEa7wf2c,4580168636784136
tz1hvRvzke27MGtp8CsSvsafxyyMWSVYM1ut,231817436171690
tz1a7MJ4HMNbWDhKZAqrvzX5P6u2E2mJyJiV,8867636315756735
tz1WeLuPLjUs53Yr1RCgq4EQ4d5SvV651Tqt,87046716559512
tz1Wo716Gggp5HfupfxtPgmYu23rDQNcLcD8,8249272503241657
tz1imyQrFWHyTp4avUNAw52RxdFjU3HPviRN,2270939469189790
tz1isKR8pS4pdgU934K1S4UpLsF56ECJNArh,3067948089322814
tz1ZVoeS9T3H451BgjTe18pM1q1LPd2cgB6Z,4827087121094
tz1eL4fYCgegW8tLCbQ1mYiKY3TdDxWnnKo8,4926212110795456
tz1Rhg2UDkjgLhemdSMtiGVGRmzwVLVaHArD,611761082689983
tz1dPHDXSCFo8PienbvDMyCKr5DXjPMrZkJ1,4094976878291802
tz1fkkxXSMtSQew8F78XdsnaC26AfsXtsGiY,861205707773829
tz1ZuiTWKXKqYfzFPaSaAG3Huf9QM1AdZ1pJ,3135729333674599
tz1RsCndtupuxe2U3syGAdcRBzpNqJZ9ANNc,65497815237918639
tz1MrZQhiNiHK14oEq595DLsVQ9wC4Nv2ZXW,392299323958014
tz1LJQ6MPnjGekNAmhFmkm8XWtM6UGx4MyF4,14989597443756748
tz1hmxzW7MuU8HeRoCFPGZJnavGf5unqgaph,9009805230171398
tz1Z6QqrAbEAMDLsis3v6b956sfH6qLTSEex,32842972421986
tz1NnBgY2ze24nQDpdY72wb1GVsee1UfAT3d,329581697973936
tz1dAW94vB3yYfNPE4LM2txBT8PQ21Zq4Xzf,737211494603130
tz1eeR22tmjPN3rGDikEMvpe8jcdXww3dqTt,2457371090853883
tz1MsfyCeQEt7khed67HHsAidezZ1Th6mjzB,852202640062740
tz1WBMWCwjuFSsiiLUWKEQHEACNEat2S3EsD,142467939605985
tz2SuPjN8dYMJQe548bTvSPL1fdStZPXv7gT,181040535362888185
tz1N33TtiYBQ67sw32rhCsMSVpZkrSHWe9aq,38377744494095281
tz1QMjzbw5Yoi2zPqUeg2yuv5GZdmXjhh9mr,2457402960498509
tz1ZutSZgCHEzxspXyoSYSREhwHh5g4PM8hN,1538314252
tz1NJS9T6FKTnKUkVNv2g44GHTAhzH77qiYw,4984208676353820
tz1URL5HNuTa1fHqqCtUKXUM3hm6g9c88NgF,7759569173761
tz2M9C5x1KoZGoQ9xEY6fQ6Xwbe2GU1RTzRx,2002062844297
tz1RCQDHtpdcwfgF1Kbbyusd6xhfjbXanhZ5,28994639999665399
tz1c8JTzmA6c7cm6ZmUwR7WES6akdiMa1kwt,3890697417673866
tz1XRTNgXgWmR4PqxZpiB6HZJ8Siz3M2JAim,1167029124647971
tz1imbraxLCQ9TUpnJVP31LS18hpTqG5wv1k,2761681647349191
tz1iDuz9LvybPBC4kDc7ceBoKVDwwzJR7zKb,75348121503041030
tz1eiyML8sHGBL139FwJQJeLGHWAFtDqPz4U,245737113262919
tz1YQDCB6Hbn2ozMyS2kf6WPJDeRvJtmtNqQ,4402705303659230
tz1eeNRXYK56vgSfXHFcXorubcaBBCVpUY1Y,1582546930
tz1TQw8erN1a2LpfRSNMExicRXMveBPbvTKE,456130923237
tz1gaRjULm9qy4D83VCvb4ABWLKpz4XXfqjx,1191002546122299
tz1hAZNx3LrRKFgfRytoLNVGhCrzU1uVDUHS,3885971738259774
tz1gJaXdi7Gweq8TUSy9knB2wLjioTKy2tZF,510992011267299
tz1PoXtd7RGVBwWmmZvxX18NQXYpbNdiwwtE,6800661653113936
tz1RLCvv7wrWq4hTmyKk1zZuZeuUXNViSgRD,137430031953933
tz1QFk2DJhPkzp2nCN7Thpo4askJjQ3Zw6BU,2640486113493
tz1bRDYJHp3ACUojEeM6Ja442YEwNmcb7ph9,2412208536115985
tz1MDs7ym4sp2FsQhL32vuAnEqG3ARhM9Vi4,2604813415331168
tz1Xy5UM1tC3CFcbPBVq5PjufaxcLjMwfQkE,70642479372257
tz1RAKBnmd1X43pkkGqywYCRgf1Uo6D77zMx,70637510568076
tz1cXwKRD6AMy5nhqEVUU23SBxcAMnh2aKLn,787708861733071
tz1imrUNR1R52GxhP4y6XQCDDXtQs11GarTN,50966550519463
tz1chab75LnyqBqNwrK11459SGCFQXLg9uyx,1289125247673491
tz1USfPTFciXzVsQL7Rk8HmMWyWtFEas7fh3,2824066269055925
tz1btYY98CWBVCGEikD7s1buWjpicb9kG8aH,53048246021364
tz1fj962xSPKTA57yWHA43VeVzo8KqdpNAeF,3721882096115657
tz1ioU6W4otB7ebgRZTq1EVVra3vMyXqeqsm,694636035862752
tz1N8oU57qMgDRr6N9pSbhaiWRRQSxJRPGoZ,538910458187508
tz1fCEeLBcuSMSittqTnMEhcFdPCtD1HsiZc,12534044091208
tz1WsKkY3TLDvqTuK97Xu4zuVoTb2nsr7J8S,454357613149695
tz2DsS3zeg4pqoUnRPHxvuRSuQrjDnTZcTNJ,7910664726372
tz1gSGxwMrToBdzLeaxg4Bregv6W2oEbNLC8,22842717594097449
tz1X8AQxtn4KzBwMZ6MZUVFDcACrfnyfYhDg,1012436856
tz1KxARuCbAoiGGesnQjr2pvZa7CzJR7V9D7,1792663838876909
tz1QS7N8HnRBG2RNh3Kjty58XFXuLFVdnKGY,147292835430609693
tz1RAP1j8SjwT587jyccTNArBFhC9HhGKfHq,315823723025914
tz1QiZCuJMuVz3aq7j1Bq2v3BRTQPCdTw3Fb,4823366796777141
tz1L8hBVpams2fWFC9kS1sPVxfGY6Hmg5TQ8,685951502039278
tz1TQSPkLPqXUREhxvYzPbAib6Jz35w2a6tw,2248232375075477
tz1XD1xSVzgY8Qs1id1kNyFJDbv9e9pNMe2c,1228781597916285
tz1Tk1MJDZ96bK85RLAqtKfnptZZyXsJ2jaq,1112252338650
tz1hes6aF3Px3D8nPQx27fdwBKrXmGs1UYxT,7143913076465875
tz1c1BG1PEeuhMFwmonTVSGafehicqbBJFec,208821058221738
tz1THwbFPPPBHmBu4cmLV2SppLFrA5QfBhyF,979266196367959
tz1QSwx2wnmrTjEGrid79c4tpFMxjCT86SAy,2101584153075717
tz1RcJYTsoYQ7adtNMANhwd8qf4zApM4i2Yd,5207334959217243
tz1cvrgSekgCqgyc1c2qFPSeMtux6AAAfDsk,31871418306433
tz1a1ZcbAeBEjxYSwuNKxSu6FbFB4dxdL3m9,28799972938694
tz1NZnfrNgCGdECyAhA93TLPTSciJcZBJqDY,119209361010597
tz1UGuKv6PzgVbofb42VgeRwDwsVN47UpuZB,4151190660500521
tz1eCzNtidHvVgeRzQ38C81FPcYnxMsCEL6Z,2243579731
tz1N3nvFqipu91tfU9s4GXGsopawpwxSoAJh,202057326362826
tz1LFeLTRQZrgKxbmvjz2ckViRhVw9BZXw7t,48704214578946927
tz1XuzzMTz1LhqbRPy9uxfRkccSxju3v8Y4j,804041319176984
tz1MoiwNRQWHfA71aypNk8J9CsKjfmq39c2F,8803638329229882
tz1hhphPmGxL6HEmEjoVSJBy82FMWbFwzNCD,49210680297117
tz1YHLm7Lq27q3rgVXLY424zQMkvncVvNiaK,270310847934235
tz1fKtBhuuZiMYhM3Pi1hcP2sjRbstgDrmqX,79094727371509
tz1XEA7cp83PyiXfSxWu3uHjA3EF6Gdh3Vhq,265894750725272
tz1UXMLCt7dqbUiJ2BHRhE1gFkdVkmCZYcM9,86643402507842
tz1iKF8o1hCLaTNZcCJpgKQBQxkpcSiBy5V6,3470825573698861
tz1c2iwyckUCcicx2qxqtwLEartYFEHg1pvB,1580021389346909
tz1PQDUDph7dDCn8pLGXqaR79DiUWLiSZdEf,830587732444178
tz1fUZ5pMP1gUjuJsp5V631cXmA87Kxm3cuZ,12680034511117115
tz1NVsmLrZX4jad9bNdvM1EskvcTq2LSZhLx,10952218744492578
tz1PKoh9LB2P3pgh5ahaAFnrC2QBmUxcHDJU,763969350457406
tz1cqoo91JCc6sKmNuTVKNzwUdi6E6moHWFb,3245764463111208
tz1ZGNErBKdYeEPjZuqKXhyTixQTTPn54bx3,90506477193898
tz1QVUXNoyCfKpAyxDpq8kR3rK2AShuzQxJ5,8384228124515399
tz1UVTMhbMiSETKCxFi413yZ7imF1xeyt3fV,2506903546683131
tz1UAYfFWmaTrQTYMptaGCw6LrXK5Yv84VnQ,13344713950569
tz1hLhGe26gqt78sZboxiwne6zgKMqirRieW,94412122931244
tz1RYTr2WKdJD1MMV51kN9AoxPnxZJgJ5sqU,133906977513262
tz1R6mtcAQwBTK9YpSqRL9y2a6JZWgDkBm6M,1533404727290035
tz1Sv2XMQNxcAqyqyyv42FHjf3EGwJ3Godj1,27363072747415
tz1Vh4cX8VutUUUnnjmnY2omSV4F26T5orLH,18488928454647
tz1QGCWjNpYmcS6T9qFGYSam25e36WeFUCK4,1485589436869438
tz1LApX9pPhcDUDznHR5TTCcSXh3m6zPgFHA,136162338212993
tz1hUY7paB2J5EhD73r4oWL6uZubf1UibHrk,2652276413366143
tz1PWZTKd1zhfuxrixGJoHJ6G17SQiypwe5m,1221313391
tz1V1Hu7nMcgVuMKDEZickAKHHZavLKTB7Vh,1314693490
tz1NKHjwrYfg7GWwbWZ3bvdejkVL34De72Pz,1287662409
tz1RaZeHEiKewSd14gZ7HKfcQ3HaNHJ5tnV6,26487545625599055
tz1aiLrqvULcV2Kfvzt9dUmqnLQnoNXPPek8,24006667190967766
tz1M2h2hPZzov29kf7xcHXrunXb2jFSbfiNd,12348797889264542
tz1MToDUySbYhPabULUyDPPsfDQF1cpZPdoH,1858241154020090
tz1gMfLSQs6xTM2TcLM6Sb2njJ6h9qhSsT9Z,3720852141098384
tz1Mt4ddsTmDs4of6kkWYvMWSUtM8zbGNMq2,1147592261
tz1UNTxRbAYTSBSdHMjoUoYAtLH4MHMUiGwg,255817959325179
tz1YUJitqsUrFfFzEp1d2RiqVwV61J8aPb4E,1410530959
tz1TqqKqc4t2Y6PTvxeuhF8kNjVn8HpZkKma,1786565585203780
tz2VoUZvPNLyq9bZ82VoDLrhkH8n6eaUoS6E,337103401006066
tz1ZvbLR47deoqaSgsaRXe7hbgDgwonBicnV,36362451875029889
tz1L8m6MGdvK2WA65wQ7DeVwXVmCS72JKWeN,343778013787972319
tz1iCJRFVD1oY7yQBap6X59XktpKHJtgCGyS,83655524415010
tz1bnWUvcfU77EBpbLUQ41c3hCBKovGuqyGY,5623659720295791
tz1STAzkywd9GnKGvJBPL4xWte3LCniyu5ho,1620670559557568
tz1g6cLrzLxNayiVyb7BLsKK6TfwboqWaYPx,623058113231170
tz2Q6ugZbronUHSk8fbuHibBrBEJwrzgtL8X,493931666341987
tz2Kn9u9cxvTczP6CjirJnEE1UApmoCzuGPB,1363290648528536
tz1aHfKHR887WzmpA56K2diKDufR3QJqn9iK,90763116383620541
tz1bdbHUpDrUx7m5g4VTSkjnc3mxnquzRTcw,105206661982735
tz1NoV2nnTuxavEAuozNyHm4nqT3qtkYUNYW,1324522974
tz1TQJjDtzUWWAa5a9H61iyPZmuKRfX9hXi8,262208755193912
tz1ewd8gDnG3USrTRJVdbpsyieVv9fWDMPNk,4443894029371462
tz1PwxV2kaHhubkYaRWTnGBvsxXswz7V9GWc,8935826785774
tz1Tpms3fccT8x1pVY9BQKgnvppew71pTDDd,245783621466649
tz1bNLPqmLVxWF6puxbFZHU1yCJLiCZmHH2E,73563095171920
tz1ajJzH5YBGRuXnU7QDJzY2qVRGcysUbxJE,245738482018571
tz1YT4u9DnGFiRM8AXXACY8LWuV1rW3A2hFb,13004538782034
tz1QppHuA9TUoFN5Ek2ZSmRPdU1xQiwRSnPb,136833826797066
tz1fne8nhZuSRgzaQPyaomKQcFRfthyicBQc,245737199270904
tz1PGFWJqZhk5BabfqxfYixpVH9S8vY7NKj8,1570260075
tz1Uva3ynPUXqpAsWJ3CxcXVPG7HEXB19rzU,2511089400515334
tz1cGZNvVyHrKgbRu4b23Nw896JD6GYhZKQm,2506952367272982
tz1i9THBDe13YzhSmcdpcWKJrL4raaJ1cpN3,2502825556694031
tz1apbBneTw4Ap2kdmv7gfTv4kDPYbR5HAkn,2120566852651916
tz1MJ4C21XhL6B3YptprRWMuL8oeJquUhz4u,1655862571420320
tz1SMoz8tsJzeQPtGhPEjPnanQMvFc5KitVh,137087872269426
tz1XuNQgqT23u9KcwmRLGGQ6w2n6dCE4bmoV,204350818981505
tz1WrZ2Th2eCuq5NuZb8nHXPJUjaBE25Uwgv,1631694350
tz1idC7XEoSZ45sXLwp1ujYJ3yNFi2tkLT7A,860544697088543
tz1d4649CmmMEzXBWzhTgTkFxy9ATNhb5HC3,27690777099163
tz2CrWArLr8eRCj6mp6yYQAKshR9MuyaK3Qu,2788822162559736
tz1WqkwtGV3ttnchD3bqmucZwByduHq8EN8f,167802051216739
tz1dVTewmwhAqfBcAgDuDuF2sPUaafuPA8mr,2610448103164903
tz1ScePe2eXYo1RBdEe12hNY8KrvHyjFhHw6,22176388089675
tz1XNmNga2NyqFiNpmEN66fpySDoGWoKpKXB,60182111241198
tz1dXpsNAWLHVYNWSqhrHCHT6wh6L1fKZfo1,1698043367
tz1N2AezxpvrXzvGaqNVW9BqXxJ6Rcup9M4p,92274975290191
tz1iFKBz9HbJDp6omQGG9LC9bTXF4zKdkJfR,125252094700546
tz1fFCF6FogyPLLjSk3FNTG7gVdDWfPCWVni,1390871991
tz1WUmNdnrv1w75V7ntFSt5kSuyQfYuo2hqK,1585004301
tz1LYQiMSoy34xAUD2NnsJLCTmb8HYYR9th9,126257867166389
tz1VYa9SB4LtsHLWZnJXc1JuL7wuX46orE2Z,4333143495676413
tz1cAxm3wHEUX9tY87sSfdVfHgCWcPCTkNTA,1785683465189777
tz1YrFGJ542U6jpYHpe7BFHxNfa2mb1wpAdH,28608798201125
tz1SPVSDCDpbqigKWVYnbgHEudxSM3BASPZj,22070621779145039
tz1f7C7HeTczoCxoo8oQ3vBDRQTiNM3tFTZu,1079585784409163
tz1P8pHeW6qWzBkgeDvi3bc8depN63r5tt5s,837295303915574
tz1iZnkruZaYGv3dfER3wEasjJj5xpaTtMjN,3686056578532606
tz1Y1svqGfYwEN9J3ne2WLEuzUVnwzP5qoYW,381132547285
tz1YmwJZfEerVMbc8uuJc7xUzE64ma3Xfu7L,249016391324830
tz1aQbe92zZy6MNeRFtgmgV5dV5R4BNTdqK1,236466952283309
tz1THz87Wwo5DL34CELa6psvuH8RXShPmSbc,63892769272328
tz1cgAHrLkuj5NrLmQ6LnELKFKu3i13CokzB,1152507003
tz1eQ9skdokeeUyTc4SdNQMPigjZ8JY4kzus,3180073833794006
tz1S35xPc2sh4kK5hd7KujsWU1G3SUdCnFqp,41473059966849051
tz1dYEEirVkgSnE7eGK9vFUwxWBqibkafs8W,738879039539273
tz1VLGH7SJ4HA6kDXRiHYqVFkn2btjnoxqib,23889815898276665
tz1XYkmAHtkZFjZLdWNoL2BTqUws4oD4H1PR,11032476928035542
tz1dCyFm9jxuhxJEi8UW5sgiS7TFubaNT1J7,13932654708880
tz1XbmhVLdDgsihnVoyn6aTRMURJ87YEbG9B,1351610136372185
tz1Sk1mwyBQkcyrwWZkftmR3Mjv77BEGUw65,281993757367340
tz1QHXGKA8NaCmpZLrvrUyBpYhgEiQDyWY1r,185943795315652
tz1NS4ZXnzYBPJpspW2svbqdjGsgBsGZchzV,9840026257757
tz1LUdy3KnxyyARheKtfcnRymhUq82SKLvyx,5687691607708
tz1LxFeaR3ZNkMRstvhjNeVbpv9vz2LttLBz,1145134890
tz1YRG68NdqtAcsFEwTUw6FsSsiBb5kagEDo,123554398964005
tz1NiraRNtWgpXyyxopRTk2a7Py9oKFdrgkB,618222214346900217
tz1VnXCALwSCihScu984A3dbY6XXLzDqJWa1,1344780407569079705
tz1ZDDHc1YycDdwQezjVDVCSfSB6A1xH3YxG,1125475922
tz2R1iMz3wHEx6Z8dpdPVgb9eTDVh5NdeqNz,1389221682588642
tz1hR6q1QMUC4wLD3izGsfeZ3HuyfJH5QajX,51752932231454
tz1akJUKXFmNjxKaCqcEHmwbx4u86xfHLYJc,75253357870878064
tz1V2FYediKBAEaTpXXJBSjuQpjkyCzrTSiE,196857443054476
tz1Z1xRcvcqPPqja34fWNd1StABUV38LnbpW,25804612538612
tz1egZ7YNcG81udp3pGXPBsYQsUNHB7xAH7V,484707790329160
tz1TSowSJAKRqQbqjspmyfN33nps1op2GodY,2469420329219
tz1VV5912Qp7qqZaQ28MC2G3RQ89UhEdueqt,120504270615753198
tz1codeYURj5z49HKX9zmLHms2vJN2qDjrtt,76168825359849789
tz1WXSxKwhw9EectY8mAdUFXDBHFnPZE3HSG,10759114267006885
tz1aDrsGYyNbiqUX6eTHLe5otZJwN5XQh2kG,164639981837811855
tz1gu5jCJunSaHjR52rcu3n7SgDCJZDLTqJM,539289945104362
tz1SDmZnnzpH5GAfHoeXygPWwzJtHXADpohn,164378779106493
tz2KgCQ3sTz3n3jrU21DveCfTVFgrMnzeA7x,237657649138296596
tz1XT3SAzJh47s5DxMJud63MWnvDftqWFtS3,12770500304132577
tz1bQxeuFnf9PTDRUwu94sU1GUvU425KqCeq,7202687127642
tz1Rb2U9TbEkYVQM412wBzBbMbnqX2r4CTXs,6499448978924
tz1gaTbRLDWJFA8bzcvDtkz8HxN6V1eL6gwL,102866445068135
tz1U9RY2mXmwAaSSm67rEy49N5YE1Rs7K223,107456807652268
tz1ZzEEVRzw78fhsLMM7JvV9CxZUaWGB98U8,349796804738394
tz1RSRuULmTkaXTjrhbFuNkE4mkJLRGPWJmy,1503911057
tz1hHz9wjLaZ3p9sDo9SkqT1t5wxNsK7688s,404742879624298
tz2BzwVtwa2mTbspW1qqdiA2UtctbGntxAGi,40754458746457477
tz1QjLLgQidRchfWMvHa23uhfgdzNKSevELK,31052490155999099
tz1WW1xr4mdTif7jorgVr7aqY3YnnJPSDXj7,292249367703423
tz1coEYWsh5bwhhCsK2Dc1SXTNQs1hWs1QtL,422997865636522
tz1YKkEwEXk5g5MeDzNTgfDwKd589rGJS9q7,149792235871924
tz1PSiE9EmFbQFb7K1cBxPTsbPdgotHLdy9e,458646742616878
tz1hWxyYMfK3h3y7WvL1ErggtgneuNynC1JA,399165843571719
tz1agphvYoUaWn5BjTVHnqTTyYwURTGAZyBE,2937890101797
tz1UVjnYXp5DZaCX3JZvxQQqxKnXaVMYAYZD,1775441275049636
tz1N4Q2BLS4sYvKCoM5XxFAEL1yoEY8TSS7j,149551169900174292
tz1XH15XMCB22rJJxHLsZgVhXA6t7kJnmFa1,791575033713243
tz1NEmMNjFtXgixkdCkkGsEn7k6QPeG1G1Qn,4415112117731246
tz1gVmWVnkT2yQr9gmed4BgK22SrSPjfpkEn,4105094924036408
tz1huGodLQWq9gKTZJ7D2Z9GeymHBJNnXvtd,294213658885
tz1RVq5ohXzWvbqHzUgsmUNWHqin9HRkrWPz,3371096321662
tz1aGLjZZLDwYYSevU3HLbEXenAxwRo6f6EM,955847679185
tz1VLnru4Qd3CFuj33ss2v1feACiaLaAQdvA,2314843491
tz1cj6FQs2Zjuwwf1uY7e7fLQfzi3YAbNj46,1228695567814605
tz1XksiJMYSGBzqZqbj4F1dbHBH85i9jR3Zi,2130295513215799
tz1U6R3G9mF8n9qH5mhrMZjgJTMKAEYb9Uw7,41355118410967227
tz1TtLSSFGrP1796nyd1ZhGH3o1AVitoukLj,59541591370717
tz1QoX2rtnpKq3MxJ21E9NcEKxqPL4dKsEcn,10206337670055874
tz1iXbbzm9Wogk7D2W2qNwYzePbQVmYP6BXN,184074923283984
tz1aQGJFwYn3yzghyRbuWNapzDZjXCEfYHuW,26226099165849
tz1YDowtv9HFd9eUoMZMNjicREmagF38XWyJ,2715394965
tz1MtaUicPHBwrvkwnNwikGFfFWdaPxYAvJc,238889582595203
tz1enSmESCGkRYo2CtDYKhqUHFTAQkpXjYjg,242548141128245
tz1Wn4Wc6d6jieFpj2DJaNEC7HXcwKexW2By,3194582565798046
tz1c2MCGJM3pFb88Spt1cWgxGtXAX38Ur3CS,1959611147650065
tz1ZFS66zDerPgLPnYYEo8YXveudhGbzjESJ,477337280557987
tz1ZrtiLUXfjKsYskvr7fmZk9N277YQcv8Ws,1184444959589331
tz1NqZnVNkS4N4XQqZaTigDQpSs8nc8RoMFW,483951120334861
tz1WEjGgTyPyhUapqCRvwBnHhLCNV38Jr1GU,261441928662400
tz1f2NgqK2bX3LaPgeTrEWgFFqRJgPNzFAYv,405147554567443
tz1WGMbfVnzVSTD8oNgZA8feaYvNvBYzSVmD,292700825113502
tz1MrpnRbw6HqHvKyBE3811uHgJYuvVj2hwN,248035639810608
tz1TkqGsSx3gB17SLAcMAnDgfs53kYeFez9Z,514631452103022
tz1KssAq8Lofcu9MwuXqpvXh75ufZSCsLQun,418061511038969
tz1fhd4k1jSJRRcNVbkMwVzkKEhX3kzApsfk,711255924688710
tz1TRrpXyABLU7RfM1fR5AbFM4g3F71KpKVS,90979792975600
tz1NkGJR1x59KMwfLr2a8bAqDYSm4WeDjeui,317917126213632
tz1b4Y6E5szNCHKZadDnAvdUyBfr7eQoEM3Z,1175006622479395
tz1Y8v9LUURRffBVoJNysYTMzb2NranuM3fd,180531218405594
tz2ULsEpiuozejYYvEcwYq76vDHUEVcyYyE6,29258565928195
tz1PQkArZXKyQjY8gmX9yAF8NEtEtbuekeqP,169460425261474827
tz1bv7bDGmKDPNjX3FBJ5nPG3LWnT7yB1Wto,5841265179526686
tz1LrMXpAmdVrP5daG1dyQnTia36EtXQGhzC,111484393454946
tz1fkdpxhfX9pyAirzTZ5cKUKn7QRoPH635X,578079289649
tz1bRxQfpDiUrzfEyjn4Hah34a7HNmoC8qyN,34511582721263546
tz1YrmdFnmRS5McKQyFsXRrTSS849k9CPdXL,158038726065255
tz1TyTnxshr1r3xEQDsiX3sX96wvfwm41tWS,7861310609936
tz1VFdHcm1vd6qTka7VHV5VmZPebpe4cJXsm,90243599376317
tz1UJd94Mz9pyLzfC8SAZvTdDHUs5qkFvucK,2201605478847749
tz1i3d4DrdmVrQRVALsNrxw9J2UsXR4a819E,33254377520314
tz1ajbUoguHiipVftY865tu8r1aRYEVWMKZz,8788744386258
tz1f94uZ7SF2fLKnMjFzGQTbznd8qpAZ12is,911120507027831
tz1bmKAXCTFwox8xP1uSsTYiSSBt4dhtjx3e,1729547827901042
tz1b6XZn2k2tpS7uh3aHCMZ7J5xTR72ziJZv,1504820300299059
tz1gqAonCuKe1Vg9zNwFhP44fdPpHypGfZh1,443894039987612
tz1fCCyqjcmwNw5Vv1b7yVXPvJzL42KqxWxd,503218551500
tz1Yhe4w3qt2wiRz1LJv6QWsdHavkuLZtA3Q,3432798936766710
tz1eQpFrU6eQjmy2dcJiTeG18SK75yMPucec,398140780255
tz1biyDVy4Zq4vZyc91eJAKi7wYbNFPJTzHD,115019605081979
tz1cd8cN3qrphyJ3n337tcbCP2G5QkMP271b,6827385866376279
tz1MT9A2Fhs6PwsUXtYgVUxGNxHeuHX93sr8,93927112900523
tz1igNamUNibU68i3pwGcdKLNr1Guf5oJ6nu,7940837807445618
tz1Yu1qh4mk9ejf2MLxRNnRwdHoidXqoSqqm,26821497540714291
tz1Yoe8QLauwLiYB6bpDo6tXNtfidrrcUyCx,84766987401058
tz1Y1kdVWiz11sFffcydfFtP6Zam6N2h3iSF,1476418588109
tz1ZPzoCDzn9kZD9kf9ZWg7bybBJdKnw9PMz,424908598565125
tz1Z4HEApoZ8Yum7RTc94Nqt2eepRcHFSqcQ,1764337084394545
tz1aWwVu9MLbY2MiqL8H7WuzJ2g39m67oJQS,196329594797414
tz1MAE9qgpWLsc2p6NdKZbnCcpzKt2QkQSzB,1659387705589915
tz1bYyUrzvViYFF1LbXxWeFiorMBXUtEusSj,1534989021080
tz1chAZukD7QacpWDUJ33dGqeWFvknj5Xpj9,3584189091408616
tz1dDmngL167C8BFXJwX569z8KPoBS4Hrmua,162504180403
tz1TwG24jP7Sow6uq8554A6AUSxwtMQk9sp8,303719467961440
tz1Ziaxoio55wxE9UWpXnaMgRtSN3VBhgGTX,6822240266933
tz1bp3oUKqHcF3BZZQcDNYqsk1nw91Nkr4fr,66921729316608
tz1RYVLebe4eDwGTJSMppc83yugoYXN8G53H,66921729316608
tz1QKxiyYVjjff51jz4RR36SxHsM6PiiExAn,66921729316608
tz1MdzpED8Jx333i4MMnhisRxK4RZdN49AZy,66921729316608
tz1bZHuPEvBTssxpk6TTErngCiqpedPz85Ku,66921729316608
tz1PZ36aiHW5x5HmhNc7gvDNdu8m7NAuZbiG,66921729316608
tz1WUqA3SszNphCmLgiDu5jSNKoGqAuHA77B,66921729316608
tz1NXp5GJfJ6UZoiv5BYykyxkag123G6SQs3,66921729316608
tz1SKjT7gZtxGYZzvwMJPczpnbrgy9S2CGq9,66921729316608
tz1SXKgF1AcPkTDCHm1TaBSx1kkhEEiAv2ZV,66921729316608
tz1hf9kC9q6s36AFnz5VdGPWfw3U3yjM5fd3,66921729316608
tz1ZyPDo7hJ1xyUWg25q7rpZ6kZ7WjLNXPcq,66921729316608
tz1L1CRSuow6DbyfL4T1iCrZcbvULU4Ndxbk,66921729316608
tz1PHJKsafAGux2BN5RbnA9VVnJTLwHyEGKm,66921729316608
tz1iuXgS8GQHX3UrFTeQeDJNRQwTqk5Ky71W,66921729316608
tz1ZiutCQgTEedcG6bB4HyxHksneK2BGyRcX,66921729316608
tz1SevLttnimTvtKcwteXobXLXeotdFivrCE,66921729316608
tz1b7f2dYCGV3Mn9Kqd1rbCmjPLXaEwyHwQT,66921729316608
tz1dpQJYQkWUcBTqx3sW8AEFsJeNUcAa7mVd,66921729316608
tz1Xq2xFYJ6yewPo4G3AyYexq8YbDPFrMnJP,66921729316608
tz1VfGyV1Dfava6M8oBYqmDRJR8UL2FfYoVi,66921729316608
tz1fekve2hE2s2cRwLVMS82tXn4GPcugfCdY,66921729316608
tz1Va9fLvE3yNPupePTdMPX7zF449Q8fjeRc,66921729316608
tz1Wbc68JZxRJeaYQ7BV1WvnytzJfJ3LYFdY,66921729316608
tz1aKbkT7her6XEBY5a5cyzG9sSRQXNdDfeB,66921729316608
tz1LUSKkdCc4h33utT48d3dqqqWuNTHSy8Wc,66921729316608
tz1abXSECVwRTMajFVmUzWXABPaGkTy35NKW,66921729316608
tz1S6SSigi75RbYC2sR4xzTTyxZACqhpcxoZ,66921729316608
tz1fgX3sRSUFc3NYTqj81Z7s97auxMoDdaHc,66921729316608
tz1StsoAaqgEcbx65F1sWQs4F9KzXyycufcA,59631169692364
tz1ZYCUaf3AHvBhVChWL2RDQ9vww4VtQqBQX,59349801934645
tz1a3zH4CyejVgJ8bJL88F2bkb9DKTsVALu5,59492560608146
tz1RPJZCCaXzywaZbUQ1AShwDGW2eqqopqio,11277393777911224
tz1TjQAiE96rYCGCGrbWCzmwhuKgt556AgUx,83502674738320
tz1S4nxXjJiSsn5h8DcUXBJhBL6MnPoyuTdC,43773503996439
tz1QwQdgo79b1b3Uhcbviz66JeNq5NSkLMMU,42076437496673
tz1PmrFyfaJsaoNswcXgc6xRHsimmSVmpZwQ,43827395367580
tz1hkfSmFhSUdaGv6WNbtnMyfBcifEc4ZqiC,41116955947410
tz1Y97DD3qM7xfwcg1N5vNP1RFPPmYFrT76k,43194588161886
tz1QZZJyziNF4YKouMcpV7fNvZAbsxbqW9En,42643468087484
tz1h3iUBUDeP3uyFTQ3hkhHQyTdc3AQxugdc,43457080162386
tz1LK7fLAhbDFMkz3PEmmtPPdMThLCFdf2Ew,43638386524944
tz1WWRakDQcrPLDSdoMSKfxA2quuejwrcdMC,43691919359188
tz1MhPuAFdwmU7ZCFxBPAuHHdyZ87yxDmUFW,43853400593020
tz1NHrBGrp8bExPpFyq7mE8PivPK38TRHV3v,39322207758979
tz1dkSFiGuksdcLuFvwinHxDTxGcaZuMBhZo,43498555620668
tz1aGPrBTV7uHxetHTDrDXehi8axBZjoJ94K,40697715995714
tz1QX6fBCPCQdrLXeTQJy8yNpoxfXcPGrPaE,42500333759013
tz1NdwCrV7Tacpaxu3HXpePoWaYYxndWZb5W,39738469542453
tz1aBA3X3suZiyhPLADGU1vt9EazWNN9mpWs,43584505659744
tz1S4exgAjybUiCXdYy93FFq6UiVfrxk4i69,43880873425793
tz2M8wUVctsHkQq6zEugKTgieYbdzEuuhpkc,277520842775213
tz1djbv9JAQkbn8uQqXJEmM4ymxHSqmdzGy4,3365102044372517
tz1LXcSjjWHCuKHaJPAvPb18goJhMoaLgkaE,1560752858656
tz2Q7GcWsdAV2krjJDmEz4CNfcDfnoREZDeT,72237860229478
tz1h2AzE3kDAPJYZeJ7rqfojDHwZECie5kyh,4093924110181445
tz1SJsRzVgciEYuGiRAxJ9S5NFFuFnomUgco,283226592
tz1Rpm6NShycycR78Gd9iEtHVPcaUsfcTqcy,49354329358915
tz1MBkViJxtsnZ8DSDxJFCR16azpks1uGgoR,6805243405112
tz1PPvPurgxkRirjhsih7t5aPveMs1ENt74t,4900514806797
tz1UChaj24fHGPfNn1aqABNBb5WWGZ7RfMuF,64910659332576
tz1f5oxQvEXA9m18aiVGDaVs5At4oZdrR6Kt,1035818111392
tz1e9jhSiUVy9vD7qwnotAVgxy1rpjqGJjcU,19541022730530
tz1KwuJDP5WDyWWe8REH6RHTUJ1sfkJrGBL4,19350405230930
tz1cZDhWdASeB2Nk93eT4mCAdw4VvnMEw9Sa,14192101760447
tz1Li4CydFSpubMEDpKiNZ7NoWiMSgJJcqeA,14612375611506
tz1P4owaJWbeXsuqGSvggi3imzR2mJDpyxTV,358496943167179
tz1PVV8i3pkUJC7FSNVQp5fatez52M9QLeAb,519661205250234
tz1TXXmPc2fsvzzRwdQmT3W9iEfWygty4X2Z,570990502516927
tz1ZZvnqtcmgdf4YKFTnVi9Cg1XEiueLCmBr,5844950244602
tz1W4jZBoLM2AGZq2ptopYBu353rRvuSh2dK,1163850895707235
tz1XpqxdnX8JwzcLtSSKkiemic12U4NkCbkG,415536503187480
tz1Q9Yyna7X9nxjHe4dbyj8Qk1ZuznCTch3a,10382841262334
tz1Qg41X8F1dZPVZmc1n32fxRAk1WEgg3qUo,519142054416
tz1MN2zesLxjCfB3K8LUBf6rvnXLk8Z11hm6,12356561728615
tz2SFxhkao5Kh35pbg3mQxbTvKbEbXPEhGds,83200561795991
tz1bMLmaYWNNJBYUgPGsCV2C3B4CixzmnDk4,204573258671817
tz1dHJmULw6DQSKAWYWpDXoqeecE4tG216yP,61109623282186
tz1TiKTQkyc8KupyxY5QmPA7uf9xmhQzXAkq,67023842329316303
tz1XUaLk6Y1T6PbJzfrmfvem29cDNp2dnSDM,28552813467465
tz1cLB1J9PtkoJCnH3ovrn53ZWddfMbF2PL5,155742618950836
tz1MhV6pu2sFcSKZvevrCtNRcb4yszVdVn5b,313156470825
tz1bi7iZyxPCGjMUQMiouiHRxQwveQjuTu8b,329641640322603
tz2PBAJo8zSWvHXh7Z2VineRxPP3tn27JPQf,51914206311672
tz1duafqHy827Aw6bbFNVqUbpxphm8MSecwU,435556546436023
tz1VokTq5w2ngWQtfwzF6pyB24Ro6C692Wez,285528134753745
tz1XkMZQCCAC1d2YCbHzSySvaiGU7fv24gx3,5957301388674992
tz1VEbcByoqdaTKar1XRpada24pn8D5xRrkw,3567249725256
tz1N6Rvgx7tFsXkNWjHNdwhDLLg4oSoFeMAU,416352091418904
tz1hZ3dazpeour6uTQCA26yzohhuYgesjzDT,77827181458927
tz1XrThJDztPJoJEKbYXqaDxFzwp1Adbo1F8,1197341246887
tz1YtUbTURpWeX1CzHFamxS7fGdaKwKKgMzq,108110014399283
tz1NFiJUDasUpobcXVdtKyBj5eDcdmjnAPqt,48722062102
tz1SqQoCZfqRem7eo2HtKHSL6zbdoevxc1S7,935929553362
tz1YcRfmH4JsdvLzzijq1mh4FXjoHmh2ANEQ,519142054416
tz1ht6fhcHXknEg7jE9nFVU2gXUD15cUifUs,829670217805028
tz1LxkEN5DUeU4usSqobNqYmvWa5VN1NC2B4,598670623443
tz1d4cbP98Sbni6mxUmvAN9vufMZskSv3F4K,62694016594818
tz1Q4mLBtkz5CbKcpLBB6shR8QUzcMpphNrX,96588754659916
tz1TreKYWjXdKDaKCga4b8zobDq2pdHdGZuA,453190432304439
tz1fwd9Ub1AwXaRNLUfdDCtQfWyeq8YcJvCV,363846452074363
tz1Qor64hy8s7jH8ZQkMoaYLiS6NVmkeSBbY,651684101098067
tz1TnjxYt7dKGzDoFj3j3sGudp4buKFEg7xF,206657726929502
tz1ZgEA1VMzNomprfSrZB1aM5CBqi1nnCqHF,76685224354668
tz1Mc61yajNASzh5KWZFtYs4i7EJbzAxQC4K,94954224156165656
tz1PqercEyjV2AgKpNXgxeWnxgbYu31fw6CC,142835523010501
tz1PzXjyPchzGUGH9yXLTgvyhhakFnyYDYge,2436103168387
tz1XrwX7i9Nzh8e6UmG3VnFkAeoyWdTqDf3U,69781048238087
tz1QFsmp3jUZXxwmwTAL6fYheo79RreoZXPV,856844912178781
tz1PsF3NELGCZnighkMmr4mLkCzbkoVPdGSS,66016349853168
tz1SEEQNGjxP3SC8biDWMMHwgpYk1aeiQDyJ,4515471708285987
tz1U3YJZ1pFfkaUWZVWv7FvNyiUi5vKYG696,58449502477662
tz1XmqF5gnTjgE6Cxu5CzaT5H7vXiFfihe95,5191420623258
tz1USBJ4HRxuvrVUqaxALcdXaRs8AC1PdYjM,202738978598123
tz1ctD8vJYVazKJbCKa7LUVb7n1cEmfRQpe3,24361031731326
tz1Zvu2PkSnZAJr3seWbEdt6W6KYWUgaanVh,8898057131463
tz1ehz91i7CxXaMnUjFDWBhr5uVvr3bVkBxD,1967934729206680
tz1cmp13ABTtQ8dhVazH5yWtx2hGZc42ywaV,2086369735092801
tz1LfKbYRG3fWd5ccbmsq9ykYJQekZEouB3y,586391203693469
tz1P1NgMTMvhHi1amqUZrQHS9DZSizEW3p8w,14612375611506
tz1ZD5nQNtzgTzZxHgxgFuGo9CNBuGJHVRXu,481261172642032
tz1QDp8TCD9dJgWoszxo77K6QukSTubjqd2C,19829879829267
tz1TxrHpaBDeAG95HkTxx6D3d5RVwb91fRJY,9335536555912
tz1U3ozNjAw2sguL8Pn36V7tX38aSYziM9Fs,79854539986422
tz1amoqk71y4tqnZxRWGcttpK47XJnPx51jB,10719753641611058
tz1ZfxjoBeGkRG7zLgyH6gnYVNAL9KQwRnCB,29224751238831
tz1Zya25zMcv5a5UbYyLYVuES7SA5eWcis5b,1394122819177348
tz1YHWL72KHVVRGxPfEA2r1jtLtuCmjM4hgW,2102585398460672
tz2MBb5FxZXzhBuAPmY9z4zYTF8NeWPEkiV4,8474717783861
tz1dsvBGt2bDoMMxagnpHf45ehgNtQ6ctg3z,2240260208078025
tz1Us632Z8mVMLZqCs1FXuwyBEBe6o4KjHzG,87615178819632
tz1SWd4hwQtHrzisTLp6vydczMypKPnxBFTw,148626446764522
tz1day3KgAK3ZEP3hN1PaZiAPpbnGD3Lb8Kv,3094065164234578
tz1LCPRSFPJ2kaqvj14SWo2VnxPMTeCVVrFn,779419137528
tz1L8VQ3oi6fCbddWYxCoL1ckjFK7wBHdT48,14427807732686
tz1Mf4iUxRSb1NhhqdB2oNbo9rRekha11MDH,2505065150428
tz1dham37JdHm31Lf63N3aBqxJJyhcnGA9GQ,47645926511124
tz1NATazbFfnypvM7q32nnFP6m7aDXrtCm1g,18203535711
