Address,Amount
tz1NRbpmTuPEFCCYCqCr7i3hkMRDRhBFgmxz,11612997935260347
tz1RDbEW7YUkwnnDdMNieSiF6kB4XBws7QSg,64179252747017919
tz1eqt71cHna4YgyNg3ao6x22xU7c7CZXxcf,442182324618411
tz1SBxNvpDFC4bjW23CtQfVLqN5cBATVf68B,46917010743575006
tz1Rgo7URug42QnhBM6eLy4MWdfwn4RovHy6,10095726635128265876
tz1YTQ3Lys25j8FhZQY61eoYErYUteSao3ez,21149177999753442
tz1R3bKH1seset2h49p4vrZJCEL8voJgSK2G,3524421404039153
tz1bdRJkGkNQ7homh4PTnkVM7xzVWhuC4EMm,1260823199143474591
tz1Z2Ne4ZHxNPuCJeCcoykHVXTqhVdLMD9gV,3071086690231186076
tz1Qji1NnEPj4Cxa9s2WEoWi9U9KM6a9gdDL,318181541446248341
tz1cmanHzitf3UgWgECzLpGUKpzEfmGZaFsw,55529558423793019
tz1eZFb4bNMMdveGT7BPcktbYsurg2e8r1xR,49964929255279
tz1RartAmPJhFsL9oAhZndSL2G7KCsaQqqkf,21068635971935249313
tz1MyqKoe43P4Z8MfHoXVBTrohgcbehp2zLL,328936420161158481
tz1SRcMg9GRXi7paNeAc3ARn23mS3Z5dXa6S,24699829452487850
tz1hD7VdzRpWG3nmYpCyW2gNc8mQNs3TCgxu,363734401815167
tz1f38MX7YT2Q7MAq3mDdj75GTN7vgqV2TfH,137948595404017
tz1aBDeNFooBEmBXnWDVgLknNMUHMYhHVcRA,2567113956630450761
tz1hD5k7QW9ChHCgb2YLthKFirKDYQiNPDJz,71321284292610924
tz1ZL7ekzieKxwngCCyjsCN5qhu1ohwJQEBy,150976758634819824
tz1enbGpES1NDr2kTaocDhxvMqtpMy4ruhW6,60072843927350421
tz1ehGMhxarDhwppx14PX1Y3eqbZ5W9Bc2Y1,14936871597983268
tz1LN3wPFYuS5fCnodwxT94xVFLPtcFHvcHk,914942757245189
tz1ed4brTwpFg8hFUJSJ4HqnsC7sEjVesMtb,419879817276684735
tz1QJE62jTxHis7kZkbDT2zsYZyauNDNzWg7,186816603957258637
tz1gWt7kUnJtGXoT5BYzHVa89qGp6QVvQmyp,1170206713859803088
tz1epR6pJmPaJ8vvzNi6V1T51ccocX1Y4VBb,7640324269894306
tz1W19DveaP3mW4WvFtdVdqGsWwBL5q1QDSK,1550725091744609977
tz1esdEqZC5Nz3HDFseHvpH6SmQJPocxLzA2,76933224434811933
tz1XyTsb9DwkPru3eU1Cwnr5JkihEi5eisHo,5898669221813236
tz1ULQQ3S4kFLhhpPsegiMVFmXx2G6ewmbTA,763290464145895906
tz2Lqs8WFf2HDG1RoxG3EAtuHjDS27XQANWT,21132811449121
tz1LRrXCmELevk5znmVcYD63TChSpYh3vaE6,165638644602799
tz1S8GvdiWQghwPMMzbNvRh66rcfmhEA6vj2,1606789361685385851
tz1N9qzry2ko1gwTK6HKWamZZK6FGx3Vr89U,3407359646267129
tz1M5swezYMnDaim71PSeb2cPFk49ajrvDV6,96270902284596538
tz1QQ4HyGbCZDmQxeVHoLP99KLyfvGvyX21i,1943301000961066591
tz1WKygtstVY96oyc6Rmk945dMf33LeihgWT,308863270299038206
tz1Rux3pGrp2KpZUBKvg3VQ4edRYVJsapr4z,36336681220139722
tz1LWMmDzH79xyu6JvELrnvWLBBVjZg7TnfN,1110070896643019118
tz1RfSFe1dxP7wh1zSffEnskgqvVVWKNKZG1,5085195937923449
tz1czGMShkB8ZtCHKHeCPTY3CpuiCrjsGJBy,12208993474270043
tz1UQ6cQZef4MuskJjV9g8pXNZa5s8ff1oQy,133858725029743850
tz1dTmMLY7tan1HKfW5e3KxJcfZput6UuTH6,230321463568310
tz1daKxrqyoFUCcuQj36BeMN9C1Ytmjg5p6n,216075386249915038
tz1YZ4VZCRPoiDyGP3U69jCq2S8duDUcRjHP,15439180376469723
tz1L5rXu3RqYBjZzjWXLaFANYZcwS5Pb1ZST,228064613176561650
tz1NkFRjmkqqcGkAhqe78fdgemDNKXvL7Bod,173679981771533035
tz1QkQLtDkqpw8VSymi13A86jh5iaCeMriMJ,1230874880558291000
tz1h6J2pn9X3KMghNHZikrh3PtEpgCcRAjHZ,268276264881843607
tz1VCyNit49HjTmz8SEgeL67x4BLuoTaeYMy,1604709398501830552
tz1gACjUSBkWjqWv5ZBMRk6G9Sp8xNAYgwYV,98567238701536636
tz1ieVZFcRity1eybQtgUyGg8NLEYWNqKtQe,45815474346378185
tz1T5GmdYXDWwbhBrU7RubT7Z2dmz3ZmKwCE,823569625737032630
tz1XLpud4YtVgwiAJezLKUsAo9K2s8n2YPqx,23140718558616
tz1gmajxhmKt22CbcsSA7WWXSATgbuVEmzTC,125241075157118281
tz1cfzEz3R8YKMqC2rbKnr2XtpNjZxH6RGdy,22435596856758992
tz1hR9eQYNNTZ4VGUeipK4PHtyyDEDmQ9dSf,489962368532177134
tz1RxeY78zE8hNJbqPypB1mTVyTsBRmPuqry,65066600570106126
tz1SBF19iLiCc8dNpKe1Ym9juSAKaTPyeypF,69015239518451
tz1X6ADVxP37XjYppBHMLVRJQwmxA2YxztbQ,6738825933417746
tz1T1u1CET7ek19f5P59vCdjTNFWAscYQ5ct,242936365459671843
tz1V9qHfFxixcXJKWuEziUqvdrQ7BWpPnWTa,327267641983801500
tz1Lqnwap8kKynTpefqqSH158i667Wdg8HVA,96155011941829616
tz1Kp19QyYUnXuE6cxuXxsfQZbyqv5JtKPku,36240549860
tz1cnojsw9qgMbdpgPeCcWPf5GX4YPvd4HAh,286227423705390939
tz1fbJACCskangcgy9xjDSiEYgh7CUmSo9oc,11574534863684952
tz1dKaw4xdNjfufDSLWRxumNBwe2VX4mxXyW,63565897475730304
tz1RJf644pa7QAZqKzrPQGiYQPyubXarC4cv,3032241170901660
tz1YSwscBZCf26kSPvqsnUdhnS4XQD6mAjcz,2866067229467110749
tz1iCiA1vKmgfZbY533ZgMwFKZ14S1DQNooQ,12165884215819683
tz1hNGWJUFPFV7AWLXvxGzJVEfCZ8KJ77PJA,47049521486865850
tz1Qm3DHkV7V6peZPyWe4rv6aToH3nRmWEH7,19591292692591098
tz1KsiwkQ9pyrt4Ra7QrAQp5LQJCGxHQrY1n,77711687396401
tz1eKTUc8X17nVmtVRtxBcs3hwUPXWuqP2AS,2269274120669877689
tz1hXx6tvTV3kzxpBR6E4hDYcxdgcRGHUTFj,1501860624
tz1fkZtnjNfQHtEyUpyX9Tqq4RrLKx35qBxf,83478075632143804
tz1chg2T1s4DTjLqthPc49HDcqkFHMwdSPwb,262875655919145062
tz1Uzm53vPr2Giyi32yT9GUvBErKqHPBjvQL,217384986320716
tz1aR3nrJgUyU5B623U9s1MtMsMjA5Wz5c3G,501337380062257419
tz1YaPLZuVmZaKB69BjJXKUDgNaZrxBR4Lfn,13970612083755841
tz1WNk2o2hJvzjuZRNmZQwjLQuv24wDv1zjU,39389690398192
tz1QmBcwm7RH6swEYNpsZZfAWCCFaW6wugVT,1178742920769295257
tz1LxqBcvRbZhp34C2ab62CMy49wFbsQSzD7,6793995811219301
tz2Kmi3xEnXk8c7zqWSQqSSyfNpWt6ovG38D,1397884048362422535
tz1LgePVXLZYNhHoRQ6KgHfQjQ1uq7JJPZDa,10887663760298256
tz1gk77xzDAG3sif9eFvsqUnzaGh4MrzaCp3,573323269932598296
tz1cWUkZFBZ72Yn9desxcgS9KdH4BVfqd2ZW,280986305816686340
tz1a3LNYNZTNN2SLMjWSUc5jtLWFvZ1kC7BR,6036861704894185958
tz1SGPStfd9v5upQUxRiHPC9666X4FpVAmK4,587711887024821
tz1iF629Cc91SJkmQRAWAm6nYavf7RgpAqZh,527253795244132
tz1WHGwmdEr4iruf4v9r6bdHgzC5v8SKYTkV,31119020140136084
tz1Uza3jMhipiQMtmeEidizjbSqnqZMQyRv7,15809249218332
tz1YqsEWdPxBmqVKsJircrwBmCmZDtHAgHzp,7840823953798911017
tz1ZLMaECyswARea2bTsBws9eMjgUm4jG8Uj,970286887680997743
tz1NySiq6aHysD6Rpu4bYhFaVe3ASya2qB8D,65298288037824654
tz1USU2xSWb7CBYGJYat2X7An9sr3cFfsLwi,39860986996700657
tz1aoYg1xYeEdnLrAJ7y2r1T3aMBCyms6ppJ,713096810837308
tz1WxCJ3UpzyWsXmmkE1YjYzbBv6jXYkbFYV,47306326659359295
tz1fq3tMpnnsZ944DVxcJqsVNGsWTPvqJzvo,40653061278651145
tz1PrecMTmNArbdvQxtZLUVUBT8rcC86dKZC,1301145500904139
tz1Q1LWn8wCK77L4xetjbH3Ar7sDaSANezZx,9091171100904248
tz1dugdoeZULYPA9phfkpofrP95rFqhZNXeR,96343379611087
tz1UecmgMghaWovhh9EYfqTrK9gTtaiMtbzs,10496177415776
tz1gGwXf6Ggkv9T4jGmp58jUMU2Gh2vYjDyH,30696305795677302
tz1QjPnpmqAJYSfDtDM7uTf5bkZDNY7eBECd,105978744453074283
tz1aVZZd883FwyEx5g2o3TgQ7pwEYi2f6apg,142704518874374004
tz2MzvuRU1GEKi9udpqzLpGYfDoZTiKZ3C4C,356671643632692380
tz1SEox4m6JwzUjLL2daQMKU7XDrvsEukR7X,6114330545639789
tz1XJqUrY2okTwoJFgHFJKQV98tsn2oC6Twj,29443567412028538
tz1VqXA6L6hPEFjvsgWv7Viw4xQn5GyNszzy,2849879805543748543
tz1Wf1Lqz1yHm27P2RQJAVV2CMxnhYK4bBGc,105140276314683506
tz1cTS1WwovU7SC783xgJxZrzr151mcshmNi,8118457979505010
tz1f4Z9FJfgStP7v6Rj7BMJnWJ9Mb1NdAGsS,113058420948294
tz1ersiy3MYVu89DFXvW7Qb8AM6LYptSsoT7,128998655988124641
tz1UFF5DSDDtk3fM1ewaLvVG6fhaAeCdgYEt,9915602176117790
tz1dcpUhXGeXexEXispSpfv7CeufoFnV7AAf,793123917705050997
tz1RKRhkvC7MQgKfPejvNaHGshWUDsyJKZdT,468170773556451986
tz1SHzbhYsbX6Uk51hJC4JkjgWM1gWaSwBqQ,25975365204448765
tz1NW1MMFL3jytxBjhx1qATMJyY47vLBMa4p,11688097697291155
tz1QRm2TJKnarZ9tbL5CNjN4Ltq9pJtytuk7,34608092660
tz1WJpBDRGfa21un4yQDKTGXZw561nsGg7Qe,720370648334993
tz1UXAsfFeufr6p2PafNr2oXNrTDSdtwwdgm,10497366628197755
tz1YPUNi7KW28VxZNEu3fNkRkJG55G9p7wsN,15030686431986
tz1YpusrSty7ULz7w9sM814trSRmM1aNbmZd,532737531729709135
tz1cuj9Cgi19KMRi83UuypS89kXM435qdhmy,1274130690494548
tz1htwxBMBFikeP8SnQiEQyA9n1ryDrDFyLK,6529830828029394
tz1XTyukKgkqq9P83UkV15np7EtSSEy4kAeY,6688281368341898
tz1WMFtCLLeRiayH19ZiaErKq4Zu9p5N73Sr,183937030897127
tz1RFUjzPENm3vF7quaxfELQCfNTCSjAsFdA,64374091330012824
tz1cLd3gXJ9Fk5c648hRzFvTnGfT97CxcHrj,109609085509468088
tz1Te5JR7gzDBwtZLKPWSPuTGFE4JX21vVur,2518946759347
tz1YDRhXyq5ZHMoHXJX67rHSrUFTqhYjFo86,7541827382757627
tz1NGDuYTuuB1geX1K5b88cqa8JinFLdd3d5,32649269914011663
tz1XykUaKpskyp7hDEZjmuNTk4gFU58a46KC,3745720746728460876
tz1dghYwdzvHc3tYHp8iHpNUSpmAvvs8Zjs8,1615549109441891870
tz1PuipWs33aqS2KSG5k1qQtC6Dff1P1GBmM,24438895442146142
tz1ZNxMa8XsMa8JTv776X9iCETcNoo4SY629,14264658616427781538
tz1iAAJhH465Cf3BnsKQ744XHypQGY1v7Ps9,33302126899
tz1a5QW18ULwjJK71LSc7UqNGgryrFouHzf1,4768453267837962
tz1Z1ZX2B98nEAvEnLXJBCnsJ6K1GqaSp9jK,23476368267250932
tz1enT2GWv7U8jyPmmoVb228u8hvi6hJh5FF,61192877262250460
tz1gVon2mQhvutR49Yd5XK6k4ypwWfFjMZtz,25596928910
tz2HSz8b961xoDjDLy3aFGogvW4HEqXXdcR6,33530474041690682
tz1eSGjgq2NmLWnaQFQxafXK8ZQF5V7Sz72y,2799493375570753783
tz2EP3fw5CbUUgJdx4c3Xono8Gbc8PLXGRM9,49374045074915296
tz1ZhteLTqobRVCYsPj44oFfom5BJ2SdGxeE,50436100050818886
tz1aRF3qMDrbN95f8dGYTKPaey6J2qQQnk8j,16434464532540420863
tz2ALu8Jxf2SMgzSZaZEwfiJQbogpUDPStwz,32910337171
tz1fCHiWZ3ReGqvhxkMejVzcnXYz1rnsJpow,1340802895594551297
tz1Mdpj1npkpaxPHF2wFN6oX8SovVPfHyXSy,16308919381081226
tz1L1i5BVehYJBebCGvPYU9kZYGKBELGUJGH,407693333208834910
tz1TR56EbNTEEDeRrsPzQzoyvwFgZT25q3JR,22604145992991312
tz1XbQgDFCaT228TPS2YUeHHfpVqGW7ANCDw,9947205479554
tz1S1Aew75hMrPUymqenKfHo8FspppXKpW7h,2737107276139883
tz1Wb4LakUUYuFuuEgXXQrNZuBD49Trodhwx,25802667034774424
tz1RAfKUFBX6P2jFkCpzLFntju7djjbtKAKr,965042979891896223
tz1MiQ6euA3EEdnZxJ6EPwVsHzd6vQ7AHJmU,58507266081
tz1UFwr89hcJvC4sNCYK7zSLcaD4JW2KkNYD,274692139351802746
tz1TiJBTfVoXxregtdgCs1rYd55APXSAmniz,44794625593
tz1ZPSGxrrPPfrmoGJgpXDArNJfNNy3qGvE4,22507251410750995
tz1iQ5n52oSKgdtdYtqEJgKmQYbL1nn2poB8,611226122663697245
tz1gueZ7eL2KnvxqWudHjoTH3ZPiUCmwNKR6,75953832847175507
tz1QxepCwQ45EwtcxkgXZezHbnidvK7hUywy,412146577787301326
tz1WT27PugwGBtre1hsj6BHmbAK2qQsVbRDo,101779959022467804
tz1fL2TsQR271w84MXx3qFD7y4PZ1F2mpHFA,834883274973
tz1KhU89QWZuuhhnDD1paFp1jYMdpJLh55im,151415169420204580
tz1QQyhTMAmNQPcSGkM7GfDva8hmuFPAxUMB,101134626479675125
tz1htnC2n5n27PFD41q5X8bDvDcjbGMUS3f5,1657355340945288003
tz1PoickddNEkRN6qp4K41u4KUW43vZ1UDvF,3361187548575481
tz1b9qYttBxHzoEseqabgvQiCxafZzkAtH9G,714057845489563886
tz1MQotPcNdc9R3nWCTwXLMDqKLS46WqW7Wx,258331666505687345
tz1favSqpvTLtedjTm1UjuEmKfgm4o9kyLd1,582380151557286787
tz1XYuybht7U1RVsUip7H7S31fBDxpUgpTXP,30559598801
tz1WHUWCMqVqq5AagGN5DrytqWz88tYgedUr,28225512694707770
tz1YJvMiZyXnzvV9pxtAiuCFvaG7XoBZhbUQ,144071716372869407
tz1TmSForCvNii8rmwL6q2jgicQfqjNFtj8K,290297846261760298
tz1eoqCSmqPQtTLs53Rj6gBB14eQh2aHWVxu,5828928150743443
tz1XhZUHsJAFp4FHoeeQQ7auVBk5j6xoUKbS,7890508587770444
tz1Pwh2MBs6q2SeLHiko3iJpfMwsDV46bqQU,1477763936794676679
tz1hLWsybqnJtQRFp8skYy5aZLGNmL9bMUpa,158198301383994733
tz1PuYitvGfsBm7C3oYAXqNc3t5wNhWZj5Dh,140082405095501056
tz1dbCAvra65bwTVk5mgkYUHUGz3hoKwovZ8,47119651919538469
tz1T5NfkdPfhkXzYx8akPkdznxSgU1Uf5jEG,118257214219282991
tz1PYqfNnkpZydtSY2Tn3Rv8mjkgUpHJpFXC,328639387280978657
tz1WidyAU8wuyG25Pd7b93bcx9hMu7W9Pea8,3287429623436265
tz2Mz3ovkZR2HyC89CHHSdsrPya1mKSmLWfD,22797787915791003
tz1ae2d1BJt7YUqaaec6Xenh3mBqS7VjSZtK,20447208113424758
tz1g1vr7gbU7kwxVqmbmnovTGtdeRxFE6uBk,5355577226677164
tz1L1XwcVmD2z4qPfLtBJ6RPThgAwLcXG6kW,3445644587485666
tz1epFVHmqeWvvkFf2eskwhQ1AY3JwWd7Ej6,67910221322391417
tz1QRcnskFh7eaV7QdEnjoYdDfrDqHgmmrvF,176620109769517821
tz1XybkRZWjLx3hwcy1hQ7PT6FWEhpHm1FBv,17270967715114717
tz1XcuwadWbLKkc4mDVxRo25dbtwfEa7wf2c,121706152517715573
tz1hvRvzke27MGtp8CsSvsafxyyMWSVYM1ut,6159949661326701
tz1a7MJ4HMNbWDhKZAqrvzX5P6u2E2mJyJiV,235634533027781975
tz1WeLuPLjUs53Yr1RCgq4EQ4d5SvV651Tqt,2313041680752775
tz1Wo716Gggp5HfupfxtPgmYu23rDQNcLcD8,219203111731854030
tz1imyQrFWHyTp4avUNAw52RxdFjU3HPviRN,60344351335887023
tz1isKR8pS4pdgU934K1S4UpLsF56ECJNArh,81522797015989943
tz1ZVoeS9T3H451BgjTe18pM1q1LPd2cgB6Z,128267373532486
tz1eL4fYCgegW8tLCbQ1mYiKY3TdDxWnnKo8,130901364127948435
tz1Rhg2UDkjgLhemdSMtiGVGRmzwVLVaHArD,16255970803412809
tz1dPHDXSCFo8PienbvDMyCKr5DXjPMrZkJ1,108813434619697792
tz1fkkxXSMtSQew8F78XdsnaC26AfsXtsGiY,22884317485096310
tz1ZuiTWKXKqYfzFPaSaAG3Huf9QM1AdZ1pJ,83323908528930006
tz1RsCndtupuxe2U3syGAdcRBzpNqJZ9ANNc,1740435281553363073
tz1MrZQhiNiHK14oEq595DLsVQ9wC4Nv2ZXW,10424341359569247
tz1LJQ6MPnjGekNAmhFmkm8XWtM6UGx4MyF4,398309839078311448
tz1hmxzW7MuU8HeRoCFPGZJnavGf5unqgaph,239412304754802445
tz1Z6QqrAbEAMDLsis3v6b956sfH6qLTSEex,872717169980009
tz1NnBgY2ze24nQDpdY72wb1GVsee1UfAT3d,8757782427161332
tz1dAW94vB3yYfNPE4LM2txBT8PQ21Zq4Xzf,19589491504613863
tz1eeR22tmjPN3rGDikEMvpe8jcdXww3dqTt,65298290192668159
tz1MsfyCeQEt7khed67HHsAidezZ1Th6mjzB,22645084212510420
tz1WBMWCwjuFSsiiLUWKEQHEACNEat2S3EsD,3785717549200352
tz2SuPjN8dYMJQe548bTvSPL1fdStZPXv7gT,4810684661653649571
tz1N33TtiYBQ67sw32rhCsMSVpZkrSHWe9aq,1019789443378177320
tz1QMjzbw5Yoi2zPqUeg2yuv5GZdmXjhh9mr,65299137046165721
tz1ZutSZgCHEzxspXyoSYSREhwHh5g4PM8hN,40876728311
tz1NJS9T6FKTnKUkVNv2g44GHTAhzH77qiYw,132442473072422993
tz1URL5HNuTa1fHqqCtUKXUM3hm6g9c88NgF,206190510486685
tz2M9C5x1KoZGoQ9xEY6fQ6Xwbe2GU1RTzRx,53199649445494
tz1RCQDHtpdcwfgF1Kbbyusd6xhfjbXanhZ5,770457674779682525
tz1c8JTzmA6c7cm6ZmUwR7WES6akdiMa1kwt,103385235537565408
tz1XRTNgXgWmR4PqxZpiB6HZJ8Siz3M2JAim,31010784951522781
tz1imbraxLCQ9TUpnJVP31LS18hpTqG5wv1k,73384557301726654
tz1iDuz9LvybPBC4kDc7ceBoKVDwwzJR7zKb,2002181730586064191
tz1eiyML8sHGBL139FwJQJeLGHWAFtDqPz4U,6529829130273905
tz1YQDCB6Hbn2ozMyS2kf6WPJDeRvJtmtNqQ,116990522766849728
tz1eeNRXYK56vgSfXHFcXorubcaBBCVpUY1Y,42052097496
tz1TQw8erN1a2LpfRSNMExicRXMveBPbvTKE,12120501255294
tz1gaRjULm9qy4D83VCvb4ABWLKpz4XXfqjx,31647816712077066
tz1hAZNx3LrRKFgfRytoLNVGhCrzU1uVDUHS,103259662811945165
tz1gJaXdi7Gweq8TUSy9knB2wLjioTKy2tZF,13578292982307771
tz1PoXtd7RGVBwWmmZvxX18NQXYpbNdiwwtE,180710019654735532
tz1RLCvv7wrWq4hTmyKk1zZuZeuUXNViSgRD,3651848164534785
tz1QFk2DJhPkzp2nCN7Thpo4askJjQ3Zw6BU,70164098995999
tz1bRDYJHp3ACUojEeM6Ja442YEwNmcb7ph9,64098211939898938
tz1MDs7ym4sp2FsQhL32vuAnEqG3ARhM9Vi4,69216189172693127
tz1Xy5UM1tC3CFcbPBVq5PjufaxcLjMwfQkE,1877141444020328
tz1RAKBnmd1X43pkkGqywYCRgf1Uo6D77zMx,1877009410881915
tz1cXwKRD6AMy5nhqEVUU23SBxcAMnh2aKLn,20931328618710783
tz1imrUNR1R52GxhP4y6XQCDDXtQs11GarTN,1354304450933693
tz1chab75LnyqBqNwrK11459SGCFQXLg9uyx,34255174088513003
tz1USfPTFciXzVsQL7Rk8HmMWyWtFEas7fh3,75042267505500002
tz1btYY98CWBVCGEikD7s1buWjpicb9kG8aH,1409620132591159
tz1fj962xSPKTA57yWHA43VeVzo8KqdpNAeF,98899404359236480
tz1ioU6W4otB7ebgRZTq1EVVra3vMyXqeqsm,18458158646397013
tz1N8oU57qMgDRr6N9pSbhaiWRRQSxJRPGoZ,14320153605438551
tz1fCEeLBcuSMSittqTnMEhcFdPCtD1HsiZc,333059850586531
tz1WsKkY3TLDvqTuK97Xu4zuVoTb2nsr7J8S,12073380119560052
tz2DsS3zeg4pqoUnRPHxvuRSuQrjDnTZcTNJ,210205484569320
tz1gSGxwMrToBdzLeaxg4Bregv6W2oEbNLC8,606986225157489884
tz1X8AQxtn4KzBwMZ6MZUVFDcACrfnyfYhDg,26902894671
tz1KxARuCbAoiGGesnQjr2pvZa7CzJR7V9D7,47635411682250993
tz1QS7N8HnRBG2RNh3Kjty58XFXuLFVdnKGY,3913926694688521146
tz1RAP1j8SjwT587jyccTNArBFhC9HhGKfHq,8392199775048637
tz1QiZCuJMuVz3aq7j1Bq2v3BRTQPCdTw3Fb,128168515522087086
tz1L8hBVpams2fWFC9kS1sPVxfGY6Hmg5TQ8,18227389589210708
tz1TQSPkLPqXUREhxvYzPbAib6Jz35w2a6tw,59740968954435875
tz1XD1xSVzgY8Qs1id1kNyFJDbv9e9pNMe2c,32651697443167758
tz1Tk1MJDZ96bK85RLAqtKfnptZZyXsJ2jaq,29555233333290
tz1hes6aF3Px3D8nPQx27fdwBKrXmGs1UYxT,189831039729604645
tz1c1BG1PEeuhMFwmonTVSGafehicqbBJFec,5548880309064353
tz1THwbFPPPBHmBu4cmLV2SppLFrA5QfBhyF,26021470059732037
tz1QSwx2wnmrTjEGrid79c4tpFMxjCT86SAy,55844171196856763
tz1RcJYTsoYQ7adtNMANhwd8qf4zApM4i2Yd,138371477780850844
tz1cvrgSekgCqgyc1c2qFPSeMtux6AAAfDsk,846900628550271
tz1a1ZcbAeBEjxYSwuNKxSu6FbFB4dxdL3m9,765284900392626
tz1NZnfrNgCGdECyAhA93TLPTSciJcZBJqDY,3167680891959915
tz1UGuKv6PzgVbofb42VgeRwDwsVN47UpuZB,110307170700973517
tz1eCzNtidHvVgeRzQ38C81FPcYnxMsCEL6Z,59617336978
tz1N3nvFqipu91tfU9s4GXGsopawpwxSoAJh,5369151603313556
tz1LFeLTRQZrgKxbmvjz2ckViRhVw9BZXw7t,1294188716152337100
tz1XuzzMTz1LhqbRPy9uxfRkccSxju3v8Y4j,21365321494146392
tz1MoiwNRQWHfA71aypNk8J9CsKjfmq39c2F,233933951820681985
tz1hhphPmGxL6HEmEjoVSJBy82FMWbFwzNCD,1307646734585450
tz1YHLm7Lq27q3rgVXLY424zQMkvncVvNiaK,7182812663635032
tz1fKtBhuuZiMYhM3Pi1hcP2sjRbstgDrmqX,2101738105342539
tz1XEA7cp83PyiXfSxWu3uHjA3EF6Gdh3Vhq,7065466285571442
tz1UXMLCt7dqbUiJ2BHRhE1gFkdVkmCZYcM9,2302324651451531
tz1iKF8o1hCLaTNZcCJpgKQBQxkpcSiBy5V6,92228225668907836
tz1c2iwyckUCcicx2qxqtwLEartYFEHg1pvB,41984987768512795
tz1PQDUDph7dDCn8pLGXqaR79DiUWLiSZdEf,22070723866440692
tz1fUZ5pMP1gUjuJsp5V631cXmA87Kxm3cuZ,336939168952405024
tz1NVsmLrZX4jad9bNdvM1EskvcTq2LSZhLx,291026927309929810
tz1PKoh9LB2P3pgh5ahaAFnrC2QBmUxcHDJU,20300512417576160
tz1cqoo91JCc6sKmNuTVKNzwUdi6E6moHWFb,86247807910705030
tz1ZGNErBKdYeEPjZuqKXhyTixQTTPn54bx3,2404975884236412
tz1QVUXNoyCfKpAyxDpq8kR3rK2AShuzQxJ5,222789208823116911
tz1UVTMhbMiSETKCxFi413yZ7imF1xeyt3fV,66614487280984146
tz1UAYfFWmaTrQTYMptaGCw6LrXK5Yv84VnQ,354601308416798
tz1hLhGe26gqt78sZboxiwne6zgKMqirRieW,2508758332762870
tz1RYTr2WKdJD1MMV51kN9AoxPnxZJgJ5sqU,3558232091615347
tz1R6mtcAQwBTK9YpSqRL9y2a6JZWgDkBm6M,40746270369202306
tz1Sv2XMQNxcAqyqyyv42FHjf3EGwJ3Godj1,727102988829820
tz1Vh4cX8VutUUUnnjmnY2omSV4F26T5orLH,491295523120813
tz1QGCWjNpYmcS6T9qFGYSam25e36WeFUCK4,39475702516771875
tz1LApX9pPhcDUDznHR5TTCcSXh3m6zPgFHA,3618162477387482
tz1hUY7paB2J5EhD73r4oWL6uZubf1UibHrk,70477395764826077
tz1PWZTKd1zhfuxrixGJoHJ6G17SQiypwe5m,32453249154
tz1V1Hu7nMcgVuMKDEZickAKHHZavLKTB7Vh,34934584100
tz1NKHjwrYfg7GWwbWZ3bvdejkVL34De72Pz,34216302931
tz1RaZeHEiKewSd14gZ7HKfcQ3HaNHJ5tnV6,703838116753831175
tz1aiLrqvULcV2Kfvzt9dUmqnLQnoNXPPek8,637915179611685631
tz1M2h2hPZzov29kf7xcHXrunXb2jFSbfiNd,328137411197269754
tz1MToDUySbYhPabULUyDPPsfDQF1cpZPdoH,49377959468465717
tz1gMfLSQs6xTM2TcLM6Sb2njJ6h9qhSsT9Z,98872035964673014
tz1Mt4ddsTmDs4of6kkWYvMWSUtM8zbGNMq2,30494300513
tz1UNTxRbAYTSBSdHMjoUoYAtLH4MHMUiGwg,6797701579010305
tz1YUJitqsUrFfFzEp1d2RiqVwV61J8aPb4E,37481217333
tz1TqqKqc4t2Y6PTvxeuhF8kNjVn8HpZkKma,47473366340585430
tz2VoUZvPNLyq9bZ82VoDLrhkH8n6eaUoS6E,8957652259260821
tz1ZvbLR47deoqaSgsaRXe7hbgDgwonBicnV,966238246836206241
tz1L8m6MGdvK2WA65wQ7DeVwXVmCS72JKWeN,9135012855704204905
tz1iCJRFVD1oY7yQBap6X59XktpKHJtgCGyS,2222929507798949
tz1bnWUvcfU77EBpbLUQ41c3hCBKovGuqyGY,149434233082433728
tz1STAzkywd9GnKGvJBPL4xWte3LCniyu5ho,43065134483995008
tz1g6cLrzLxNayiVyb7BLsKK6TfwboqWaYPx,16556160213689269
tz2Q6ugZbronUHSk8fbuHibBrBEJwrzgtL8X,13124958376937700
tz2Kn9u9cxvTczP6CjirJnEE1UApmoCzuGPB,36225928072440389
tz1aHfKHR887WzmpA56K2diKDufR3QJqn9iK,2411795407892251016
tz1bdbHUpDrUx7m5g4VTSkjnc3mxnquzRTcw,2795595329463840
tz1NoV2nnTuxavEAuozNyHm4nqT3qtkYUNYW,35195777252
tz1TQJjDtzUWWAa5a9H61iyPZmuKRfX9hXi8,6967520473987884
tz1ewd8gDnG3USrTRJVdbpsyieVv9fWDMPNk,118085006776299435
tz1PwxV2kaHhubkYaRWTnGBvsxXswz7V9GWc,237446518655897
tz1Tpms3fccT8x1pVY9BQKgnvppew71pTDDd,6531064965673309
tz1bNLPqmLVxWF6puxbFZHU1yCJLiCZmHH2E,1954749265947371
tz1ajJzH5YBGRuXnU7QDJzY2qVRGcysUbxJE,6529865501420342
tz1YT4u9DnGFiRM8AXXACY8LWuV1rW3A2hFb,345562031868779
tz1QppHuA9TUoFN5Ek2ZSmRPdU1xQiwRSnPb,3636005552284510
tz1fne8nhZuSRgzaQPyaomKQcFRfthyicBQc,6529831415713986
tz1PGFWJqZhk5BabfqxfYixpVH9S8vY7NKj8,41725606056
tz1Uva3ynPUXqpAsWJ3CxcXVPG7HEXB19rzU,66725715535950033
tz1cGZNvVyHrKgbRu4b23Nw896JD6GYhZKQm,66615784562072594
tz1i9THBDe13YzhSmcdpcWKJrL4raaJ1cpN3,66506125229073393
tz1apbBneTw4Ap2kdmv7gfTv4kDPYbR5HAkn,56348587412291350
tz1MJ4C21XhL6B3YptprRWMuL8oeJquUhz4u,44000271310350063
tz1SMoz8tsJzeQPtGhPEjPnanQMvFc5KitVh,3642756154600149
tz1XuNQgqT23u9KcwmRLGGQ6w2n6dCE4bmoV,5430095246350073
tz1WrZ2Th2eCuq5NuZb8nHXPJUjaBE25Uwgv,43358063257
tz1idC7XEoSZ45sXLwp1ujYJ3yNFi2tkLT7A,22866752833298727
tz1d4649CmmMEzXBWzhTgTkFxy9ATNhb5HC3,735810885629553
tz2CrWArLr8eRCj6mp6yYQAKshR9MuyaK3Qu,74105746398803914
tz1WqkwtGV3ttnchD3bqmucZwByduHq8EN8f,4458906135934159
tz1dVTewmwhAqfBcAgDuDuF2sPUaafuPA8mr,69365916449408370
tz1ScePe2eXYo1RBdEe12hNY8KrvHyjFhHw6,589280239478068
tz1XNmNga2NyqFiNpmEN66fpySDoGWoKpKXB,1599184176480920
tz1dXpsNAWLHVYNWSqhrHCHT6wh6L1fKZfo1,45121117034
tz1N2AezxpvrXzvGaqNVW9BqXxJ6Rcup9M4p,2451969153721322
tz1iFKBz9HbJDp6omQGG9LC9bTXF4zKdkJfR,3328250933461536
tz1fFCF6FogyPLLjSk3FNTG7gVdDWfPCWVni,36958831029
tz1WUmNdnrv1w75V7ntFSt5kSuyQfYuo2hqK,42117395784
tz1LYQiMSoy34xAUD2NnsJLCTmb8HYYR9th9,3354976739175962
tz1VYa9SB4LtsHLWZnJXc1JuL7wuX46orE2Z,115142097374000219
tz1cAxm3wHEUX9tY87sSfdVfHgCWcPCTkNTA,47449926279426780
tz1YrFGJ542U6jpYHpe7BFHxNfa2mb1wpAdH,760204925480528
tz1SPVSDCDpbqigKWVYnbgHEudxSM3BASPZj,586469772933829838
tz1f7C7HeTczoCxoo8oQ3vBDRQTiNM3tFTZu,28687204020835655
tz1P8pHeW6qWzBkgeDvi3bc8depN63r5tt5s,22248960254936292
tz1iZnkruZaYGv3dfER3wEasjJj5xpaTtMjN,97947433754492470
tz1Y1svqGfYwEN9J3ne2WLEuzUVnwzP5qoYW,10127613109455
tz1YmwJZfEerVMbc8uuJc7xUzE64ma3Xfu7L,6616967475518589
tz1aQbe92zZy6MNeRFtgmgV5dV5R4BNTdqK1,6283498543887400
tz1THz87Wwo5DL34CELa6psvuH8RXShPmSbc,1697785330301074
tz1cgAHrLkuj5NrLmQ6LnELKFKu3i13CokzB,30624897089
tz1eQ9skdokeeUyTc4SdNQMPigjZ8JY4kzus,84502249092967361
tz1S35xPc2sh4kK5hd7KujsWU1G3SUdCnFqp,1102039457928279155
tz1dYEEirVkgSnE7eGK9vFUwxWBqibkafs8W,19633802204595162
tz1VLGH7SJ4HA6kDXRiHYqVFkn2btjnoxqib,634810158295234556
tz1XYkmAHtkZFjZLdWNoL2BTqUws4oD4H1PR,293159581258220498
tz1dCyFm9jxuhxJEi8UW5sgiS7TFubaNT1J7,370224315619575
tz1XbmhVLdDgsihnVoyn6aTRMURJ87YEbG9B,35915548628642422
tz1Sk1mwyBQkcyrwWZkftmR3Mjv77BEGUw65,7493255808871387
tz1QHXGKA8NaCmpZLrvrUyBpYhgEiQDyWY1r,4940976131459464
tz1NS4ZXnzYBPJpspW2svbqdjGsgBsGZchzV,261473284386705
tz1LUdy3KnxyyARheKtfcnRymhUq82SKLvyx,151135715118013
tz1LxFeaR3ZNkMRstvhjNeVbpv9vz2LttLBz,30429002225
tz1YRG68NdqtAcsFEwTUw6FsSsiBb5kagEDo,3283139053828832
tz1NiraRNtWgpXyyxopRTk2a7Py9oKFdrgkB,16427658690308137039
tz1VnXCALwSCihScu984A3dbY6XXLzDqJWa1,35734066224547142087
tz1ZDDHc1YycDdwQezjVDVCSfSB6A1xH3YxG,29906615921
tz2R1iMz3wHEx6Z8dpdPVgb9eTDVh5NdeqNz,36914978331619752
tz1hR6q1QMUC4wLD3izGsfeZ3HuyfJH5QajX,1375200513975597
tz1akJUKXFmNjxKaCqcEHmwbx4u86xfHLYJc,1999663631803296097
tz1V2FYediKBAEaTpXXJBSjuQpjkyCzrTSiE,5230978133909451
tz1Z1xRcvcqPPqja34fWNd1StABUV38LnbpW,685690933749126
tz1egZ7YNcG81udp3pGXPBsYQsUNHB7xAH7V,12879857694005244
tz1TSowSJAKRqQbqjspmyfN33nps1op2GodY,65618467583190
tz1VV5912Qp7qqZaQ28MC2G3RQ89UhEdueqt,3202089770409505021
tz1codeYURj5z49HKX9zmLHms2vJN2qDjrtt,2023989815984154691
tz1WXSxKwhw9EectY8mAdUFXDBHFnPZE3HSG,285895674543387803
tz1aDrsGYyNbiqUX6eTHLe5otZJwN5XQh2kG,4374882308729941819
tz1gu5jCJunSaHjR52rcu3n7SgDCJZDLTqJM,14330237490169366
tz1SDmZnnzpH5GAfHoeXygPWwzJtHXADpohn,4367941520742241
tz2KgCQ3sTz3n3jrU21DveCfTVFgrMnzeA7x,6315138237647049998
tz1XT3SAzJh47s5DxMJud63MWnvDftqWFtS3,339343063759672756
tz1bQxeuFnf9PTDRUwu94sU1GUvU425KqCeq,191392808346418
tz1Rb2U9TbEkYVQM412wBzBbMbnqX2r4CTXs,172706070767193
tz1gaTbRLDWJFA8bzcvDtkz8HxN6V1eL6gwL,2733410108936080
tz1U9RY2mXmwAaSSm67rEy49N5YE1Rs7K223,2855387139277101
tz1ZzEEVRzw78fhsLMM7JvV9CxZUaWGB98U8,9294946680738801
tz1RSRuULmTkaXTjrhbFuNkE4mkJLRGPWJmy,39962552279
tz1hHz9wjLaZ3p9sDo9SkqT1t5wxNsK7688s,10754996713963982
tz2BzwVtwa2mTbspW1qqdiA2UtctbGntxAGi,1082944486396881512
tz1QjLLgQidRchfWMvHa23uhfgdzNKSevELK,825139727963035199
tz1WW1xr4mdTif7jorgVr7aqY3YnnJPSDXj7,7765772166828430
tz1coEYWsh5bwhhCsK2Dc1SXTNQs1hWs1QtL,11240075820870488
tz1YKkEwEXk5g5MeDzNTgfDwKd589rGJS9q7,3980341806322291
tz1PSiE9EmFbQFb7K1cBxPTsbPdgotHLdy9e,12187352657799982
tz1hWxyYMfK3h3y7WvL1ErggtgneuNynC1JA,10606801384438177
tz1agphvYoUaWn5BjTVHnqTTyYwURTGAZyBE,78066841892687
tz1UVjnYXp5DZaCX3JZvxQQqxKnXaVMYAYZD,47177766528517124
tz1N4Q2BLS4sYvKCoM5XxFAEL1yoEY8TSS7j,3973936100713759859
tz1XH15XMCB22rJJxHLsZgVhXA6t7kJnmFa1,21034062154087540
tz1NEmMNjFtXgixkdCkkGsEn7k6QPeG1G1Qn,117320201808267706
tz1gVmWVnkT2yQr9gmed4BgK22SrSPjfpkEn,109082295553918508
tz1huGodLQWq9gKTZJ7D2Z9GeymHBJNnXvtd,7817968131904
tz1RVq5ohXzWvbqHzUgsmUNWHqin9HRkrWPz,89578178362498
tz1aGLjZZLDwYYSevU3HLbEXenAxwRo6f6EM,25399183447607
tz1VLnru4Qd3CFuj33ss2v1feACiaLaAQdvA,61510987331
tz1cj6FQs2Zjuwwf1uY7e7fLQfzi3YAbNj46,32649411415401841
tz1XksiJMYSGBzqZqbj4F1dbHBH85i9jR3Zi,56607101440982745
tz1U6R3G9mF8n9qH5mhrMZjgJTMKAEYb9Uw7,1098905465683310553
tz1TtLSSFGrP1796nyd1ZhGH3o1AVitoukLj,1582164015166047
tz1QoX2rtnpKq3MxJ21E9NcEKxqPL4dKsEcn,271207064111790244
tz1iXbbzm9Wogk7D2W2qNwYzePbQVmYP6BXN,4891315683873432
tz1aQGJFwYn3yzghyRbuWNapzDZjXCEfYHuW,696890852312523
tz1YDowtv9HFd9eUoMZMNjicREmagF38XWyJ,72154608281
tz1MtaUicPHBwrvkwnNwikGFfFWdaPxYAvJc,6347873687602730
tz1enSmESCGkRYo2CtDYKhqUHFTAQkpXjYjg,6445090431816323
tz1Wn4Wc6d6jieFpj2DJaNEC7HXcwKexW2By,84887781174895718
tz1c2MCGJM3pFb88Spt1cWgxGtXAX38Ur3CS,52071605245253532
tz1ZFS66zDerPgLPnYYEo8YXveudhGbzjESJ,12684005432335362
tz1ZrtiLUXfjKsYskvr7fmZk9N277YQcv8Ws,31473565785960519
tz1NqZnVNkS4N4XQqZaTigDQpSs8nc8RoMFW,12859751143125853
tz1WEjGgTyPyhUapqCRvwBnHhLCNV38Jr1GU,6947144039362906
tz1f2NgqK2bX3LaPgeTrEWgFFqRJgPNzFAYv,10765749905441474
tz1WGMbfVnzVSTD8oNgZA8feaYvNvBYzSVmD,7777768481541618
tz1MrpnRbw6HqHvKyBE3811uHgJYuvVj2hwN,6590906536972965
tz1TkqGsSx3gB17SLAcMAnDgfs53kYeFez9Z,13675001723089564
tz1KssAq8Lofcu9MwuXqpvXh75ufZSCsLQun,11108904946351546
tz1fhd4k1jSJRRcNVbkMwVzkKEhX3kzApsfk,18899789268473778
tz1TRrpXyABLU7RfM1fR5AbFM4g3F71KpKVS,2417553028722798
tz1NkGJR1x59KMwfLr2a8bAqDYSm4WeDjeui,8447826558219755
tz1b4Y6E5szNCHKZadDnAvdUyBfr7eQoEM3Z,31222766353251861
tz1Y8v9LUURRffBVoJNysYTMzb2NranuM3fd,4797150878904607
tz2ULsEpiuozejYYvEcwYq76vDHUEVcyYyE6,777470824700200
tz1PQkArZXKyQjY8gmX9yAF8NEtEtbuekeqP,4502973143161590013
tz1bv7bDGmKDPNjX3FBJ5nPG3LWnT7yB1Wto,155216536161221214
tz1LrMXpAmdVrP5daG1dyQnTia36EtXQGhzC,2962409830110412
tz1fkdpxhfX9pyAirzTZ5cKUKn7QRoPH635X,15360964141894
tz1bRxQfpDiUrzfEyjn4Hah34a7HNmoC8qyN,917056179235135431
tz1YrmdFnmRS5McKQyFsXRrTSS849k9CPdXL,4199470985354007
tz1TyTnxshr1r3xEQDsiX3sX96wvfwm41tWS,208894026389784
tz1VFdHcm1vd6qTka7VHV5VmZPebpe4cJXsm,2397990585157427
tz1UJd94Mz9pyLzfC8SAZvTdDHUs5qkFvucK,58501979608466294
tz1i3d4DrdmVrQRVALsNrxw9J2UsXR4a819E,883649197949782
tz1ajbUoguHiipVftY865tu8r1aRYEVWMKZz,233538183752157
tz1f94uZ7SF2fLKnMjFzGQTbznd8qpAZ12is,24210674362463183
tz1bmKAXCTFwox8xP1uSsTYiSSBt4dhtjx3e,45958266697578080
tz1b6XZn2k2tpS7uh3aHCMZ7J5xTR72ziJZv,39986713045689015
tz1gqAonCuKe1Vg9zNwFhP44fdPpHypGfZh1,11795337686598689
tz1fCCyqjcmwNw5Vv1b7yVXPvJzL42KqxWxd,13371733365187
tz1Yhe4w3qt2wiRz1LJv6QWsdHavkuLZtA3Q,91217766002197921
tz1eQpFrU6eQjmy2dcJiTeG18SK75yMPucec,10579562974188
tz1biyDVy4Zq4vZyc91eJAKi7wYbNFPJTzHD,3056348948859567
tz1cd8cN3qrphyJ3n337tcbCP2G5QkMP271b,181420146602704493
tz1MT9A2Fhs6PwsUXtYgVUxGNxHeuHX93sr8,2495870443811045
tz1igNamUNibU68i3pwGcdKLNr1Guf5oJ6nu,211007256272116027
tz1Yu1qh4mk9ejf2MLxRNnRwdHoidXqoSqqm,712712026414750435
tz1Yoe8QLauwLiYB6bpDo6tXNtfidrrcUyCx,2252463766125445
tz1Y1kdVWiz11sFffcydfFtP6Zam6N2h3iSF,39232010896127
tz1ZPzoCDzn9kZD9kf9ZWg7bybBJdKnw9PMz,11290848613680245
tz1Z4HEApoZ8Yum7RTc94Nqt2eepRcHFSqcQ,46882701340174343
tz1aWwVu9MLbY2MiqL8H7WuzJ2g39m67oJQS,5216951929729039
tz1MAE9qgpWLsc2p6NdKZbnCcpzKt2QkQSzB,44093942646694434
tz1bYyUrzvViYFF1LbXxWeFiorMBXUtEusSj,40788368885007
tz1chAZukD7QacpWDUJ33dGqeWFvknj5Xpj9,95240568372956280
tz1dDmngL167C8BFXJwX569z8KPoBS4Hrmua,4318128901644
tz1TwG24jP7Sow6uq8554A6AUSxwtMQk9sp8,8070560457849928
tz1Ziaxoio55wxE9UWpXnaMgRtSN3VBhgGTX,181283415586829
tz1bp3oUKqHcF3BZZQcDNYqsk1nw91Nkr4fr,1778272120712808
tz1RYVLebe4eDwGTJSMppc83yugoYXN8G53H,1778272120712808
tz1QKxiyYVjjff51jz4RR36SxHsM6PiiExAn,1778272120712808
tz1MdzpED8Jx333i4MMnhisRxK4RZdN49AZy,1778272120712808
tz1bZHuPEvBTssxpk6TTErngCiqpedPz85Ku,1778272120712808
tz1PZ36aiHW5x5HmhNc7gvDNdu8m7NAuZbiG,1778272120712808
tz1WUqA3SszNphCmLgiDu5jSNKoGqAuHA77B,1778272120712808
tz1NXp5GJfJ6UZoiv5BYykyxkag123G6SQs3,1778272120712808
tz1SKjT7gZtxGYZzvwMJPczpnbrgy9S2CGq9,1778272120712808
tz1SXKgF1AcPkTDCHm1TaBSx1kkhEEiAv2ZV,1778272120712808
tz1hf9kC9q6s36AFnz5VdGPWfw3U3yjM5fd3,1778272120712808
tz1ZyPDo7hJ1xyUWg25q7rpZ6kZ7WjLNXPcq,1778272120712808
tz1L1CRSuow6DbyfL4T1iCrZcbvULU4Ndxbk,1778272120712808
tz1PHJKsafAGux2BN5RbnA9VVnJTLwHyEGKm,1778272120712808
tz1iuXgS8GQHX3UrFTeQeDJNRQwTqk5Ky71W,1778272120712808
tz1ZiutCQgTEedcG6bB4HyxHksneK2BGyRcX,1778272120712808
tz1SevLttnimTvtKcwteXobXLXeotdFivrCE,1778272120712808
tz1b7f2dYCGV3Mn9Kqd1rbCmjPLXaEwyHwQT,1778272120712808
tz1dpQJYQkWUcBTqx3sW8AEFsJeNUcAa7mVd,1778272120712808
tz1Xq2xFYJ6yewPo4G3AyYexq8YbDPFrMnJP,1778272120712808
tz1VfGyV1Dfava6M8oBYqmDRJR8UL2FfYoVi,1778272120712808
tz1fekve2hE2s2cRwLVMS82tXn4GPcugfCdY,1778272120712808
tz1Va9fLvE3yNPupePTdMPX7zF449Q8fjeRc,1778272120712808
tz1Wbc68JZxRJeaYQ7BV1WvnytzJfJ3LYFdY,1778272120712808
tz1aKbkT7her6XEBY5a5cyzG9sSRQXNdDfeB,1778272120712808
tz1LUSKkdCc4h33utT48d3dqqqWuNTHSy8Wc,1778272120712808
tz1abXSECVwRTMajFVmUzWXABPaGkTy35NKW,1778272120712808
tz1S6SSigi75RbYC2sR4xzTTyxZACqhpcxoZ,1778272120712808
tz1fgX3sRSUFc3NYTqj81Z7s97auxMoDdaHc,1778272120712808
tz1StsoAaqgEcbx65F1sWQs4F9KzXyycufcA,1584544327713736
tz1ZYCUaf3AHvBhVChWL2RDQ9vww4VtQqBQX,1577067706228781
tz1a3zH4CyejVgJ8bJL88F2bkb9DKTsVALu5,1580861149280385
tz1RPJZCCaXzywaZbUQ1AShwDGW2eqqopqio,299667614007437603
tz1TjQAiE96rYCGCGrbWCzmwhuKgt556AgUx,2218867922399199
tz1S4nxXjJiSsn5h8DcUXBJhBL6MnPoyuTdC,1163167816756655
tz1QwQdgo79b1b3Uhcbviz66JeNq5NSkLMMU,1118072657466136
tz1PmrFyfaJsaoNswcXgc6xRHsimmSVmpZwQ,1164599840761789
tz1hkfSmFhSUdaGv6WNbtnMyfBcifEc4ZqiC,1092576913306245
tz1Y97DD3qM7xfwcg1N5vNP1RFPPmYFrT76k,1147784623594481
tz1QZZJyziNF4YKouMcpV7fNvZAbsxbqW9En,1133140030971375
tz1h3iUBUDeP3uyFTQ3hkhHQyTdc3AQxugdc,1154759670580947
tz1LK7fLAhbDFMkz3PEmmtPPdMThLCFdf2Ew,1159577418913775
tz1WWRakDQcrPLDSdoMSKfxA2quuejwrcdMC,1160999915726838
tz1MhPuAFdwmU7ZCFxBPAuHHdyZ87yxDmUFW,1165290862465277
tz1NHrBGrp8bExPpFyq7mE8PivPK38TRHV3v,1044886115417760
tz1dkSFiGuksdcLuFvwinHxDTxGcaZuMBhZo,1155861773767895
tz1aGPrBTV7uHxetHTDrDXehi8axBZjoJ94K,1081436694342961
tz1QX6fBCPCQdrLXeTQJy8yNpoxfXcPGrPaE,1129336605859154
tz1NdwCrV7Tacpaxu3HXpePoWaYYxndWZb5W,1055947197252149
tz1aBA3X3suZiyhPLADGU1vt9EazWNN9mpWs,1158145674076859
tz1S4exgAjybUiCXdYy93FFq6UiVfrxk4i69,1166020882043326
tz2M8wUVctsHkQq6zEugKTgieYbdzEuuhpkc,7374399655590015
tz1djbv9JAQkbn8uQqXJEmM4ymxHSqmdzGy4,89418895924678690
tz1LXcSjjWHCuKHaJPAvPb18goJhMoaLgkaE,41472976329432
tz2Q7GcWsdAV2krjJDmEz4CNfcDfnoREZDeT,1919534569979360
tz1h2AzE3kDAPJYZeJ7rqfojDHwZECie5kyh,108785460026104027
tz1SJsRzVgciEYuGiRAxJ9S5NFFuFnomUgco,7526015230
tz1Rpm6NShycycR78Gd9iEtHVPcaUsfcTqcy,1311463837406484
tz1MBkViJxtsnZ8DSDxJFCR16azpks1uGgoR,180831767881011
tz1PPvPurgxkRirjhsih7t5aPveMs1ENt74t,130218524641526
tz1UChaj24fHGPfNn1aqABNBb5WWGZ7RfMuF,1724833129791243
tz1f5oxQvEXA9m18aiVGDaVs5At4oZdrR6Kt,27524191147318
tz1e9jhSiUVy9vD7qwnotAVgxy1rpjqGJjcU,519252211303710
tz1KwuJDP5WDyWWe8REH6RHTUJ1sfkJrGBL4,514187043551481
tz1cZDhWdASeB2Nk93eT4mCAdw4VvnMEw9Sa,377118450952213
tz1Li4CydFSpubMEDpKiNZ7NoWiMSgJJcqeA,388286143120890
tz1P4owaJWbeXsuqGSvggi3imzR2mJDpyxTV,9526130390009886
tz1PVV8i3pkUJC7FSNVQp5fatez52M9QLeAb,13808654422849315
tz1TXXmPc2fsvzzRwdQmT3W9iEfWygty4X2Z,15172597931740179
tz1ZZvnqtcmgdf4YKFTnVi9Cg1XEiueLCmBr,155314457248356
tz1W4jZBoLM2AGZq2ptopYBu353rRvuSh2dK,30926331725698103
tz1XpqxdnX8JwzcLtSSKkiemic12U4NkCbkG,11041809383927545
tz1Q9Yyna7X9nxjHe4dbyj8Qk1ZuznCTch3a,275897191228349
tz1Qg41X8F1dZPVZmc1n32fxRAk1WEgg3qUo,13794859330244
tz1MN2zesLxjCfB3K8LUBf6rvnXLk8Z11hm6,328343715176695
tz2SFxhkao5Kh35pbg3mQxbTvKbEbXPEhGds,2210840051210945
tz1bMLmaYWNNJBYUgPGsCV2C3B4CixzmnDk4,5436006006634673
tz1dHJmULw6DQSKAWYWpDXoqeecE4tG216yP,1623830413524671
tz1TiKTQkyc8KupyxY5QmPA7uf9xmhQzXAkq,1780985510302628956
tz1XUaLk6Y1T6PbJzfrmfvem29cDNp2dnSDM,758717275772883
tz1cLB1J9PtkoJCnH3ovrn53ZWddfMbF2PL5,4138457868845563
tz1MhV6pu2sFcSKZvevrCtNRcb4yszVdVn5b,8321324436425
tz1bi7iZyxPCGjMUQMiouiHRxQwveQjuTu8b,8759375240266636
tz2PBAJo8zSWvHXh7Z2VineRxPP3tn27JPQf,1379485956141749
tz1duafqHy827Aw6bbFNVqUbpxphm8MSecwU,11573790328351718
tz1VokTq5w2ngWQtfwzF6pyB24Ro6C692Wez,7587172759830410
tz1XkMZQCCAC1d2YCbHzSySvaiGU7fv24gx3,158299898737603751
tz1VEbcByoqdaTKar1XRpada24pn8D5xRrkw,94790448466029
tz1N6Rvgx7tFsXkNWjHNdwhDLLg4oSoFeMAU,11063481534792947
tz1hZ3dazpeour6uTQCA26yzohhuYgesjzDT,2068056346352081
tz1XrThJDztPJoJEKbYXqaDxFzwp1Adbo1F8,31816251314213
tz1YtUbTURpWeX1CzHFamxS7fGdaKwKKgMzq,2872744421570027
tz1NFiJUDasUpobcXVdtKyBj5eDcdmjnAPqt,1294662967992
tz1SqQoCZfqRem7eo2HtKHSL6zbdoevxc1S7,24869910695561
tz1YcRfmH4JsdvLzzijq1mh4FXjoHmh2ANEQ,13794859330244
tz1ht6fhcHXknEg7jE9nFVU2gXUD15cUifUs,22046343284530919
tz1LxkEN5DUeU4usSqobNqYmvWa5VN1NC2B4,15908125657106
tz1d4cbP98Sbni6mxUmvAN9vufMZskSv3F4K,1665931573863302
tz1Q4mLBtkz5CbKcpLBB6shR8QUzcMpphNrX,2566596699459052
tz1TreKYWjXdKDaKCga4b8zobDq2pdHdGZuA,12042365303025218
tz1fwd9Ub1AwXaRNLUfdDCtQfWyeq8YcJvCV,9668279773271409
tz1Qor64hy8s7jH8ZQkMoaYLiS6NVmkeSBbY,17316821910142652
tz1TnjxYt7dKGzDoFj3j3sGudp4buKFEg7xF,5491395367116019
tz1ZgEA1VMzNomprfSrZB1aM5CBqi1nnCqHF,2037711785589961
tz1Mc61yajNASzh5KWZFtYs4i7EJbzAxQC4K,2523163272753598751
tz1PqercEyjV2AgKpNXgxeWnxgbYu31fw6CC,3795485128833497
tz1PzXjyPchzGUGH9yXLTgvyhhakFnyYDYge,64733150080868
tz1XrwX7i9Nzh8e6UmG3VnFkAeoyWdTqDf3U,1854251136410933
tz1QFsmp3jUZXxwmwTAL6fYheo79RreoZXPV,22768440604597374
tz1PsF3NELGCZnighkMmr4mLkCzbkoVPdGSS,1754213999756540
tz1SEEQNGjxP3SC8biDWMMHwgpYk1aeiQDyJ,119986998732855825
tz1U3YJZ1pFfkaUWZVWv7FvNyiUi5vKYG696,1553144573324192
tz1XmqF5gnTjgE6Cxu5CzaT5H7vXiFfihe95,137948595404017
tz1USBJ4HRxuvrVUqaxALcdXaRs8AC1PdYjM,5387264750992628
tz1ctD8vJYVazKJbCKa7LUVb7n1cEmfRQpe3,647331502069631
tz1Zvu2PkSnZAJr3seWbEdt6W6KYWUgaanVh,236442887638660
tz1ehz91i7CxXaMnUjFDWBhr5uVvr3bVkBxD,52292782928163984
tz1cmp13ABTtQ8dhVazH5yWtx2hGZc42ywaV,55439887332584638
tz1LfKbYRG3fWd5ccbmsq9ykYJQekZEouB3y,15581831790777320
tz1P1NgMTMvhHi1amqUZrQHS9DZSizEW3p8w,388286143120890
tz1ZD5nQNtzgTzZxHgxgFuGo9CNBuGJHVRXu,12788272730401302
tz1QDp8TCD9dJgWoszxo77K6QukSTubjqd2C,526927842683839
tz1TxrHpaBDeAG95HkTxx6D3d5RVwb91fRJY,248067773484060
tz1U3ozNjAw2sguL8Pn36V7tX38aSYziM9Fs,2121928163248468
tz1amoqk71y4tqnZxRWGcttpK47XJnPx51jB,284849767578490393
tz1ZfxjoBeGkRG7zLgyH6gnYVNAL9KQwRnCB,776572286662096
tz1Zya25zMcv5a5UbYyLYVuES7SA5eWcis5b,37045213378509644
tz1YHWL72KHVVRGxPfEA2r1jtLtuCmjM4hgW,55870776707088488
tz2MBb5FxZXzhBuAPmY9z4zYTF8NeWPEkiV4,225193737816493
tz1dsvBGt2bDoMMxagnpHf45ehgNtQ6ctg3z,59529129205851900
tz1Us632Z8mVMLZqCs1FXuwyBEBe6o4KjHzG,2328147097172414
tz1SWd4hwQtHrzisTLp6vydczMypKPnxBFTw,3949363971626535
tz1day3KgAK3ZEP3hN1PaZiAPpbnGD3Lb8Kv,82216790830322412
tz1LCPRSFPJ2kaqvj14SWo2VnxPMTeCVVrFn,20711050607486
tz1L8VQ3oi6fCbddWYxCoL1ckjFK7wBHdT48,383381728416780
tz1Mf4iUxRSb1NhhqdB2oNbo9rRekha11MDH,66565636648467
tz1dham37JdHm31Lf63N3aBqxJJyhcnGA9GQ,1266067443945090
tz1NATazbFfnypvM7q32nnFP6m7aDXrtCm1g,483711948037
