Address,Amount
tz1NRbpmTuPEFCCYCqCr7i3hkMRDRhBFgmxz,11640016188523217
tz1RDbEW7YUkwnnDdMNieSiF6kB4XBws7QSg,64328569169410086
tz1eqt71cHna4YgyNg3ao6x22xU7c7CZXxcf,443211085159100
tz1SBxNvpDFC4bjW23CtQfVLqN5cBATVf68B,47026165647904911
tz1Rgo7URug42QnhBM6eLy4MWdfwn4RovHy6,10119214876547167535
tz1YTQ3Lys25j8FhZQY61eoYErYUteSao3ez,21198382679775290
tz1R3bKH1seset2h49p4vrZJCEL8voJgSK2G,3532621156646555
tz1bdRJkGkNQ7homh4PTnkVM7xzVWhuC4EMm,1263756570931196100
tz1Z2Ne4ZHxNPuCJeCcoykHVXTqhVdLMD9gV,3078231735675219069
tz1Qji1NnEPj4Cxa9s2WEoWi9U9KM6a9gdDL,318921807613373299
tz1cmanHzitf3UgWgECzLpGUKpzEfmGZaFsw,55658750875340266
tz1eZFb4bNMMdveGT7BPcktbYsurg2e8r1xR,50081175303062
tz1RartAmPJhFsL9oAhZndSL2G7KCsaQqqkf,21117653266673983460
tz1MyqKoe43P4Z8MfHoXVBTrohgcbehp2zLL,329701708121841897
tz1SRcMg9GRXi7paNeAc3ARn23mS3Z5dXa6S,24757294910711240
tz1hD7VdzRpWG3nmYpCyW2gNc8mQNs3TCgxu,364580649118701
tz1f38MX7YT2Q7MAq3mDdj75GTN7vgqV2TfH,138269540099664
tz1aBDeNFooBEmBXnWDVgLknNMUHMYhHVcRA,2573086482882633876
tz1hD5k7QW9ChHCgb2YLthKFirKDYQiNPDJz,71487217028739301
tz1ZL7ekzieKxwngCCyjsCN5qhu1ohwJQEBy,151328014040559407
tz1enbGpES1NDr2kTaocDhxvMqtpMy4ruhW6,60212606572663735
tz1ehGMhxarDhwppx14PX1Y3eqbZ5W9Bc2Y1,14971623018937537
tz1LN3wPFYuS5fCnodwxT94xVFLPtcFHvcHk,917071419910427
tz1ed4brTwpFg8hFUJSJ4HqnsC7sEjVesMtb,420856689855702797
tz1QJE62jTxHis7kZkbDT2zsYZyauNDNzWg7,187251242656719786
tz1gWt7kUnJtGXoT5BYzHVa89qGp6QVvQmyp,1172929261606838972
tz1epR6pJmPaJ8vvzNi6V1T51ccocX1Y4VBb,7658099887980630
tz1W19DveaP3mW4WvFtdVdqGsWwBL5q1QDSK,1554332935602278283
tz1esdEqZC5Nz3HDFseHvpH6SmQJPocxLzA2,77112213646184973
tz1XyTsb9DwkPru3eU1Cwnr5JkihEi5eisHo,5912392787410793
tz1ULQQ3S4kFLhhpPsegiMVFmXx2G6ewmbTA,765066299738771636
tz2Lqs8WFf2HDG1RoxG3EAtuHjDS27XQANWT,21181978051498
tz1LRrXCmELevk5znmVcYD63TChSpYh3vaE6,166024011660896
tz1S8GvdiWQghwPMMzbNvRh66rcfmhEA6vj2,1610527642029196858
tz1N9qzry2ko1gwTK6HKWamZZK6FGx3Vr89U,3415287048510180
tz1M5swezYMnDaim71PSeb2cPFk49ajrvDV6,96494881625182889
tz1QQ4HyGbCZDmQxeVHoLP99KLyfvGvyX21i,1947822193413063570
tz1WKygtstVY96oyc6Rmk945dMf33LeihgWT,309581857016013345
tz1Rux3pGrp2KpZUBKvg3VQ4edRYVJsapr4z,36421220428827346
tz1LWMmDzH79xyu6JvELrnvWLBBVjZg7TnfN,1112653535234056662
tz1RfSFe1dxP7wh1zSffEnskgqvVVWKNKZG1,5097026914946614
tz1czGMShkB8ZtCHKHeCPTY3CpuiCrjsGJBy,12237398342643523
tz1UQ6cQZef4MuskJjV9g8pXNZa5s8ff1oQy,134170154425879144
tz1dTmMLY7tan1HKfW5e3KxJcfZput6UuTH6,230857318622212
tz1daKxrqyoFUCcuQj36BeMN9C1Ytmjg5p6n,216578097052252046
tz1YZ4VZCRPoiDyGP3U69jCq2S8duDUcRjHP,15475100445336355
tz1L5rXu3RqYBjZzjWXLaFANYZcwS5Pb1ZST,228595217548787845
tz1NkFRjmkqqcGkAhqe78fdgemDNKXvL7Bod,174084057425412740
tz1QkQLtDkqpw8VSymi13A86jh5iaCeMriMJ,1233738576000520807
tz1h6J2pn9X3KMghNHZikrh3PtEpgCcRAjHZ,268900423786323086
tz1VCyNit49HjTmz8SEgeL67x4BLuoTaeYMy,1608442839701401284
tz1gACjUSBkWjqWv5ZBMRk6G9Sp8xNAYgwYV,98796560590122696
tz1ieVZFcRity1eybQtgUyGg8NLEYWNqKtQe,45922066468080929
tz1T5GmdYXDWwbhBrU7RubT7Z2dmz3ZmKwCE,825485703984167155
tz1XLpud4YtVgwiAJezLKUsAo9K2s8n2YPqx,23194556662970
tz1gmajxhmKt22CbcsSA7WWXSATgbuVEmzTC,125532455135516025
tz1cfzEz3R8YKMqC2rbKnr2XtpNjZxH6RGdy,22487794458218910
tz1hR9eQYNNTZ4VGUeipK4PHtyyDEDmQ9dSf,491102291869464924
tz1RxeY78zE8hNJbqPypB1mTVyTsBRmPuqry,65217981454091252
tz1SBF19iLiCc8dNpKe1Ym9juSAKaTPyeypF,69175807119573
tz1X6ADVxP37XjYppBHMLVRJQwmxA2YxztbQ,6754504167994078
tz1T1u1CET7ek19f5P59vCdjTNFWAscYQ5ct,243501569749325710
tz1V9qHfFxixcXJKWuEziUqvdrQ7BWpPnWTa,328029047443886300
tz1Lqnwap8kKynTpefqqSH158i667Wdg8HVA,96378721657410517
tz1Kp19QyYUnXuE6cxuXxsfQZbyqv5JtKPku,36324865414
tz1cnojsw9qgMbdpgPeCcWPf5GX4YPvd4HAh,286893346929313202
tz1fbJACCskangcgy9xjDSiEYgh7CUmSo9oc,11601463630579626
tz1dKaw4xdNjfufDSLWRxumNBwe2VX4mxXyW,63713786894677525
tz1RJf644pa7QAZqKzrPQGiYQPyubXarC4cv,3039295840192591
tz1YSwscBZCf26kSPvqsnUdhnS4XQD6mAjcz,2872735286303583405
tz1iCiA1vKmgfZbY533ZgMwFKZ14S1DQNooQ,12194188788225723
tz1hNGWJUFPFV7AWLXvxGzJVEfCZ8KJ77PJA,47158984684441154
tz1Qm3DHkV7V6peZPyWe4rv6aToH3nRmWEH7,19636872870135802
tz1KsiwkQ9pyrt4Ra7QrAQp5LQJCGxHQrY1n,77892487742984
tz1eKTUc8X17nVmtVRtxBcs3hwUPXWuqP2AS,2274553706807491316
tz1hXx6tvTV3kzxpBR6E4hDYcxdgcRGHUTFj,1505354782
tz1fkZtnjNfQHtEyUpyX9Tqq4RrLKx35qBxf,83672291785621123
tz1chg2T1s4DTjLqthPc49HDcqkFHMwdSPwb,263487250021534559
tz1Uzm53vPr2Giyi32yT9GUvBErKqHPBjvQL,217890743976810
tz1aR3nrJgUyU5B623U9s1MtMsMjA5Wz5c3G,502503767964862544
tz1YaPLZuVmZaKB69BjJXKUDgNaZrxBR4Lfn,14003115450898459
tz1WNk2o2hJvzjuZRNmZQwjLQuv24wDv1zjU,39481332594037
tz1QmBcwm7RH6swEYNpsZZfAWCCFaW6wugVT,1181485328452711967
tz1LxqBcvRbZhp34C2ab62CMy49wFbsQSzD7,6809802401431210
tz2Kmi3xEnXk8c7zqWSQqSSyfNpWt6ovG38D,1401136299457388026
tz1LgePVXLZYNhHoRQ6KgHfQjQ1uq7JJPZDa,10912994485280436
tz1gk77xzDAG3sif9eFvsqUnzaGh4MrzaCp3,574657136811322465
tz1cWUkZFBZ72Yn9desxcgS9KdH4BVfqd2ZW,281640035302928893
tz1a3LNYNZTNN2SLMjWSUc5jtLWFvZ1kC7BR,6050906782604956937
tz1SGPStfd9v5upQUxRiHPC9666X4FpVAmK4,589079229781425
tz1iF629Cc91SJkmQRAWAm6nYavf7RgpAqZh,528480479055937
tz1WHGwmdEr4iruf4v9r6bdHgzC5v8SKYTkV,31191420184648768
tz1Uza3jMhipiQMtmeEidizjbSqnqZMQyRv7,15846030271911
tz1YqsEWdPxBmqVKsJircrwBmCmZDtHAgHzp,7859066044993132027
tz1ZLMaECyswARea2bTsBws9eMjgUm4jG8Uj,972544311389772365
tz1NySiq6aHysD6Rpu4bYhFaVe3ASya2qB8D,65450207954944509
tz1USU2xSWb7CBYGJYat2X7An9sr3cFfsLwi,39953725688982246
tz1aoYg1xYeEdnLrAJ7y2r1T3aMBCyms6ppJ,714755868243806
tz1WxCJ3UpzyWsXmmkE1YjYzbBv6jXYkbFYV,47416387327736568
tz1fq3tMpnnsZ944DVxcJqsVNGsWTPvqJzvo,40747642773598510
tz1PrecMTmNArbdvQxtZLUVUBT8rcC86dKZC,1304172684657313
tz1Q1LWn8wCK77L4xetjbH3Ar7sDaSANezZx,9112322190797627
tz1dugdoeZULYPA9phfkpofrP95rFqhZNXeR,96567527574003
tz1UecmgMghaWovhh9EYfqTrK9gTtaiMtbzs,10520597327093
tz1gGwXf6Ggkv9T4jGmp58jUMU2Gh2vYjDyH,30767722372933719
tz1QjPnpmqAJYSfDtDM7uTf5bkZDNY7eBECd,106225309601374207
tz1aVZZd883FwyEx5g2o3TgQ7pwEYi2f6apg,143036528477251580
tz2MzvuRU1GEKi9udpqzLpGYfDoZTiKZ3C4C,357501459056157905
tz1SEox4m6JwzUjLL2daQMKU7XDrvsEukR7X,6128555858701579
tz1XJqUrY2okTwoJFgHFJKQV98tsn2oC6Twj,29512069427247638
tz1VqXA6L6hPEFjvsgWv7Viw4xQn5GyNszzy,2856510201483209678
tz1Wf1Lqz1yHm27P2RQJAVV2CMxnhYK4bBGc,105384890722559452
tz1cTS1WwovU7SC783xgJxZrzr151mcshmNi,8137346000928680
tz1f4Z9FJfgStP7v6Rj7BMJnWJ9Mb1NdAGsS,113321457338011
tz1ersiy3MYVu89DFXvW7Qb8AM6LYptSsoT7,129298778176855479
tz1UFF5DSDDtk3fM1ewaLvVG6fhaAeCdgYEt,9938671348466025
tz1dcpUhXGeXexEXispSpfv7CeufoFnV7AAf,794969162403866542
tz1RKRhkvC7MQgKfPejvNaHGshWUDsyJKZdT,469259997596681576
tz1SHzbhYsbX6Uk51hJC4JkjgWM1gWaSwBqQ,26035798263991336
tz1NW1MMFL3jytxBjhx1qATMJyY47vLBMa4p,11715290674118245
tz1QRm2TJKnarZ9tbL5CNjN4Ltq9pJtytuk7,34688610216
tz1WJpBDRGfa21un4yQDKTGXZw561nsGg7Qe,722046628708739
tz1UXAsfFeufr6p2PafNr2oXNrTDSdtwwdgm,10521789306280965
tz1YPUNi7KW28VxZNEu3fNkRkJG55G9p7wsN,15065656118108
tz1YpusrSty7ULz7w9sM814trSRmM1aNbmZd,533976973744178677
tz1cuj9Cgi19KMRi83UuypS89kXM435qdhmy,1277095022863992
tz1htwxBMBFikeP8SnQiEQyA9n1ryDrDFyLK,6545022824450897
tz1XTyukKgkqq9P83UkV15np7EtSSEy4kAeY,6703842008317087
tz1WMFtCLLeRiayH19ZiaErKq4Zu9p5N73Sr,184364970117723
tz1RFUjzPENm3vF7quaxfELQCfNTCSjAsFdA,64523861054662520
tz1cLd3gXJ9Fk5c648hRzFvTnGfT97CxcHrj,109864096838042826
tz1Te5JR7gzDBwtZLKPWSPuTGFE4JX21vVur,2524807222069
tz1YDRhXyq5ZHMoHXJX67rHSrUFTqhYjFo86,7559373842631998
tz1NGDuYTuuB1geX1K5b88cqa8JinFLdd3d5,32725230165473191
tz1XykUaKpskyp7hDEZjmuNTk4gFU58a46KC,3754435363948861565
tz1dghYwdzvHc3tYHp8iHpNUSpmAvvs8Zjs8,1619307769801674940
tz1PuipWs33aqS2KSG5k1qQtC6Dff1P1GBmM,24495753823608165
tz1ZNxMa8XsMa8JTv776X9iCETcNoo4SY629,14297846098364450937
tz1iAAJhH465Cf3BnsKQ744XHypQGY1v7Ps9,33379606057
tz1a5QW18ULwjJK71LSc7UqNGgryrFouHzf1,4779547326304245
tz1Z1ZX2B98nEAvEnLXJBCnsJ6K1GqaSp9jK,23530987278385956
tz1enT2GWv7U8jyPmmoVb228u8hvi6hJh5FF,61335245724293776
tz1gVon2mQhvutR49Yd5XK6k4ypwWfFjMZtz,25656481518
tz2HSz8b961xoDjDLy3aFGogvW4HEqXXdcR6,33608484461113200
tz1eSGjgq2NmLWnaQFQxafXK8ZQF5V7Sz72y,2806006544818742874
tz2EP3fw5CbUUgJdx4c3Xono8Gbc8PLXGRM9,49488916399433149
tz1ZhteLTqobRVCYsPj44oFfom5BJ2SdGxeE,50553442302351280
tz1aRF3qMDrbN95f8dGYTKPaey6J2qQQnk8j,16472700182581452494
tz2ALu8Jxf2SMgzSZaZEwfiJQbogpUDPStwz,32986904809
tz1fCHiWZ3ReGqvhxkMejVzcnXYz1rnsJpow,1343922344371750394
tz1Mdpj1npkpaxPHF2wFN6oX8SovVPfHyXSy,16346862943694278
tz1L1i5BVehYJBebCGvPYU9kZYGKBELGUJGH,408641853288802801
tz1TR56EbNTEEDeRrsPzQzoyvwFgZT25q3JR,22656735732921877
tz1XbQgDFCaT228TPS2YUeHHfpVqGW7ANCDw,9970348178657
tz1S1Aew75hMrPUymqenKfHo8FspppXKpW7h,2743475300831410
tz1Wb4LakUUYuFuuEgXXQrNZuBD49Trodhwx,25862698302900833
tz1RAfKUFBX6P2jFkCpzLFntju7djjbtKAKr,967288203372140459
tz1MiQ6euA3EEdnZxJ6EPwVsHzd6vQ7AHJmU,58643386327
tz1UFwr89hcJvC4sNCYK7zSLcaD4JW2KkNYD,275331225127215855
tz1TiJBTfVoXxregtdgCs1rYd55APXSAmniz,44898842657
tz1ZPSGxrrPPfrmoGJgpXDArNJfNNy3qGvE4,22559615720316605
tz1iQ5n52oSKgdtdYtqEJgKmQYbL1nn2poB8,612648172531877112
tz1gueZ7eL2KnvxqWudHjoTH3ZPiUCmwNKR6,76130543452274285
tz1QxepCwQ45EwtcxkgXZezHbnidvK7hUywy,413105458576065797
tz1WT27PugwGBtre1hsj6BHmbAK2qQsVbRDo,102016755474622857
tz1fL2TsQR271w84MXx3qFD7y4PZ1F2mpHFA,836825675023
tz1KhU89QWZuuhhnDD1paFp1jYMdpJLh55im,151767444811799558
tz1QQyhTMAmNQPcSGkM7GfDva8hmuFPAxUMB,101369921531573574
tz1htnC2n5n27PFD41q5X8bDvDcjbGMUS3f5,1661211265711473435
tz1PoickddNEkRN6qp4K41u4KUW43vZ1UDvF,3369007528993774
tz1b9qYttBxHzoEseqabgvQiCxafZzkAtH9G,715719138793956786
tz1MQotPcNdc9R3nWCTwXLMDqKLS46WqW7Wx,258932688776627200
tz1favSqpvTLtedjTm1UjuEmKfgm4o9kyLd1,583735089749626252
tz1XYuybht7U1RVsUip7H7S31fBDxpUgpTXP,30630697322
tz1WHUWCMqVqq5AagGN5DrytqWz88tYgedUr,28291180841271759
tz1YJvMiZyXnzvV9pxtAiuCFvaG7XoBZhbUQ,144406906832962376
tz1TmSForCvNii8rmwL6q2jgicQfqjNFtj8K,290973239538818537
tz1eoqCSmqPQtTLs53Rj6gBB14eQh2aHWVxu,5842489460054425
tz1XhZUHsJAFp4FHoeeQQ7auVBk5j6xoUKbS,7908866272890660
tz1Pwh2MBs6q2SeLHiko3iJpfMwsDV46bqQU,1481202032670490665
tz1hLWsybqnJtQRFp8skYy5aZLGNmL9bMUpa,158566358090486591
tz1PuYitvGfsBm7C3oYAXqNc3t5wNhWZj5Dh,140408314212134116
tz1dbCAvra65bwTVk5mgkYUHUGz3hoKwovZ8,47229278279270689
tz1T5NfkdPfhkXzYx8akPkdznxSgU1Uf5jEG,118532345876220332
tz1PYqfNnkpZydtSY2Tn3Rv8mjkgUpHJpFXC,329403984178972763
tz1WidyAU8wuyG25Pd7b93bcx9hMu7W9Pea8,3295078002144762
tz2Mz3ovkZR2HyC89CHHSdsrPya1mKSmLWfD,22850828173885928
tz1ae2d1BJt7YUqaaec6Xenh3mBqS7VjSZtK,20494779623417862
tz1g1vr7gbU7kwxVqmbmnovTGtdeRxFE6uBk,5368037260054064
tz1L1XwcVmD2z4qPfLtBJ6RPThgAwLcXG6kW,3453661061667226
tz1epFVHmqeWvvkFf2eskwhQ1AY3JwWd7Ej6,68068218040297904
tz1QRcnskFh7eaV7QdEnjoYdDfrDqHgmmrvF,177031025786524916
tz1XybkRZWjLx3hwcy1hQ7PT6FWEhpHm1FBv,17311149534006202
tz1XcuwadWbLKkc4mDVxRo25dbtwfEa7wf2c,121989308311827014
tz1hvRvzke27MGtp8CsSvsafxyyMWSVYM1ut,6174281109671398
tz1a7MJ4HMNbWDhKZAqrvzX5P6u2E2mJyJiV,236182749218494668
tz1WeLuPLjUs53Yr1RCgq4EQ4d5SvV651Tqt,2318423094431357
tz1Wo716Gggp5HfupfxtPgmYu23rDQNcLcD8,219713099352776459
tz1imyQrFWHyTp4avUNAw52RxdFjU3HPviRN,60484745657531244
tz1isKR8pS4pdgU934K1S4UpLsF56ECJNArh,81712464110460687
tz1ZVoeS9T3H451BgjTe18pM1q1LPd2cgB6Z,128565794353947
tz1eL4fYCgegW8tLCbQ1mYiKY3TdDxWnnKo8,131205913067695132
tz1Rhg2UDkjgLhemdSMtiGVGRmzwVLVaHArD,16293791178362405
tz1dPHDXSCFo8PienbvDMyCKr5DXjPMrZkJ1,109066594824439693
tz1fkkxXSMtSQew8F78XdsnaC26AfsXtsGiY,22937559058805967
tz1ZuiTWKXKqYfzFPaSaAG3Huf9QM1AdZ1pJ,83517766004496362
tz1RsCndtupuxe2U3syGAdcRBzpNqJZ9ANNc,1744484496190857078
tz1MrZQhiNiHK14oEq595DLsVQ9wC4Nv2ZXW,10448594140506742
tz1LJQ6MPnjGekNAmhFmkm8XWtM6UGx4MyF4,399236527963412821
tz1hmxzW7MuU8HeRoCFPGZJnavGf5unqgaph,239969310131034585
tz1Z6QqrAbEAMDLsis3v6b956sfH6qLTSEex,874747592585509
tz1NnBgY2ze24nQDpdY72wb1GVsee1UfAT3d,8778157870690838
tz1dAW94vB3yYfNPE4LM2txBT8PQ21Zq4Xzf,19635067491599573
tz1eeR22tmjPN3rGDikEMvpe8jcdXww3dqTt,65450210114801372
tz1MsfyCeQEt7khed67HHsAidezZ1Th6mjzB,22697769197371645
tz1WBMWCwjuFSsiiLUWKEQHEACNEat2S3EsD,3794525221094913
tz2SuPjN8dYMJQe548bTvSPL1fdStZPXv7gT,4821876973688918202
tz1N33TtiYBQ67sw32rhCsMSVpZkrSHWe9aq,1022162037398222283
tz1QMjzbw5Yoi2zPqUeg2yuv5GZdmXjhh9mr,65451058938548339
tz1ZutSZgCHEzxspXyoSYSREhwHh5g4PM8hN,40971830179
tz1NJS9T6FKTnKUkVNv2g44GHTAhzH77qiYw,132750607483552671
tz1URL5HNuTa1fHqqCtUKXUM3hm6g9c88NgF,206670223603297
tz2M9C5x1KoZGoQ9xEY6fQ6Xwbe2GU1RTzRx,53323421240703
tz1RCQDHtpdcwfgF1Kbbyusd6xhfjbXanhZ5,772250185266773471
tz1c8JTzmA6c7cm6ZmUwR7WES6akdiMa1kwt,103625766750346755
tz1XRTNgXgWmR4PqxZpiB6HZJ8Siz3M2JAim,31082933181150609
tz1imbraxLCQ9TUpnJVP31LS18hpTqG5wv1k,73555290351522656
tz1iDuz9LvybPBC4kDc7ceBoKVDwwzJR7zKb,2006839912166465344
tz1eiyML8sHGBL139FwJQJeLGHWAFtDqPz4U,6545021122745490
tz1YQDCB6Hbn2ozMyS2kf6WPJDeRvJtmtNqQ,117262707399198023
tz1eeNRXYK56vgSfXHFcXorubcaBBCVpUY1Y,42149933922
tz1TQw8erN1a2LpfRSNMExicRXMveBPbvTKE,12148700241844
tz1gaRjULm9qy4D83VCvb4ABWLKpz4XXfqjx,31721447029753053
tz1hAZNx3LrRKFgfRytoLNVGhCrzU1uVDUHS,103499901873145789
tz1gJaXdi7Gweq8TUSy9knB2wLjioTKy2tZF,13609883598332902
tz1PoXtd7RGVBwWmmZvxX18NQXYpbNdiwwtE,181130451063178771
tz1RLCvv7wrWq4hTmyKk1zZuZeuUXNViSgRD,3660344382233005
tz1QFk2DJhPkzp2nCN7Thpo4askJjQ3Zw6BU,70327339479395
tz1bRDYJHp3ACUojEeM6Ja442YEwNmcb7ph9,64247339816571596
tz1MDs7ym4sp2FsQhL32vuAnEqG3ARhM9Vi4,69377224293803449
tz1Xy5UM1tC3CFcbPBVq5PjufaxcLjMwfQkE,1881508712767597
tz1RAKBnmd1X43pkkGqywYCRgf1Uo6D77zMx,1881376372447112
tz1cXwKRD6AMy5nhqEVUU23SBxcAMnh2aKLn,20980026460637680
tz1imrUNR1R52GxhP4y6XQCDDXtQs11GarTN,1357455311792736
tz1chab75LnyqBqNwrK11459SGCFQXLg9uyx,34334870560883590
tz1USfPTFciXzVsQL7Rk8HmMWyWtFEas7fh3,75216857305669308
tz1btYY98CWBVCGEikD7s1buWjpicb9kG8aH,1412899688306153
tz1fj962xSPKTA57yWHA43VeVzo8KqdpNAeF,99129499048774972
tz1ioU6W4otB7ebgRZTq1EVVra3vMyXqeqsm,18501102527714720
tz1N8oU57qMgDRr6N9pSbhaiWRRQSxJRPGoZ,14353470199399202
tz1fCEeLBcuSMSittqTnMEhcFdPCtD1HsiZc,333834731925958
tz1WsKkY3TLDvqTuK97Xu4zuVoTb2nsr7J8S,12101469476298740
tz2DsS3zeg4pqoUnRPHxvuRSuQrjDnTZcTNJ,210694538735264
tz1gSGxwMrToBdzLeaxg4Bregv6W2oEbNLC8,608398410680108860
tz1X8AQxtn4KzBwMZ6MZUVFDcACrfnyfYhDg,26965485677
tz1KxARuCbAoiGGesnQjr2pvZa7CzJR7V9D7,47746237984321053
tz1QS7N8HnRBG2RNh3Kjty58XFXuLFVdnKGY,3923032651933921522
tz1RAP1j8SjwT587jyccTNArBFhC9HhGKfHq,8411724671222640
tz1QiZCuJMuVz3aq7j1Bq2v3BRTQPCdTw3Fb,128466706345163664
tz1L8hBVpams2fWFC9kS1sPVxfGY6Hmg5TQ8,18269796574124312
tz1TQSPkLPqXUREhxvYzPbAib6Jz35w2a6tw,59879959475090268
tz1XD1xSVzgY8Qs1id1kNyFJDbv9e9pNMe2c,32727663342404124
tz1Tk1MJDZ96bK85RLAqtKfnptZZyXsJ2jaq,29623995145175
tz1hes6aF3Px3D8nPQx27fdwBKrXmGs1UYxT,190272691673156246
tz1c1BG1PEeuhMFwmonTVSGafehicqbBJFec,5561790072275492
tz1THwbFPPPBHmBu4cmLV2SppLFrA5QfBhyF,26082010384656350
tz1QSwx2wnmrTjEGrid79c4tpFMxjCT86SAy,55974095611642938
tz1RcJYTsoYQ7adtNMANhwd8qf4zApM4i2Yd,138693406334690448
tz1cvrgSekgCqgyc1c2qFPSeMtux6AAAfDsk,848870987608131
tz1a1ZcbAeBEjxYSwuNKxSu6FbFB4dxdL3m9,767065376146805
tz1NZnfrNgCGdECyAhA93TLPTSciJcZBJqDY,3175050668917773
tz1UGuKv6PzgVbofb42VgeRwDwsVN47UpuZB,110563806161629246
tz1eCzNtidHvVgeRzQ38C81FPcYnxMsCEL6Z,59756039862
tz1N3nvFqipu91tfU9s4GXGsopawpwxSoAJh,5381643218194896
tz1LFeLTRQZrgKxbmvjz2ckViRhVw9BZXw7t,1297199714578228836
tz1XuzzMTz1LhqbRPy9uxfRkccSxju3v8Y4j,21415029043427770
tz1MoiwNRQWHfA71aypNk8J9CsKjfmq39c2F,234478211519367069
tz1hhphPmGxL6HEmEjoVSJBy82FMWbFwzNCD,1310689043802274
tz1YHLm7Lq27q3rgVXLY424zQMkvncVvNiaK,7199523856797015
tz1fKtBhuuZiMYhM3Pi1hcP2sjRbstgDrmqX,2106627910088819
tz1XEA7cp83PyiXfSxWu3uHjA3EF6Gdh3Vhq,7081904466184927
tz1UXMLCt7dqbUiJ2BHRhE1gFkdVkmCZYcM9,2307681131395215
tz1iKF8o1hCLaTNZcCJpgKQBQxkpcSiBy5V6,92442799508755147
tz1c2iwyckUCcicx2qxqtwLEartYFEHg1pvB,42082668060810441
tz1PQDUDph7dDCn8pLGXqaR79DiUWLiSZdEf,22122072571610767
tz1fUZ5pMP1gUjuJsp5V631cXmA87Kxm3cuZ,337723075730972195
tz1NVsmLrZX4jad9bNdvM1EskvcTq2LSZhLx,291704016832567219
tz1PKoh9LB2P3pgh5ahaAFnrC2QBmUxcHDJU,20347742632282284
tz1cqoo91JCc6sKmNuTVKNzwUdi6E6moHWFb,86448467992665734
tz1ZGNErBKdYeEPjZuqKXhyTixQTTPn54bx3,2410571187696692
tz1QVUXNoyCfKpAyxDpq8kR3rK2AShuzQxJ5,223307539688391670
tz1UVTMhbMiSETKCxFi413yZ7imF1xeyt3fV,66769469405183890
tz1UAYfFWmaTrQTYMptaGCw6LrXK5Yv84VnQ,355426307095998
tz1hLhGe26gqt78sZboxiwne6zgKMqirRieW,2514595091572937
tz1RYTr2WKdJD1MMV51kN9AoxPnxZJgJ5sqU,3566510506573765
tz1R6mtcAQwBTK9YpSqRL9y2a6JZWgDkBm6M,40841068720023490
tz1Sv2XMQNxcAqyqyyv42FHjf3EGwJ3Godj1,728794632349427
tz1Vh4cX8VutUUUnnjmnY2omSV4F26T5orLH,492438548112687
tz1QGCWjNpYmcS6T9qFGYSam25e36WeFUCK4,39567544824354612
tz1LApX9pPhcDUDznHR5TTCcSXh3m6zPgFHA,3626580323554789
tz1hUY7paB2J5EhD73r4oWL6uZubf1UibHrk,70641365149708167
tz1PWZTKd1zhfuxrixGJoHJ6G17SQiypwe5m,32528753353
tz1V1Hu7nMcgVuMKDEZickAKHHZavLKTB7Vh,35015861255
tz1NKHjwrYfg7GWwbWZ3bvdejkVL34De72Pz,34295908968
tz1RaZeHEiKewSd14gZ7HKfcQ3HaNHJ5tnV6,705475633319366534
tz1aiLrqvULcV2Kfvzt9dUmqnLQnoNXPPek8,639399322980956933
tz1M2h2hPZzov29kf7xcHXrunXb2jFSbfiNd,328900840221383476
tz1MToDUySbYhPabULUyDPPsfDQF1cpZPdoH,49492839900026979
tz1gMfLSQs6xTM2TcLM6Sb2njJ6h9qhSsT9Z,99102066980195560
tz1Mt4ddsTmDs4of6kkWYvMWSUtM8zbGNMq2,30565247114
tz1UNTxRbAYTSBSdHMjoUoYAtLH4MHMUiGwg,6813516790886772
tz1YUJitqsUrFfFzEp1d2RiqVwV61J8aPb4E,37568419366
tz1TqqKqc4t2Y6PTvxeuhF8kNjVn8HpZkKma,47583815635606527
tz2VoUZvPNLyq9bZ82VoDLrhkH8n6eaUoS6E,8978492710514720
tz1ZvbLR47deoqaSgsaRXe7hbgDgwonBicnV,968486251168147699
tz1L8m6MGdvK2WA65wQ7DeVwXVmCS72JKWeN,9156265945756481720
tz1iCJRFVD1oY7yQBap6X59XktpKHJtgCGyS,2228101270746125
tz1bnWUvcfU77EBpbLUQ41c3hCBKovGuqyGY,149781899720977178
tz1STAzkywd9GnKGvJBPL4xWte3LCniyu5ho,43165327794695193
tz1g6cLrzLxNayiVyb7BLsKK6TfwboqWaYPx,16594678995162219
tz2Q6ugZbronUHSk8fbuHibBrBEJwrzgtL8X,13155494286051748
tz2Kn9u9cxvTczP6CjirJnEE1UApmoCzuGPB,36310209608078307
tz1aHfKHR887WzmpA56K2diKDufR3QJqn9iK,2417406577334622894
tz1bdbHUpDrUx7m5g4VTSkjnc3mxnquzRTcw,2802099429701611
tz1NoV2nnTuxavEAuozNyHm4nqT3qtkYUNYW,35277662087
tz1TQJjDtzUWWAa5a9H61iyPZmuKRfX9hXi8,6983730778495806
tz1ewd8gDnG3USrTRJVdbpsyieVv9fWDMPNk,118359737783522188
tz1PwxV2kaHhubkYaRWTnGBvsxXswz7V9GWc,237998950526908
tz1Tpms3fccT8x1pVY9BQKgnvppew71pTDDd,6546259833381246
tz1bNLPqmLVxWF6puxbFZHU1yCJLiCZmHH2E,1959297093392721
tz1ajJzH5YBGRuXnU7QDJzY2qVRGcysUbxJE,6545057578511321
tz1YT4u9DnGFiRM8AXXACY8LWuV1rW3A2hFb,346366000193505
tz1QppHuA9TUoFN5Ek2ZSmRPdU1xQiwRSnPb,3644464911308294
tz1fne8nhZuSRgzaQPyaomKQcFRfthyicBQc,6545023413502769
tz1PGFWJqZhk5BabfqxfYixpVH9S8vY7NKj8,41822682883
tz1Uva3ynPUXqpAsWJ3CxcXVPG7HEXB19rzU,66880956438561639
tz1cGZNvVyHrKgbRu4b23Nw896JD6GYhZKQm,66770769704465331
tz1i9THBDe13YzhSmcdpcWKJrL4raaJ1cpN3,66660855243234115
tz1apbBneTw4Ap2kdmv7gfTv4kDPYbR5HAkn,56479685378053293
tz1MJ4C21XhL6B3YptprRWMuL8oeJquUhz4u,44102640266284214
tz1SMoz8tsJzeQPtGhPEjPnanQMvFc5KitVh,3651231219256884
tz1XuNQgqT23u9KcwmRLGGQ6w2n6dCE4bmoV,5442728649836862
tz1WrZ2Th2eCuq5NuZb8nHXPJUjaBE25Uwgv,43458938082
tz1idC7XEoSZ45sXLwp1ujYJ3yNFi2tkLT7A,22919953541917959
tz1d4649CmmMEzXBWzhTgTkFxy9ATNhb5HC3,737522788531142
tz2CrWArLr8eRCj6mp6yYQAKshR9MuyaK3Qu,74278157333137903
tz1WqkwtGV3ttnchD3bqmucZwByduHq8EN8f,4469280016643313
tz1dVTewmwhAqfBcAgDuDuF2sPUaafuPA8mr,69527299918938730
tz1ScePe2eXYo1RBdEe12hNY8KrvHyjFhHw6,590651231089517
tz1XNmNga2NyqFiNpmEN66fpySDoGWoKpKXB,1602904762959537
tz1dXpsNAWLHVYNWSqhrHCHT6wh6L1fKZfo1,45226093696
tz1N2AezxpvrXzvGaqNVW9BqXxJ6Rcup9M4p,2457673789505923
tz1iFKBz9HbJDp6omQGG9LC9bTXF4zKdkJfR,3335994285104579
tz1fFCF6FogyPLLjSk3FNTG7gVdDWfPCWVni,37044817702
tz1WUmNdnrv1w75V7ntFSt5kSuyQfYuo2hqK,42215384130
tz1LYQiMSoy34xAUD2NnsJLCTmb8HYYR9th9,3362782269818042
tz1VYa9SB4LtsHLWZnJXc1JuL7wuX46orE2Z,115409981547011491
tz1cAxm3wHEUX9tY87sSfdVfHgCWcPCTkNTA,47560321039907149
tz1YrFGJ542U6jpYHpe7BFHxNfa2mb1wpAdH,761973582404676
tz1SPVSDCDpbqigKWVYnbgHEudxSM3BASPZj,587834225846374773
tz1f7C7HeTczoCxoo8oQ3vBDRQTiNM3tFTZu,28753946316663093
tz1P8pHeW6qWzBkgeDvi3bc8depN63r5tt5s,22300723636481225
tz1iZnkruZaYGv3dfER3wEasjJj5xpaTtMjN,98175313634122171
tz1Y1svqGfYwEN9J3ne2WLEuzUVnwzP5qoYW,10151175536441
tz1YmwJZfEerVMbc8uuJc7xUzE64ma3Xfu7L,6632362199954293
tz1aQbe92zZy6MNeRFtgmgV5dV5R4BNTdqK1,6298117435235013
tz1THz87Wwo5DL34CELa6psvuH8RXShPmSbc,1701735317573592
tz1cgAHrLkuj5NrLmQ6LnELKFKu3i13CokzB,30696147530
tz1eQ9skdokeeUyTc4SdNQMPigjZ8JY4kzus,84698848040112939
tz1S35xPc2sh4kK5hd7KujsWU1G3SUdCnFqp,1104603410952810120
tz1dYEEirVkgSnE7eGK9vFUwxWBqibkafs8W,19679481282765511
tz1VLGH7SJ4HA6kDXRiHYqVFkn2btjnoxqib,636287077668361007
tz1XYkmAHtkZFjZLdWNoL2BTqUws4oD4H1PR,293841632512946228
tz1dCyFm9jxuhxJEi8UW5sgiS7TFubaNT1J7,371085662050467
tz1XbmhVLdDgsihnVoyn6aTRMURJ87YEbG9B,35999108050105614
tz1Sk1mwyBQkcyrwWZkftmR3Mjv77BEGUw65,7510689264412859
tz1QHXGKA8NaCmpZLrvrUyBpYhgEiQDyWY1r,4952471573483115
tz1NS4ZXnzYBPJpspW2svbqdjGsgBsGZchzV,262081615797630
tz1LUdy3KnxyyARheKtfcnRymhUq82SKLvyx,151487340344410
tz1LxFeaR3ZNkMRstvhjNeVbpv9vz2LttLBz,30499796907
tz1YRG68NdqtAcsFEwTUw6FsSsiBb5kagEDo,3290777450300447
tz1NiraRNtWgpXyyxopRTk2a7Py9oKFdrgkB,16465878506197632255
tz1VnXCALwSCihScu984A3dbY6XXLzDqJWa1,35817203417608681372
tz1ZDDHc1YycDdwQezjVDVCSfSB6A1xH3YxG,29976195243
tz2R1iMz3wHEx6Z8dpdPVgb9eTDVh5NdeqNz,37000862979091250
tz1hR6q1QMUC4wLD3izGsfeZ3HuyfJH5QajX,1378399990629340
tz1akJUKXFmNjxKaCqcEHmwbx4u86xfHLYJc,2004315954893836748
tz1V2FYediKBAEaTpXXJBSjuQpjkyCzrTSiE,5243148280913902
tz1Z1xRcvcqPPqja34fWNd1StABUV38LnbpW,687286229934605
tz1egZ7YNcG81udp3pGXPBsYQsUNHB7xAH7V,12909823363430687
tz1TSowSJAKRqQbqjspmyfN33nps1op2GodY,65771132414939
tz1VV5912Qp7qqZaQ28MC2G3RQ89UhEdueqt,3209539601441050011
tz1codeYURj5z49HKX9zmLHms2vJN2qDjrtt,2028698735227452940
tz1WXSxKwhw9EectY8mAdUFXDBHFnPZE3HSG,286560825935356877
tz1aDrsGYyNbiqUX6eTHLe5otZJwN5XQh2kG,4385060703565750999
tz1gu5jCJunSaHjR52rcu3n7SgDCJZDLTqJM,14363577544820620
tz1SDmZnnzpH5GAfHoeXygPWwzJtHXADpohn,4378103767468084
tz2KgCQ3sTz3n3jrU21DveCfTVFgrMnzeA7x,6329830740413861148
tz1XT3SAzJh47s5DxMJud63MWnvDftqWFtS3,340132563326517522
tz1bQxeuFnf9PTDRUwu94sU1GUvU425KqCeq,191838093827171
tz1Rb2U9TbEkYVQM412wBzBbMbnqX2r4CTXs,173107880565665
tz1gaTbRLDWJFA8bzcvDtkz8HxN6V1eL6gwL,2739769531972770
tz1U9RY2mXmwAaSSm67rEy49N5YE1Rs7K223,2862030348319470
tz1ZzEEVRzw78fhsLMM7JvV9CxZUaWGB98U8,9316571865285038
tz1RSRuULmTkaXTjrhbFuNkE4mkJLRGPWJmy,40055527268
tz1hHz9wjLaZ3p9sDo9SkqT1t5wxNsK7688s,10780018782053474
tz2BzwVtwa2mTbspW1qqdiA2UtctbGntxAGi,1085464013961272150
tz1QjLLgQidRchfWMvHa23uhfgdzNKSevELK,827059459135954024
tz1WW1xr4mdTif7jorgVr7aqY3YnnJPSDXj7,7783839646074943
tz1coEYWsh5bwhhCsK2Dc1SXTNQs1hWs1QtL,11266226451131092
tz1YKkEwEXk5g5MeDzNTgfDwKd589rGJS9q7,3989602281833914
tz1PSiE9EmFbQFb7K1cBxPTsbPdgotHLdy9e,12215707177670563
tz1hWxyYMfK3h3y7WvL1ErggtgneuNynC1JA,10631478668263707
tz1agphvYoUaWn5BjTVHnqTTyYwURTGAZyBE,78248468524970
tz1UVjnYXp5DZaCX3JZvxQQqxKnXaVMYAYZD,47287528094957587
tz1N4Q2BLS4sYvKCoM5XxFAEL1yoEY8TSS7j,3983181673012842578
tz1XH15XMCB22rJJxHLsZgVhXA6t7kJnmFa1,21082999011012362
tz1NEmMNjFtXgixkdCkkGsEn7k6QPeG1G1Qn,117593153456324274
tz1gVmWVnkT2yQr9gmed4BgK22SrSPjfpkEn,109336081277828996
tz1huGodLQWq9gKTZJ7D2Z9GeymHBJNnXvtd,7836157047821
tz1RVq5ohXzWvbqHzUgsmUNWHqin9HRkrWPz,89786586727273
tz1aGLjZZLDwYYSevU3HLbEXenAxwRo6f6EM,25458275989850
tz1VLnru4Qd3CFuj33ss2v1feACiaLaAQdvA,61654095893
tz1cj6FQs2Zjuwwf1uY7e7fLQfzi3YAbNj46,32725371996073830
tz1XksiJMYSGBzqZqbj4F1dbHBH85i9jR3Zi,56738800853290888
tz1U6R3G9mF8n9qH5mhrMZjgJTMKAEYb9Uw7,1101462127309300808
tz1TtLSSFGrP1796nyd1ZhGH3o1AVitoukLj,1585845003340114
tz1QoX2rtnpKq3MxJ21E9NcEKxqPL4dKsEcn,271838041675525391
tz1iXbbzm9Wogk7D2W2qNwYzePbQVmYP6BXN,4902695588241992
tz1aQGJFwYn3yzghyRbuWNapzDZjXCEfYHuW,698512205700280
tz1YDowtv9HFd9eUoMZMNjicREmagF38XWyJ,72322479790
tz1MtaUicPHBwrvkwnNwikGFfFWdaPxYAvJc,6362642351123423
tz1enSmESCGkRYo2CtDYKhqUHFTAQkpXjYjg,6460085275228824
tz1Wn4Wc6d6jieFpj2DJaNEC7HXcwKexW2By,85085277082799281
tz1c2MCGJM3pFb88Spt1cWgxGtXAX38Ur3CS,52192752586031814
tz1ZFS66zDerPgLPnYYEo8YXveudhGbzjESJ,12713515441126282
tz1ZrtiLUXfjKsYskvr7fmZk9N277YQcv8Ws,31546790699650442
tz1NqZnVNkS4N4XQqZaTigDQpSs8nc8RoMFW,12889670033598356
tz1WEjGgTyPyhUapqCRvwBnHhLCNV38Jr1GU,6963306937019095
tz1f2NgqK2bX3LaPgeTrEWgFFqRJgPNzFAYv,10790796991399078
tz1WGMbfVnzVSTD8oNgZA8feaYvNvBYzSVmD,7795863870848130
tz1MrpnRbw6HqHvKyBE3811uHgJYuvVj2hwN,6606240629258227
tz1TkqGsSx3gB17SLAcMAnDgfs53kYeFez9Z,13706817337109678
tz1KssAq8Lofcu9MwuXqpvXh75ufZSCsLQun,11134750400642239
tz1fhd4k1jSJRRcNVbkMwVzkKEhX3kzApsfk,18943760626767063
tz1TRrpXyABLU7RfM1fR5AbFM4g3F71KpKVS,2423177593574233
tz1NkGJR1x59KMwfLr2a8bAqDYSm4WeDjeui,8467480873043817
tz1b4Y6E5szNCHKZadDnAvdUyBfr7eQoEM3Z,31295407768810735
tz1Y8v9LUURRffBVoJNysYTMzb2NranuM3fd,4808311703879259
tz2ULsEpiuozejYYvEcwYq76vDHUEVcyYyE6,779279651651117
tz1PQkArZXKyQjY8gmX9yAF8NEtEtbuekeqP,4513449548091314627
tz1bv7bDGmKDPNjX3FBJ5nPG3LWnT7yB1Wto,155577655633382330
tz1LrMXpAmdVrP5daG1dyQnTia36EtXQGhzC,2969302033097490
tz1fkdpxhfX9pyAirzTZ5cKUKn7QRoPH635X,15396702236558
tz1bRxQfpDiUrzfEyjn4Hah34a7HNmoC8qyN,919189758888294963
tz1YrmdFnmRS5McKQyFsXRrTSS849k9CPdXL,4209241276478219
tz1TyTnxshr1r3xEQDsiX3sX96wvfwm41tWS,209380029378983
tz1VFdHcm1vd6qTka7VHV5VmZPebpe4cJXsm,2403569636950336
tz1UJd94Mz9pyLzfC8SAZvTdDHUs5qkFvucK,58638087554945954
tz1i3d4DrdmVrQRVALsNrxw9J2UsXR4a819E,885705054495941
tz1ajbUoguHiipVftY865tu8r1aRYEVWMKZz,234081522675520
tz1f94uZ7SF2fLKnMjFzGQTbznd8qpAZ12is,24267001775525385
tz1bmKAXCTFwox8xP1uSsTYiSSBt4dhtjx3e,46065191033230247
tz1b6XZn2k2tpS7uh3aHCMZ7J5xTR72ziJZv,40079744246266244
tz1gqAonCuKe1Vg9zNwFhP44fdPpHypGfZh1,11822780162926870
tz1fCCyqjcmwNw5Vv1b7yVXPvJzL42KqxWxd,13402843409350
tz1Yhe4w3qt2wiRz1LJv6QWsdHavkuLZtA3Q,91429988954243540
tz1eQpFrU6eQjmy2dcJiTeG18SK75yMPucec,10604176886413
tz1biyDVy4Zq4vZyc91eJAKi7wYbNFPJTzHD,3063459706169639
tz1cd8cN3qrphyJ3n337tcbCP2G5QkMP271b,181842230159011355
tz1MT9A2Fhs6PwsUXtYgVUxGNxHeuHX93sr8,2501677218266541
tz1igNamUNibU68i3pwGcdKLNr1Guf5oJ6nu,211498175802287769
tz1Yu1qh4mk9ejf2MLxRNnRwdHoidXqoSqqm,714370188599960157
tz1Yoe8QLauwLiYB6bpDo6tXNtfidrrcUyCx,2257704242085045
tz1Y1kdVWiz11sFffcydfFtP6Zam6N2h3iSF,39323286242279
tz1ZPzoCDzn9kZD9kf9ZWg7bybBJdKnw9PMz,11317117369525873
tz1Z4HEApoZ8Yum7RTc94Nqt2eepRcHFSqcQ,46991776421864517
tz1aWwVu9MLbY2MiqL8H7WuzJ2g39m67oJQS,5229089444028397
tz1MAE9qgpWLsc2p6NdKZbnCcpzKt2QkQSzB,44196529533941664
tz1bYyUrzvViYFF1LbXxWeFiorMBXUtEusSj,40883265180249
tz1chAZukD7QacpWDUJ33dGqeWFvknj5Xpj9,95462150587260063
tz1dDmngL167C8BFXJwX569z8KPoBS4Hrmua,4328175256679
tz1TwG24jP7Sow6uq8554A6AUSxwtMQk9sp8,8089337043158828
tz1Ziaxoio55wxE9UWpXnaMgRtSN3VBhgGTX,181705181031203
tz1bp3oUKqHcF3BZZQcDNYqsk1nw91Nkr4fr,1782409364755695
tz1RYVLebe4eDwGTJSMppc83yugoYXN8G53H,1782409364755695
tz1QKxiyYVjjff51jz4RR36SxHsM6PiiExAn,1782409364755695
tz1MdzpED8Jx333i4MMnhisRxK4RZdN49AZy,1782409364755695
tz1bZHuPEvBTssxpk6TTErngCiqpedPz85Ku,1782409364755695
tz1PZ36aiHW5x5HmhNc7gvDNdu8m7NAuZbiG,1782409364755695
tz1WUqA3SszNphCmLgiDu5jSNKoGqAuHA77B,1782409364755695
tz1NXp5GJfJ6UZoiv5BYykyxkag123G6SQs3,1782409364755695
tz1SKjT7gZtxGYZzvwMJPczpnbrgy9S2CGq9,1782409364755695
tz1SXKgF1AcPkTDCHm1TaBSx1kkhEEiAv2ZV,1782409364755695
tz1hf9kC9q6s36AFnz5VdGPWfw3U3yjM5fd3,1782409364755695
tz1ZyPDo7hJ1xyUWg25q7rpZ6kZ7WjLNXPcq,1782409364755695
tz1L1CRSuow6DbyfL4T1iCrZcbvULU4Ndxbk,1782409364755695
tz1PHJKsafAGux2BN5RbnA9VVnJTLwHyEGKm,1782409364755695
tz1iuXgS8GQHX3UrFTeQeDJNRQwTqk5Ky71W,1782409364755695
tz1ZiutCQgTEedcG6bB4HyxHksneK2BGyRcX,1782409364755695
tz1SevLttnimTvtKcwteXobXLXeotdFivrCE,1782409364755695
tz1b7f2dYCGV3Mn9Kqd1rbCmjPLXaEwyHwQT,1782409364755695
tz1dpQJYQkWUcBTqx3sW8AEFsJeNUcAa7mVd,1782409364755695
tz1Xq2xFYJ6yewPo4G3AyYexq8YbDPFrMnJP,1782409364755695
tz1VfGyV1Dfava6M8oBYqmDRJR8UL2FfYoVi,1782409364755695
tz1fekve2hE2s2cRwLVMS82tXn4GPcugfCdY,1782409364755695
tz1Va9fLvE3yNPupePTdMPX7zF449Q8fjeRc,1782409364755695
tz1Wbc68JZxRJeaYQ7BV1WvnytzJfJ3LYFdY,1782409364755695
tz1aKbkT7her6XEBY5a5cyzG9sSRQXNdDfeB,1782409364755695
tz1LUSKkdCc4h33utT48d3dqqqWuNTHSy8Wc,1782409364755695
tz1abXSECVwRTMajFVmUzWXABPaGkTy35NKW,1782409364755695
tz1S6SSigi75RbYC2sR4xzTTyxZACqhpcxoZ,1782409364755695
tz1fgX3sRSUFc3NYTqj81Z7s97auxMoDdaHc,1782409364755695
tz1StsoAaqgEcbx65F1sWQs4F9KzXyycufcA,1588230853810708
tz1ZYCUaf3AHvBhVChWL2RDQ9vww4VtQqBQX,1580736837570844
tz1a3zH4CyejVgJ8bJL88F2bkb9DKTsVALu5,1584539106268133
tz1RPJZCCaXzywaZbUQ1AShwDGW2eqqopqio,300364806544202789
tz1TjQAiE96rYCGCGrbWCzmwhuKgt556AgUx,2224030235853351
tz1S4nxXjJiSsn5h8DcUXBJhBL6MnPoyuTdC,1165873988137684
tz1QwQdgo79b1b3Uhcbviz66JeNq5NSkLMMU,1120673912576497
tz1PmrFyfaJsaoNswcXgc6xRHsimmSVmpZwQ,1167309343822326
tz1hkfSmFhSUdaGv6WNbtnMyfBcifEc4ZqiC,1095118851220764
tz1Y97DD3qM7xfwcg1N5vNP1RFPPmYFrT76k,1150455005163856
tz1QZZJyziNF4YKouMcpV7fNvZAbsxbqW9En,1135776341122273
tz1h3iUBUDeP3uyFTQ3hkhHQyTdc3AQxugdc,1157446279965658
tz1LK7fLAhbDFMkz3PEmmtPPdMThLCFdf2Ew,1162275237044526
tz1WWRakDQcrPLDSdoMSKfxA2quuejwrcdMC,1163701043371581
tz1MhPuAFdwmU7ZCFxBPAuHHdyZ87yxDmUFW,1168001973224317
tz1NHrBGrp8bExPpFyq7mE8PivPK38TRHV3v,1047317098171274
tz1dkSFiGuksdcLuFvwinHxDTxGcaZuMBhZo,1158550947253900
tz1aGPrBTV7uHxetHTDrDXehi8axBZjoJ94K,1083952713949474
tz1QX6fBCPCQdrLXeTQJy8yNpoxfXcPGrPaE,1131964067140576
tz1NdwCrV7Tacpaxu3HXpePoWaYYxndWZb5W,1058403914196957
tz1aBA3X3suZiyhPLADGU1vt9EazWNN9mpWs,1160840161177601
tz1S4exgAjybUiCXdYy93FFq6UiVfrxk4i69,1168733691231485
tz2M8wUVctsHkQq6zEugKTgieYbdzEuuhpkc,7391556586011176
tz1djbv9JAQkbn8uQqXJEmM4ymxHSqmdzGy4,89626933710446629
tz1LXcSjjWHCuKHaJPAvPb18goJhMoaLgkaE,41569465400065
tz2Q7GcWsdAV2krjJDmEz4CNfcDfnoREZDeT,1924000468573992
tz1h2AzE3kDAPJYZeJ7rqfojDHwZECie5kyh,109038555146475909
tz1SJsRzVgciEYuGiRAxJ9S5NFFuFnomUgco,7543524902
tz1Rpm6NShycycR78Gd9iEtHVPcaUsfcTqcy,1314515027314695
tz1MBkViJxtsnZ8DSDxJFCR16azpks1uGgoR,181252482543135
tz1PPvPurgxkRirjhsih7t5aPveMs1ENt74t,130521484919130
tz1UChaj24fHGPfNn1aqABNBb5WWGZ7RfMuF,1728846045198331
tz1f5oxQvEXA9m18aiVGDaVs5At4oZdrR6Kt,27588227632248
tz1e9jhSiUVy9vD7qwnotAVgxy1rpjqGJjcU,520460279007719
tz1KwuJDP5WDyWWe8REH6RHTUJ1sfkJrGBL4,515383326875098
tz1cZDhWdASeB2Nk93eT4mCAdw4VvnMEw9Sa,377995836953204
tz1Li4CydFSpubMEDpKiNZ7NoWiMSgJJcqeA,389189511347750
tz1P4owaJWbeXsuqGSvggi3imzR2mJDpyxTV,9548293435670209
tz1PVV8i3pkUJC7FSNVQp5fatez52M9QLeAb,13840780986936888
tz1TXXmPc2fsvzzRwdQmT3W9iEfWygty4X2Z,15207897782464407
tz1ZZvnqtcmgdf4YKFTnVi9Cg1XEiueLCmBr,155675804539100
tz1W4jZBoLM2AGZq2ptopYBu353rRvuSh2dK,30998283470434009
tz1XpqxdnX8JwzcLtSSKkiemic12U4NkCbkG,11067498736847300
tz1Q9Yyna7X9nxjHe4dbyj8Qk1ZuznCTch3a,276539080620622
tz1Qg41X8F1dZPVZmc1n32fxRAk1WEgg3qUo,13826953799320
tz1MN2zesLxjCfB3K8LUBf6rvnXLk8Z11hm6,329107624177917
tz2SFxhkao5Kh35pbg3mQxbTvKbEbXPEhGds,2215983687398630
tz1bMLmaYWNNJBYUgPGsCV2C3B4CixzmnDk4,5448653161817556
tz1dHJmULw6DQSKAWYWpDXoqeecE4tG216yP,1627608340775941
tz1TiKTQkyc8KupyxY5QmPA7uf9xmhQzXAkq,1785129067189757610
tz1XUaLk6Y1T6PbJzfrmfvem29cDNp2dnSDM,760482471601387
tz1cLB1J9PtkoJCnH3ovrn53ZWddfMbF2PL5,4148086209730624
tz1MhV6pu2sFcSKZvevrCtNRcb4yszVdVn5b,8340684437379
tz1bi7iZyxPCGjMUQMiouiHRxQwveQjuTu8b,8779754389559986
tz2PBAJo8zSWvHXh7Z2VineRxPP3tn27JPQf,1382695403103110
tz1duafqHy827Aw6bbFNVqUbpxphm8MSecwU,11600717363045603
tz1VokTq5w2ngWQtfwzF6pyB24Ro6C692Wez,7604824718120339
tz1XkMZQCCAC1d2YCbHzSySvaiGU7fv24gx3,158668191815706621
tz1VEbcByoqdaTKar1XRpada24pn8D5xRrkw,95010983452588
tz1N6Rvgx7tFsXkNWjHNdwhDLLg4oSoFeMAU,11089221309116727
tz1hZ3dazpeour6uTQCA26yzohhuYgesjzDT,2072867788706511
tz1XrThJDztPJoJEKbYXqaDxFzwp1Adbo1F8,31890273503890
tz1YtUbTURpWeX1CzHFamxS7fGdaKwKKgMzq,2879428013246713
tz1NFiJUDasUpobcXVdtKyBj5eDcdmjnAPqt,1297675069790
tz1SqQoCZfqRem7eo2HtKHSL6zbdoevxc1S7,24927771856782
tz1YcRfmH4JsdvLzzijq1mh4FXjoHmh2ANEQ,13826953799320
tz1ht6fhcHXknEg7jE9nFVU2gXUD15cUifUs,22097635266989045
tz1LxkEN5DUeU4usSqobNqYmvWa5VN1NC2B4,15945136751945
tz1d4cbP98Sbni6mxUmvAN9vufMZskSv3F4K,1669807451688492
tz1Q4mLBtkz5CbKcpLBB6shR8QUzcMpphNrX,2572568022285097
tz1TreKYWjXdKDaKCga4b8zobDq2pdHdGZuA,12070382502154587
tz1fwd9Ub1AwXaRNLUfdDCtQfWyeq8YcJvCV,9690773536982277
tz1Qor64hy8s7jH8ZQkMoaYLiS6NVmkeSBbY,17357110411241551
tz1TnjxYt7dKGzDoFj3j3sGudp4buKFEg7xF,5504171388572529
tz1ZgEA1VMzNomprfSrZB1aM5CBqi1nnCqHF,2042452629720540
tz1Mc61yajNASzh5KWZFtYs4i7EJbzAxQC4K,2529033545417631674
tz1PqercEyjV2AgKpNXgxeWnxgbYu31fw6CC,3804315525518140
tz1PzXjyPchzGUGH9yXLTgvyhhakFnyYDYge,64883755174672
tz1XrwX7i9Nzh8e6UmG3VnFkAeoyWdTqDf3U,1858565149648152
tz1QFsmp3jUZXxwmwTAL6fYheo79RreoZXPV,22821412584622258
tz1PsF3NELGCZnighkMmr4mLkCzbkoVPdGSS,1758295271309925
tz1SEEQNGjxP3SC8biDWMMHwgpYk1aeiQDyJ,120266154824856226
tz1U3YJZ1pFfkaUWZVWv7FvNyiUi5vKYG696,1556758046233587
tz1XmqF5gnTjgE6Cxu5CzaT5H7vXiFfihe95,138269540099664
tz1USBJ4HRxuvrVUqaxALcdXaRs8AC1PdYjM,5399798507069042
tz1ctD8vJYVazKJbCKa7LUVb7n1cEmfRQpe3,648837553010607
tz1Zvu2PkSnZAJr3seWbEdt6W6KYWUgaanVh,236992984509084
tz1ehz91i7CxXaMnUjFDWBhr5uVvr3bVkBxD,52414444850507361
tz1cmp13ABTtQ8dhVazH5yWtx2hGZc42ywaV,55568871159600465
tz1LfKbYRG3fWd5ccbmsq9ykYJQekZEouB3y,15618083745696249
tz1P1NgMTMvhHi1amqUZrQHS9DZSizEW3p8w,389189511347750
tz1ZD5nQNtzgTzZxHgxgFuGo9CNBuGJHVRXu,12818025322570078
tz1QDp8TCD9dJgWoszxo77K6QukSTubjqd2C,528153768149791
tz1TxrHpaBDeAG95HkTxx6D3d5RVwb91fRJY,248644916265597
tz1U3ozNjAw2sguL8Pn36V7tX38aSYziM9Fs,2126864941231197
tz1amoqk71y4tqnZxRWGcttpK47XJnPx51jB,285512485612645704
tz1ZfxjoBeGkRG7zLgyH6gnYVNAL9KQwRnCB,778379023116793
tz1Zya25zMcv5a5UbYyLYVuES7SA5eWcis5b,37131401024698630
tz1YHWL72KHVVRGxPfEA2r1jtLtuCmjM4hgW,56000763020999905
tz2MBb5FxZXzhBuAPmY9z4zYTF8NeWPEkiV4,225717662945512
tz1dsvBGt2bDoMMxagnpHf45ehgNtQ6ctg3z,59667626870138773
tz1Us632Z8mVMLZqCs1FXuwyBEBe6o4KjHzG,2333563654400383
tz1SWd4hwQtHrzisTLp6vydczMypKPnxBFTw,3958552375569041
tz1day3KgAK3ZEP3hN1PaZiAPpbnGD3Lb8Kv,82408072538068990
tz1LCPRSFPJ2kaqvj14SWo2VnxPMTeCVVrFn,20759235960981
tz1L8VQ3oi6fCbddWYxCoL1ckjFK7wBHdT48,384273686263708
tz1Mf4iUxRSb1NhhqdB2oNbo9rRekha11MDH,66720505119089
tz1dham37JdHm31Lf63N3aBqxJJyhcnGA9GQ,1269013016745419
tz1NATazbFfnypvM7q32nnFP6m7aDXrtCm1g,484837329440
