Address,Amount
tz1NRbpmTuPEFCCYCqCr7i3hkMRDRhBFgmxz,15016575104987
tz1RDbEW7YUkwnnDdMNieSiF6kB4XBws7QSg,82989127736891
tz1eqt71cHna4YgyNg3ao6x22xU7c7CZXxcf,571778633282
tz1SBxNvpDFC4bjW23CtQfVLqN5cBATVf68B,60667608782848
tz1Rgo7URug42QnhBM6eLy4MWdfwn4RovHy6,13054616740739841
tz1YTQ3Lys25j8FhZQY61eoYErYUteSao3ez,27347651451634
tz1R3bKH1seset2h49p4vrZJCEL8voJgSK2G,4557370888242
tz1bdRJkGkNQ7homh4PTnkVM7xzVWhuC4EMm,1630349576362360
tz1Z2Ne4ZHxNPuCJeCcoykHVXTqhVdLMD9gV,3971171285388710
tz1Qji1NnEPj4Cxa9s2WEoWi9U9KM6a9gdDL,411435276298547
tz1cmanHzitf3UgWgECzLpGUKpzEfmGZaFsw,71804351405749
tz1eZFb4bNMMdveGT7BPcktbYsurg2e8r1xR,64608821680
tz1RartAmPJhFsL9oAhZndSL2G7KCsaQqqkf,27243503890721692
tz1MyqKoe43P4Z8MfHoXVBTrohgcbehp2zLL,425342231665956
tz1SRcMg9GRXi7paNeAc3ARn23mS3Z5dXa6S,31938939980992
tz1hD7VdzRpWG3nmYpCyW2gNc8mQNs3TCgxu,470338924847
tz1f38MX7YT2Q7MAq3mDdj75GTN7vgqV2TfH,178379041747
tz1aBDeNFooBEmBXnWDVgLknNMUHMYhHVcRA,3319492498638657
tz1hD5k7QW9ChHCgb2YLthKFirKDYQiNPDJz,92224370324935
tz1ZL7ekzieKxwngCCyjsCN5qhu1ohwJQEBy,195225543635345
tz1enbGpES1NDr2kTaocDhxvMqtpMy4ruhW6,77679198569928
tz1ehGMhxarDhwppx14PX1Y3eqbZ5W9Bc2Y1,19314621033698
tz1LN3wPFYuS5fCnodwxT94xVFLPtcFHvcHk,1183097311093
tz1ed4brTwpFg8hFUJSJ4HqnsC7sEjVesMtb,542939630778676
tz1QJE62jTxHis7kZkbDT2zsYZyauNDNzWg7,241569453453967
tz1gWt7kUnJtGXoT5BYzHVa89qGp6QVvQmyp,1513174901519731
tz1epR6pJmPaJ8vvzNi6V1T51ccocX1Y4VBb,9879576648934
tz1W19DveaP3mW4WvFtdVdqGsWwBL5q1QDSK,2005216907571042
tz1esdEqZC5Nz3HDFseHvpH6SmQJPocxLzA2,99481077085743
tz1XyTsb9DwkPru3eU1Cwnr5JkihEi5eisHo,7627471380141
tz1ULQQ3S4kFLhhpPsegiMVFmXx2G6ewmbTA,986998245041081
tz2Lqs8WFf2HDG1RoxG3EAtuHjDS27XQANWT,27326488136
tz1LRrXCmELevk5znmVcYD63TChSpYh3vaE6,214184585309
tz1S8GvdiWQghwPMMzbNvRh66rcfmhEA6vj2,2077712685574734
tz1N9qzry2ko1gwTK6HKWamZZK6FGx3Vr89U,4406000269966
tz1M5swezYMnDaim71PSeb2cPFk49ajrvDV6,124486307725254
tz1QQ4HyGbCZDmQxeVHoLP99KLyfvGvyX21i,2512850307492554
tz1WKygtstVY96oyc6Rmk945dMf33LeihgWT,399385974360254
tz1Rux3pGrp2KpZUBKvg3VQ4edRYVJsapr4z,46986360081186
tz1LWMmDzH79xyu6JvELrnvWLBBVjZg7TnfN,1435414273233234
tz1RfSFe1dxP7wh1zSffEnskgqvVVWKNKZG1,6575582562840
tz1czGMShkB8ZtCHKHeCPTY3CpuiCrjsGJBy,15787247055819
tz1UQ6cQZef4MuskJjV9g8pXNZa5s8ff1oQy,173090498170484
tz1dTmMLY7tan1HKfW5e3KxJcfZput6UuTH6,297824866175
tz1daKxrqyoFUCcuQj36BeMN9C1Ytmjg5p6n,279403499772369
tz1YZ4VZCRPoiDyGP3U69jCq2S8duDUcRjHP,19964148187675
tz1L5rXu3RqYBjZzjWXLaFANYZcwS5Pb1ZST,294906570348838
tz1NkFRjmkqqcGkAhqe78fdgemDNKXvL7Bod,224582705089977
tz1QkQLtDkqpw8VSymi13A86jh5iaCeMriMJ,1591623902095509
tz1h6J2pn9X3KMghNHZikrh3PtEpgCcRAjHZ,346903590523494
tz1VCyNit49HjTmz8SEgeL67x4BLuoTaeYMy,2075023119664571
tz1gACjUSBkWjqWv5ZBMRk6G9Sp8xNAYgwYV,127455662276381
tz1ieVZFcRity1eybQtgUyGg8NLEYWNqKtQe,59243230329360
tz1T5GmdYXDWwbhBrU7RubT7Z2dmz3ZmKwCE,1064944229561631
tz1XLpud4YtVgwiAJezLKUsAo9K2s8n2YPqx,29922879531
tz1gmajxhmKt22CbcsSA7WWXSATgbuVEmzTC,161947157987167
tz1cfzEz3R8YKMqC2rbKnr2XtpNjZxH6RGdy,29011098348842
tz1hR9eQYNNTZ4VGUeipK4PHtyyDEDmQ9dSf,633562215949544
tz1RxeY78zE8hNJbqPypB1mTVyTsBRmPuqry,84136542496106
tz1SBF19iLiCc8dNpKe1Ym9juSAKaTPyeypF,89242462058
tz1X6ADVxP37XjYppBHMLVRJQwmxA2YxztbQ,8713864095450
tz1T1u1CET7ek19f5P59vCdjTNFWAscYQ5ct,314136986676049
tz1V9qHfFxixcXJKWuEziUqvdrQ7BWpPnWTa,423184362270513
tz1Lqnwap8kKynTpefqqSH158i667Wdg8HVA,124336451844300
tz1Kp19QyYUnXuE6cxuXxsfQZbyqv5JtKPku,46862054
tz1cnojsw9qgMbdpgPeCcWPf5GX4YPvd4HAh,370115936396465
tz1fbJACCskangcgy9xjDSiEYgh7CUmSo9oc,14966839144790
tz1dKaw4xdNjfufDSLWRxumNBwe2VX4mxXyW,82196008204047
tz1RJf644pa7QAZqKzrPQGiYQPyubXarC4cv,3920940788340
tz1YSwscBZCf26kSPvqsnUdhnS4XQD6mAjcz,3706064019572360
tz1iCiA1vKmgfZbY533ZgMwFKZ14S1DQNooQ,15731503188400
tz1hNGWJUFPFV7AWLXvxGzJVEfCZ8KJ77PJA,60838956228179
tz1Qm3DHkV7V6peZPyWe4rv6aToH3nRmWEH7,25333175788211
tz1KsiwkQ9pyrt4Ra7QrAQp5LQJCGxHQrY1n,100487694635
tz1eKTUc8X17nVmtVRtxBcs3hwUPXWuqP2AS,2934360744470404
tz1hXx6tvTV3kzxpBR6E4hDYcxdgcRGHUTFj,1942031
tz1fkZtnjNfQHtEyUpyX9Tqq4RrLKx35qBxf,107944115665755
tz1chg2T1s4DTjLqthPc49HDcqkFHMwdSPwb,339920152607364
tz1Uzm53vPr2Giyi32yT9GUvBErKqHPBjvQL,281096921912
tz1aR3nrJgUyU5B623U9s1MtMsMjA5Wz5c3G,648271054779431
tz1YaPLZuVmZaKB69BjJXKUDgNaZrxBR4Lfn,18065166874901
tz1WNk2o2hJvzjuZRNmZQwjLQuv24wDv1zjU,50934155635
tz1QmBcwm7RH6swEYNpsZZfAWCCFaW6wugVT,1524212929157616
tz1LxqBcvRbZhp34C2ab62CMy49wFbsQSzD7,8785203349806
tz2Kmi3xEnXk8c7zqWSQqSSyfNpWt6ovG38D,1807580688235761
tz1LgePVXLZYNhHoRQ6KgHfQjQ1uq7JJPZDa,14078657508234
tz1gk77xzDAG3sif9eFvsqUnzaGh4MrzaCp3,741354815558822
tz1cWUkZFBZ72Yn9desxcgS9KdH4BVfqd2ZW,363338733744007
tz1a3LNYNZTNN2SLMjWSUc5jtLWFvZ1kC7BR,7806165789000846
tz1SGPStfd9v5upQUxRiHPC9666X4FpVAmK4,759960497780
tz1iF629Cc91SJkmQRAWAm6nYavf7RgpAqZh,681783141598
tz1WHGwmdEr4iruf4v9r6bdHgzC5v8SKYTkV,40239489039183
tz1Uza3jMhipiQMtmeEidizjbSqnqZMQyRv7,20442678071
tz1YqsEWdPxBmqVKsJircrwBmCmZDtHAgHzp,10138839466224983
tz1ZLMaECyswARea2bTsBws9eMjgUm4jG8Uj,1254661888641736
tz1NySiq6aHysD6Rpu4bYhFaVe3ASya2qB8D,84436133719602
tz1USU2xSWb7CBYGJYat2X7An9sr3cFfsLwi,51543581453454
tz1aoYg1xYeEdnLrAJ7y2r1T3aMBCyms6ppJ,922093664078
tz1WxCJ3UpzyWsXmmkE1YjYzbBv6jXYkbFYV,61171026739308
tz1fq3tMpnnsZ944DVxcJqsVNGsWTPvqJzvo,52567799576108
tz1PrecMTmNArbdvQxtZLUVUBT8rcC86dKZC,1682489676289
tz1Q1LWn8wCK77L4xetjbH3Ar7sDaSANezZx,11755642633373
tz1dugdoeZULYPA9phfkpofrP95rFqhZNXeR,124580026954
tz1UecmgMghaWovhh9EYfqTrK9gTtaiMtbzs,13572433006
tz1gGwXf6Ggkv9T4jGmp58jUMU2Gh2vYjDyH,39692884128298
tz1QjPnpmqAJYSfDtDM7uTf5bkZDNY7eBECd,137039357492677
tz1aVZZd883FwyEx5g2o3TgQ7pwEYi2f6apg,184528847541736
tz2MzvuRU1GEKi9udpqzLpGYfDoZTiKZ3C4C,461206189330955
tz1SEox4m6JwzUjLL2daQMKU7XDrvsEukR7X,7906339462658
tz1XJqUrY2okTwoJFgHFJKQV98tsn2oC6Twj,38072988892818
tz1VqXA6L6hPEFjvsgWv7Viw4xQn5GyNszzy,3685132330058890
tz1Wf1Lqz1yHm27P2RQJAVV2CMxnhYK4bBGc,135955148243397
tz1cTS1WwovU7SC783xgJxZrzr151mcshmNi,10497843422133
tz1f4Z9FJfgStP7v6Rj7BMJnWJ9Mb1NdAGsS,146193969798
tz1ersiy3MYVu89DFXvW7Qb8AM6LYptSsoT7,166806023465008
tz1UFF5DSDDtk3fM1ewaLvVG6fhaAeCdgYEt,12821700788971
tz1dcpUhXGeXexEXispSpfv7CeufoFnV7AAf,1025575389247054
tz1RKRhkvC7MQgKfPejvNaHGshWUDsyJKZdT,605383865756536
tz1SHzbhYsbX6Uk51hJC4JkjgWM1gWaSwBqQ,33588314115492
tz1NW1MMFL3jytxBjhx1qATMJyY47vLBMa4p,15113685362234
tz1QRm2TJKnarZ9tbL5CNjN4Ltq9pJtytuk7,44751150
tz1WJpBDRGfa21un4yQDKTGXZw561nsGg7Qe,931499342758
tz1UXAsfFeufr6p2PafNr2oXNrTDSdtwwdgm,13573970757223
tz1YPUNi7KW28VxZNEu3fNkRkJG55G9p7wsN,19435931440
tz1YpusrSty7ULz7w9sM814trSRmM1aNbmZd,688874070335871
tz1cuj9Cgi19KMRi83UuypS89kXM435qdhmy,1647557272811
tz1htwxBMBFikeP8SnQiEQyA9n1ryDrDFyLK,8443615989480
tz1XTyukKgkqq9P83UkV15np7EtSSEy4kAeY,8648505756299
tz1WMFtCLLeRiayH19ZiaErKq4Zu9p5N73Sr,237845925268
tz1RFUjzPENm3vF7quaxfELQCfNTCSjAsFdA,83241070278446
tz1cLd3gXJ9Fk5c648hRzFvTnGfT97CxcHrj,141733691327400
tz1Te5JR7gzDBwtZLKPWSPuTGFE4JX21vVur,3257208294
tz1YDRhXyq5ZHMoHXJX67rHSrUFTqhYjFo86,9752211957100
tz1NGDuYTuuB1geX1K5b88cqa8JinFLdd3d5,42218229652666
tz1XykUaKpskyp7hDEZjmuNTk4gFU58a46KC,4843529399482065
tz1dghYwdzvHc3tYHp8iHpNUSpmAvvs8Zjs8,2089039770175939
tz1PuipWs33aqS2KSG5k1qQtC6Dff1P1GBmM,31601530538091
tz1ZNxMa8XsMa8JTv776X9iCETcNoo4SY629,18445393571474316
tz1iAAJhH465Cf3BnsKQ744XHypQGY1v7Ps9,43062428
tz1a5QW18ULwjJK71LSc7UqNGgryrFouHzf1,6166007867244
tz1Z1ZX2B98nEAvEnLXJBCnsJ6K1GqaSp9jK,30356902605409
tz1enT2GWv7U8jyPmmoVb228u8hvi6hJh5FF,79127495106910
tz1gVon2mQhvutR49Yd5XK6k4ypwWfFjMZtz,33098964
tz2HSz8b961xoDjDLy3aFGogvW4HEqXXdcR6,43357700101200
tz1eSGjgq2NmLWnaQFQxafXK8ZQF5V7Sz72y,3619978472787950
tz2EP3fw5CbUUgJdx4c3Xono8Gbc8PLXGRM9,63844759142970
tz1ZhteLTqobRVCYsPj44oFfom5BJ2SdGxeE,65218084825123
tz1aRF3qMDrbN95f8dGYTKPaey6J2qQQnk8j,21251133629656916
tz2ALu8Jxf2SMgzSZaZEwfiJQbogpUDPStwz,42555811
tz1fCHiWZ3ReGqvhxkMejVzcnXYz1rnsJpow,1733769995906659
tz1Mdpj1npkpaxPHF2wFN6oX8SovVPfHyXSy,21088793275644
tz1L1i5BVehYJBebCGvPYU9kZYGKBELGUJGH,527181490263128
tz1TR56EbNTEEDeRrsPzQzoyvwFgZT25q3JR,29229046442627
tz1XbQgDFCaT228TPS2YUeHHfpVqGW7ANCDw,12862566496
tz1S1Aew75hMrPUymqenKfHo8FspppXKpW7h,3539308041876
tz1Wb4LakUUYuFuuEgXXQrNZuBD49Trodhwx,33365000975348
tz1RAfKUFBX6P2jFkCpzLFntju7djjbtKAKr,1247881078415327
tz1MiQ6euA3EEdnZxJ6EPwVsHzd6vQ7AHJmU,75654775
tz1UFwr89hcJvC4sNCYK7zSLcaD4JW2KkNYD,355199851435569
tz1TiJBTfVoXxregtdgCs1rYd55APXSAmniz,57923187
tz1ZPSGxrrPPfrmoGJgpXDArNJfNNy3qGvE4,29103753664690
tz1iQ5n52oSKgdtdYtqEJgKmQYbL1nn2poB8,790366366056189
tz1gueZ7eL2KnvxqWudHjoTH3ZPiUCmwNKR6,98214642060531
tz1QxepCwQ45EwtcxkgXZezHbnidvK7hUywy,532939906999807
tz1WT27PugwGBtre1hsj6BHmbAK2qQsVbRDo,131609977661567
tz1fL2TsQR271w84MXx3qFD7y4PZ1F2mpHFA,1079573721
tz1KhU89QWZuuhhnDD1paFp1jYMdpJLh55im,195792445353771
tz1QQyhTMAmNQPcSGkM7GfDva8hmuFPAxUMB,130775508849072
tz1htnC2n5n27PFD41q5X8bDvDcjbGMUS3f5,2143098715051931
tz1PoickddNEkRN6qp4K41u4KUW43vZ1UDvF,4346295895901
tz1b9qYttBxHzoEseqabgvQiCxafZzkAtH9G,923336362055355
tz1MQotPcNdc9R3nWCTwXLMDqKLS46WqW7Wx,334044395228964
tz1favSqpvTLtedjTm1UjuEmKfgm4o9kyLd1,753066119038966
tz1XYuybht7U1RVsUip7H7S31fBDxpUgpTXP,39516110
tz1WHUWCMqVqq5AagGN5DrytqWz88tYgedUr,36497942531267
tz1YJvMiZyXnzvV9pxtAiuCFvaG7XoBZhbUQ,186296747961073
tz1TmSForCvNii8rmwL6q2jgicQfqjNFtj8K,375379332322952
tz1eoqCSmqPQtTLs53Rj6gBB14eQh2aHWVxu,7537290357337
tz1XhZUHsJAFp4FHoeeQQ7auVBk5j6xoUKbS,10203085842721
tz1Pwh2MBs6q2SeLHiko3iJpfMwsDV46bqQU,1910872047685579
tz1hLWsybqnJtQRFp8skYy5aZLGNmL9bMUpa,204563600842572
tz1PuYitvGfsBm7C3oYAXqNc3t5wNhWZj5Dh,181138235684765
tz1dbCAvra65bwTVk5mgkYUHUGz3hoKwovZ8,60929640728017
tz1T5NfkdPfhkXzYx8akPkdznxSgU1Uf5jEG,152916443189796
tz1PYqfNnkpZydtSY2Tn3Rv8mjkgUpHJpFXC,424958143372930
tz1WidyAU8wuyG25Pd7b93bcx9hMu7W9Pea8,4250920745693
tz2Mz3ovkZR2HyC89CHHSdsrPya1mKSmLWfD,29479441602723
tz1ae2d1BJt7YUqaaec6Xenh3mBqS7VjSZtK,26439945829170
tz1g1vr7gbU7kwxVqmbmnovTGtdeRxFE6uBk,6925208124835
tz1L1XwcVmD2z4qPfLtBJ6RPThgAwLcXG6kW,4455505892752
tz1epFVHmqeWvvkFf2eskwhQ1AY3JwWd7Ej6,87813581348161
tz1QRcnskFh7eaV7QdEnjoYdDfrDqHgmmrvF,228384535861510
tz1XybkRZWjLx3hwcy1hQ7PT6FWEhpHm1FBv,22332802027146
tz1XcuwadWbLKkc4mDVxRo25dbtwfEa7wf2c,157376208125569
tz1hvRvzke27MGtp8CsSvsafxyyMWSVYM1ut,7965328784860
tz1a7MJ4HMNbWDhKZAqrvzX5P6u2E2mJyJiV,304695108211179
tz1WeLuPLjUs53Yr1RCgq4EQ4d5SvV651Tqt,2990955850816
tz1Wo716Gggp5HfupfxtPgmYu23rDQNcLcD8,283447909740334
tz1imyQrFWHyTp4avUNAw52RxdFjU3HPviRN,78030280298744
tz1isKR8pS4pdgU934K1S4UpLsF56ECJNArh,105415777302626
tz1ZVoeS9T3H451BgjTe18pM1q1LPd2cgB6Z,165860414245
tz1eL4fYCgegW8tLCbQ1mYiKY3TdDxWnnKo8,169266383816729
tz1Rhg2UDkjgLhemdSMtiGVGRmzwVLVaHArD,21020326347665
tz1dPHDXSCFo8PienbvDMyCKr5DXjPMrZkJ1,140704848352469
tz1fkkxXSMtSQew8F78XdsnaC26AfsXtsGiY,29591331554268
tz1ZuiTWKXKqYfzFPaSaAG3Huf9QM1AdZ1pJ,107744764740435
tz1RsCndtupuxe2U3syGAdcRBzpNqJZ9ANNc,2250528008918510
tz1MrZQhiNiHK14oEq595DLsVQ9wC4Nv2ZXW,13479542993003
tz1LJQ6MPnjGekNAmhFmkm8XWtM6UGx4MyF4,515047849566407
tz1hmxzW7MuU8HeRoCFPGZJnavGf5unqgaph,309580082201923
tz1Z6QqrAbEAMDLsis3v6b956sfH6qLTSEex,1128496104233
tz1NnBgY2ze24nQDpdY72wb1GVsee1UfAT3d,11324543266411
tz1dAW94vB3yYfNPE4LM2txBT8PQ21Zq4Xzf,25330846701899
tz1eeR22tmjPN3rGDikEMvpe8jcdXww3dqTt,84436136505994
tz1MsfyCeQEt7khed67HHsAidezZ1Th6mjzB,29281982975596
tz1WBMWCwjuFSsiiLUWKEQHEACNEat2S3EsD,4895248601674
tz2SuPjN8dYMJQe548bTvSPL1fdStZPXv7gT,6220616582458229
tz1N33TtiYBQ67sw32rhCsMSVpZkrSHWe9aq,1318672822739854
tz1QMjzbw5Yoi2zPqUeg2yuv5GZdmXjhh9mr,84437231558212
tz1ZutSZgCHEzxspXyoSYSREhwHh5g4PM8hN,52857019
tz1NJS9T6FKTnKUkVNv2g44GHTAhzH77qiYw,171259166243685
tz1URL5HNuTa1fHqqCtUKXUM3hm6g9c88NgF,266621530798
tz2M9C5x1KoZGoQ9xEY6fQ6Xwbe2GU1RTzRx,68791584732
tz1RCQDHtpdcwfgF1Kbbyusd6xhfjbXanhZ5,996266046290639
tz1c8JTzmA6c7cm6ZmUwR7WES6akdiMa1kwt,133685734110300
tz1XRTNgXgWmR4PqxZpiB6HZJ8Siz3M2JAim,40099531911155
tz1imbraxLCQ9TUpnJVP31LS18hpTqG5wv1k,94892354447227
tz1iDuz9LvybPBC4kDc7ceBoKVDwwzJR7zKb,2588988002821475
tz1eiyML8sHGBL139FwJQJeLGHWAFtDqPz4U,8443613794140
tz1YQDCB6Hbn2ozMyS2kf6WPJDeRvJtmtNqQ,151278505472391
tz1eeNRXYK56vgSfXHFcXorubcaBBCVpUY1Y,54376870
tz1TQw8erN1a2LpfRSNMExicRXMveBPbvTKE,15672819234
tz1gaRjULm9qy4D83VCvb4ABWLKpz4XXfqjx,40923267119751
tz1hAZNx3LrRKFgfRytoLNVGhCrzU1uVDUHS,133523358100597
tz1gJaXdi7Gweq8TUSy9knB2wLjioTKy2tZF,17557865548847
tz1PoXtd7RGVBwWmmZvxX18NQXYpbNdiwwtE,233673130529862
tz1RLCvv7wrWq4hTmyKk1zZuZeuUXNViSgRD,4722144319706
tz1QFk2DJhPkzp2nCN7Thpo4askJjQ3Zw6BU,90728033202
tz1bRDYJHp3ACUojEeM6Ja442YEwNmcb7ph9,82884335212733
tz1MDs7ym4sp2FsQhL32vuAnEqG3ARhM9Vi4,89502306724510
tz1Xy5UM1tC3CFcbPBVq5PjufaxcLjMwfQkE,2427300481233
tz1RAKBnmd1X43pkkGqywYCRgf1Uo6D77zMx,2427129751370
tz1cXwKRD6AMy5nhqEVUU23SBxcAMnh2aKLn,27065954028605
tz1imrUNR1R52GxhP4y6XQCDDXtQs11GarTN,1751228633281
tz1chab75LnyqBqNwrK11459SGCFQXLg9uyx,44294797717368
tz1USfPTFciXzVsQL7Rk8HmMWyWtFEas7fh3,97035912029518
tz1btYY98CWBVCGEikD7s1buWjpicb9kG8aH,1822756424186
tz1fj962xSPKTA57yWHA43VeVzo8KqdpNAeF,127885180181573
tz1ioU6W4otB7ebgRZTq1EVVra3vMyXqeqsm,23867938938644
tz1N8oU57qMgDRr6N9pSbhaiWRRQSxJRPGoZ,18517153221745
tz1fCEeLBcuSMSittqTnMEhcFdPCtD1HsiZc,430674171189
tz1WsKkY3TLDvqTuK97Xu4zuVoTb2nsr7J8S,15611887675098
tz2DsS3zeg4pqoUnRPHxvuRSuQrjDnTZcTNJ,271813227222
tz1gSGxwMrToBdzLeaxg4Bregv6W2oEbNLC8,784883824881692
tz1X8AQxtn4KzBwMZ6MZUVFDcACrfnyfYhDg,34787687
tz1KxARuCbAoiGGesnQjr2pvZa7CzJR7V9D7,61596561126701
tz1QS7N8HnRBG2RNh3Kjty58XFXuLFVdnKGY,5061033722201231
tz1RAP1j8SjwT587jyccTNArBFhC9HhGKfHq,10851814399745
tz1QiZCuJMuVz3aq7j1Bq2v3BRTQPCdTw3Fb,165732582590787
tz1L8hBVpams2fWFC9kS1sPVxfGY6Hmg5TQ8,23569535296581
tz1TQSPkLPqXUREhxvYzPbAib6Jz35w2a6tw,77250056544413
tz1XD1xSVzgY8Qs1id1kNyFJDbv9e9pNMe2c,42221368650373
tz1Tk1MJDZ96bK85RLAqtKfnptZZyXsJ2jaq,38217382244
tz1hes6aF3Px3D8nPQx27fdwBKrXmGs1UYxT,245467370376620
tz1c1BG1PEeuhMFwmonTVSGafehicqbBJFec,7175165136011
tz1THwbFPPPBHmBu4cmLV2SppLFrA5QfBhyF,33647931539513
tz1QSwx2wnmrTjEGrid79c4tpFMxjCT86SAy,72211171966817
tz1RcJYTsoYQ7adtNMANhwd8qf4zApM4i2Yd,178925863938654
tz1cvrgSekgCqgyc1c2qFPSeMtux6AAAfDsk,1095113162508
tz1a1ZcbAeBEjxYSwuNKxSu6FbFB4dxdL3m9,989577217487
tz1NZnfrNgCGdECyAhA93TLPTSciJcZBJqDY,4096075646265
tz1UGuKv6PzgVbofb42VgeRwDwsVN47UpuZB,142636373715390
tz1eCzNtidHvVgeRzQ38C81FPcYnxMsCEL6Z,77090190
tz1N3nvFqipu91tfU9s4GXGsopawpwxSoAJh,6942760926222
tz1LFeLTRQZrgKxbmvjz2ckViRhVw9BZXw7t,1673493973259137
tz1XuzzMTz1LhqbRPy9uxfRkccSxju3v8Y4j,27627143020917
tz1MoiwNRQWHfA71aypNk8J9CsKjfmq39c2F,302496114845219
tz1hhphPmGxL6HEmEjoVSJBy82FMWbFwzNCD,1690896313782
tz1YHLm7Lq27q3rgVXLY424zQMkvncVvNiaK,9287975975698
tz1fKtBhuuZiMYhM3Pi1hcP2sjRbstgDrmqX,2717722700532
tz1XEA7cp83PyiXfSxWu3uHjA3EF6Gdh3Vhq,9136237319641
tz1UXMLCt7dqbUiJ2BHRhE1gFkdVkmCZYcM9,2977097837898
tz1iKF8o1hCLaTNZcCJpgKQBQxkpcSiBy5V6,119258789614677
tz1c2iwyckUCcicx2qxqtwLEartYFEHg1pvB,54290091638918
tz1PQDUDph7dDCn8pLGXqaR79DiUWLiSZdEf,28539287134077
tz1fUZ5pMP1gUjuJsp5V631cXmA87Kxm3cuZ,435690453455027
tz1NVsmLrZX4jad9bNdvM1EskvcTq2LSZhLx,376322094939332
tz1PKoh9LB2P3pgh5ahaAFnrC2QBmUxcHDJU,26250256056850
tz1cqoo91JCc6sKmNuTVKNzwUdi6E6moHWFb,111525610557391
tz1ZGNErBKdYeEPjZuqKXhyTixQTTPn54bx3,3109834445218
tz1QVUXNoyCfKpAyxDpq8kR3rK2AShuzQxJ5,288085032437241
tz1UVTMhbMiSETKCxFi413yZ7imF1xeyt3fV,86138089140434
tz1UAYfFWmaTrQTYMptaGCw6LrXK5Yv84VnQ,458529073186
tz1hLhGe26gqt78sZboxiwne6zgKMqirRieW,3244033808859
tz1RYTr2WKdJD1MMV51kN9AoxPnxZJgJ5sqU,4601090927820
tz1R6mtcAQwBTK9YpSqRL9y2a6JZWgDkBm6M,52688326705841
tz1Sv2XMQNxcAqyqyyv42FHjf3EGwJ3Godj1,940204820640
tz1Vh4cX8VutUUUnnjmnY2omSV4F26T5orLH,635286096046
tz1QGCWjNpYmcS6T9qFGYSam25e36WeFUCK4,51045376479864
tz1LApX9pPhcDUDznHR5TTCcSXh3m6zPgFHA,4678585916111
tz1hUY7paB2J5EhD73r4oWL6uZubf1UibHrk,91133152059991
tz1PWZTKd1zhfuxrixGJoHJ6G17SQiypwe5m,41964758
tz1V1Hu7nMcgVuMKDEZickAKHHZavLKTB7Vh,45173331
tz1NKHjwrYfg7GWwbWZ3bvdejkVL34De72Pz,44244534
tz1RaZeHEiKewSd14gZ7HKfcQ3HaNHJ5tnV6,910121400254081
tz1aiLrqvULcV2Kfvzt9dUmqnLQnoNXPPek8,824877543133374
tz1M2h2hPZzov29kf7xcHXrunXb2jFSbfiNd,424309046421054
tz1MToDUySbYhPabULUyDPPsfDQF1cpZPdoH,63849820780375
tz1gMfLSQs6xTM2TcLM6Sb2njJ6h9qhSsT9Z,127849790564287
tz1Mt4ddsTmDs4of6kkWYvMWSUtM8zbGNMq2,39431674
tz1UNTxRbAYTSBSdHMjoUoYAtLH4MHMUiGwg,8789995216701
tz1YUJitqsUrFfFzEp1d2RiqVwV61J8aPb4E,48466340
tz1TqqKqc4t2Y6PTvxeuhF8kNjVn8HpZkKma,61387022981848
tz2VoUZvPNLyq9bZ82VoDLrhkH8n6eaUoS6E,11582991632774
tz1ZvbLR47deoqaSgsaRXe7hbgDgwonBicnV,1249426658285383
tz1L8m6MGdvK2WA65wQ7DeVwXVmCS72JKWeN,11812333679678190
tz1iCJRFVD1oY7yQBap6X59XktpKHJtgCGyS,2874433293887
tz1bnWUvcfU77EBpbLUQ41c3hCBKovGuqyGY,193230929416184
tz1STAzkywd9GnKGvJBPL4xWte3LCniyu5ho,55686811449588
tz1g6cLrzLxNayiVyb7BLsKK6TfwboqWaYPx,21408496297429
tz2Q6ugZbronUHSk8fbuHibBrBEJwrzgtL8X,16971666086213
tz2Kn9u9cxvTczP6CjirJnEE1UApmoCzuGPB,46843147022008
tz1aHfKHR887WzmpA56K2diKDufR3QJqn9iK,3118652658200628
tz1bdbHUpDrUx7m5g4VTSkjnc3mxnquzRTcw,3614937973990
tz1NoV2nnTuxavEAuozNyHm4nqT3qtkYUNYW,45511076
tz1TQJjDtzUWWAa5a9H61iyPZmuKRfX9hXi8,9009585214468
tz1ewd8gDnG3USrTRJVdbpsyieVv9fWDMPNk,152693764600201
tz1PwxV2kaHhubkYaRWTnGBvsxXswz7V9GWc,307038156787
tz1Tpms3fccT8x1pVY9BQKgnvppew71pTDDd,8445211832407
tz1bNLPqmLVxWF6puxbFZHU1yCJLiCZmHH2E,2527653869152
tz1ajJzH5YBGRuXnU7QDJzY2qVRGcysUbxJE,8443660825067
tz1YT4u9DnGFiRM8AXXACY8LWuV1rW3A2hFb,446840534538
tz1QppHuA9TUoFN5Ek2ZSmRPdU1xQiwRSnPb,4701658500450
tz1fne8nhZuSRgzaQPyaomKQcFRfthyicBQc,8443616749405
tz1PGFWJqZhk5BabfqxfYixpVH9S8vY7NKj8,53954689
tz1Uva3ynPUXqpAsWJ3CxcXVPG7HEXB19rzU,86281916552942
tz1cGZNvVyHrKgbRu4b23Nw896JD6GYhZKQm,86139766633103
tz1i9THBDe13YzhSmcdpcWKJrL4raaJ1cpN3,85997967967579
tz1apbBneTw4Ap2kdmv7gfTv4kDPYbR5HAkn,72863424212574
tz1MJ4C21XhL6B3YptprRWMuL8oeJquUhz4u,56896021376661
tz1SMoz8tsJzeQPtGhPEjPnanQMvFc5KitVh,4710387592390
tz1XuNQgqT23u9KcwmRLGGQ6w2n6dCE4bmoV,7021566140683
tz1WrZ2Th2eCuq5NuZb8nHXPJUjaBE25Uwgv,56065592
tz1idC7XEoSZ45sXLwp1ujYJ3yNFi2tkLT7A,29568618994223
tz1d4649CmmMEzXBWzhTgTkFxy9ATNhb5HC3,951464857629
tz2CrWArLr8eRCj6mp6yYQAKshR9MuyaK3Qu,95824912112485
tz1WqkwtGV3ttnchD3bqmucZwByduHq8EN8f,5765737602780
tz1dVTewmwhAqfBcAgDuDuF2sPUaafuPA8mr,89695916583789
tz1ScePe2eXYo1RBdEe12hNY8KrvHyjFhHw6,761988508336
tz1XNmNga2NyqFiNpmEN66fpySDoGWoKpKXB,2067878546668
tz1dXpsNAWLHVYNWSqhrHCHT6wh6L1fKZfo1,58345368
tz1N2AezxpvrXzvGaqNVW9BqXxJ6Rcup9M4p,3170600662915
tz1iFKBz9HbJDp6omQGG9LC9bTXF4zKdkJfR,4303706104934
tz1fFCF6FogyPLLjSk3FNTG7gVdDWfPCWVni,47790851
tz1WUmNdnrv1w75V7ntFSt5kSuyQfYuo2hqK,54461306
tz1LYQiMSoy34xAUD2NnsJLCTmb8HYYR9th9,4338264801232
tz1VYa9SB4LtsHLWZnJXc1JuL7wuX46orE2Z,148888337240861
tz1cAxm3wHEUX9tY87sSfdVfHgCWcPCTkNTA,61356713027363
tz1YrFGJ542U6jpYHpe7BFHxNfa2mb1wpAdH,983008386146
tz1SPVSDCDpbqigKWVYnbgHEudxSM3BASPZj,758354340641534
tz1f7C7HeTczoCxoo8oQ3vBDRQTiNM3tFTZu,37094947930973
tz1P8pHeW6qWzBkgeDvi3bc8depN63r5tt5s,28769761653164
tz1iZnkruZaYGv3dfER3wEasjJj5xpaTtMjN,126654202774742
tz1Y1svqGfYwEN9J3ne2WLEuzUVnwzP5qoYW,13095848612
tz1YmwJZfEerVMbc8uuJc7xUzE64ma3Xfu7L,8556290943761
tz1aQbe92zZy6MNeRFtgmgV5dV5R4BNTdqK1,8125087796655
tz1THz87Wwo5DL34CELa6psvuH8RXShPmSbc,2195378064022
tz1cgAHrLkuj5NrLmQ6LnELKFKu3i13CokzB,39600546
tz1eQ9skdokeeUyTc4SdNQMPigjZ8JY4kzus,109268457388773
tz1S35xPc2sh4kK5hd7KujsWU1G3SUdCnFqp,1425028952979726
tz1dYEEirVkgSnE7eGK9vFUwxWBqibkafs8W,25388144133443
tz1VLGH7SJ4HA6kDXRiHYqVFkn2btjnoxqib,820862491545403
tz1XYkmAHtkZFjZLdWNoL2BTqUws4oD4H1PR,379079794403845
tz1dCyFm9jxuhxJEi8UW5sgiS7TFubaNT1J7,478730924795
tz1XbmhVLdDgsihnVoyn6aTRMURJ87YEbG9B,46441800508832
tz1Sk1mwyBQkcyrwWZkftmR3Mjv77BEGUw65,9689404860148
tz1QHXGKA8NaCmpZLrvrUyBpYhgEiQDyWY1r,6389094322038
tz1NS4ZXnzYBPJpspW2svbqdjGsgBsGZchzV,338106769227
tz1LUdy3KnxyyARheKtfcnRymhUq82SKLvyx,195431087628
tz1LxFeaR3ZNkMRstvhjNeVbpv9vz2LttLBz,39347238
tz1YRG68NdqtAcsFEwTUw6FsSsiBb5kagEDo,4245372681264
tz1NiraRNtWgpXyyxopRTk2a7Py9oKFdrgkB,21242333107896426
tz1VnXCALwSCihScu984A3dbY6XXLzDqJWa1,46207128620787232
tz1ZDDHc1YycDdwQezjVDVCSfSB6A1xH3YxG,38671749
tz2R1iMz3wHEx6Z8dpdPVgb9eTDVh5NdeqNz,47734146488791
tz1hR6q1QMUC4wLD3izGsfeZ3HuyfJH5QajX,1778248985977
tz1akJUKXFmNjxKaCqcEHmwbx4u86xfHLYJc,2585731891031564
tz1V2FYediKBAEaTpXXJBSjuQpjkyCzrTSiE,6764091103632
tz1Z1xRcvcqPPqja34fWNd1StABUV38LnbpW,886655578762
tz1egZ7YNcG81udp3pGXPBsYQsUNHB7xAH7V,16654730456493
tz1TSowSJAKRqQbqjspmyfN33nps1op2GodY,84850152581
tz1VV5912Qp7qqZaQ28MC2G3RQ89UhEdueqt,4140569196543882
tz1codeYURj5z49HKX9zmLHms2vJN2qDjrtt,2617187676506258
tz1WXSxKwhw9EectY8mAdUFXDBHFnPZE3HSG,369686957054954
tz1aDrsGYyNbiqUX6eTHLe5otZJwN5XQh2kG,5657087784804788
tz1gu5jCJunSaHjR52rcu3n7SgDCJZDLTqJM,18530192525915
tz1SDmZnnzpH5GAfHoeXygPWwzJtHXADpohn,5648112766925
tz2KgCQ3sTz3n3jrU21DveCfTVFgrMnzeA7x,8166000560119768
tz1XT3SAzJh47s5DxMJud63MWnvDftqWFtS3,438798889977540
tz1bQxeuFnf9PTDRUwu94sU1GUvU425KqCeq,247486867483
tz1Rb2U9TbEkYVQM412wBzBbMbnqX2r4CTXs,223323356916
tz1gaTbRLDWJFA8bzcvDtkz8HxN6V1eL6gwL,3534527296258
tz1U9RY2mXmwAaSSm67rEy49N5YE1Rs7K223,3692253772006
tz1ZzEEVRzw78fhsLMM7JvV9CxZUaWGB98U8,12019141457381
tz1RSRuULmTkaXTjrhbFuNkE4mkJLRGPWJmy,51674913
tz1hHz9wjLaZ3p9sDo9SkqT1t5wxNsK7688s,13907107950029
tz2BzwVtwa2mTbspW1qqdiA2UtctbGntxAGi,1400337561856836
tz1QjLLgQidRchfWMvHa23uhfgdzNKSevELK,1066974502720269
tz1WW1xr4mdTif7jorgVr7aqY3YnnJPSDXj7,10041791244733
tz1coEYWsh5bwhhCsK2Dc1SXTNQs1hWs1QtL,14534355701327
tz1YKkEwEXk5g5MeDzNTgfDwKd589rGJS9q7,5146914001997
tz1PSiE9EmFbQFb7K1cBxPTsbPdgotHLdy9e,15759263674812
tz1hWxyYMfK3h3y7WvL1ErggtgneuNynC1JA,13715479026263
tz1agphvYoUaWn5BjTVHnqTTyYwURTGAZyBE,100946939026
tz1UVjnYXp5DZaCX3JZvxQQqxKnXaVMYAYZD,61004787765439
tz1N4Q2BLS4sYvKCoM5XxFAEL1yoEY8TSS7j,5138630890271639
tz1XH15XMCB22rJJxHLsZgVhXA6t7kJnmFa1,27198797060041
tz1NEmMNjFtXgixkdCkkGsEn7k6QPeG1G1Qn,151704807975293
tz1gVmWVnkT2yQr9gmed4BgK22SrSPjfpkEn,141052507969221
tz1huGodLQWq9gKTZJ7D2Z9GeymHBJNnXvtd,10109284981
tz1RVq5ohXzWvbqHzUgsmUNWHqin9HRkrWPz,115832057376
tz1aGLjZZLDwYYSevU3HLbEXenAxwRo6f6EM,32843263037
tz1VLnru4Qd3CFuj33ss2v1feACiaLaAQdvA,79538837
tz1cj6FQs2Zjuwwf1uY7e7fLQfzi3YAbNj46,42218412625768
tz1XksiJMYSGBzqZqbj4F1dbHBH85i9jR3Zi,73197704417322
tz1U6R3G9mF8n9qH5mhrMZjgJTMKAEYb9Uw7,1420976439564381
tz1TtLSSFGrP1796nyd1ZhGH3o1AVitoukLj,2045870058239
tz1QoX2rtnpKq3MxJ21E9NcEKxqPL4dKsEcn,350693358419732
tz1iXbbzm9Wogk7D2W2qNwYzePbQVmYP6BXN,6324879220556
tz1aQGJFwYn3yzghyRbuWNapzDZjXCEfYHuW,901138007779
tz1YDowtv9HFd9eUoMZMNjicREmagF38XWyJ,93301927
tz1MtaUicPHBwrvkwnNwikGFfFWdaPxYAvJc,8208330227755
tz1enSmESCGkRYo2CtDYKhqUHFTAQkpXjYjg,8334039587998
tz1Wn4Wc6d6jieFpj2DJaNEC7HXcwKexW2By,109766982532404
tz1c2MCGJM3pFb88Spt1cWgxGtXAX38Ur3CS,67332929477962
tz1ZFS66zDerPgLPnYYEo8YXveudhGbzjESJ,16401477143848
tz1ZrtiLUXfjKsYskvr7fmZk9N277YQcv8Ws,40697946135994
tz1NqZnVNkS4N4XQqZaTigDQpSs8nc8RoMFW,16628731008886
tz1WEjGgTyPyhUapqCRvwBnHhLCNV38Jr1GU,8983236784664
tz1f2NgqK2bX3LaPgeTrEWgFFqRJgPNzFAYv,13921012723658
tz1WGMbfVnzVSTD8oNgZA8feaYvNvBYzSVmD,10057303480408
tz1MrpnRbw6HqHvKyBE3811uHgJYuvVj2hwN,8522591976176
tz1TkqGsSx3gB17SLAcMAnDgfs53kYeFez9Z,17682918018275
tz1KssAq8Lofcu9MwuXqpvXh75ufZSCsLQun,14364740818092
tz1fhd4k1jSJRRcNVbkMwVzkKEhX3kzApsfk,24439004174516
tz1TRrpXyABLU7RfM1fR5AbFM4g3F71KpKVS,3126097742244
tz1NkGJR1x59KMwfLr2a8bAqDYSm4WeDjeui,10923744470860
tz1b4Y6E5szNCHKZadDnAvdUyBfr7eQoEM3Z,40373641547416
tz1Y8v9LUURRffBVoJNysYTMzb2NranuM3fd,6203116272354
tz2ULsEpiuozejYYvEcwYq76vDHUEVcyYyE6,1005334634185
tz1PQkArZXKyQjY8gmX9yAF8NEtEtbuekeqP,5822719919265359
tz1bv7bDGmKDPNjX3FBJ5nPG3LWnT7yB1Wto,200707929665944
tz1LrMXpAmdVrP5daG1dyQnTia36EtXQGhzC,3830643039256
tz1fkdpxhfX9pyAirzTZ5cKUKn7QRoPH635X,19863008071
tz1bRxQfpDiUrzfEyjn4Hah34a7HNmoC8qyN,1185830142031159
tz1YrmdFnmRS5McKQyFsXRrTSS849k9CPdXL,5430266310589
tz1TyTnxshr1r3xEQDsiX3sX96wvfwm41tWS,270117402392
tz1VFdHcm1vd6qTka7VHV5VmZPebpe4cJXsm,3100801870784
tz1UJd94Mz9pyLzfC8SAZvTdDHUs5qkFvucK,75647939961619
tz1i3d4DrdmVrQRVALsNrxw9J2UsXR4a819E,1142632128365
tz1ajbUoguHiipVftY865tu8r1aRYEVWMKZz,301984353717
tz1f94uZ7SF2fLKnMjFzGQTbznd8qpAZ12is,31306421643497
tz1bmKAXCTFwox8xP1uSsTYiSSBt4dhtjx3e,59427872751426
tz1b6XZn2k2tpS7uh3aHCMZ7J5xTR72ziJZv,51706155723062
tz1gqAonCuKe1Vg9zNwFhP44fdPpHypGfZh1,15252355614539
tz1fCCyqjcmwNw5Vv1b7yVXPvJzL42KqxWxd,17290766732
tz1Yhe4w3qt2wiRz1LJv6QWsdHavkuLZtA3Q,117952180971474
tz1eQpFrU6eQjmy2dcJiTeG18SK75yMPucec,13680257489
tz1biyDVy4Zq4vZyc91eJAKi7wYbNFPJTzHD,3952114156349
tz1cd8cN3qrphyJ3n337tcbCP2G5QkMP271b,234591383913501
tz1MT9A2Fhs6PwsUXtYgVUxGNxHeuHX93sr8,3227368693316
tz1igNamUNibU68i3pwGcdKLNr1Guf5oJ6nu,272849984919639
tz1Yu1qh4mk9ejf2MLxRNnRwdHoidXqoSqqm,921596105721260
tz1Yoe8QLauwLiYB6bpDo6tXNtfidrrcUyCx,2912623553698
tz1Y1kdVWiz11sFffcydfFtP6Zam6N2h3iSF,50730262885
tz1ZPzoCDzn9kZD9kf9ZWg7bybBJdKnw9PMz,14600009157977
tz1Z4HEApoZ8Yum7RTc94Nqt2eepRcHFSqcQ,60623243862106
tz1aWwVu9MLbY2MiqL8H7WuzJ2g39m67oJQS,6745954051539
tz1MAE9qgpWLsc2p6NdKZbnCcpzKt2QkQSzB,57017146228766
tz1bYyUrzvViYFF1LbXxWeFiorMBXUtEusSj,52742763598
tz1chAZukD7QacpWDUJ33dGqeWFvknj5Xpj9,123154000025415
tz1dDmngL167C8BFXJwX569z8KPoBS4Hrmua,5583700894
tz1TwG24jP7Sow6uq8554A6AUSxwtMQk9sp8,10435907930946
tz1Ziaxoio55wxE9UWpXnaMgRtSN3VBhgGTX,234414579303
tz1bp3oUKqHcF3BZZQcDNYqsk1nw91Nkr4fr,2299454198360
tz1RYVLebe4eDwGTJSMppc83yugoYXN8G53H,2299454198360
tz1QKxiyYVjjff51jz4RR36SxHsM6PiiExAn,2299454198360
tz1MdzpED8Jx333i4MMnhisRxK4RZdN49AZy,2299454198360
tz1bZHuPEvBTssxpk6TTErngCiqpedPz85Ku,2299454198360
tz1PZ36aiHW5x5HmhNc7gvDNdu8m7NAuZbiG,2299454198360
tz1WUqA3SszNphCmLgiDu5jSNKoGqAuHA77B,2299454198360
tz1NXp5GJfJ6UZoiv5BYykyxkag123G6SQs3,2299454198360
tz1SKjT7gZtxGYZzvwMJPczpnbrgy9S2CGq9,2299454198360
tz1SXKgF1AcPkTDCHm1TaBSx1kkhEEiAv2ZV,2299454198360
tz1hf9kC9q6s36AFnz5VdGPWfw3U3yjM5fd3,2299454198360
tz1ZyPDo7hJ1xyUWg25q7rpZ6kZ7WjLNXPcq,2299454198360
tz1L1CRSuow6DbyfL4T1iCrZcbvULU4Ndxbk,2299454198360
tz1PHJKsafAGux2BN5RbnA9VVnJTLwHyEGKm,2299454198360
tz1iuXgS8GQHX3UrFTeQeDJNRQwTqk5Ky71W,2299454198360
tz1ZiutCQgTEedcG6bB4HyxHksneK2BGyRcX,2299454198360
tz1SevLttnimTvtKcwteXobXLXeotdFivrCE,2299454198360
tz1b7f2dYCGV3Mn9Kqd1rbCmjPLXaEwyHwQT,2299454198360
tz1dpQJYQkWUcBTqx3sW8AEFsJeNUcAa7mVd,2299454198360
tz1Xq2xFYJ6yewPo4G3AyYexq8YbDPFrMnJP,2299454198360
tz1VfGyV1Dfava6M8oBYqmDRJR8UL2FfYoVi,2299454198360
tz1fekve2hE2s2cRwLVMS82tXn4GPcugfCdY,2299454198360
tz1Va9fLvE3yNPupePTdMPX7zF449Q8fjeRc,2299454198360
tz1Wbc68JZxRJeaYQ7BV1WvnytzJfJ3LYFdY,2299454198360
tz1aKbkT7her6XEBY5a5cyzG9sSRQXNdDfeB,2299454198360
tz1LUSKkdCc4h33utT48d3dqqqWuNTHSy8Wc,2299454198360
tz1abXSECVwRTMajFVmUzWXABPaGkTy35NKW,2299454198360
tz1S6SSigi75RbYC2sR4xzTTyxZACqhpcxoZ,2299454198360
tz1fgX3sRSUFc3NYTqj81Z7s97auxMoDdaHc,2299454198360
tz1StsoAaqgEcbx65F1sWQs4F9KzXyycufcA,2048948000933
tz1ZYCUaf3AHvBhVChWL2RDQ9vww4VtQqBQX,2039280105641
tz1a3zH4CyejVgJ8bJL88F2bkb9DKTsVALu5,2044185343962
tz1RPJZCCaXzywaZbUQ1AShwDGW2eqqopqio,387495223658991
tz1TjQAiE96rYCGCGrbWCzmwhuKgt556AgUx,2869181325141
tz1S4nxXjJiSsn5h8DcUXBJhBL6MnPoyuTdC,1504073020369
tz1QwQdgo79b1b3Uhcbviz66JeNq5NSkLMMU,1445761217497
tz1PmrFyfaJsaoNswcXgc6xRHsimmSVmpZwQ,1505924746869
tz1hkfSmFhSUdaGv6WNbtnMyfBcifEc4ZqiC,1412793093402
tz1Y97DD3qM7xfwcg1N5vNP1RFPPmYFrT76k,1484181268320
tz1QZZJyziNF4YKouMcpV7fNvZAbsxbqW9En,1465244588383
tz1h3iUBUDeP3uyFTQ3hkhHQyTdc3AQxugdc,1493200585943
tz1LK7fLAhbDFMkz3PEmmtPPdMThLCFdf2Ew,1499430336441
tz1WWRakDQcrPLDSdoMSKfxA2quuejwrcdMC,1501269743488
tz1MhPuAFdwmU7ZCFxBPAuHHdyZ87yxDmUFW,1506818295578
tz1NHrBGrp8bExPpFyq7mE8PivPK38TRHV3v,1351124913291
tz1dkSFiGuksdcLuFvwinHxDTxGcaZuMBhZo,1494625697303
tz1aGPrBTV7uHxetHTDrDXehi8axBZjoJ94K,1398387860948
tz1QX6fBCPCQdrLXeTQJy8yNpoxfXcPGrPaE,1460326442425
tz1NdwCrV7Tacpaxu3HXpePoWaYYxndWZb5W,1365427814836
tz1aBA3X3suZiyhPLADGU1vt9EazWNN9mpWs,1497578970929
tz1S4exgAjybUiCXdYy93FFq6UiVfrxk4i69,1507762271792
tz2M8wUVctsHkQq6zEugKTgieYbdzEuuhpkc,9535713938786
tz1djbv9JAQkbn8uQqXJEmM4ymxHSqmdzGy4,115626091896648
tz1LXcSjjWHCuKHaJPAvPb18goJhMoaLgkaE,53628018135
tz2Q7GcWsdAV2krjJDmEz4CNfcDfnoREZDeT,2482118329599
tz1h2AzE3kDAPJYZeJ7rqfojDHwZECie5kyh,140668674869267
tz1SJsRzVgciEYuGiRAxJ9S5NFFuFnomUgco,9731765
tz1Rpm6NShycycR78Gd9iEtHVPcaUsfcTqcy,1695832146158
tz1MBkViJxtsnZ8DSDxJFCR16azpks1uGgoR,233830561142
tz1PPvPurgxkRirjhsih7t5aPveMs1ENt74t,168383415397
tz1UChaj24fHGPfNn1aqABNBb5WWGZ7RfMuF,2230353125133
tz1f5oxQvEXA9m18aiVGDaVs5At4oZdrR6Kt,35591075265
tz1e9jhSiUVy9vD7qwnotAVgxy1rpjqGJjcU,671436426058
tz1KwuJDP5WDyWWe8REH6RHTUJ1sfkJrGBL4,664886741610
tz1cZDhWdASeB2Nk93eT4mCAdw4VvnMEw9Sa,487645616900
tz1Li4CydFSpubMEDpKiNZ7NoWiMSgJJcqeA,502086374500
tz1P4owaJWbeXsuqGSvggi3imzR2mJDpyxTV,12318081279180
tz1PVV8i3pkUJC7FSNVQp5fatez52M9QLeAb,17855742108584
tz1TXXmPc2fsvzzRwdQmT3W9iEfWygty4X2Z,19619434847910
tz1ZZvnqtcmgdf4YKFTnVi9Cg1XEiueLCmBr,200834549800
tz1W4jZBoLM2AGZq2ptopYBu353rRvuSh2dK,39990326844942
tz1XpqxdnX8JwzcLtSSKkiemic12U4NkCbkG,14277980658659
tz1Q9Yyna7X9nxjHe4dbyj8Qk1ZuznCTch3a,356758084039
tz1Qg41X8F1dZPVZmc1n32fxRAk1WEgg3qUo,17837903903
tz1MN2zesLxjCfB3K8LUBf6rvnXLk8Z11hm6,424575814676
tz2SFxhkao5Kh35pbg3mQxbTvKbEbXPEhGds,2858800617997
tz1bMLmaYWNNJBYUgPGsCV2C3B4CixzmnDk4,7029209246816
tz1dHJmULw6DQSKAWYWpDXoqeecE4tG216yP,2099748187194
tz1TiKTQkyc8KupyxY5QmPA7uf9xmhQzXAkq,2302962837455671
tz1XUaLk6Y1T6PbJzfrmfvem29cDNp2dnSDM,981084730972
tz1cLB1J9PtkoJCnH3ovrn53ZWddfMbF2PL5,5351371261132
tz1MhV6pu2sFcSKZvevrCtNRcb4yszVdVn5b,10760166674
tz1bi7iZyxPCGjMUQMiouiHRxQwveQjuTu8b,11326602906632
tz2PBAJo8zSWvHXh7Z2VineRxPP3tn27JPQf,1783790420196
tz1duafqHy827Aw6bbFNVqUbpxphm8MSecwU,14965876398493
tz1VokTq5w2ngWQtfwzF6pyB24Ro6C692Wez,9810847312439
tz1XkMZQCCAC1d2YCbHzSySvaiGU7fv24gx3,204694974696201
tz1VEbcByoqdaTKar1XRpada24pn8D5xRrkw,122571957436
tz1N6Rvgx7tFsXkNWjHNdwhDLLg4oSoFeMAU,14306004557654
tz1hZ3dazpeour6uTQCA26yzohhuYgesjzDT,2674169376371
tz1XrThJDztPJoJEKbYXqaDxFzwp1Adbo1F8,41141067111
tz1YtUbTURpWeX1CzHFamxS7fGdaKwKKgMzq,3714698185983
tz1NFiJUDasUpobcXVdtKyBj5eDcdmjnAPqt,1674107220
tz1SqQoCZfqRem7eo2HtKHSL6zbdoevxc1S7,32158869216
tz1YcRfmH4JsdvLzzijq1mh4FXjoHmh2ANEQ,17837903903
tz1ht6fhcHXknEg7jE9nFVU2gXUD15cUifUs,28507761007801
tz1LxkEN5DUeU4usSqobNqYmvWa5VN1NC2B4,20570533555
tz1d4cbP98Sbni6mxUmvAN9vufMZskSv3F4K,2154188499657
tz1Q4mLBtkz5CbKcpLBB6shR8QUzcMpphNrX,3318823641965
tz1TreKYWjXdKDaKCga4b8zobDq2pdHdGZuA,15571782930013
tz1fwd9Ub1AwXaRNLUfdDCtQfWyeq8YcJvCV,12501892290064
tz1Qor64hy8s7jH8ZQkMoaYLiS6NVmkeSBbY,22392095326547
tz1TnjxYt7dKGzDoFj3j3sGudp4buKFEg7xF,7100832310587
tz1ZgEA1VMzNomprfSrZB1aM5CBqi1nnCqHF,2634931327915
tz1Mc61yajNASzh5KWZFtYs4i7EJbzAxQC4K,3262660597950171
tz1PqercEyjV2AgKpNXgxeWnxgbYu31fw6CC,4907878896967
tz1PzXjyPchzGUGH9yXLTgvyhhakFnyYDYge,83705363196
tz1XrwX7i9Nzh8e6UmG3VnFkAeoyWdTqDf3U,2397701403948
tz1QFsmp3jUZXxwmwTAL6fYheo79RreoZXPV,29441493081150
tz1PsF3NELGCZnighkMmr4mLkCzbkoVPdGSS,2268345040997
tz1SEEQNGjxP3SC8biDWMMHwgpYk1aeiQDyJ,155153198867212
tz1U3YJZ1pFfkaUWZVWv7FvNyiUi5vKYG696,2008345499090
tz1XmqF5gnTjgE6Cxu5CzaT5H7vXiFfihe95,178379041747
tz1USBJ4HRxuvrVUqaxALcdXaRs8AC1PdYjM,6966182737198
tz1ctD8vJYVazKJbCKa7LUVb7n1cEmfRQpe3,837053633596
tz1Zvu2PkSnZAJr3seWbEdt6W6KYWUgaanVh,305740378157
tz1ehz91i7CxXaMnUjFDWBhr5uVvr3bVkBxD,67618930672959
tz1cmp13ABTtQ8dhVazH5yWtx2hGZc42ywaV,71688399204312
tz1LfKbYRG3fWd5ccbmsq9ykYJQekZEouB3y,20148608366582
tz1P1NgMTMvhHi1amqUZrQHS9DZSizEW3p8w,502086374500
tz1ZD5nQNtzgTzZxHgxgFuGo9CNBuGJHVRXu,16536303458391
tz1QDp8TCD9dJgWoszxo77K6QukSTubjqd2C,681361657746
tz1TxrHpaBDeAG95HkTxx6D3d5RVwb91fRJY,320772325321
tz1U3ozNjAw2sguL8Pn36V7tX38aSYziM9Fs,2743830129691
tz1amoqk71y4tqnZxRWGcttpK47XJnPx51jB,368334512098124
tz1ZfxjoBeGkRG7zLgyH6gnYVNAL9KQwRnCB,1004172749545
tz1Zya25zMcv5a5UbYyLYVuES7SA5eWcis5b,47902551268834
tz1YHWL72KHVVRGxPfEA2r1jtLtuCmjM4hgW,72245575111021
tz2MBb5FxZXzhBuAPmY9z4zYTF8NeWPEkiV4,291194289015
tz1dsvBGt2bDoMMxagnpHf45ehgNtQ6ctg3z,76976130077486
tz1Us632Z8mVMLZqCs1FXuwyBEBe6o4KjHzG,3010488414365
tz1SWd4hwQtHrzisTLp6vydczMypKPnxBFTw,5106857077515
tz1day3KgAK3ZEP3hN1PaZiAPpbnGD3Lb8Kv,106313169198622
tz1LCPRSFPJ2kaqvj14SWo2VnxPMTeCVVrFn,26781116184
tz1L8VQ3oi6fCbddWYxCoL1ckjFK7wBHdT48,495744557154
tz1Mf4iUxRSb1NhhqdB2oNbo9rRekha11MDH,86074921197
tz1dham37JdHm31Lf63N3aBqxJJyhcnGA9GQ,1637130822374
tz1NATazbFfnypvM7q32nnFP6m7aDXrtCm1g,625479900
