Address,Amount
tz1NRbpmTuPEFCCYCqCr7i3hkMRDRhBFgmxz,144073040595894
tz1eqt71cHna4YgyNg3ao6x22xU7c7CZXxcf,2087959591255967
tz1SBxNvpDFC4bjW23CtQfVLqN5cBATVf68B,1954102503377737
tz1Rgo7URug42QnhBM6eLy4MWdfwn4RovHy6,312168443286275791
tz1P6DFx1Biicriaz37h6oLAhndhBL8eMoAt,53449304490658870
tz1R3bKH1seset2h49p4vrZJCEL8voJgSK2G,47647290639080960
tz1bdRJkGkNQ7homh4PTnkVM7xzVWhuC4EMm,54002087114995715
tz1Z2Ne4ZHxNPuCJeCcoykHVXTqhVdLMD9gV,80900149972875541
tz1Qji1NnEPj4Cxa9s2WEoWi9U9KM6a9gdDL,16938196043753326
tz1eZFb4bNMMdveGT7BPcktbYsurg2e8r1xR,55219153252487
tz1RartAmPJhFsL9oAhZndSL2G7KCsaQqqkf,354849833613844193
tz1MyqKoe43P4Z8MfHoXVBTrohgcbehp2zLL,202772721735012198
tz1SRcMg9GRXi7paNeAc3ARn23mS3Z5dXa6S,2203092279409624
tz1YjtCLzjw3bqPxJh6MqdVBFrM2zrsA9kyg,539013214582485
tz1hD7VdzRpWG3nmYpCyW2gNc8mQNs3TCgxu,75013702867029798
tz1f38MX7YT2Q7MAq3mDdj75GTN7vgqV2TfH,1437588675
tz1aBDeNFooBEmBXnWDVgLknNMUHMYhHVcRA,90236532644022901
tz1hD5k7QW9ChHCgb2YLthKFirKDYQiNPDJz,2758820408688697
tz1ZL7ekzieKxwngCCyjsCN5qhu1ohwJQEBy,6456023276070583
tz1enbGpES1NDr2kTaocDhxvMqtpMy4ruhW6,2573048196693791
tz1ehGMhxarDhwppx14PX1Y3eqbZ5W9Bc2Y1,639778109654957
tz1ed4brTwpFg8hFUJSJ4HqnsC7sEjVesMtb,17984349267340290
tz1QJE62jTxHis7kZkbDT2zsYZyauNDNzWg7,8001754112157675
tz1gWt7kUnJtGXoT5BYzHVa89qGp6QVvQmyp,10352402373523319
tz1epR6pJmPaJ8vvzNi6V1T51ccocX1Y4VBb,327251405120457
tz1TrxaPKNsRpcgw58155HdX6USrpV2fERQm,11203094202484027
tz1W19DveaP3mW4WvFtdVdqGsWwBL5q1QDSK,5908154917562627
tz1esdEqZC5Nz3HDFseHvpH6SmQJPocxLzA2,3295214300778359
tz1XyTsb9DwkPru3eU1Cwnr5JkihEi5eisHo,539270706284498
tz1ULQQ3S4kFLhhpPsegiMVFmXx2G6ewmbTA,6072970108988415
tz1LRrXCmELevk5znmVcYD63TChSpYh3vaE6,3151831528413310
tz3T9ZKHLVzc23dxD85p9xo6L8L5mx1hvb5x,7564842605170288
tz1dZuKxjVojU7gtRDU1nMmG8uRdowF2Q3Sn,4461925854616916
tz1S8GvdiWQghwPMMzbNvRh66rcfmhEA6vj2,68822219812853457
tz1N9qzry2ko1gwTK6HKWamZZK6FGx3Vr89U,5967023952870904
tz1QQ4HyGbCZDmQxeVHoLP99KLyfvGvyX21i,88899183053875889
tz1WKygtstVY96oyc6Rmk945dMf33LeihgWT,31831105295046114
tz1Rux3pGrp2KpZUBKvg3VQ4edRYVJsapr4z,233202344412390618
tz1LWMmDzH79xyu6JvELrnvWLBBVjZg7TnfN,47546707165451136
tz1esBaTjr9qFQ7FhrDQF7N7bTpNSVTkGbMU,72757026254151
tz1LaWQ2BUAdTVNz9nb7AhKDcPDQsb99tzhD,341659685119783
tz1czGMShkB8ZtCHKHeCPTY3CpuiCrjsGJBy,1040513192828456
tz1UQ6cQZef4MuskJjV9g8pXNZa5s8ff1oQy,5733455061092921
tz1aZsKPTRdkm9vaQhWv9Mz8ZbwxSHmf7t9T,132747383963982
tz1dTmMLY7tan1HKfW5e3KxJcfZput6UuTH6,3202094047313
tz1daKxrqyoFUCcuQj36BeMN9C1Ytmjg5p6n,25803750547823566
tz1YZ4VZCRPoiDyGP3U69jCq2S8duDUcRjHP,661293067365817
tz3VvvqkW6D7bSPej9x3pghjTozTRbaB4Gn2,568841231705053
tz2LYELYe16viwVBaRjZc8GsauKRsxTGPvB1,8613998639298533
tz1gXcAJZUYqK8JkkGDPN63cPQGu8LiBndK1,3881501312988319
tz1gN5Ch4VeDZjiM6R1KPMBxPWFxL3HHKZyT,3662008579203077
tz2WYko4XXaV4B5mzjguTeRkkgw8LyB2jA2d,2844026409017612
tz1NkFRjmkqqcGkAhqe78fdgemDNKXvL7Bod,55703569975659956
tz1QkQLtDkqpw8VSymi13A86jh5iaCeMriMJ,52719724361795675
tz1VCyNit49HjTmz8SEgeL67x4BLuoTaeYMy,68427538456346923
tz1gACjUSBkWjqWv5ZBMRk6G9Sp8xNAYgwYV,9559162732773496
tz1bKUD8UtyPfknyWyMbtTqsfdMuWomrPdSp,1858485645632623
tz1T5GmdYXDWwbhBrU7RubT7Z2dmz3ZmKwCE,28396385042630007
tz1gmajxhmKt22CbcsSA7WWXSATgbuVEmzTC,5302546857844
tz1cfzEz3R8YKMqC2rbKnr2XtpNjZxH6RGdy,960964526731018
tz1hR9eQYNNTZ4VGUeipK4PHtyyDEDmQ9dSf,20976488553236368
tz1RxeY78zE8hNJbqPypB1mTVyTsBRmPuqry,2786941458346418
tz1ecAtwNdrsABBKa7Bvn9ZEq1Ze1EvS9WTW,3518524737971865
tz1SBF19iLiCc8dNpKe1Ym9juSAKaTPyeypF,522788973429171
tz1X6ADVxP37XjYppBHMLVRJQwmxA2YxztbQ,273125148258204
tz1T1u1CET7ek19f5P59vCdjTNFWAscYQ5ct,20817563004897622
tz1V9qHfFxixcXJKWuEziUqvdrQ7BWpPnWTa,14017572017416394
tz1Lqnwap8kKynTpefqqSH158i667Wdg8HVA,4118524509663696
tz1Kp19QyYUnXuE6cxuXxsfQZbyqv5JtKPku,2874038075905117
tz1cnojsw9qgMbdpgPeCcWPf5GX4YPvd4HAh,70021682499181444
tz1fbJACCskangcgy9xjDSiEYgh7CUmSo9oc,80486504967143
tz1dKaw4xdNjfufDSLWRxumNBwe2VX4mxXyW,175843162120574656
tz1iCiA1vKmgfZbY533ZgMwFKZ14S1DQNooQ,1838983649012591
tz1hNGWJUFPFV7AWLXvxGzJVEfCZ8KJ77PJA,2015231484021160
tz1NPu5aFQ12P3KGhBGgt7G79SAgVj2Skkn1,6339208075852651
tz1Qm3DHkV7V6peZPyWe4rv6aToH3nRmWEH7,839136905096997
tz1KsiwkQ9pyrt4Ra7QrAQp5LQJCGxHQrY1n,5056818732855845
tz1dz7eYRd5uV2DndcPWFeEHYGgw4bJZoCBN,1613542128967682
tz1eKTUc8X17nVmtVRtxBcs3hwUPXWuqP2AS,9724858613369978
tz1hXx6tvTV3kzxpBR6E4hDYcxdgcRGHUTFj,64327897
tz1fkZtnjNfQHtEyUpyX9Tqq4RrLKx35qBxf,3575544254713782
tz1chg2T1s4DTjLqthPc49HDcqkFHMwdSPwb,11259525739041978
tz1Uzm53vPr2Giyi32yT9GUvBErKqHPBjvQL,7079263975319497
tz1aR3nrJgUyU5B623U9s1MtMsMjA5Wz5c3G,21473350641837617
tz1YaPLZuVmZaKB69BjJXKUDgNaZrxBR4Lfn,598391151121284
tz1WNk2o2hJvzjuZRNmZQwjLQuv24wDv1zjU,66261247945578451
tz1br5Mvr9VMEb1sb7HDtxpCxKVbZ5XnDqJi,357302994929060
tz1PMB2EKqwkD2NDuf9tvdqhEjhBy3pBGQKX,27821419098353
tz1QmBcwm7RH6swEYNpsZZfAWCCFaW6wugVT,50488076614434050
tz1LxqBcvRbZhp34C2ab62CMy49wFbsQSzD7,602588415008537
tz1S5RkjdXMREayGWMawArqqpyMqGRjohJJr,5079597786901462
tz1bZ8vsMAXmaWEV7FRnyhcuUs2fYMaQ6Hkk,1465557326
tz2Kmi3xEnXk8c7zqWSQqSSyfNpWt6ovG38D,10709446442087816
tz1LgePVXLZYNhHoRQ6KgHfQjQ1uq7JJPZDa,13984325636897392
tz1cWUkZFBZ72Yn9desxcgS9KdH4BVfqd2ZW,12035243551173143
tz1a3LNYNZTNN2SLMjWSUc5jtLWFvZ1kC7BR,56062995797625232
tz1SGPStfd9v5upQUxRiHPC9666X4FpVAmK4,25172955236038
tz1iF629Cc91SJkmQRAWAm6nYavf7RgpAqZh,16371242232818004
tz1WHGwmdEr4iruf4v9r6bdHgzC5v8SKYTkV,1332894090236332
tz1YqsEWdPxBmqVKsJircrwBmCmZDtHAgHzp,32586647302993900
tz1ZLMaECyswARea2bTsBws9eMjgUm4jG8Uj,41559459539530032
tz1NySiq6aHysD6Rpu4bYhFaVe3ASya2qB8D,11998545543755261
tz1Rb321A5bMKjQdczUs7TyJBeXjfCtB4mYd,73152039936948559
tz1USU2xSWb7CBYGJYat2X7An9sr3cFfsLwi,1789607940681363
tz1aoYg1xYeEdnLrAJ7y2r1T3aMBCyms6ppJ,13658216429541980
tz1WxCJ3UpzyWsXmmkE1YjYzbBv6jXYkbFYV,1217210617554945
tz1fq3tMpnnsZ944DVxcJqsVNGsWTPvqJzvo,11610450943330952
tz1PrecMTmNArbdvQxtZLUVUBT8rcC86dKZC,24131352319
tz1Ty6Hq9GpzxmMs5Sv1VQ7cP2U4KuSCAN3K,618938038559312
tz1Q1LWn8wCK77L4xetjbH3Ar7sDaSANezZx,634996348502788
tz1dugdoeZULYPA9phfkpofrP95rFqhZNXeR,4126592699215
tz1UecmgMghaWovhh9EYfqTrK9gTtaiMtbzs,211480199139217
tz1gGwXf6Ggkv9T4jGmp58jUMU2Gh2vYjDyH,1314788332116379
tz1QjPnpmqAJYSfDtDM7uTf5bkZDNY7eBECd,4539295952637648
tz2MzvuRU1GEKi9udpqzLpGYfDoZTiKZ3C4C,14689999666458708
tz1SEox4m6JwzUjLL2daQMKU7XDrvsEukR7X,945103823282606
tz1XJqUrY2okTwoJFgHFJKQV98tsn2oC6Twj,1261130871802452
tz1VqXA6L6hPEFjvsgWv7Viw4xQn5GyNszzy,122066438261462523
tz1Wf1Lqz1yHm27P2RQJAVV2CMxnhYK4bBGc,552831735462494
tz1cTS1WwovU7SC783xgJxZrzr151mcshmNi,10768788312399484
tz1f4Z9FJfgStP7v6Rj7BMJnWJ9Mb1NdAGsS,1398432563
tz1ersiy3MYVu89DFXvW7Qb8AM6LYptSsoT7,5525287924899587
tz1UFF5DSDDtk3fM1ewaLvVG6fhaAeCdgYEt,699217702652354
tz1dcpUhXGeXexEXispSpfv7CeufoFnV7AAf,33957653451522518
tz1RKRhkvC7MQgKfPejvNaHGshWUDsyJKZdT,20052754054743772
tz1ibTknNagJCgQPgcbPvJhpSyS5vxgdyFt4,3759457413310177
tz1SHzbhYsbX6Uk51hJC4JkjgWM1gWaSwBqQ,1112580364575348
tz1LGkz6e1mTymuFyHBVFQZsHEtHepCYYgXD,21476020524366518
tz1NW1MMFL3jytxBjhx1qATMJyY47vLBMa4p,61864215155624761
tz1QRm2TJKnarZ9tbL5CNjN4Ltq9pJtytuk7,29466587908121
tz1WJpBDRGfa21un4yQDKTGXZw561nsGg7Qe,426831537607238
tz1UXAsfFeufr6p2PafNr2oXNrTDSdtwwdgm,449624630812931
tz1YPUNi7KW28VxZNEu3fNkRkJG55G9p7wsN,383706673105311
tz1YpusrSty7ULz7w9sM814trSRmM1aNbmZd,13574412091424404
tz1cuj9Cgi19KMRi83UuypS89kXM435qdhmy,54573738501442
tz1htwxBMBFikeP8SnQiEQyA9n1ryDrDFyLK,279686599440766
tz1XTyukKgkqq9P83UkV15np7EtSSEy4kAeY,286473374468586
tz1WMFtCLLeRiayH19ZiaErKq4Zu9p5N73Sr,1073996208
tz1RFUjzPENm3vF7quaxfELQCfNTCSjAsFdA,2757279808673718
tz1cLd3gXJ9Fk5c648hRzFvTnGfT97CxcHrj,2729308464018805
tz1Te5JR7gzDBwtZLKPWSPuTGFE4JX21vVur,107891869153
tz1NGDuYTuuB1geX1K5b88cqa8JinFLdd3d5,1525289728114475
tz1XykUaKpskyp7hDEZjmuNTk4gFU58a46KC,160437218926140454
tz1dghYwdzvHc3tYHp8iHpNUSpmAvvs8Zjs8,1083887884606587
tz1PuipWs33aqS2KSG5k1qQtC6Dff1P1GBmM,1364870182
tz1ZNxMa8XsMa8JTv776X9iCETcNoo4SY629,434462616655283738
tz1iAAJhH465Cf3BnsKQ744XHypQGY1v7Ps9,1426401214
tz1a5QW18ULwjJK71LSc7UqNGgryrFouHzf1,11747921880297565
tz1Z1ZX2B98nEAvEnLXJBCnsJ6K1GqaSp9jK,975474805651984
tz1enT2GWv7U8jyPmmoVb228u8hvi6hJh5FF,97341179318418
tz1RyhUycXcivQ3jzF7ZpFZNcoLcgmXqcrSz,27346218932895583
tz1gVon2mQhvutR49Yd5XK6k4ypwWfFjMZtz,1096371129
tz2HSz8b961xoDjDLy3aFGogvW4HEqXXdcR6,8792229935538463
tz2EP3fw5CbUUgJdx4c3Xono8Gbc8PLXGRM9,13286226538667273
tz1VCogGe8xeRgQCLrVhPbwo6mBSQxAXep65,1657697228702021
tz1LFFspqhK9KRQNvS1ahZ1RcpQ2PNeM8TxA,17496922534698
tz1ZhteLTqobRVCYsPj44oFfom5BJ2SdGxeE,2160285876276658
tz1aRF3qMDrbN95f8dGYTKPaey6J2qQQnk8j,195233619691740524
tz2ALu8Jxf2SMgzSZaZEwfiJQbogpUDPStwz,37100592715720945
tz1gLNb49fErXUiYdreLAAV6twp4v3Lm8V4H,2034382839587316
tz1fCHiWZ3ReGqvhxkMejVzcnXYz1rnsJpow,96013297677567
tz1PXJVTDRHBcjJGpD4h6PzDovisMJuc8zVc,11272955021200617
tz1L1i5BVehYJBebCGvPYU9kZYGKBELGUJGH,17821421396613668
tz1TR56EbNTEEDeRrsPzQzoyvwFgZT25q3JR,962275213245066
tz1XbQgDFCaT228TPS2YUeHHfpVqGW7ANCDw,58424677753449421
tz1S1Aew75hMrPUymqenKfHo8FspppXKpW7h,1188667679
tz1ip7fCgktJzFWxnoDdNBjpF4ZCWw9qfScc,85941763647357282
tz1Wb4LakUUYuFuuEgXXQrNZuBD49Trodhwx,1105183333154790
tz1RAfKUFBX6P2jFkCpzLFntju7djjbtKAKr,41835435436828513
tz1MiQ6euA3EEdnZxJ6EPwVsHzd6vQ7AHJmU,2111655389468078
tz1UFwr89hcJvC4sNCYK7zSLcaD4JW2KkNYD,11665864211243950
tz1TiJBTfVoXxregtdgCs1rYd55APXSAmniz,2124804378128880
tz1ZPSGxrrPPfrmoGJgpXDArNJfNNy3qGvE4,964033644303626
tz1iQ5n52oSKgdtdYtqEJgKmQYbL1nn2poB8,26180120165343575
tz1gueZ7eL2KnvxqWudHjoTH3ZPiUCmwNKR6,3253264867495783
tz1QxepCwQ45EwtcxkgXZezHbnidvK7hUywy,17653118104939805
tz1TVZgy4rejPUkEF3bsxLGNCp6H4gz4PaGf,10463964064038434
tz1WT27PugwGBtre1hsj6BHmbAK2qQsVbRDo,2796865191707376
tz1fL2TsQR271w84MXx3qFD7y4PZ1F2mpHFA,7821262915724500
tz1KhU89QWZuuhhnDD1paFp1jYMdpJLh55im,6485435067797129
tz1QQyhTMAmNQPcSGkM7GfDva8hmuFPAxUMB,65738419741556555
tz1htnC2n5n27PFD41q5X8bDvDcjbGMUS3f5,70988068693024585
tz1PoickddNEkRN6qp4K41u4KUW43vZ1UDvF,38566753119307748
tz1b9qYttBxHzoEseqabgvQiCxafZzkAtH9G,262177554859566
tz1MQotPcNdc9R3nWCTwXLMDqKLS46WqW7Wx,11064896968340981
tz1a89Pvs553YqhJdCfDdQrRuQeykHMvVSRX,184801910208772
tz1favSqpvTLtedjTm1UjuEmKfgm4o9kyLd1,14715569515168180
tz1XYuybht7U1RVsUip7H7S31fBDxpUgpTXP,1308932879
tz1YJvMiZyXnzvV9pxtAiuCFvaG7XoBZhbUQ,6170899291135678
tz1TmSForCvNii8rmwL6q2jgicQfqjNFtj8K,12434076714118015
tz1Su8UYhcLvUPYABx7kYsWRVibZdiZPnmh3,91918302164061302
tz1eoqCSmqPQtTLs53Rj6gBB14eQh2aHWVxu,2803499210352534
tz1XhZUHsJAFp4FHoeeQQ7auVBk5j6xoUKbS,337967333747554
tz1Pwh2MBs6q2SeLHiko3iJpfMwsDV46bqQU,63295785318688630
tz1hLWsybqnJtQRFp8skYy5aZLGNmL9bMUpa,6775971095831253
tz1PuYitvGfsBm7C3oYAXqNc3t5wNhWZj5Dh,6000028569571430
tz1dbCAvra65bwTVk5mgkYUHUGz3hoKwovZ8,2818712814150217
tz1T5NfkdPfhkXzYx8akPkdznxSgU1Uf5jEG,5065209034567145
tz1PYqfNnkpZydtSY2Tn3Rv8mjkgUpHJpFXC,14076326797987352
tz1WidyAU8wuyG25Pd7b93bcx9hMu7W9Pea8,4134945162522518
tz2Mz3ovkZR2HyC89CHHSdsrPya1mKSmLWfD,976477943282895
tz1ae2d1BJt7YUqaaec6Xenh3mBqS7VjSZtK,695095418762604
tz1L1XwcVmD2z4qPfLtBJ6RPThgAwLcXG6kW,147584316184525
tz1VeyZaPimHfrJFy8WwsCYzxHR3VmGTMpgK,1446336078126950
tz1epFVHmqeWvvkFf2eskwhQ1AY3JwWd7Ej6,2908739807990016
tz1QRcnskFh7eaV7QdEnjoYdDfrDqHgmmrvF,7565016490511295
tz1XybkRZWjLx3hwcy1hQ7PT6FWEhpHm1FBv,104472827394500
tz1XcuwadWbLKkc4mDVxRo25dbtwfEa7wf2c,5212934427425560
tz1MkNbJTzf6uADvfSJKJvArvRoVvjk3tZz4,73009929117820
tz1hvRvzke27MGtp8CsSvsafxyyMWSVYM1ut,479952390274964
tz1a7MJ4HMNbWDhKZAqrvzX5P6u2E2mJyJiV,10092730269589875
tz1citPWufjty33AZ9KwZDztqrTzdNjfQU7P,58964520672489404
tz1b58mxvQAc98hbXjcrgjf5xnSwYXzi5gX6,64229776260228
tz1WeLuPLjUs53Yr1RCgq4EQ4d5SvV651Tqt,374763817315903255
tz1Wo716Gggp5HfupfxtPgmYu23rDQNcLcD8,9388937404618581
tz1imyQrFWHyTp4avUNAw52RxdFjU3HPviRN,1886223937650178
tz1isKR8pS4pdgU934K1S4UpLsF56ECJNArh,3491795495900017
tz1ZVoeS9T3H451BgjTe18pM1q1LPd2cgB6Z,204328257009771
tz1Kx4ydaiJHThd2nTgXR25JPTZtKyLG9KC1,876677049429115
tz1eL4fYCgegW8tLCbQ1mYiKY3TdDxWnnKo8,5606784977942872
tz1Rhg2UDkjgLhemdSMtiGVGRmzwVLVaHArD,696277945685617
tz1dPHDXSCFo8PienbvDMyCKr5DXjPMrZkJ1,4037376124246337
tz1eFe7ufhpTuqh3LHB7zYLuFgB1rFCPXnzN,19840165288805
tz1fkkxXSMtSQew8F78XdsnaC26AfsXtsGiY,980184189528386
tz1ZuiTWKXKqYfzFPaSaAG3Huf9QM1AdZ1pJ,3568940948444588
tz1RsCndtupuxe2U3syGAdcRBzpNqJZ9ANNc,74546559974402202
tz1MrZQhiNiHK14oEq595DLsVQ9wC4Nv2ZXW,1678119160333640
tz1LJQ6MPnjGekNAmhFmkm8XWtM6UGx4MyF4,17060461036359102
tz1hmxzW7MuU8HeRoCFPGZJnavGf5unqgaph,10254540300449847
tz1Z6QqrAbEAMDLsis3v6b956sfH6qLTSEex,335869042394279
tz1NnBgY2ze24nQDpdY72wb1GVsee1UfAT3d,375114524434633
tz1dAW94vB3yYfNPE4LM2txBT8PQ21Zq4Xzf,839059756369323
tz1eeR22tmjPN3rGDikEMvpe8jcdXww3dqTt,2796865219676027
tz1MsfyCeQEt7khed67HHsAidezZ1Th6mjzB,969937317558071
tz1WBMWCwjuFSsiiLUWKEQHEACNEat2S3EsD,1469778871400688
tz2SuPjN8dYMJQe548bTvSPL1fdStZPXv7gT,135172643636687653
tz1N33TtiYBQ67sw32rhCsMSVpZkrSHWe9aq,43679759717467350
tz1QMjzbw5Yoi2zPqUeg2yuv5GZdmXjhh9mr,2796901492219864
tz1ZutSZgCHEzxspXyoSYSREhwHh5g4PM8hN,2791841107889304
tz1NrRkB19Su8iBGVTz1cXbG3oCw29GSmasw,2234390561872292
tz1NJS9T6FKTnKUkVNv2g44GHTAhzH77qiYw,5672793965219793
tz1URL5HNuTa1fHqqCtUKXUM3hm6g9c88NgF,8831579903637
tz2M9C5x1KoZGoQ9xEY6fQ6Xwbe2GU1RTzRx,1404619310105156
tz1c8JTzmA6c7cm6ZmUwR7WES6akdiMa1kwt,4428210427100856
tz1XRTNgXgWmR4PqxZpiB6HZJ8Siz3M2JAim,1325278701961549
tz1LxL9L2SmaFYw7XhyATaRAiLWCgxKmycBC,6662175305166327
tz1imbraxLCQ9TUpnJVP31LS18hpTqG5wv1k,3143217308951335
tz1iDuz9LvybPBC4kDc7ceBoKVDwwzJR7zKb,85757719370968826
tz2HYjnnRbzPpUGMUYGKVXDnsfSKKqH3aCVT,15037176950367369
tz1eiyML8sHGBL139FwJQJeLGHWAFtDqPz4U,279686526722273
tz1YQDCB6Hbn2ozMyS2kf6WPJDeRvJtmtNqQ,1635634233177441
tz1eeNRXYK56vgSfXHFcXorubcaBBCVpUY1Y,78107086066218
tz1TQw8erN1a2LpfRSNMExicRXMveBPbvTKE,1023652636
tz1gaRjULm9qy4D83VCvb4ABWLKpz4XXfqjx,1355543576708057
tz1hAZNx3LrRKFgfRytoLNVGhCrzU1uVDUHS,6491676310071374
tz2HGysnSAQAetSyFYCa7SoH6XXVwbVqMHnM,9196576444251933
tz1W28xB2eAvRGCXmVduC63Gx6gGDp87zqbB,13257143997181126
tz1gJaXdi7Gweq8TUSy9knB2wLjioTKy2tZF,13680783168639997
tz1PoXtd7RGVBwWmmZvxX18NQXYpbNdiwwtE,7740196065287649
tz1RLCvv7wrWq4hTmyKk1zZuZeuUXNViSgRD,79930947655650868
tz1fXXFNod2gQDT2Vf9ibBortMmsKKorUv7Q,177825464120308
tz1QFk2DJhPkzp2nCN7Thpo4askJjQ3Zw6BU,2838197365183212
tz1bRDYJHp3ACUojEeM6Ja442YEwNmcb7ph9,2745463305228401
tz1MDs7ym4sp2FsQhL32vuAnEqG3ARhM9Vi4,2765582546735067
tz1Xy5UM1tC3CFcbPBVq5PjufaxcLjMwfQkE,80401976861905
tz1RAKBnmd1X43pkkGqywYCRgf1Uo6D77zMx,80396321600617
tz1ezWyS2cFiqrNyiSVz5VKEKnmDN9Ah1zSR,7317265972393259
tz1cXwKRD6AMy5nhqEVUU23SBxcAMnh2aKLn,896533505587178
tz1WNQE7B2s8woZp1d5U4SeRKHmssN7TvsDi,854520841768207
tz1imrUNR1R52GxhP4y6XQCDDXtQs11GarTN,58007751879760
tz1chab75LnyqBqNwrK11459SGCFQXLg9uyx,869201455109505
tz1USfPTFciXzVsQL7Rk8HmMWyWtFEas7fh3,3214220577177128
tz1btYY98CWBVCGEikD7s1buWjpicb9kG8aH,60377040657061
tz1fj962xSPKTA57yWHA43VeVzo8KqdpNAeF,276750433550340
tz1ioU6W4otB7ebgRZTq1EVVra3vMyXqeqsm,757137585420407
tz1N8oU57qMgDRr6N9pSbhaiWRRQSxJRPGoZ,3098070243763997
tz1fCEeLBcuSMSittqTnMEhcFdPCtD1HsiZc,297267693631474
tz1WsKkY3TLDvqTuK97Xu4zuVoTb2nsr7J8S,517128654375042
tz1dAekzaZ2VrjvuNxoaTZ4dY9XjgrjBvBro,1596340591389940
tz2DsS3zeg4pqoUnRPHxvuRSuQrjDnTZcTNJ,30298768858500
tz1gSGxwMrToBdzLeaxg4Bregv6W2oEbNLC8,25998516300447370
tz1dWwKG6Z9unqwonQUWV65gkz2YhABiwF1R,3589371328789374
tz1X8AQxtn4KzBwMZ6MZUVFDcACrfnyfYhDg,1152308432
tz1KxARuCbAoiGGesnQjr2pvZa7CzJR7V9D7,2040326412313875
tz1LGVwoTMUhi76Jc8TeaNUQhanfeLLNF4xm,1618518635716814
tz1QS7N8HnRBG2RNh3Kjty58XFXuLFVdnKGY,167641838897107957
tz1RAP1j8SjwT587jyccTNArBFhC9HhGKfHq,359455838708040
tz1QiZCuJMuVz3aq7j1Bq2v3BRTQPCdTw3Fb,5489731235895091
tz1L8hBVpams2fWFC9kS1sPVxfGY6Hmg5TQ8,780718022434107
tz1TQSPkLPqXUREhxvYzPbAib6Jz35w2a6tw,2548591829068903
tz1XD1xSVzgY8Qs1id1kNyFJDbv9e9pNMe2c,1398539224938237
tz1Tk1MJDZ96bK85RLAqtKfnptZZyXsJ2jaq,678266884099534
tz1avT6pCusXgxhnffuJzk49Vq5QppLVegHB,1086632924344726
tz1RKg4C5yKTzm28Qj9gKmfUozCDrctDpx4G,2930613088873535
tz1Kw5M75chWdw3HUBMg2bsp164TrVXRsGJR,685610199029940
tz1hes6aF3Px3D8nPQx27fdwBKrXmGs1UYxT,1426851079531812
tz1c1BG1PEeuhMFwmonTVSGafehicqbBJFec,237670393800139
tz1WtkHVMtif3DXVCZ9pUCqWcBsmqgFjgdkk,63232805148077
tz1THwbFPPPBHmBu4cmLV2SppLFrA5QfBhyF,988201820148924
tz1U1aA8tyN6QByoYLhSvNu3krJPLYqnkRVa,1415681955270069
tz1QSwx2wnmrTjEGrid79c4tpFMxjCT86SAy,2391925112912982
tz1RcJYTsoYQ7adtNMANhwd8qf4zApM4i2Yd,1289319804173679
tz1cvrgSekgCqgyc1c2qFPSeMtux6AAAfDsk,1155105297
tz1a1ZcbAeBEjxYSwuNKxSu6FbFB4dxdL3m9,32778786622680
tz1NZnfrNgCGdECyAhA93TLPTSciJcZBJqDY,1857527958775059
tz1UGuKv6PzgVbofb42VgeRwDwsVN47UpuZB,4724691692602084
tz1eCzNtidHvVgeRzQ38C81FPcYnxMsCEL6Z,27968651329732088
tz1N3nvFqipu91tfU9s4GXGsopawpwxSoAJh,229972229505047
tz1LFeLTRQZrgKxbmvjz2ckViRhVw9BZXw7t,55432866576192030
tz1XuzzMTz1LhqbRPy9uxfRkccSxju3v8Y4j,2596573096356656
tz1MoiwNRQWHfA71aypNk8J9CsKjfmq39c2F,10019890744736487
tz1hhphPmGxL6HEmEjoVSJBy82FMWbFwzNCD,56009302246563
tz1YHLm7Lq27q3rgVXLY424zQMkvncVvNiaK,307655205964719
tz1fKtBhuuZiMYhM3Pi1hcP2sjRbstgDrmqX,90021931513918
tz1XEA7cp83PyiXfSxWu3uHjA3EF6Gdh3Vhq,302629009987878
tz1UXMLCt7dqbUiJ2BHRhE1gFkdVkmCZYcM9,98613481655459
tz1iKF8o1hCLaTNZcCJpgKQBQxkpcSiBy5V6,3950331867568002
tz1c2iwyckUCcicx2qxqtwLEartYFEHg1pvB,1798306689069506
tz1PQDUDph7dDCn8pLGXqaR79DiUWLiSZdEf,11198775599373790
tz1fUZ5pMP1gUjuJsp5V631cXmA87Kxm3cuZ,703456826104655
tz1KiUXfWuF65Ck5zY4otx8t5pHToY8stYhj,887594697379973
tz1YQXd4LjZfDaKRvSTwBEwgggREFfX95JUc,538730056857609
tz1hM6Pz2e5vJbd1YYkYHcj5RL7tXhcn59Xr,27329456116639
tz1NVsmLrZX4jad9bNdvM1EskvcTq2LSZhLx,5719805177012775
tz1cBNfPUb3Gi6oezs6fpXtki8EzSwjnoNGS,1546833787239626
tz1h1ybLPkwDH85opBrU6hge8wSsRQBnAghf,1138710263343806
tz1PKoh9LB2P3pgh5ahaAFnrC2QBmUxcHDJU,869514300524444
tz1cqoo91JCc6sKmNuTVKNzwUdi6E6moHWFb,3694177803231898
tz1ZGNErBKdYeEPjZuqKXhyTixQTTPn54bx3,558458183971835
tz1iUyniY5PPWrzE53cs6jBwNKUun4btzMcW,1394184224416691
tz1XoiGxnmjnkaKcNyG4rrHNNEoh1u5VidxY,775713994410265
tz1QVUXNoyCfKpAyxDpq8kR3rK2AShuzQxJ5,9542537601489597
tz2HZ2yRFd9F3uLcKnLukEXhuUz3HqhZf8mA,16857910376586321
tz1UVTMhbMiSETKCxFi413yZ7imF1xeyt3fV,2853240751832965
tz1XisBzUGgCmvC7pNS6hxvQ5hMvXUTd1p7D,46998112983280
tz1S5TbsJCWmCyRh3ghJ2rWwQHHbcvoh1uYV,27968651335325818
tz1UAYfFWmaTrQTYMptaGCw6LrXK5Yv84VnQ,15188331324392
tz1hLhGe26gqt78sZboxiwne6zgKMqirRieW,3665456445630697
tz1YfiydbiaKMGPuavawX4rQtXdn9wgpdDKS,979436798563157
tz1RYTr2WKdJD1MMV51kN9AoxPnxZJgJ5sqU,152406679427748
tz1R6mtcAQwBTK9YpSqRL9y2a6JZWgDkBm6M,13614570559737868
tz1Sv2XMQNxcAqyqyyv42FHjf3EGwJ3Godj1,15747623696668437
tz1NCsGajb5YgZdhdviKrfisN3VteMasnzQi,497351472530954
tz1Vh4cX8VutUUUnnjmnY2omSV4F26T5orLH,2256637774847844
tz1hgSYGDwHFqC5AwW3P7vYfXfdwwsx4ALAN,617142369570
tz1QGCWjNpYmcS6T9qFGYSam25e36WeFUCK4,1681338461172994
tz1URdfSGhAfbtpEkjWBmpTt3pyLmxdHdPYy,44813748041784
tz1LApX9pPhcDUDznHR5TTCcSXh3m6zPgFHA,899868943454081
tz1hUY7paB2J5EhD73r4oWL6uZubf1UibHrk,3018697371805261
tz1MgDFQvyV8Vfc48HgeqMbCD2Po7nhoWDeL,885086219429330
tz1PWZTKd1zhfuxrixGJoHJ6G17SQiypwe5m,1390041968
tz1V1Hu7nMcgVuMKDEZickAKHHZavLKTB7Vh,1496322843
tz1NKHjwrYfg7GWwbWZ3bvdejkVL34De72Pz,1465557326
tz1RaZeHEiKewSd14gZ7HKfcQ3HaNHJ5tnV6,30146889653966742
tz1aiLrqvULcV2Kfvzt9dUmqnLQnoNXPPek8,1211042600
tz1M2h2hPZzov29kf7xcHXrunXb2jFSbfiNd,14054826090304316
tz1MToDUySbYhPabULUyDPPsfDQF1cpZPdoH,2106102020773972
tz1gMfLSQs6xTM2TcLM6Sb2njJ6h9qhSsT9Z,277276904055087
tz1LSFyZ4z6k34KQ9rsoxE6gTgmik1nn2Zmy,29712044709051369
tz1Mt4ddsTmDs4of6kkWYvMWSUtM8zbGNMq2,1360916223623
tz1UNTxRbAYTSBSdHMjoUoYAtLH4MHMUiGwg,288263802250190
tz1YUJitqsUrFfFzEp1d2RiqVwV61J8aPb4E,16078449497736
tz1TqqKqc4t2Y6PTvxeuhF8kNjVn8HpZkKma,1906460318895330
tz2VoUZvPNLyq9bZ82VoDLrhkH8n6eaUoS6E,360080199050567
tz1ZvbLR47deoqaSgsaRXe7hbgDgwonBicnV,14057635869466128
tz1L8m6MGdvK2WA65wQ7DeVwXVmCS72JKWeN,189115624813741872
tz1iCJRFVD1oY7yQBap6X59XktpKHJtgCGyS,79630747590129
tz1bnWUvcfU77EBpbLUQ41c3hCBKovGuqyGY,5027421101924255
tz1STAzkywd9GnKGvJBPL4xWte3LCniyu5ho,1442589850790887
tz1g6cLrzLxNayiVyb7BLsKK6TfwboqWaYPx,54922373520071
tz2Q6ugZbronUHSk8fbuHibBrBEJwrzgtL8X,401918792491349
tz2Kn9u9cxvTczP6CjirJnEE1UApmoCzuGPB,1131101023446714
tz1aHfKHR887WzmpA56K2diKDufR3QJqn9iK,75209964685159765
tz1fcuYiLoHA1qD8vLJmSJPPKhGANGLJZgin,1106473091058
tz1bdbHUpDrUx7m5g4VTSkjnc3mxnquzRTcw,14050352588264459
tz1NoV2nnTuxavEAuozNyHm4nqT3qtkYUNYW,2987946562847
tz1TQJjDtzUWWAa5a9H61iyPZmuKRfX9hXi8,128136877692
tz1ewd8gDnG3USrTRJVdbpsyieVv9fWDMPNk,2383615194151711
tz1PwxV2kaHhubkYaRWTnGBvsxXswz7V9GWc,5759219916608729
tz1Tpms3fccT8x1pVY9BQKgnvppew71pTDDd,185111291943233
tz1bNLPqmLVxWF6puxbFZHU1yCJLiCZmHH2E,4856954265820
tz1ajJzH5YBGRuXnU7QDJzY2qVRGcysUbxJE,193715208857698
tz1YT4u9DnGFiRM8AXXACY8LWuV1rW3A2hFb,15326092133758252
tz1QppHuA9TUoFN5Ek2ZSmRPdU1xQiwRSnPb,51938662861576
tz1fne8nhZuSRgzaQPyaomKQcFRfthyicBQc,168736580630208
tz1PGFWJqZhk5BabfqxfYixpVH9S8vY7NKj8,42417264587341
tz1Uva3ynPUXqpAsWJ3CxcXVPG7HEXB19rzU,1673370626412138
tz1cGZNvVyHrKgbRu4b23Nw896JD6GYhZKQm,1669795877281565
tz1i9THBDe13YzhSmcdpcWKJrL4raaJ1cpN3,1666775083892000
tz1apbBneTw4Ap2kdmv7gfTv4kDPYbR5HAkn,1408037822152663
tz1MJ4C21XhL6B3YptprRWMuL8oeJquUhz4u,35499908619938203
tz1SMoz8tsJzeQPtGhPEjPnanQMvFc5KitVh,90551723280492
tz1XuNQgqT23u9KcwmRLGGQ6w2n6dCE4bmoV,43386564855419209
tz1WrZ2Th2eCuq5NuZb8nHXPJUjaBE25Uwgv,267223974904
tz1QRRG3oUJBo66xvidmpzuwPuoVBBtLxUaG,180374124209197
tz1idC7XEoSZ45sXLwp1ujYJ3yNFi2tkLT7A,10159801559383
tz1d4649CmmMEzXBWzhTgTkFxy9ATNhb5HC3,17796377825922
tz2CrWArLr8eRCj6mp6yYQAKshR9MuyaK3Qu,1771767388337420
tz1UdGjnCNd5ifzEShXft78CmazG9gj4fdrN,58851737040265
tz1WqkwtGV3ttnchD3bqmucZwByduHq8EN8f,699840262747
tz1fvhxJtMzKYkXM3fvXrQEyAXyMLYayTtZ2,7830867358436538
tz1dVTewmwhAqfBcAgDuDuF2sPUaafuPA8mr,1634525091517884
tz1ScePe2eXYo1RBdEe12hNY8KrvHyjFhHw6,377171492771339
tz1XNmNga2NyqFiNpmEN66fpySDoGWoKpKXB,21655413286605413
tz1dXpsNAWLHVYNWSqhrHCHT6wh6L1fKZfo1,271230765187624
tz1N2AezxpvrXzvGaqNVW9BqXxJ6Rcup9M4p,2328633670610
tz1iFKBz9HbJDp6omQGG9LC9bTXF4zKdkJfR,6066407974933
tz1cp312oRvwp5honfR55EsWUF1nA7QZYxT7,2872063556491
tz1fFCF6FogyPLLjSk3FNTG7gVdDWfPCWVni,145145624430
tz1WUmNdnrv1w75V7ntFSt5kSuyQfYuo2hqK,450648835386182
tz1LYQiMSoy34xAUD2NnsJLCTmb8HYYR9th9,57726331735424
tz1VYa9SB4LtsHLWZnJXc1JuL7wuX46orE2Z,12301153741953204
tz1d9NBC61N2Xjo9LvXAQsKPqC4HaL1mFD9X,9392884524085213
tz1cAxm3wHEUX9tY87sSfdVfHgCWcPCTkNTA,641887549441422
tz1iNdzx7BJpGD2e2YaV2QbsteMQWMAXjjDf,4009810637302475
tz1YrFGJ542U6jpYHpe7BFHxNfa2mb1wpAdH,3873421743546
tz1SPVSDCDpbqigKWVYnbgHEudxSM3BASPZj,4243367129311933
tz1f7C7HeTczoCxoo8oQ3vBDRQTiNM3tFTZu,347625837959700
tz1P8pHeW6qWzBkgeDvi3bc8depN63r5tt5s,154604664003908
tz1iZnkruZaYGv3dfER3wEasjJj5xpaTtMjN,915965749213007
tz1Y1svqGfYwEN9J3ne2WLEuzUVnwzP5qoYW,360516528889
tz1YmwJZfEerVMbc8uuJc7xUzE64ma3Xfu7L,25357766869062
tz1aQbe92zZy6MNeRFtgmgV5dV5R4BNTdqK1,25240122635059
tz1THz87Wwo5DL34CELa6psvuH8RXShPmSbc,6333299359374
tz1cgAHrLkuj5NrLmQ6LnELKFKu3i13CokzB,172909671406
tz1eQ9skdokeeUyTc4SdNQMPigjZ8JY4kzus,14270990321820
tz1S35xPc2sh4kK5hd7KujsWU1G3SUdCnFqp,1754330859249
tz1dYEEirVkgSnE7eGK9vFUwxWBqibkafs8W,5189640320334
tz1VLGH7SJ4HA6kDXRiHYqVFkn2btjnoxqib,3061015990828
tz1XYkmAHtkZFjZLdWNoL2BTqUws4oD4H1PR,2242705222177
tz1dCyFm9jxuhxJEi8UW5sgiS7TFubaNT1J7,37048009216
