Address,Amount
tz1NRbpmTuPEFCCYCqCr7i3hkMRDRhBFgmxz,749783809333266
tz1RDbEW7YUkwnnDdMNieSiF6kB4XBws7QSg,4143681491470341
tz1eqt71cHna4YgyNg3ao6x22xU7c7CZXxcf,28549143780141
tz1SBxNvpDFC4bjW23CtQfVLqN5cBATVf68B,3029158812733296
tz1Rgo7URug42QnhBM6eLy4MWdfwn4RovHy6,651822416284972030
tz1YTQ3Lys25j8FhZQY61eoYErYUteSao3ez,1365479554316905
tz1R3bKH1seset2h49p4vrZJCEL8voJgSK2G,227551414436459
tz1bdRJkGkNQ7homh4PTnkVM7xzVWhuC4EMm,81404029038807935
tz1Z2Ne4ZHxNPuCJeCcoykHVXTqhVdLMD9gV,198282225677723718
tz1Qji1NnEPj4Cxa9s2WEoWi9U9KM6a9gdDL,20543133610722571
tz1cmanHzitf3UgWgECzLpGUKpzEfmGZaFsw,3585220980636667
tz1eZFb4bNMMdveGT7BPcktbYsurg2e8r1xR,3225945203722
tz1RartAmPJhFsL9oAhZndSL2G7KCsaQqqkf,1360279423500935249
tz1MyqKoe43P4Z8MfHoXVBTrohgcbehp2zLL,21237513647362249
tz1SRcMg9GRXi7paNeAc3ARn23mS3Z5dXa6S,1594724490610457
tz1hD7VdzRpWG3nmYpCyW2gNc8mQNs3TCgxu,23484217158988
tz1f38MX7YT2Q7MAq3mDdj75GTN7vgqV2TfH,8906539373450
tz1aBDeNFooBEmBXnWDVgLknNMUHMYhHVcRA,165743634169674212
tz1hD5k7QW9ChHCgb2YLthKFirKDYQiNPDJz,4604800975731494
tz1ZL7ekzieKxwngCCyjsCN5qhu1ohwJQEBy,9747692184315069
tz1enbGpES1NDr2kTaocDhxvMqtpMy4ruhW6,3878554530744589
tz1ehGMhxarDhwppx14PX1Y3eqbZ5W9Bc2Y1,964387021223275
tz1LN3wPFYuS5fCnodwxT94xVFLPtcFHvcHk,59072538346559
tz1ed4brTwpFg8hFUJSJ4HqnsC7sEjVesMtb,27109200450642352
tz1QJE62jTxHis7kZkbDT2zsYZyauNDNzWg7,12061662780157665
tz1gWt7kUnJtGXoT5BYzHVa89qGp6QVvQmyp,75553449033270381
tz1epR6pJmPaJ8vvzNi6V1T51ccocX1Y4VBb,493291350567551
tz1W19DveaP3mW4WvFtdVdqGsWwBL5q1QDSK,100121310018203009
tz1esdEqZC5Nz3HDFseHvpH6SmQJPocxLzA2,4967131347357054
tz1XyTsb9DwkPru3eU1Cwnr5JkihEi5eisHo,380842802503165
tz1ULQQ3S4kFLhhpPsegiMVFmXx2G6ewmbTA,49281230826485683
tz2Lqs8WFf2HDG1RoxG3EAtuHjDS27XQANWT,1364422861226
tz1LRrXCmELevk5znmVcYD63TChSpYh3vaE6,10694324980976
tz1S8GvdiWQghwPMMzbNvRh66rcfmhEA6vj2,103741054215009420
tz1N9qzry2ko1gwTK6HKWamZZK6FGx3Vr89U,219993416823882
tz1M5swezYMnDaim71PSeb2cPFk49ajrvDV6,6215652861155634
tz1QQ4HyGbCZDmQxeVHoLP99KLyfvGvyX21i,125467655751294414
tz1WKygtstVY96oyc6Rmk945dMf33LeihgWT,19941506978555358
tz1Rux3pGrp2KpZUBKvg3VQ4edRYVJsapr4z,2346048403319046
tz1LWMmDzH79xyu6JvELrnvWLBBVjZg7TnfN,71670828683079258
tz1RfSFe1dxP7wh1zSffEnskgqvVVWKNKZG1,328321558549973
tz1czGMShkB8ZtCHKHeCPTY3CpuiCrjsGJBy,788263778767128
tz1UQ6cQZef4MuskJjV9g8pXNZa5s8ff1oQy,8642480204061583
tz1dTmMLY7tan1HKfW5e3KxJcfZput6UuTH6,14870518817636
tz1daKxrqyoFUCcuQj36BeMN9C1Ytmjg5p6n,13950732369779427
tz1YZ4VZCRPoiDyGP3U69jCq2S8duDUcRjHP,996818180816576
tz1L5rXu3RqYBjZzjWXLaFANYZcwS5Pb1ZST,14724807099331210
tz1NkFRjmkqqcGkAhqe78fdgemDNKXvL7Bod,11213507404681451
tz1QkQLtDkqpw8VSymi13A86jh5iaCeMriMJ,79470440096735863
tz1h6J2pn9X3KMghNHZikrh3PtEpgCcRAjHZ,17321039834689302
tz1VCyNit49HjTmz8SEgeL67x4BLuoTaeYMy,103606763076086207
tz1gACjUSBkWjqWv5ZBMRk6G9Sp8xNAYgwYV,6363913962707741
tz1ieVZFcRity1eybQtgUyGg8NLEYWNqKtQe,2958039007097081
tz1T5GmdYXDWwbhBrU7RubT7Z2dmz3ZmKwCE,53173106090149439
tz1XLpud4YtVgwiAJezLKUsAo9K2s8n2YPqx,1494061758067
tz1gmajxhmKt22CbcsSA7WWXSATgbuVEmzTC,8086088617236361
tz1cfzEz3R8YKMqC2rbKnr2XtpNjZxH6RGdy,1448536146282290
tz1hR9eQYNNTZ4VGUeipK4PHtyyDEDmQ9dSf,31634023630761083
tz1RxeY78zE8hNJbqPypB1mTVyTsBRmPuqry,4200972385235039
tz1SBF19iLiCc8dNpKe1Ym9juSAKaTPyeypF,4455913061955
tz1X6ADVxP37XjYppBHMLVRJQwmxA2YxztbQ,435086840362767
tz1T1u1CET7ek19f5P59vCdjTNFWAscYQ5ct,15684989744712959
tz1V9qHfFxixcXJKWuEziUqvdrQ7BWpPnWTa,21129770335452077
tz1Lqnwap8kKynTpefqqSH158i667Wdg8HVA,6208170495004436
tz1Kp19QyYUnXuE6cxuXxsfQZbyqv5JtKPku,2339841759
tz1cnojsw9qgMbdpgPeCcWPf5GX4YPvd4HAh,18480041870141231
tz1fbJACCskangcgy9xjDSiEYgh7CUmSo9oc,747300472258272
tz1dKaw4xdNjfufDSLWRxumNBwe2VX4mxXyW,4104080704977103
tz1RJf644pa7QAZqKzrPQGiYQPyubXarC4cv,195774196173129
tz1YSwscBZCf26kSPvqsnUdhnS4XQD6mAjcz,185045310185609291
tz1iCiA1vKmgfZbY533ZgMwFKZ14S1DQNooQ,785480464398295
tz1hNGWJUFPFV7AWLXvxGzJVEfCZ8KJ77PJA,3037714261587766
tz1Qm3DHkV7V6peZPyWe4rv6aToH3nRmWEH7,1264895950787459
tz1KsiwkQ9pyrt4Ra7QrAQp5LQJCGxHQrY1n,5017392178196
tz1eKTUc8X17nVmtVRtxBcs3hwUPXWuqP2AS,146513846304159773
tz1hXx6tvTV3kzxpBR6E4hDYcxdgcRGHUTFj,96966415
tz1fkZtnjNfQHtEyUpyX9Tqq4RrLKx35qBxf,5389694365934295
tz1chg2T1s4DTjLqthPc49HDcqkFHMwdSPwb,16972353889565975
tz1Uzm53vPr2Giyi32yT9GUvBErKqHPBjvQL,14035285638045
tz1aR3nrJgUyU5B623U9s1MtMsMjA5Wz5c3G,32368442040527400
tz1YaPLZuVmZaKB69BjJXKUDgNaZrxBR4Lfn,902001258010297
tz1WNk2o2hJvzjuZRNmZQwjLQuv24wDv1zjU,2543163469059
tz1QmBcwm7RH6swEYNpsZZfAWCCFaW6wugVT,76104582321120440
tz1LxqBcvRbZhp34C2ab62CMy49wFbsQSzD7,438648838855241
tz2Kmi3xEnXk8c7zqWSQqSSyfNpWt6ovG38D,90253251798575124
tz1LgePVXLZYNhHoRQ6KgHfQjQ1uq7JJPZDa,702953195586973
tz1gk77xzDAG3sif9eFvsqUnzaGh4MrzaCp3,37016152737293244
tz1cWUkZFBZ72Yn9desxcgS9KdH4BVfqd2ZW,18141653337079845
tz1a3LNYNZTNN2SLMjWSUc5jtLWFvZ1kC7BR,389765088287015657
tz1SGPStfd9v5upQUxRiHPC9666X4FpVAmK4,37945142150241
tz1iF629Cc91SJkmQRAWAm6nYavf7RgpAqZh,34041714403758
tz1WHGwmdEr4iruf4v9r6bdHgzC5v8SKYTkV,2009174340119848
tz1Uza3jMhipiQMtmeEidizjbSqnqZMQyRv7,1020711375968
tz1YqsEWdPxBmqVKsJircrwBmCmZDtHAgHzp,506236450326129617
tz1ZLMaECyswARea2bTsBws9eMjgUm4jG8Uj,62645787319281738
tz1NySiq6aHysD6Rpu4bYhFaVe3ASya2qB8D,4215931099004662
tz1USU2xSWb7CBYGJYat2X7An9sr3cFfsLwi,2573592352360991
tz1aoYg1xYeEdnLrAJ7y2r1T3aMBCyms6ppJ,46040518239445
tz1WxCJ3UpzyWsXmmkE1YjYzbBv6jXYkbFYV,3054294679629863
tz1fq3tMpnnsZ944DVxcJqsVNGsWTPvqJzvo,2624731987079477
tz1PrecMTmNArbdvQxtZLUVUBT8rcC86dKZC,84007405805404
tz1Q1LWn8wCK77L4xetjbH3Ar7sDaSANezZx,586964101546934
tz1dugdoeZULYPA9phfkpofrP95rFqhZNXeR,6220332301059
tz1UecmgMghaWovhh9EYfqTrK9gTtaiMtbzs,677677196716
tz1gGwXf6Ggkv9T4jGmp58jUMU2Gh2vYjDyH,1981882130716642
tz1QjPnpmqAJYSfDtDM7uTf5bkZDNY7eBECd,6842431830898401
tz1aVZZd883FwyEx5g2o3TgQ7pwEYi2f6apg,9213601721724616
tz2MzvuRU1GEKi9udpqzLpGYfDoZTiKZ3C4C,23028215895233604
tz1SEox4m6JwzUjLL2daQMKU7XDrvsEukR7X,394766801267822
tz1XJqUrY2okTwoJFgHFJKQV98tsn2oC6Twj,1901000091244454
tz1VqXA6L6hPEFjvsgWv7Viw4xQn5GyNszzy,184000182265996097
tz1Wf1Lqz1yHm27P2RQJAVV2CMxnhYK4bBGc,6788296814401206
tz1cTS1WwovU7SC783xgJxZrzr151mcshmNi,524161666412012
tz1f4Z9FJfgStP7v6Rj7BMJnWJ9Mb1NdAGsS,7299525411817
tz1ersiy3MYVu89DFXvW7Qb8AM6LYptSsoT7,8328693781299575
tz1UFF5DSDDtk3fM1ewaLvVG6fhaAeCdgYEt,640192826425069
tz1dcpUhXGeXexEXispSpfv7CeufoFnV7AAf,51207403601151635
tz1RKRhkvC7MQgKfPejvNaHGshWUDsyJKZdT,30227066944517552
tz1SHzbhYsbX6Uk51hJC4JkjgWM1gWaSwBqQ,1677078423710040
tz1NW1MMFL3jytxBjhx1qATMJyY47vLBMa4p,754632564664954
tz1QRm2TJKnarZ9tbL5CNjN4Ltq9pJtytuk7,2234443482
tz1WJpBDRGfa21un4yQDKTGXZw561nsGg7Qe,46510147668288
tz1UXAsfFeufr6p2PafNr2oXNrTDSdtwwdgm,677753977253382
tz1YPUNi7KW28VxZNEu3fNkRkJG55G9p7wsN,970444100024
tz1YpusrSty7ULz7w9sM814trSRmM1aNbmZd,34395767410092830
tz1cuj9Cgi19KMRi83UuypS89kXM435qdhmy,82263216443602
tz1htwxBMBFikeP8SnQiEQyA9n1ryDrDFyLK,421593240594330
tz1XTyukKgkqq9P83UkV15np7EtSSEy4kAeY,431823471441586
tz1WMFtCLLeRiayH19ZiaErKq4Zu9p5N73Sr,11875745476950
tz1RFUjzPENm3vF7quaxfELQCfNTCSjAsFdA,4156261086832143
tz1cLd3gXJ9Fk5c648hRzFvTnGfT97CxcHrj,7076821861932267
tz1Te5JR7gzDBwtZLKPWSPuTGFE4JX21vVur,162633758075
tz1YDRhXyq5ZHMoHXJX67rHSrUFTqhYjFo86,486931978796669
tz1NGDuYTuuB1geX1K5b88cqa8JinFLdd3d5,2107973677817490
tz1XykUaKpskyp7hDEZjmuNTk4gFU58a46KC,241839427324220072
tz1dghYwdzvHc3tYHp8iHpNUSpmAvvs8Zjs8,104306620236659141
tz1PuipWs33aqS2KSG5k1qQtC6Dff1P1GBmM,1577877497495562
tz1ZNxMa8XsMa8JTv776X9iCETcNoo4SY629,920986134320194129
tz1iAAJhH465Cf3BnsKQ744XHypQGY1v7Ps9,2150124860
tz1a5QW18ULwjJK71LSc7UqNGgryrFouHzf1,307871324503689
tz1Z1ZX2B98nEAvEnLXJBCnsJ6K1GqaSp9jK,1515732709749715
tz1enT2GWv7U8jyPmmoVb228u8hvi6hJh5FF,3950868576187736
tz1gVon2mQhvutR49Yd5XK6k4ypwWfFjMZtz,1652644990
tz2HSz8b961xoDjDLy3aFGogvW4HEqXXdcR6,2164867908862280
tz1eSGjgq2NmLWnaQFQxafXK8ZQF5V7Sz72y,180747023209698639
tz2EP3fw5CbUUgJdx4c3Xono8Gbc8PLXGRM9,3187795245021065
tz1ZhteLTqobRVCYsPj44oFfom5BJ2SdGxeE,3256365964657251
tz1aRF3qMDrbN95f8dGYTKPaey6J2qQQnk8j,1061077896530631486
tz2ALu8Jxf2SMgzSZaZEwfiJQbogpUDPStwz,2124829273
tz1fCHiWZ3ReGqvhxkMejVzcnXYz1rnsJpow,86567853385347116
tz1Mdpj1npkpaxPHF2wFN6oX8SovVPfHyXSy,1052972175473144
tz1L1i5BVehYJBebCGvPYU9kZYGKBELGUJGH,26322389973476211
tz1TR56EbNTEEDeRrsPzQzoyvwFgZT25q3JR,1459418384798874
tz1XbQgDFCaT228TPS2YUeHHfpVqGW7ANCDw,642233268124
tz1S1Aew75hMrPUymqenKfHo8FspppXKpW7h,176719115210275
tz1Wb4LakUUYuFuuEgXXQrNZuBD49Trodhwx,1665928306208498
tz1RAfKUFBX6P2jFkCpzLFntju7djjbtKAKr,62307218658560041
tz1MiQ6euA3EEdnZxJ6EPwVsHzd6vQ7AHJmU,3777474264
tz1UFwr89hcJvC4sNCYK7zSLcaD4JW2KkNYD,17735275575288542
tz1TiJBTfVoXxregtdgCs1rYd55APXSAmniz,2892128733
tz1ZPSGxrrPPfrmoGJgpXDArNJfNNy3qGvE4,1453162464546334
tz1iQ5n52oSKgdtdYtqEJgKmQYbL1nn2poB8,39463319736181034
tz1gueZ7eL2KnvxqWudHjoTH3ZPiUCmwNKR6,4903897722456687
tz1QxepCwQ45EwtcxkgXZezHbnidvK7hUywy,26609910104156439
tz1WT27PugwGBtre1hsj6BHmbAK2qQsVbRDo,6571340649079245
tz1fL2TsQR271w84MXx3qFD7y4PZ1F2mpHFA,53903562693
tz1KhU89QWZuuhhnDD1paFp1jYMdpJLh55im,9775997821718181
tz1QQyhTMAmNQPcSGkM7GfDva8hmuFPAxUMB,6529675275941385
tz1htnC2n5n27PFD41q5X8bDvDcjbGMUS3f5,107005805725645628
tz1PoickddNEkRN6qp4K41u4KUW43vZ1UDvF,217012352719235
tz1b9qYttBxHzoEseqabgvQiCxafZzkAtH9G,46102566663675849
tz1MQotPcNdc9R3nWCTwXLMDqKLS46WqW7Wx,16678974892085254
tz1favSqpvTLtedjTm1UjuEmKfgm4o9kyLd1,37600902966570466
tz1XYuybht7U1RVsUip7H7S31fBDxpUgpTXP,1973055754
tz1WHUWCMqVqq5AagGN5DrytqWz88tYgedUr,1822357374607422
tz1YJvMiZyXnzvV9pxtAiuCFvaG7XoBZhbUQ,9301873721276110
tz1TmSForCvNii8rmwL6q2jgicQfqjNFtj8K,18742845406913087
tz1eoqCSmqPQtTLs53Rj6gBB14eQh2aHWVxu,376340026714759
tz1XhZUHsJAFp4FHoeeQQ7auVBk5j6xoUKbS,509444298491795
tz1Pwh2MBs6q2SeLHiko3iJpfMwsDV46bqQU,95410632121187670
tz1hLWsybqnJtQRFp8skYy5aZLGNmL9bMUpa,10213945245059974
tz1PuYitvGfsBm7C3oYAXqNc3t5wNhWZj5Dh,9044307068561955
tz1dbCAvra65bwTVk5mgkYUHUGz3hoKwovZ8,3042242176192815
tz1T5NfkdPfhkXzYx8akPkdznxSgU1Uf5jEG,7635181290203709
tz1PYqfNnkpZydtSY2Tn3Rv8mjkgUpHJpFXC,21218335959943375
tz1WidyAU8wuyG25Pd7b93bcx9hMu7W9Pea8,212250232000046
tz2Mz3ovkZR2HyC89CHHSdsrPya1mKSmLWfD,1471920718764036
tz1ae2d1BJt7YUqaaec6Xenh3mBqS7VjSZtK,1320157436949547
tz1g1vr7gbU7kwxVqmbmnovTGtdeRxFE6uBk,345778507546636
tz1L1XwcVmD2z4qPfLtBJ6RPThgAwLcXG6kW,222465253056607
tz1epFVHmqeWvvkFf2eskwhQ1AY3JwWd7Ej6,4384568456794988
tz1QRcnskFh7eaV7QdEnjoYdDfrDqHgmmrvF,11403334388423785
tz1XybkRZWjLx3hwcy1hQ7PT6FWEhpHm1FBv,1115086047246443
tz1XcuwadWbLKkc4mDVxRo25dbtwfEa7wf2c,7857859199040882
tz1hvRvzke27MGtp8CsSvsafxyyMWSVYM1ut,397712162537050
tz1a7MJ4HMNbWDhKZAqrvzX5P6u2E2mJyJiV,15213552845609365
tz1WeLuPLjUs53Yr1RCgq4EQ4d5SvV651Tqt,149339663384910
tz1Wo716Gggp5HfupfxtPgmYu23rDQNcLcD8,14152671433186690
tz1imyQrFWHyTp4avUNAw52RxdFjU3HPviRN,3896084186753282
tz1isKR8pS4pdgU934K1S4UpLsF56ECJNArh,5263453385155644
tz1ZVoeS9T3H451BgjTe18pM1q1LPd2cgB6Z,8281479121627
tz1eL4fYCgegW8tLCbQ1mYiKY3TdDxWnnKo8,8451540591837178
tz1Rhg2UDkjgLhemdSMtiGVGRmzwVLVaHArD,1049553593425311
tz1dPHDXSCFo8PienbvDMyCKr5DXjPMrZkJ1,7025451306425663
tz1fkkxXSMtSQew8F78XdsnaC26AfsXtsGiY,1477507430348365
tz1ZuiTWKXKqYfzFPaSaAG3Huf9QM1AdZ1pJ,5379740691735271
tz1RsCndtupuxe2U3syGAdcRBzpNqJZ9ANNc,112369794826097281
tz1MrZQhiNiHK14oEq595DLsVQ9wC4Nv2ZXW,673039159908619
tz1LJQ6MPnjGekNAmhFmkm8XWtM6UGx4MyF4,25716552272198561
tz1hmxzW7MuU8HeRoCFPGZJnavGf5unqgaph,15457461618526358
tz1Z6QqrAbEAMDLsis3v6b956sfH6qLTSEex,56346277492340
tz1NnBgY2ze24nQDpdY72wb1GVsee1UfAT3d,565439131751791
tz1dAW94vB3yYfNPE4LM2txBT8PQ21Zq4Xzf,1264779658544024
tz1eeR22tmjPN3rGDikEMvpe8jcdXww3dqTt,4215931238130388
tz1MsfyCeQEt7khed67HHsAidezZ1Th6mjzB,1462061527796872
tz1WBMWCwjuFSsiiLUWKEQHEACNEat2S3EsD,244421788492775
tz2SuPjN8dYMJQe548bTvSPL1fdStZPXv7gT,310597960253139904
tz1N33TtiYBQ67sw32rhCsMSVpZkrSHWe9aq,65841879748581855
tz1QMjzbw5Yoi2zPqUeg2yuv5GZdmXjhh9mr,4215985914540811
tz1ZutSZgCHEzxspXyoSYSREhwHh5g4PM8hN,2639172867
tz1NJS9T6FKTnKUkVNv2g44GHTAhzH77qiYw,8551041043092515
tz1URL5HNuTa1fHqqCtUKXUM3hm6g9c88NgF,13312523369325
tz2M9C5x1KoZGoQ9xEY6fQ6Xwbe2GU1RTzRx,3434792293842
tz1RCQDHtpdcwfgF1Kbbyusd6xhfjbXanhZ5,49743975978190039
tz1c8JTzmA6c7cm6ZmUwR7WES6akdiMa1kwt,6674984027579176
tz1XRTNgXgWmR4PqxZpiB6HZJ8Siz3M2JAim,2002186222798654
tz1imbraxLCQ9TUpnJVP31LS18hpTqG5wv1k,4738014527055063
tz1iDuz9LvybPBC4kDc7ceBoKVDwwzJR7zKb,129269242387291959
tz1eiyML8sHGBL139FwJQJeLGHWAFtDqPz4U,421593130980121
tz1YQDCB6Hbn2ozMyS2kf6WPJDeRvJtmtNqQ,7553398382142423
tz1eeNRXYK56vgSfXHFcXorubcaBBCVpUY1Y,2715059627
tz1TQw8erN1a2LpfRSNMExicRXMveBPbvTKE,782550350295
tz1gaRjULm9qy4D83VCvb4ABWLKpz4XXfqjx,2043315662651943
tz1hAZNx3LrRKFgfRytoLNVGhCrzU1uVDUHS,6666876526218306
tz1gJaXdi7Gweq8TUSy9knB2wLjioTKy2tZF,876671492862849
tz1PoXtd7RGVBwWmmZvxX18NQXYpbNdiwwtE,11667396108804997
tz1RLCvv7wrWq4hTmyKk1zZuZeuUXNViSgRD,235778620057956
tz1QFk2DJhPkzp2nCN7Thpo4askJjQ3Zw6BU,4530088243960
tz1bRDYJHp3ACUojEeM6Ja442YEwNmcb7ph9,4138449157372647
tz1MDs7ym4sp2FsQhL32vuAnEqG3ARhM9Vi4,4468887213684876
tz1Xy5UM1tC3CFcbPBVq5PjufaxcLjMwfQkE,121196117522891
tz1RAKBnmd1X43pkkGqywYCRgf1Uo6D77zMx,121187592910209
tz1cXwKRD6AMy5nhqEVUU23SBxcAMnh2aKLn,1351414285409631
tz1imrUNR1R52GxhP4y6XQCDDXtQs11GarTN,87439570374408
tz1chab75LnyqBqNwrK11459SGCFQXLg9uyx,2211657580638645
tz1USfPTFciXzVsQL7Rk8HmMWyWtFEas7fh3,4845043244211891
tz1btYY98CWBVCGEikD7s1buWjpicb9kG8aH,91010982574791
tz1fj962xSPKTA57yWHA43VeVzo8KqdpNAeF,6385359969462266
tz1ioU6W4otB7ebgRZTq1EVVra3vMyXqeqsm,1191736068526482
tz1N8oU57qMgDRr6N9pSbhaiWRRQSxJRPGoZ,924569123354667
tz1fCEeLBcuSMSittqTnMEhcFdPCtD1HsiZc,21503739594279
tz1WsKkY3TLDvqTuK97Xu4zuVoTb2nsr7J8S,779508012318381
tz2DsS3zeg4pqoUnRPHxvuRSuQrjDnTZcTNJ,13571746920283
tz1gSGxwMrToBdzLeaxg4Bregv6W2oEbNLC8,39189574186486721
tz1X8AQxtn4KzBwMZ6MZUVFDcACrfnyfYhDg,1736963612
tz1KxARuCbAoiGGesnQjr2pvZa7CzJR7V9D7,3075541787692208
tz1QS7N8HnRBG2RNh3Kjty58XFXuLFVdnKGY,252699508167864841
tz1RAP1j8SjwT587jyccTNArBFhC9HhGKfHq,541835583808762
tz1QiZCuJMuVz3aq7j1Bq2v3BRTQPCdTw3Fb,8275096434225443
tz1L8hBVpams2fWFC9kS1sPVxfGY6Hmg5TQ8,1176836651189290
tz1TQSPkLPqXUREhxvYzPbAib6Jz35w2a6tw,3857127291817876
tz1XD1xSVzgY8Qs1id1kNyFJDbv9e9pNMe2c,2108130409272026
tz1Tk1MJDZ96bK85RLAqtKfnptZZyXsJ2jaq,1908209711041
tz1hes6aF3Px3D8nPQx27fdwBKrXmGs1UYxT,12256287385189026
tz1c1BG1PEeuhMFwmonTVSGafehicqbBJFec,358258964554905
tz1THwbFPPPBHmBu4cmLV2SppLFrA5QfBhyF,1680055146363033
tz1QSwx2wnmrTjEGrid79c4tpFMxjCT86SAy,3605533699606194
tz1RcJYTsoYQ7adtNMANhwd8qf4zApM4i2Yd,8933842431728106
tz1cvrgSekgCqgyc1c2qFPSeMtux6AAAfDsk,54679453397054
tz1a1ZcbAeBEjxYSwuNKxSu6FbFB4dxdL3m9,49409999987978
tz1NZnfrNgCGdECyAhA93TLPTSciJcZBJqDY,204518752105733
tz1UGuKv6PzgVbofb42VgeRwDwsVN47UpuZB,7121893167123570
tz1eCzNtidHvVgeRzQ38C81FPcYnxMsCEL6Z,3849145093
tz1N3nvFqipu91tfU9s4GXGsopawpwxSoAJh,346654926183796
tz1LFeLTRQZrgKxbmvjz2ckViRhVw9BZXw7t,83558246630401607
tz1XuzzMTz1LhqbRPy9uxfRkccSxju3v8Y4j,1379434684033797
tz1MoiwNRQWHfA71aypNk8J9CsKjfmq39c2F,15103756196832865
tz1hhphPmGxL6HEmEjoVSJBy82FMWbFwzNCD,84427152694374
tz1YHLm7Lq27q3rgVXLY424zQMkvncVvNiaK,463752484129479
tz1fKtBhuuZiMYhM3Pi1hcP2sjRbstgDrmqX,135697019118541
tz1XEA7cp83PyiXfSxWu3uHjA3EF6Gdh3Vhq,456176110238217
tz1UXMLCt7dqbUiJ2BHRhE1gFkdVkmCZYcM9,148647727065019
tz1iKF8o1hCLaTNZcCJpgKQBQxkpcSiBy5V6,5954640718579580
tz1c2iwyckUCcicx2qxqtwLEartYFEHg1pvB,2710726742515380
tz1PQDUDph7dDCn8pLGXqaR79DiUWLiSZdEf,1424978417078445
tz1fUZ5pMP1gUjuJsp5V631cXmA87Kxm3cuZ,21754204643717232
tz1NVsmLrZX4jad9bNdvM1EskvcTq2LSZhLx,18789917934494395
tz1PKoh9LB2P3pgh5ahaAFnrC2QBmUxcHDJU,1310686148117901
tz1cqoo91JCc6sKmNuTVKNzwUdi6E6moHWFb,5568519888011372
tz1ZGNErBKdYeEPjZuqKXhyTixQTTPn54bx3,155275320799150
tz1QVUXNoyCfKpAyxDpq8kR3rK2AShuzQxJ5,14384204888433597
tz1UVTMhbMiSETKCxFi413yZ7imF1xeyt3fV,4300910437490660
tz1UAYfFWmaTrQTYMptaGCw6LrXK5Yv84VnQ,22894546378247
tz1hLhGe26gqt78sZboxiwne6zgKMqirRieW,161975950561757
tz1RYTr2WKdJD1MMV51kN9AoxPnxZJgJ5sqU,229734374105304
tz1R6mtcAQwBTK9YpSqRL9y2a6JZWgDkBm6M,2630749956545031
tz1Sv2XMQNxcAqyqyyv42FHjf3EGwJ3Godj1,46944815781559
tz1Vh4cX8VutUUUnnjmnY2omSV4F26T5orLH,31720097677400
tz1QGCWjNpYmcS6T9qFGYSam25e36WeFUCK4,2548716771856420
tz1LApX9pPhcDUDznHR5TTCcSXh3m6zPgFHA,233603730940597
tz1hUY7paB2J5EhD73r4oWL6uZubf1UibHrk,4550315996181639
tz1PWZTKd1zhfuxrixGJoHJ6G17SQiypwe5m,2095317756
tz1V1Hu7nMcgVuMKDEZickAKHHZavLKTB7Vh,2255523137
tz1NKHjwrYfg7GWwbWZ3bvdejkVL34De72Pz,2209147895
tz1RaZeHEiKewSd14gZ7HKfcQ3HaNHJ5tnV6,45442738152162510
tz1aiLrqvULcV2Kfvzt9dUmqnLQnoNXPPek8,41186477089478763
tz1M2h2hPZzov29kf7xcHXrunXb2jFSbfiNd,21185926280519022
tz1MToDUySbYhPabULUyDPPsfDQF1cpZPdoH,3188047974671396
tz1gMfLSQs6xTM2TcLM6Sb2njJ6h9qhSsT9Z,6383592951225845
tz1Mt4ddsTmDs4of6kkWYvMWSUtM8zbGNMq2,1968839823
tz1UNTxRbAYTSBSdHMjoUoYAtLH4MHMUiGwg,438888098752326
tz1YUJitqsUrFfFzEp1d2RiqVwV61J8aPb4E,2419944450
tz1TqqKqc4t2Y6PTvxeuhF8kNjVn8HpZkKma,3065079461406089
tz2VoUZvPNLyq9bZ82VoDLrhkH8n6eaUoS6E,578343565638526
tz1ZvbLR47deoqaSgsaRXe7hbgDgwonBicnV,62384390101082545
tz1L8m6MGdvK2WA65wQ7DeVwXVmCS72JKWeN,589794708949520487
tz1iCJRFVD1oY7yQBap6X59XktpKHJtgCGyS,143521643896637
tz1bnWUvcfU77EBpbLUQ41c3hCBKovGuqyGY,9648100270916867
tz1STAzkywd9GnKGvJBPL4xWte3LCniyu5ho,2780465540669649
tz1g6cLrzLxNayiVyb7BLsKK6TfwboqWaYPx,1068935079654219
tz2Q6ugZbronUHSk8fbuHibBrBEJwrzgtL8X,847402311105318
tz2Kn9u9cxvTczP6CjirJnEE1UApmoCzuGPB,2338897716008105
tz1aHfKHR887WzmpA56K2diKDufR3QJqn9iK,155715617822624786
tz1bdbHUpDrUx7m5g4VTSkjnc3mxnquzRTcw,180495349018822
tz1NoV2nnTuxavEAuozNyHm4nqT3qtkYUNYW,2272386862
tz1TQJjDtzUWWAa5a9H61iyPZmuKRfX9hXi8,449852318214249
tz1ewd8gDnG3USrTRJVdbpsyieVv9fWDMPNk,7624062856073646
tz1PwxV2kaHhubkYaRWTnGBvsxXswz7V9GWc,15330542230631
tz1Tpms3fccT8x1pVY9BQKgnvppew71pTDDd,421672921692101
tz1bNLPqmLVxWF6puxbFZHU1yCJLiCZmHH2E,126206803711152
tz1ajJzH5YBGRuXnU7QDJzY2qVRGcysUbxJE,421595479253743
tz1YT4u9DnGFiRM8AXXACY8LWuV1rW3A2hFb,22310932806491
tz1QppHuA9TUoFN5Ek2ZSmRPdU1xQiwRSnPb,234755754624843
tz1fne8nhZuSRgzaQPyaomKQcFRfthyicBQc,421593278537710
tz1PGFWJqZhk5BabfqxfYixpVH9S8vY7NKj8,2693979972
tz1Uva3ynPUXqpAsWJ3CxcXVPG7HEXB19rzU,4308091799717600
tz1cGZNvVyHrKgbRu4b23Nw896JD6GYhZKQm,4300994195393804
tz1i9THBDe13YzhSmcdpcWKJrL4raaJ1cpN3,4293914129343379
tz1apbBneTw4Ap2kdmv7gfTv4kDPYbR5HAkn,3638100924159785
tz1MJ4C21XhL6B3YptprRWMuL8oeJquUhz4u,2840841892738345
tz1SMoz8tsJzeQPtGhPEjPnanQMvFc5KitVh,235191601797789
tz1XuNQgqT23u9KcwmRLGGQ6w2n6dCE4bmoV,350589703153989
tz1WrZ2Th2eCuq5NuZb8nHXPJUjaBE25Uwgv,2799378249
tz1idC7XEoSZ45sXLwp1ujYJ3yNFi2tkLT7A,1476373382826112
tz1d4649CmmMEzXBWzhTgTkFxy9ATNhb5HC3,47507034088165
tz2CrWArLr8eRCj6mp6yYQAKshR9MuyaK3Qu,4784577517203746
tz1WqkwtGV3ttnchD3bqmucZwByduHq8EN8f,287885664554304
tz1dVTewmwhAqfBcAgDuDuF2sPUaafuPA8mr,4478554234080685
tz1ScePe2eXYo1RBdEe12hNY8KrvHyjFhHw6,38046401556583
tz1XNmNga2NyqFiNpmEN66fpySDoGWoKpKXB,103250031589751
tz1dXpsNAWLHVYNWSqhrHCHT6wh6L1fKZfo1,2913208389
tz1N2AezxpvrXzvGaqNVW9BqXxJ6Rcup9M4p,158309403195775
tz1iFKBz9HbJDp6omQGG9LC9bTXF4zKdkJfR,214885826831230
tz1fFCF6FogyPLLjSk3FNTG7gVdDWfPCWVni,2386217002
tz1WUmNdnrv1w75V7ntFSt5kSuyQfYuo2hqK,2719275558
tz1LYQiMSoy34xAUD2NnsJLCTmb8HYYR9th9,216611356838879
tz1VYa9SB4LtsHLWZnJXc1JuL7wuX46orE2Z,7434056293213690
tz1cAxm3wHEUX9tY87sSfdVfHgCWcPCTkNTA,3063566072835410
tz1YrFGJ542U6jpYHpe7BFHxNfa2mb1wpAdH,49082015520734
tz1SPVSDCDpbqigKWVYnbgHEudxSM3BASPZj,37864946059622688
tz1f7C7HeTczoCxoo8oQ3vBDRQTiNM3tFTZu,1852166101274739
tz1P8pHeW6qWzBkgeDvi3bc8depN63r5tt5s,1436486105194213
tz1iZnkruZaYGv3dfER3wEasjJj5xpaTtMjN,6323896758121202
tz1Y1svqGfYwEN9J3ne2WLEuzUVnwzP5qoYW,653881140683
tz1YmwJZfEerVMbc8uuJc7xUzE64ma3Xfu7L,427219147690086
tz1aQbe92zZy6MNeRFtgmgV5dV5R4BNTdqK1,405688996109367
tz1THz87Wwo5DL34CELa6psvuH8RXShPmSbc,109616135254633
tz1cgAHrLkuj5NrLmQ6LnELKFKu3i13CokzB,1977271685
tz1eQ9skdokeeUyTc4SdNQMPigjZ8JY4kzus,5455819296219759
tz1S35xPc2sh4kK5hd7KujsWU1G3SUdCnFqp,71152285345042455
tz1dYEEirVkgSnE7eGK9vFUwxWBqibkafs8W,1267640543012566
tz1VLGH7SJ4HA6kDXRiHYqVFkn2btjnoxqib,40986003902134010
tz1XYkmAHtkZFjZLdWNoL2BTqUws4oD4H1PR,18927611009982157
tz1dCyFm9jxuhxJEi8UW5sgiS7TFubaNT1J7,23903233189270
tz1XbmhVLdDgsihnVoyn6aTRMURJ87YEbG9B,2318858318515147
tz1Sk1mwyBQkcyrwWZkftmR3Mjv77BEGUw65,483795994454231
tz1QHXGKA8NaCmpZLrvrUyBpYhgEiQDyWY1r,319010123511863
tz1NS4ZXnzYBPJpspW2svbqdjGsgBsGZchzV,16881810906991
tz1LUdy3KnxyyARheKtfcnRymhUq82SKLvyx,9757955080954
tz1LxFeaR3ZNkMRstvhjNeVbpv9vz2LttLBz,1964623892
tz1YRG68NdqtAcsFEwTUw6FsSsiBb5kagEDo,211973214847162
tz1NiraRNtWgpXyyxopRTk2a7Py9oKFdrgkB,1060638482837191560
tz1VnXCALwSCihScu984A3dbY6XXLzDqJWa1,2307141054030292551
tz1ZDDHc1YycDdwQezjVDVCSfSB6A1xH3YxG,1930896443
tz2R1iMz3wHEx6Z8dpdPVgb9eTDVh5NdeqNz,2383385688108824
tz1hR6q1QMUC4wLD3izGsfeZ3HuyfJH5QajX,88788707766404
tz1akJUKXFmNjxKaCqcEHmwbx4u86xfHLYJc,129106663378138024
tz1V2FYediKBAEaTpXXJBSjuQpjkyCzrTSiE,337733868002597
tz1Z1xRcvcqPPqja34fWNd1StABUV38LnbpW,44271079974163
tz1egZ7YNcG81udp3pGXPBsYQsUNHB7xAH7V,831577583955295
tz1TSowSJAKRqQbqjspmyfN33nps1op2GodY,4236603232120
tz1VV5912Qp7qqZaQ28MC2G3RQ89UhEdueqt,206740333483999605
tz1codeYURj5z49HKX9zmLHms2vJN2qDjrtt,130677263764304190
tz1WXSxKwhw9EectY8mAdUFXDBHFnPZE3HSG,18458622754094152
tz1aDrsGYyNbiqUX6eTHLe5otZJwN5XQh2kG,282460734179981844
tz1gu5jCJunSaHjR52rcu3n7SgDCJZDLTqJM,925220181207988
tz1SDmZnnzpH5GAfHoeXygPWwzJtHXADpohn,282012607823101
tz2KgCQ3sTz3n3jrU21DveCfTVFgrMnzeA7x,407731787320172618
tz1XT3SAzJh47s5DxMJud63MWnvDftqWFtS3,21909410165657183
tz1bQxeuFnf9PTDRUwu94sU1GUvU425KqCeq,12357121711462
tz1Rb2U9TbEkYVQM412wBzBbMbnqX2r4CTXs,11150627629204
tz1gaTbRLDWJFA8bzcvDtkz8HxN6V1eL6gwL,176480410603139
tz1U9RY2mXmwAaSSm67rEy49N5YE1Rs7K223,184355758809528
tz1ZzEEVRzw78fhsLMM7JvV9CxZUaWGB98U8,600120706873930
tz1RSRuULmTkaXTjrhbFuNkE4mkJLRGPWJmy,2580149832
tz1hHz9wjLaZ3p9sDo9SkqT1t5wxNsK7688s,694387655153052
tz2BzwVtwa2mTbspW1qqdiA2UtctbGntxAGi,69919433968185595
tz1QjLLgQidRchfWMvHa23uhfgdzNKSevELK,53274478469152488
tz1WW1xr4mdTif7jorgVr7aqY3YnnJPSDXj7,501390792465368
tz1coEYWsh5bwhhCsK2Dc1SXTNQs1hWs1QtL,725706394950640
tz1YKkEwEXk5g5MeDzNTgfDwKd589rGJS9q7,256987546078115
tz1PSiE9EmFbQFb7K1cBxPTsbPdgotHLdy9e,786866556973026
tz1hWxyYMfK3h3y7WvL1ErggtgneuNynC1JA,684819543687202
tz1agphvYoUaWn5BjTVHnqTTyYwURTGAZyBE,5040322440701
tz1UVjnYXp5DZaCX3JZvxQQqxKnXaVMYAYZD,3045994298869564
tz1N4Q2BLS4sYvKCoM5XxFAEL1yoEY8TSS7j,256573966881821501
tz1XH15XMCB22rJJxHLsZgVhXA6t7kJnmFa1,1358047192943971
tz1NEmMNjFtXgixkdCkkGsEn7k6QPeG1G1Qn,7574683842529976
tz1gVmWVnkT2yQr9gmed4BgK22SrSPjfpkEn,7042810094962844
tz1huGodLQWq9gKTZJ7D2Z9GeymHBJNnXvtd,504760782690
tz1RVq5ohXzWvbqHzUgsmUNWHqin9HRkrWPz,5783542559827
tz1aGLjZZLDwYYSevU3HLbEXenAxwRo6f6EM,1639877715079
tz1VLnru4Qd3CFuj33ss2v1feACiaLaAQdvA,3971407095
tz1cj6FQs2Zjuwwf1uY7e7fLQfzi3YAbNj46,2107982813740181
tz1XksiJMYSGBzqZqbj4F1dbHBH85i9jR3Zi,3654791673118743
tz1U6R3G9mF8n9qH5mhrMZjgJTMKAEYb9Uw7,70949941673154013
tz1TtLSSFGrP1796nyd1ZhGH3o1AVitoukLj,102151138654673
tz1QoX2rtnpKq3MxJ21E9NcEKxqPL4dKsEcn,17510264514076204
tz1iXbbzm9Wogk7D2W2qNwYzePbQVmYP6BXN,315803836920595
tz1aQGJFwYn3yzghyRbuWNapzDZjXCEfYHuW,44994193648298
tz1YDowtv9HFd9eUoMZMNjicREmagF38XWyJ,4658603864
tz1MtaUicPHBwrvkwnNwikGFfFWdaPxYAvJc,409845325142605
tz1enSmESCGkRYo2CtDYKhqUHFTAQkpXjYjg,416122045522114
tz1Wn4Wc6d6jieFpj2DJaNEC7HXcwKexW2By,5480710862946964
tz1c2MCGJM3pFb88Spt1cWgxGtXAX38Ur3CS,3361961033364207
tz1ZFS66zDerPgLPnYYEo8YXveudhGbzjESJ,818932541250559
tz1ZrtiLUXfjKsYskvr7fmZk9N277YQcv8Ws,2032065292687886
tz1NqZnVNkS4N4XQqZaTigDQpSs8nc8RoMFW,830279420776851
tz1WEjGgTyPyhUapqCRvwBnHhLCNV38Jr1GU,448536730210280
tz1f2NgqK2bX3LaPgeTrEWgFFqRJgPNzFAYv,695081926254574
tz1WGMbfVnzVSTD8oNgZA8feaYvNvBYzSVmD,502165324812119
tz1MrpnRbw6HqHvKyBE3811uHgJYuvVj2hwN,425536544292886
tz1TkqGsSx3gB17SLAcMAnDgfs53kYeFez9Z,882915414412084
tz1KssAq8Lofcu9MwuXqpvXh75ufZSCsLQun,717237453638615
tz1fhd4k1jSJRRcNVbkMwVzkKEhX3kzApsfk,1220249592078702
tz1TRrpXyABLU7RfM1fR5AbFM4g3F71KpKVS,156087353949944
tz1NkGJR1x59KMwfLr2a8bAqDYSm4WeDjeui,545427082026493
tz1b4Y6E5szNCHKZadDnAvdUyBfr7eQoEM3Z,2015872630372502
tz1Y8v9LUURRffBVoJNysYTMzb2NranuM3fd,309724162527450
tz2ULsEpiuozejYYvEcwYq76vDHUEVcyYyE6,50196774324676
tz1PQkArZXKyQjY8gmX9yAF8NEtEtbuekeqP,290730815197496880
tz1bv7bDGmKDPNjX3FBJ5nPG3LWnT7yB1Wto,10021429987610351
tz1LrMXpAmdVrP5daG1dyQnTia36EtXQGhzC,191265592193244
tz1fkdpxhfX9pyAirzTZ5cKUKn7QRoPH635X,991768212958
tz1bRxQfpDiUrzfEyjn4Hah34a7HNmoC8qyN,59208989726227455
tz1YrmdFnmRS5McKQyFsXRrTSS849k9CPdXL,271135444106377
tz1TyTnxshr1r3xEQDsiX3sX96wvfwm41tWS,13487073684731
tz1VFdHcm1vd6qTka7VHV5VmZPebpe4cJXsm,154824320619698
tz1UJd94Mz9pyLzfC8SAZvTdDHUs5qkFvucK,3777132947831662
tz1i3d4DrdmVrQRVALsNrxw9J2UsXR4a819E,57052095027193
tz1ajbUoguHiipVftY865tu8r1aRYEVWMKZz,15078203751918
tz1f94uZ7SF2fLKnMjFzGQTbznd8qpAZ12is,1563142588262927
tz1bmKAXCTFwox8xP1uSsTYiSSBt4dhtjx3e,2967258279641791
tz1b6XZn2k2tpS7uh3aHCMZ7J5xTR72ziJZv,2581709752920987
tz1gqAonCuKe1Vg9zNwFhP44fdPpHypGfZh1,761556427748726
tz1fCCyqjcmwNw5Vv1b7yVXPvJzL42KqxWxd,863335138422
tz1Yhe4w3qt2wiRz1LJv6QWsdHavkuLZtA3Q,5889401208307817
tz1eQpFrU6eQjmy2dcJiTeG18SK75yMPucec,683060917782
tz1biyDVy4Zq4vZyc91eJAKi7wYbNFPJTzHD,197330695338341
tz1cd8cN3qrphyJ3n337tcbCP2G5QkMP271b,11713244880252870
tz1MT9A2Fhs6PwsUXtYgVUxGNxHeuHX93sr8,161143854446143
tz1igNamUNibU68i3pwGcdKLNr1Guf5oJ6nu,13623512661127591
tz1Yu1qh4mk9ejf2MLxRNnRwdHoidXqoSqqm,46015674944740537
tz1Yoe8QLauwLiYB6bpDo6tXNtfidrrcUyCx,145428499373347
tz1Y1kdVWiz11sFffcydfFtP6Zam6N2h3iSF,2532983019672
tz1ZPzoCDzn9kZD9kf9ZWg7bybBJdKnw9PMz,728984499210678
tz1Z4HEApoZ8Yum7RTc94Nqt2eepRcHFSqcQ,3026943653881024
tz1aWwVu9MLbY2MiqL8H7WuzJ2g39m67oJQS,336828277485875
tz1MAE9qgpWLsc2p6NdKZbnCcpzKt2QkQSzB,2846889706729285
tz1bYyUrzvViYFF1LbXxWeFiorMBXUtEusSj,2633468013133
tz1chAZukD7QacpWDUJ33dGqeWFvknj5Xpj9,6149130186350942
tz1dDmngL167C8BFXJwX569z8KPoBS4Hrmua,278796496401
tz1TwG24jP7Sow6uq8554A6AUSxwtMQk9sp8,521069201706138
tz1Ziaxoio55wxE9UWpXnaMgRtSN3VBhgGTX,11704416952915
tz1bp3oUKqHcF3BZZQcDNYqsk1nw91Nkr4fr,114812699712178
tz1RYVLebe4eDwGTJSMppc83yugoYXN8G53H,114812699712178
tz1QKxiyYVjjff51jz4RR36SxHsM6PiiExAn,114812699712178
tz1MdzpED8Jx333i4MMnhisRxK4RZdN49AZy,114812699712178
tz1bZHuPEvBTssxpk6TTErngCiqpedPz85Ku,114812699712178
tz1PZ36aiHW5x5HmhNc7gvDNdu8m7NAuZbiG,114812699712178
tz1WUqA3SszNphCmLgiDu5jSNKoGqAuHA77B,114812699712178
tz1NXp5GJfJ6UZoiv5BYykyxkag123G6SQs3,114812699712178
tz1SKjT7gZtxGYZzvwMJPczpnbrgy9S2CGq9,114812699712178
tz1SXKgF1AcPkTDCHm1TaBSx1kkhEEiAv2ZV,114812699712178
tz1hf9kC9q6s36AFnz5VdGPWfw3U3yjM5fd3,114812699712178
tz1ZyPDo7hJ1xyUWg25q7rpZ6kZ7WjLNXPcq,114812699712178
tz1L1CRSuow6DbyfL4T1iCrZcbvULU4Ndxbk,114812699712178
tz1PHJKsafAGux2BN5RbnA9VVnJTLwHyEGKm,114812699712178
tz1iuXgS8GQHX3UrFTeQeDJNRQwTqk5Ky71W,114812699712178
tz1ZiutCQgTEedcG6bB4HyxHksneK2BGyRcX,114812699712178
tz1SevLttnimTvtKcwteXobXLXeotdFivrCE,114812699712178
tz1b7f2dYCGV3Mn9Kqd1rbCmjPLXaEwyHwQT,114812699712178
tz1dpQJYQkWUcBTqx3sW8AEFsJeNUcAa7mVd,114812699712178
tz1Xq2xFYJ6yewPo4G3AyYexq8YbDPFrMnJP,114812699712178
tz1VfGyV1Dfava6M8oBYqmDRJR8UL2FfYoVi,114812699712178
tz1fekve2hE2s2cRwLVMS82tXn4GPcugfCdY,114812699712178
tz1Va9fLvE3yNPupePTdMPX7zF449Q8fjeRc,114812699712178
tz1Wbc68JZxRJeaYQ7BV1WvnytzJfJ3LYFdY,114812699712178
tz1aKbkT7her6XEBY5a5cyzG9sSRQXNdDfeB,114812699712178
tz1LUSKkdCc4h33utT48d3dqqqWuNTHSy8Wc,114812699712178
tz1abXSECVwRTMajFVmUzWXABPaGkTy35NKW,114812699712178
tz1S6SSigi75RbYC2sR4xzTTyxZACqhpcxoZ,114812699712178
tz1fgX3sRSUFc3NYTqj81Z7s97auxMoDdaHc,114812699712178
tz1StsoAaqgEcbx65F1sWQs4F9KzXyycufcA,102304821607116
tz1ZYCUaf3AHvBhVChWL2RDQ9vww4VtQqBQX,101822099594318
tz1a3zH4CyejVgJ8bJL88F2bkb9DKTsVALu5,102067020173618
tz1RPJZCCaXzywaZbUQ1AShwDGW2eqqopqio,19347796875266586
tz1TjQAiE96rYCGCGrbWCzmwhuKgt556AgUx,143259410923727
tz1S4nxXjJiSsn5h8DcUXBJhBL6MnPoyuTdC,75098988340783
tz1QwQdgo79b1b3Uhcbviz66JeNq5NSkLMMU,72187455892071
tz1PmrFyfaJsaoNswcXgc6xRHsimmSVmpZwQ,75191445811250
tz1hkfSmFhSUdaGv6WNbtnMyfBcifEc4ZqiC,70541343812782
tz1Y97DD3qM7xfwcg1N5vNP1RFPPmYFrT76k,74105784929128
tz1QZZJyziNF4YKouMcpV7fNvZAbsxbqW9En,73160268663277
tz1h3iUBUDeP3uyFTQ3hkhHQyTdc3AQxugdc,74556123190527
tz1LK7fLAhbDFMkz3PEmmtPPdMThLCFdf2Ew,74867177210990
tz1WWRakDQcrPLDSdoMSKfxA2quuejwrcdMC,74959019566014
tz1MhPuAFdwmU7ZCFxBPAuHHdyZ87yxDmUFW,75236061068056
tz1NHrBGrp8bExPpFyq7mE8PivPK38TRHV3v,67462226059528
tz1dkSFiGuksdcLuFvwinHxDTxGcaZuMBhZo,74627279590484
tz1aGPrBTV7uHxetHTDrDXehi8axBZjoJ94K,69822084594994
tz1QX6fBCPCQdrLXeTQJy8yNpoxfXcPGrPaE,72914703600315
tz1NdwCrV7Tacpaxu3HXpePoWaYYxndWZb5W,68176375852662
tz1aBA3X3suZiyhPLADGU1vt9EazWNN9mpWs,74774737764794
tz1S4exgAjybUiCXdYy93FFq6UiVfrxk4i69,75283194191059
tz2M8wUVctsHkQq6zEugKTgieYbdzEuuhpkc,476122143148409
tz1djbv9JAQkbn8uQqXJEmM4ymxHSqmdzGy4,5773258618191377
tz1LXcSjjWHCuKHaJPAvPb18goJhMoaLgkaE,2677669138496
tz2Q7GcWsdAV2krjJDmEz4CNfcDfnoREZDeT,123933195377232
tz1h2AzE3kDAPJYZeJ7rqfojDHwZECie5kyh,7023645149439653
tz1SJsRzVgciEYuGiRAxJ9S5NFFuFnomUgco,485911079
tz1Rpm6NShycycR78Gd9iEtHVPcaUsfcTqcy,84673600847532
tz1MBkViJxtsnZ8DSDxJFCR16azpks1uGgoR,11675256684462
tz1PPvPurgxkRirjhsih7t5aPveMs1ENt74t,8407453613251
tz1UChaj24fHGPfNn1aqABNBb5WWGZ7RfMuF,111362454529714
tz1f5oxQvEXA9m18aiVGDaVs5At4oZdrR6Kt,1777077116718
tz1e9jhSiUVy9vD7qwnotAVgxy1rpjqGJjcU,33525098615053
tz1KwuJDP5WDyWWe8REH6RHTUJ1sfkJrGBL4,33198070160097
tz1cZDhWdASeB2Nk93eT4mCAdw4VvnMEw9Sa,24348347455249
tz1Li4CydFSpubMEDpKiNZ7NoWiMSgJJcqeA,25069380458300
tz1P4owaJWbeXsuqGSvggi3imzR2mJDpyxTV,615046895887257
tz1PVV8i3pkUJC7FSNVQp5fatez52M9QLeAb,891544592761395
tz1TXXmPc2fsvzzRwdQmT3W9iEfWygty4X2Z,979606501108634
tz1ZZvnqtcmgdf4YKFTnVi9Cg1XEiueLCmBr,10027752183320
tz1W4jZBoLM2AGZq2ptopYBu353rRvuSh2dK,1996733568650060
tz1XpqxdnX8JwzcLtSSKkiemic12U4NkCbkG,712905482974013
tz1Q9Yyna7X9nxjHe4dbyj8Qk1ZuznCTch3a,17813078774038
tz1Qg41X8F1dZPVZmc1n32fxRAk1WEgg3qUo,890653923776
tz1MN2zesLxjCfB3K8LUBf6rvnXLk8Z11hm6,21199246129918
tz2SFxhkao5Kh35pbg3mQxbTvKbEbXPEhGds,142741097920149
tz1bMLmaYWNNJBYUgPGsCV2C3B4CixzmnDk4,350971326606172
tz1dHJmULw6DQSKAWYWpDXoqeecE4tG216yP,104841295929882
tz1TiKTQkyc8KupyxY5QmPA7uf9xmhQzXAkq,114987887514174410
tz1XUaLk6Y1T6PbJzfrmfvem29cDNp2dnSDM,48985966621821
tz1cLB1J9PtkoJCnH3ovrn53ZWddfMbF2PL5,267196181637717
tz1MhV6pu2sFcSKZvevrCtNRcb4yszVdVn5b,537259574954
tz1bi7iZyxPCGjMUQMiouiHRxQwveQjuTu8b,565541970440329
tz2PBAJo8zSWvHXh7Z2VineRxPP3tn27JPQf,89065393870193
tz1duafqHy827Aw6bbFNVqUbpxphm8MSecwU,747252401937288
tz1VokTq5w2ngWQtfwzF6pyB24Ro6C692Wez,489859666353906
tz1XkMZQCCAC1d2YCbHzSySvaiGU7fv24gx3,10220504795938378
tz1VEbcByoqdaTKar1XRpada24pn8D5xRrkw,6120068558995
tz1N6Rvgx7tFsXkNWjHNdwhDLLg4oSoFeMAU,714304727847981
tz1hZ3dazpeour6uTQCA26yzohhuYgesjzDT,133522383619448
tz1XrThJDztPJoJEKbYXqaDxFzwp1Adbo1F8,2054190506367
tz1YtUbTURpWeX1CzHFamxS7fGdaKwKKgMzq,185476417687607
tz1NFiJUDasUpobcXVdtKyBj5eDcdmjnAPqt,83588866316
tz1SqQoCZfqRem7eo2HtKHSL6zbdoevxc1S7,1605705648364
tz1YcRfmH4JsdvLzzijq1mh4FXjoHmh2ANEQ,890653923776
tz1ht6fhcHXknEg7jE9nFVU2gXUD15cUifUs,1423404304546954
tz1LxkEN5DUeU4usSqobNqYmvWa5VN1NC2B4,1027095253183
tz1d4cbP98Sbni6mxUmvAN9vufMZskSv3F4K,107559523260329
tz1Q4mLBtkz5CbKcpLBB6shR8QUzcMpphNrX,165710237879195
tz1TreKYWjXdKDaKCga4b8zobDq2pdHdGZuA,777505565799670
tz1fwd9Ub1AwXaRNLUfdDCtQfWyeq8YcJvCV,624224655727598
tz1Qor64hy8s7jH8ZQkMoaYLiS6NVmkeSBbY,1118046586222995
tz1TnjxYt7dKGzDoFj3j3sGudp4buKFEg7xF,354547495820164
tz1ZgEA1VMzNomprfSrZB1aM5CBqi1nnCqHF,131563211622036
tz1Mc61yajNASzh5KWZFtYs4i7EJbzAxQC4K,162905993849431660
tz1PqercEyjV2AgKpNXgxeWnxgbYu31fw6CC,245052424363558
tz1PzXjyPchzGUGH9yXLTgvyhhakFnyYDYge,4179443424372
tz1XrwX7i9Nzh8e6UmG3VnFkAeoyWdTqDf3U,119718223345017
tz1QFsmp3jUZXxwmwTAL6fYheo79RreoZXPV,1470025933377600
tz1PsF3NELGCZnighkMmr4mLkCzbkoVPdGSS,113259406611073
tz1SEEQNGjxP3SC8biDWMMHwgpYk1aeiQDyJ,7746863426818440
tz1U3YJZ1pFfkaUWZVWv7FvNyiUi5vKYG696,100277521887477
tz1XmqF5gnTjgE6Cxu5CzaT5H7vXiFfihe95,8906539373450
tz1USBJ4HRxuvrVUqaxALcdXaRs8AC1PdYjM,347824386898552
tz1ctD8vJYVazKJbCKa7LUVb7n1cEmfRQpe3,41794434325137
tz1Zvu2PkSnZAJr3seWbEdt6W6KYWUgaanVh,15265743606583
tz1ehz91i7CxXaMnUjFDWBhr5uVvr3bVkBxD,3376241191386847
tz1cmp13ABTtQ8dhVazH5yWtx2hGZc42ywaV,3579431439234171
tz1LfKbYRG3fWd5ccbmsq9ykYJQekZEouB3y,1006028353884943
tz1P1NgMTMvhHi1amqUZrQHS9DZSizEW3p8w,25069380458300
tz1ZD5nQNtzgTzZxHgxgFuGo9CNBuGJHVRXu,825664474931129
tz1QDp8TCD9dJgWoszxo77K6QukSTubjqd2C,34020669540607
tz1TxrHpaBDeAG95HkTxx6D3d5RVwb91fRJY,16016294949210
tz1U3ozNjAw2sguL8Pn36V7tX38aSYziM9Fs,137000573860543
tz1amoqk71y4tqnZxRWGcttpK47XJnPx51jB,18391094617714492
tz1ZfxjoBeGkRG7zLgyH6gnYVNAL9KQwRnCB,50138760943738
tz1Zya25zMcv5a5UbYyLYVuES7SA5eWcis5b,2391794208467664
tz1YHWL72KHVVRGxPfEA2r1jtLtuCmjM4hgW,3607251462833399
tz2MBb5FxZXzhBuAPmY9z4zYTF8NeWPEkiV4,14539451356086
tz1dsvBGt2bDoMMxagnpHf45ehgNtQ6ctg3z,3843450029964653
tz1Us632Z8mVMLZqCs1FXuwyBEBe6o4KjHzG,150314932366082
tz1SWd4hwQtHrzisTLp6vydczMypKPnxBFTw,254987487261902
tz1day3KgAK3ZEP3hN1PaZiAPpbnGD3Lb8Kv,5308260533892320
tz1LCPRSFPJ2kaqvj14SWo2VnxPMTeCVVrFn,1337192213960
tz1L8VQ3oi6fCbddWYxCoL1ckjFK7wBHdT48,24752730893744
tz1Mf4iUxRSb1NhhqdB2oNbo9rRekha11MDH,4297756435953
tz1dham37JdHm31Lf63N3aBqxJJyhcnGA9GQ,81742619458469
tz1NATazbFfnypvM7q32nnFP6m7aDXrtCm1g,31230470292
