Address,Amount
tz1NRbpmTuPEFCCYCqCr7i3hkMRDRhBFgmxz,590446238914075
tz1foujP81wtDKMCX95CBY35TUYzWapuuuLg,1525841785598231411
tz1NBpWeS2gVpwPpT9NUn9ifBRfriwicJT4y,117272043028527703
tz1RDbEW7YUkwnnDdMNieSiF6kB4XBws7QSg,83616999407328814
tz1XwT7cC7UnvMi4GooA3qUNEA22cPcUXxLp,130354720797114158
tz1WdQ1dak79v48jXAQjYtt5ZMGnPiwn1ktL,227416261569904
tz1eqt71cHna4YgyNg3ao6x22xU7c7CZXxcf,33752712806383570
tz1SBxNvpDFC4bjW23CtQfVLqN5cBATVf68B,8825134965967629
tz1Rgo7URug42QnhBM6eLy4MWdfwn4RovHy6,302304274263989758
tz1ek9wEDD2edxuV1JniLuh2ckh5DeM4FjQo,41370489232426196
tz1S4Sp3WtEz3MfdBjiaRWEAG3ZDSngAR5L6,32343629930913
tz1V3fPD3AKPNwZf42PKGzFaWU3vZ83Gjvfq,27406710297064397
tz1P6DFx1Biicriaz37h6oLAhndhBL8eMoAt,351118154707515489
tz2UD7tXJyBrfDBHnFzhnaeL8ZGHxcDZuDa3,145177517952487197
tz1drEV5soQL85qJMNts3JfkgZxD1oL88gsh,6855811985108474457
tz1YTQ3Lys25j8FhZQY61eoYErYUteSao3ez,1957049397554493
tz1R3bKH1seset2h49p4vrZJCEL8voJgSK2G,206583278091811254
tz1Z6nhkXDgJjDzSpDEX5g2o1ris8Ga4xjDY,36483861996925485
tz1bdRJkGkNQ7homh4PTnkVM7xzVWhuC4EMm,231870532287540697
tz1Z2Ne4ZHxNPuCJeCcoykHVXTqhVdLMD9gV,279837199261943159
tz1Qji1NnEPj4Cxa9s2WEoWi9U9KM6a9gdDL,73166375797589476
tz1VjYmQHw4QE6tYTQLLfWNjqkUNwMC7YPoF,50677509569467689
tz1czaureyspHk1etv1dKV1WmHCs9pb4fXBr,22654451707707478
tz1cmanHzitf3UgWgECzLpGUKpzEfmGZaFsw,211222862475718033
tz1eZFb4bNMMdveGT7BPcktbYsurg2e8r1xR,742203223524995
tz1RartAmPJhFsL9oAhZndSL2G7KCsaQqqkf,1482805975590378945
tz1bEi1SEPrZh28Vqa2gKi7veuJ7AksFC5GL,2719298069519900
tz1YrfZhjFnhgERznXtYee6c29n3PBeam8A9,6218405430875934
tz1MyqKoe43P4Z8MfHoXVBTrohgcbehp2zLL,791892434646627823
tz1SRcMg9GRXi7paNeAc3ARn23mS3Z5dXa6S,6628918971059937
tz1YjtCLzjw3bqPxJh6MqdVBFrM2zrsA9kyg,2581787593077836
tz1hD7VdzRpWG3nmYpCyW2gNc8mQNs3TCgxu,82410667730066856
tz1MstraWa1kkCRoGRYpYEtMncugi99rUx2H,309279644346476
tz1f38MX7YT2Q7MAq3mDdj75GTN7vgqV2TfH,218066561859250615
tz1U1Pfo6gY5UKitBztSaAbmbwFxgmmN2oaP,8088157469799314
tz1aBDeNFooBEmBXnWDVgLknNMUHMYhHVcRA,104480121182995238
tz1hD5k7QW9ChHCgb2YLthKFirKDYQiNPDJz,11866092395896225
tz1cjTb6ijvnPrJBfaTEFphxDovW9xQbkmDK,789501795159205
tz1ZL7ekzieKxwngCCyjsCN5qhu1ohwJQEBy,27769049316307136
tz1enbGpES1NDr2kTaocDhxvMqtpMy4ruhW6,11067355121233899
tz1SKobyM2ZGQYYWKiWYnc58GhJ4TBnQN7gy,38248839048130
tz1ehGMhxarDhwppx14PX1Y3eqbZ5W9Bc2Y1,2751853442714886
tz1LN3wPFYuS5fCnodwxT94xVFLPtcFHvcHk,143017893938439761
tz1SRqikWtR2KNpugCApreA9QeZuqh8swQMa,1162929201909183
tz1dPPVGVRxY45ZvnRMU3vebaBVMuhPq5bxh,606156919182171
tz1deYjddv6VT4o656x2FsaaN1owykAT7Nmx,5466646859711439
tz1ed4brTwpFg8hFUJSJ4HqnsC7sEjVesMtb,77321126820171011
tz1QJE62jTxHis7kZkbDT2zsYZyauNDNzWg7,34387002200410370
tz1UcwKfokzWm6g2jpnVVqjRBd9iFJQHhH2m,12963743424036664
tz1gWt7kUnJtGXoT5BYzHVa89qGp6QVvQmyp,34306054474993803
tz1TJspN7PEXSA4tsGJZ1EAE3iJGDBoXJz2Z,16630574739182079
tz1epR6pJmPaJ8vvzNi6V1T51ccocX1Y4VBb,1403557141364254
tz1TrxaPKNsRpcgw58155HdX6USrpV2fERQm,36756679555059955
tz1W19DveaP3mW4WvFtdVdqGsWwBL5q1QDSK,25378781331283261
tz1esdEqZC5Nz3HDFseHvpH6SmQJPocxLzA2,14163635664689248
tz1ZLGi9hMam6Gf6kixB1XK1yJED6CYu1tGg,285119723903213703
tz1XyTsb9DwkPru3eU1Cwnr5JkihEi5eisHo,55638220808414885
tz1ULQQ3S4kFLhhpPsegiMVFmXx2G6ewmbTA,2048720814009330
tz2Lqs8WFf2HDG1RoxG3EAtuHjDS27XQANWT,656131038044342
tz1LRrXCmELevk5znmVcYD63TChSpYh3vaE6,30820285676342322
tz1dNTV2DXUpqC7SEiJ4BTB5RvL53bPPHZfM,23493416933534083
tz3T9ZKHLVzc23dxD85p9xo6L8L5mx1hvb5x,71931321622757837
tz1dZuKxjVojU7gtRDU1nMmG8uRdowF2Q3Sn,58251448620702600
tz1iPeVakaABzkhWFmG8mjYMpcN3JCpHBvZ2,2404730292751
tz1S8GvdiWQghwPMMzbNvRh66rcfmhEA6vj2,295644023515281719
tz1N9qzry2ko1gwTK6HKWamZZK6FGx3Vr89U,25615169160596107
tz1M5swezYMnDaim71PSeb2cPFk49ajrvDV6,48490461411753393
tz1QQ4HyGbCZDmQxeVHoLP99KLyfvGvyX21i,381628582765877104
tz1WKygtstVY96oyc6Rmk945dMf33LeihgWT,136664191869661063
tz1Rux3pGrp2KpZUBKvg3VQ4edRYVJsapr4z,983507025445240787
tz1d9Y652aoNq7351TAYiNeWy4FdWuuw1JxD,2255233592638468
tz1LWMmDzH79xyu6JvELrnvWLBBVjZg7TnfN,204293186657857047
tz1esBaTjr9qFQ7FhrDQF7N7bTpNSVTkGbMU,7171257812755301
tz1LaWQ2BUAdTVNz9nb7AhKDcPDQsb99tzhD,1470420309570511
tz1RfSFe1dxP7wh1zSffEnskgqvVVWKNKZG1,9001926787465578
tz1czGMShkB8ZtCHKHeCPTY3CpuiCrjsGJBy,13915218501756677
tz1UQ6cQZef4MuskJjV9g8pXNZa5s8ff1oQy,24608756870461855
tz1aZsKPTRdkm9vaQhWv9Mz8ZbwxSHmf7t9T,5750595052157000
tz1KyRUKbkuBTK5uaidmF8FbWHYrMjdw6GuP,2979458487341882
tz1dTmMLY7tan1HKfW5e3KxJcfZput6UuTH6,468185949578729
tz1daKxrqyoFUCcuQj36BeMN9C1Ytmjg5p6n,128943030571538305
tz1YZ4VZCRPoiDyGP3U69jCq2S8duDUcRjHP,2882761402862996
tz3VvvqkW6D7bSPej9x3pghjTozTRbaB4Gn2,15528908915433714
tz1Y2QaG5AtmfN7rwBG1coLQKFTTSw55g3Kk,50183110292522
tz2LYELYe16viwVBaRjZc8GsauKRsxTGPvB1,70802006230117776
tz1gXcAJZUYqK8JkkGDPN63cPQGu8LiBndK1,97862538061336134
tz1gN5Ch4VeDZjiM6R1KPMBxPWFxL3HHKZyT,15863015865610054
tz1L5rXu3RqYBjZzjWXLaFANYZcwS5Pb1ZST,2360066005345311
tz1Md6npfDk8cL8rjnPNZU15tHvyCZkcGDuu,7064925477207399
tz2WYko4XXaV4B5mzjguTeRkkgw8LyB2jA2d,13683351588737970
tz1NkFRjmkqqcGkAhqe78fdgemDNKXvL7Bod,418391316382745391
tz1TgtGGP3TDUMnUw4UzRTZHrsmzsSKraau7,38725871926450
tz1QkQLtDkqpw8VSymi13A86jh5iaCeMriMJ,193651646420156032
tz1h6J2pn9X3KMghNHZikrh3PtEpgCcRAjHZ,536898867172581234
tz1VCyNit49HjTmz8SEgeL67x4BLuoTaeYMy,291820920940655545
tz1gACjUSBkWjqWv5ZBMRk6G9Sp8xNAYgwYV,25319850255697901
tz1ieVZFcRity1eybQtgUyGg8NLEYWNqKtQe,4692139202845462
tz1bKUD8UtyPfknyWyMbtTqsfdMuWomrPdSp,8372582754931110
tz1T5GmdYXDWwbhBrU7RubT7Z2dmz3ZmKwCE,120445296946358666
tz1XLpud4YtVgwiAJezLKUsAo9K2s8n2YPqx,16313156455286445
tz1gmajxhmKt22CbcsSA7WWXSATgbuVEmzTC,7177853070061709
tz1cfzEz3R8YKMqC2rbKnr2XtpNjZxH6RGdy,4096973931290168
tz1MNGNi6vfbqGdhikvLBGbcz3FncMpuvU6J,82562331122099
tz1hR9eQYNNTZ4VGUeipK4PHtyyDEDmQ9dSf,89355654090742915
tz1RxeY78zE8hNJbqPypB1mTVyTsBRmPuqry,11869326155954642
tz1UnGY1PRznh3CJzSFaW2V9EZdK36AYneHi,680171064359216023
tz1ecAtwNdrsABBKa7Bvn9ZEq1Ze1EvS9WTW,64105202623308339
tz1SBF19iLiCc8dNpKe1Ym9juSAKaTPyeypF,2309823929641467
tz1X6ADVxP37XjYppBHMLVRJQwmxA2YxztbQ,22625169988176710
tz1T1u1CET7ek19f5P59vCdjTNFWAscYQ5ct,88588495808489342
tz1c6Brwut7ZqXQfkjxDXvyAUL2Mr43p2JZZ,162979590977715
tz1V9qHfFxixcXJKWuEziUqvdrQ7BWpPnWTa,59639412654330056
tz1Lqnwap8kKynTpefqqSH158i667Wdg8HVA,17515755616601265
tz1Kp19QyYUnXuE6cxuXxsfQZbyqv5JtKPku,12221837191064874
tz1cnojsw9qgMbdpgPeCcWPf5GX4YPvd4HAh,297707689734164094
tz1fbJACCskangcgy9xjDSiEYgh7CUmSo9oc,4185064589576954
tz1dKaw4xdNjfufDSLWRxumNBwe2VX4mxXyW,184912709155671705
tz1RJf644pa7QAZqKzrPQGiYQPyubXarC4cv,3230574902154883
tz1PTR7wFs8pTFarkpsZ7zrtVBJhusyNRRM5,11177715273622045
tz1awQgCgLpgnkxRvbnKemRws9uqp6WASwRD,149415120177203
tz1PaJwmmL2nrRt5K6HvwFEc6fUfxNe6Dyp5,7947362524588667
tz1YSwscBZCf26kSPvqsnUdhnS4XQD6mAjcz,84668912660091207
tz1iCiA1vKmgfZbY533ZgMwFKZ14S1DQNooQ,7812182248048313
tz1hNGWJUFPFV7AWLXvxGzJVEfCZ8KJ77PJA,8546184952745389
tz1MqSihmFMUS3qAmWPhdQWhzrhJJSBMaVCB,582062905545690
tz1NPu5aFQ12P3KGhBGgt7G79SAgVj2Skkn1,26880634632376684
tz1Qm3DHkV7V6peZPyWe4rv6aToH3nRmWEH7,1461507014018125
tz1KsiwkQ9pyrt4Ra7QrAQp5LQJCGxHQrY1n,21436478337243013
tz1dz7eYRd5uV2DndcPWFeEHYGgw4bJZoCBN,36925653895441529
tz1eKTUc8X17nVmtVRtxBcs3hwUPXWuqP2AS,34487986343901402
tz1hXx6tvTV3kzxpBR6E4hDYcxdgcRGHUTFj,1714647005218397
tz1fkZtnjNfQHtEyUpyX9Tqq4RrLKx35qBxf,15143659658856890
tz1chg2T1s4DTjLqthPc49HDcqkFHMwdSPwb,53428900685754555
tz1Uzm53vPr2Giyi32yT9GUvBErKqHPBjvQL,29968028550088015
tz1aR3nrJgUyU5B623U9s1MtMsMjA5Wz5c3G,67548719006648343
tz1YaPLZuVmZaKB69BjJXKUDgNaZrxBR4Lfn,2615978265925255
tz1WNk2o2hJvzjuZRNmZQwjLQuv24wDv1zjU,279935816521837217
tz1br5Mvr9VMEb1sb7HDtxpCxKVbZ5XnDqJi,11811303623877504
tz1PMB2EKqwkD2NDuf9tvdqhEjhBy3pBGQKX,11806611231722026
tz1QmBcwm7RH6swEYNpsZZfAWCCFaW6wugVT,213129006483592727
tz1LxqBcvRbZhp34C2ab62CMy49wFbsQSzD7,2529476376906568
tz1S5RkjdXMREayGWMawArqqpyMqGRjohJJr,21430179084387739
tz1bZ8vsMAXmaWEV7FRnyhcuUs2fYMaQ6Hkk,3612682196000399
tz2Kmi3xEnXk8c7zqWSQqSSyfNpWt6ovG38D,63020584823877792
tz1LgePVXLZYNhHoRQ6KgHfQjQ1uq7JJPZDa,47878092173221088
tz1gk77xzDAG3sif9eFvsqUnzaGh4MrzaCp3,15219782113888556
tz1cWUkZFBZ72Yn9desxcgS9KdH4BVfqd2ZW,50735167016351861
tz1a3LNYNZTNN2SLMjWSUc5jtLWFvZ1kC7BR,117524494046766015
tz1MiKQQw6u5CWaBZHtn7Xmbr6f7fCQZyZKa,245627953610715
tz1SGPStfd9v5upQUxRiHPC9666X4FpVAmK4,346459386000597
tz1iF629Cc91SJkmQRAWAm6nYavf7RgpAqZh,54127710315380971
tz1hJso9uzj2UFHr4rGA2o6s41UK8NLnGpUd,7936711705500702
tz1WHGwmdEr4iruf4v9r6bdHgzC5v8SKYTkV,3433215278179355
tz1Uza3jMhipiQMtmeEidizjbSqnqZMQyRv7,674148663437298
tz1YqsEWdPxBmqVKsJircrwBmCmZDtHAgHzp,79138595446482763
tz1ZLMaECyswARea2bTsBws9eMjgUm4jG8Uj,174770717744407637
tz1hKW9ZbV7U1hb1zPfrE6HG5UWsKt6eppMa,137009152801938939
tz2H21wDMLHDJ4jcJwPr8cmhFatSv276Jama,25749000432301551
tz1NySiq6aHysD6Rpu4bYhFaVe3ASya2qB8D,112590736456657636
tz1Rb321A5bMKjQdczUs7TyJBeXjfCtB4mYd,307327706720839884
tz1USU2xSWb7CBYGJYat2X7An9sr3cFfsLwi,7514596058529555
tz1aoYg1xYeEdnLrAJ7y2r1T3aMBCyms6ppJ,60221991464464713
tz1Z5RUwr1F7BZiHjeHkPSpWBwb1EgwiqXk8,5698306137461495
tz1WxCJ3UpzyWsXmmkE1YjYzbBv6jXYkbFYV,3528062200724614
tz1Y9QxwVevgnxVtG56YS6s53W6MBKVdCPCB,26557552460085130
tz1fq3tMpnnsZ944DVxcJqsVNGsWTPvqJzvo,36255809449139254
tz1PrecMTmNArbdvQxtZLUVUBT8rcC86dKZC,3339834336856363
tz1Ty6Hq9GpzxmMs5Sv1VQ7cP2U4KuSCAN3K,8892766222478421
tz1gV6MqrjtV5MtVaATuemVsXDQZJgiaFiaU,12740775136895371
tz1Q1LWn8wCK77L4xetjbH3Ar7sDaSANezZx,2651674472549764
tz1dugdoeZULYPA9phfkpofrP95rFqhZNXeR,760579802709508
tz1UecmgMghaWovhh9EYfqTrK9gTtaiMtbzs,881733278890991
tz1gGwXf6Ggkv9T4jGmp58jUMU2Gh2vYjDyH,5473100896103614
tz1QjPnpmqAJYSfDtDM7uTf5bkZDNY7eBECd,18838184827431851
tz1aVZZd883FwyEx5g2o3TgQ7pwEYi2f6apg,3262516543570064
tz2MzvuRU1GEKi9udpqzLpGYfDoZTiKZ3C4C,52763620084556410
tz1SEox4m6JwzUjLL2daQMKU7XDrvsEukR7X,10890008201063965
tz1XJqUrY2okTwoJFgHFJKQV98tsn2oC6Twj,4688151741011684
tz1VqXA6L6hPEFjvsgWv7Viw4xQn5GyNszzy,504278985035106054
tz1Wf1Lqz1yHm27P2RQJAVV2CMxnhYK4bBGc,22607634133428192
tz1f6qSGVtbzq9kMbuefmSX62cRJgPUKo54w,115560556262232
tz1iuQgH6htUbmdLALotF4HHbbKxjN7MkGd8,2291186341986836
tz1cTS1WwovU7SC783xgJxZrzr151mcshmNi,44572563752307254
tz1f4Z9FJfgStP7v6Rj7BMJnWJ9Mb1NdAGsS,80640828636605
tz1ersiy3MYVu89DFXvW7Qb8AM6LYptSsoT7,22850920960352656
tz1UFF5DSDDtk3fM1ewaLvVG6fhaAeCdgYEt,2892563847461961
tz1dcpUhXGeXexEXispSpfv7CeufoFnV7AAf,140099076509408099
tz1RKRhkvC7MQgKfPejvNaHGshWUDsyJKZdT,67734246382213585
tz1ibTknNagJCgQPgcbPvJhpSyS5vxgdyFt4,23122565704181648
tz1SHzbhYsbX6Uk51hJC4JkjgWM1gWaSwBqQ,4564019215717619
tz1LGkz6e1mTymuFyHBVFQZsHEtHepCYYgXD,112654610664081443
tz1NW1MMFL3jytxBjhx1qATMJyY47vLBMa4p,184236275357462492
tz1QRm2TJKnarZ9tbL5CNjN4Ltq9pJtytuk7,76931429009189
tz1WJpBDRGfa21un4yQDKTGXZw561nsGg7Qe,2289853928040679
tz1UXAsfFeufr6p2PafNr2oXNrTDSdtwwdgm,1830767159040634
tz1dpa4iDvAySDpgrcDCQky5Qk4kzLxHm8gf,17543281026912807
tz1YPUNi7KW28VxZNEu3fNkRkJG55G9p7wsN,1514214995374857
tz1YpusrSty7ULz7w9sM814trSRmM1aNbmZd,50750350431542185
tz1cuj9Cgi19KMRi83UuypS89kXM435qdhmy,222099027517974
tz1N5jTEgaMoMWi1i5bU69wRCNrLvLL9iYpY,4451237133690135
tz1htwxBMBFikeP8SnQiEQyA9n1ryDrDFyLK,1135361238103777
tz1XTyukKgkqq9P83UkV15np7EtSSEy4kAeY,1161614454359617
tz1WMFtCLLeRiayH19ZiaErKq4Zu9p5N73Sr,6974660899944
tz1RFUjzPENm3vF7quaxfELQCfNTCSjAsFdA,11138411419419398
tz1UvkN6NDmGtkBB84svr5MRWsqQxMmM5chq,575002685156517
tz1YjsPAFc2RmuKa784bkeQhdVLzbnRVtB7c,5833906701821712
tz1cLd3gXJ9Fk5c648hRzFvTnGfT97CxcHrj,10928716034537121
tz1Te5JR7gzDBwtZLKPWSPuTGFE4JX21vVur,1433632840658077
tz1YDRhXyq5ZHMoHXJX67rHSrUFTqhYjFo86,5716989838613094
tz1NGDuYTuuB1geX1K5b88cqa8JinFLdd3d5,7331407003358953
tz1gqVB5kR6VTTDZc5BU5cdADzxJhot3JoQq,188372483929
tz1XykUaKpskyp7hDEZjmuNTk4gFU58a46KC,636110827849589777
tz1dghYwdzvHc3tYHp8iHpNUSpmAvvs8Zjs8,4291254886069163
tz1RwqsGoUqGfTegy7fnWg5b1ArKevJSudE8,1084158662950473
tz1PuipWs33aqS2KSG5k1qQtC6Dff1P1GBmM,204268981719387
tz1ZNxMa8XsMa8JTv776X9iCETcNoo4SY629,1406604473749766630
tz1iAAJhH465Cf3BnsKQ744XHypQGY1v7Ps9,3239522652297
tz1a5QW18ULwjJK71LSc7UqNGgryrFouHzf1,54520606584289808
tz1Z1ZX2B98nEAvEnLXJBCnsJ6K1GqaSp9jK,3801889821576009
tz1enT2GWv7U8jyPmmoVb228u8hvi6hJh5FF,378792356049841
tz1RyhUycXcivQ3jzF7ZpFZNcoLcgmXqcrSz,42641491576498594
tz1gVon2mQhvutR49Yd5XK6k4ypwWfFjMZtz,2927311265283
tz2HSz8b961xoDjDLy3aFGogvW4HEqXXdcR6,34103453986391176
tz1eSGjgq2NmLWnaQFQxafXK8ZQF5V7Sz72y,63450387485690295
tz2EP3fw5CbUUgJdx4c3Xono8Gbc8PLXGRM9,177477910142953535
tz1e5b7RDRhmUWsiXur9MhyRBBTpCoNeUuwa,79214802989658
tz1VCogGe8xeRgQCLrVhPbwo6mBSQxAXep65,6374261174806419
tz1LFFspqhK9KRQNvS1ahZ1RcpQ2PNeM8TxA,12638445539616
tz1ZhteLTqobRVCYsPj44oFfom5BJ2SdGxeE,7995360893188741
tz1aRF3qMDrbN95f8dGYTKPaey6J2qQQnk8j,739609582468157067
tz2ALu8Jxf2SMgzSZaZEwfiJQbogpUDPStwz,113489914936478817
tz1gLNb49fErXUiYdreLAAV6twp4v3Lm8V4H,17070883216688267
tz1fCHiWZ3ReGqvhxkMejVzcnXYz1rnsJpow,362604824115243
tz1Mdpj1npkpaxPHF2wFN6oX8SovVPfHyXSy,1096657122904977
tz1PXJVTDRHBcjJGpD4h6PzDovisMJuc8zVc,42213265197858971
tz1L1i5BVehYJBebCGvPYU9kZYGKBELGUJGH,49513593395309448
tz1TR56EbNTEEDeRrsPzQzoyvwFgZT25q3JR,3609809081844957
tz1XbQgDFCaT228TPS2YUeHHfpVqGW7ANCDw,214390412794047682
tz1cJPtF6fU9DQFVhTifFCPxDNjKiCm5TKHB,3265615619518382
tz1S1Aew75hMrPUymqenKfHo8FspppXKpW7h,539983631943493
tz1ip7fCgktJzFWxnoDdNBjpF4ZCWw9qfScc,458037020772439945
tz1Wb4LakUUYuFuuEgXXQrNZuBD49Trodhwx,4006540536733970
tz1WzQh4yDUuTpZBDdRwMrnkV9bs1upnSANF,10237199677516
tz1RAfKUFBX6P2jFkCpzLFntju7djjbtKAKr,153858966586137133
tz1MiQ6euA3EEdnZxJ6EPwVsHzd6vQ7AHJmU,7559874880275542
tz1UFwr89hcJvC4sNCYK7zSLcaD4JW2KkNYD,41685825168086423
tz1Rm5QmNUnQetDKSVW8srM29hjPRiQCgqJx,59883907010957
tz1TiJBTfVoXxregtdgCs1rYd55APXSAmniz,8465219181965165
tz1UNdZnQnfmxaG5Uh2v5TsoYFPox7pyQkZ4,46335816334277
tz1ZPSGxrrPPfrmoGJgpXDArNJfNNy3qGvE4,3406076919036769
tz1ZU7vwEU4aoKard1acgnpGi8fFc4VkKzbP,548760073143098
tz1iQ5n52oSKgdtdYtqEJgKmQYbL1nn2poB8,91538813817022287
tz1gueZ7eL2KnvxqWudHjoTH3ZPiUCmwNKR6,11269219843089970
tz1QxepCwQ45EwtcxkgXZezHbnidvK7hUywy,61012151040792602
tz1TVZgy4rejPUkEF3bsxLGNCp6H4gz4PaGf,1750951904654632
tz1WT27PugwGBtre1hsj6BHmbAK2qQsVbRDo,9474283987069718
tz1fL2TsQR271w84MXx3qFD7y4PZ1F2mpHFA,25853597412151008
tz1KhU89QWZuuhhnDD1paFp1jYMdpJLh55im,21418269527650202
tz1QQyhTMAmNQPcSGkM7GfDva8hmuFPAxUMB,75457816943745611
tz1htnC2n5n27PFD41q5X8bDvDcjbGMUS3f5,229620526849783439
tz1PoickddNEkRN6qp4K41u4KUW43vZ1UDvF,122576979551004911
tz1b9qYttBxHzoEseqabgvQiCxafZzkAtH9G,34118570168265255
tz1MQotPcNdc9R3nWCTwXLMDqKLS46WqW7Wx,34319605960659097
tz1a89Pvs553YqhJdCfDdQrRuQeykHMvVSRX,790396055012050
tz1favSqpvTLtedjTm1UjuEmKfgm4o9kyLd1,20519759279538060
tz1XYuybht7U1RVsUip7H7S31fBDxpUgpTXP,5529935748193
tz1WHUWCMqVqq5AagGN5DrytqWz88tYgedUr,413776195285113
tz1YJvMiZyXnzvV9pxtAiuCFvaG7XoBZhbUQ,19172134594666302
tz1TmSForCvNii8rmwL6q2jgicQfqjNFtj8K,38609491654748243
tz1RSYHrs9rpGHn2CcgKGGUQL4RvMqXxtLdA,8401292940244750
tz1Su8UYhcLvUPYABx7kYsWRVibZdiZPnmh3,682024798822895735
tz1eoqCSmqPQtTLs53Rj6gBB14eQh2aHWVxu,8670289889227308
tz1XhZUHsJAFp4FHoeeQQ7auVBk5j6xoUKbS,1045077217069341
tz1Pwh2MBs6q2SeLHiko3iJpfMwsDV46bqQU,195538107483960297
tz1ZWbokP5pGwT3tTtLPP2KhXX5ssg1EtDPs,286136519343337
tz1hLWsybqnJtQRFp8skYy5aZLGNmL9bMUpa,19490016237181547
tz1PuYitvGfsBm7C3oYAXqNc3t5wNhWZj5Dh,18515550877274619
tz1NsE7vEgP3M9bDdkNGF4rCaTUENp5h56ZU,110839819321780
tz1eRrQnioaBfZkWnXxYth5ZHYJqr48E854Q,45344718254133599
tz1dbCAvra65bwTVk5mgkYUHUGz3hoKwovZ8,8690021197799876
tz1T5NfkdPfhkXzYx8akPkdznxSgU1Uf5jEG,15611697571682765
tz1PYqfNnkpZydtSY2Tn3Rv8mjkgUpHJpFXC,43373523378602211
tz1WidyAU8wuyG25Pd7b93bcx9hMu7W9Pea8,41762817440263578
tz1VRQHQLw8Yq8tjxYLuybyHfhdqZpj3yXMw,13244575681520
tz2CCSPbBJLu3mrEWzP4RJn9jNMz6JDboRCJ,61085111797240
tz2Mz3ovkZR2HyC89CHHSdsrPya1mKSmLWfD,3004373350371645
tz1ae2d1BJt7YUqaaec6Xenh3mBqS7VjSZtK,4059684666770611
tz1MA5sPsCo8ySkTpMbyAEbKf5v4WwBr6XLg,7945332561592659
tz1g1vr7gbU7kwxVqmbmnovTGtdeRxFE6uBk,7128378534271645
tz1L1XwcVmD2z4qPfLtBJ6RPThgAwLcXG6kW,452365225218073
tz1VeyZaPimHfrJFy8WwsCYzxHR3VmGTMpgK,4408997630493214
tz1epFVHmqeWvvkFf2eskwhQ1AY3JwWd7Ej6,8856007409800147
tz1QRcnskFh7eaV7QdEnjoYdDfrDqHgmmrvF,22997738154958698
tz1XybkRZWjLx3hwcy1hQ7PT6FWEhpHm1FBv,317467385110071
tz1XcuwadWbLKkc4mDVxRo25dbtwfEa7wf2c,15836468283615702
tz1MkNbJTzf6uADvfSJKJvArvRoVvjk3tZz4,3125040682344237
tz1hvRvzke27MGtp8CsSvsafxyyMWSVYM1ut,1454041908848031
tz1a7MJ4HMNbWDhKZAqrvzX5P6u2E2mJyJiV,30563855619253987
tz1citPWufjty33AZ9KwZDztqrTzdNjfQU7P,178513400654424181
tz1WntXgznbivRjyhE7Y5jEzoebAhMPB2iJa,12949808066571262
tz1b58mxvQAc98hbXjcrgjf5xnSwYXzi5gX6,10353313631128466
tz1WeLuPLjUs53Yr1RCgq4EQ4d5SvV651Tqt,1045419081661730716
tz1Wo716Gggp5HfupfxtPgmYu23rDQNcLcD8,28177076266331634
tz1imyQrFWHyTp4avUNAw52RxdFjU3HPviRN,2804347868536119
tz1isKR8pS4pdgU934K1S4UpLsF56ECJNArh,10187647534147741
tz1ZVoeS9T3H451BgjTe18pM1q1LPd2cgB6Z,448927270626900
tz1Kx4ydaiJHThd2nTgXR25JPTZtKyLG9KC1,5310370148950741
tz1eL4fYCgegW8tLCbQ1mYiKY3TdDxWnnKo8,13544885503455684
tz1Rhg2UDkjgLhemdSMtiGVGRmzwVLVaHArD,2340526776467613
tz1dPHDXSCFo8PienbvDMyCKr5DXjPMrZkJ1,12321026990912543
tz1a7by2HMBv9QA8WT3t5fhu3E4XPofzcukg,1925200379834072
tz1eFe7ufhpTuqh3LHB7zYLuFgB1rFCPXnzN,6329956751534034
tz1fkkxXSMtSQew8F78XdsnaC26AfsXtsGiY,2904683128921266
tz1ZuiTWKXKqYfzFPaSaAG3Huf9QM1AdZ1pJ,6572848331049073
tz1RsCndtupuxe2U3syGAdcRBzpNqJZ9ANNc,220272611659371838
tz1MrZQhiNiHK14oEq595DLsVQ9wC4Nv2ZXW,4931127799302727
tz1LJQ6MPnjGekNAmhFmkm8XWtM6UGx4MyF4,50068006378344221
tz1cGtKd7EeDGW1v3d6B5tuiy81LfzMp1FfU,2631643175194541
tz1hmxzW7MuU8HeRoCFPGZJnavGf5unqgaph,29899017906638861
tz1Z6QqrAbEAMDLsis3v6b956sfH6qLTSEex,2828677271217933
tz1NnBgY2ze24nQDpdY72wb1GVsee1UfAT3d,1080819827655258
tz1dAW94vB3yYfNPE4LM2txBT8PQ21Zq4Xzf,1146028454941757
tz1eeR22tmjPN3rGDikEMvpe8jcdXww3dqTt,8055338457674400
tz1MsfyCeQEt7khed67HHsAidezZ1Th6mjzB,2792342748659784
tz1WBMWCwjuFSsiiLUWKEQHEACNEat2S3EsD,26754180321739506
tz2SuPjN8dYMJQe548bTvSPL1fdStZPXv7gT,423662306698893391
tz1N33TtiYBQ67sw32rhCsMSVpZkrSHWe9aq,125030464959572485
tz1QMjzbw5Yoi2zPqUeg2yuv5GZdmXjhh9mr,7900229792774510
tz1ZutSZgCHEzxspXyoSYSREhwHh5g4PM8hN,7660532013137528
tz1dDw2YD657qFqQq5tCtbkLxrgnEAECm2Fj,11751078338171675
tz1NrRkB19Su8iBGVTz1cXbG3oCw29GSmasw,12529444373390807
tz1NJS9T6FKTnKUkVNv2g44GHTAhzH77qiYw,15940073690601472
tz1URL5HNuTa1fHqqCtUKXUM3hm6g9c88NgF,24772733508408
tz1YPBTsfVCgRSzri3cUfNzBRbQ84G5RQ6DF,29149452015001454
tz1VLGEhMhsb2HDhUaa2oeHQ8qM7Y7s72d3s,66270793906603497
tz2M9C5x1KoZGoQ9xEY6fQ6Xwbe2GU1RTzRx,5387757475861167
tz1RCQDHtpdcwfgF1Kbbyusd6xhfjbXanhZ5,10237197187361508
tz1c8JTzmA6c7cm6ZmUwR7WES6akdiMa1kwt,12080317896230398
tz1XRTNgXgWmR4PqxZpiB6HZJ8Siz3M2JAim,3613243337856882
tz1LxL9L2SmaFYw7XhyATaRAiLWCgxKmycBC,35043534299147738
tz1imbraxLCQ9TUpnJVP31LS18hpTqG5wv1k,8470822271843614
tz1iDuz9LvybPBC4kDc7ceBoKVDwwzJR7zKb,230937755252937589
tz1eJiCVNV3YVn2im3wzJZQLj4TdFJ5KabzE,15275469907669850
tz2HYjnnRbzPpUGMUYGKVXDnsfSKKqH3aCVT,101172457396448819
tz1eiyML8sHGBL139FwJQJeLGHWAFtDqPz4U,742871093439839
tz1YQDCB6Hbn2ozMyS2kf6WPJDeRvJtmtNqQ,3207947910210454
tz1eeNRXYK56vgSfXHFcXorubcaBBCVpUY1Y,208091134678061
tz1TQw8erN1a2LpfRSNMExicRXMveBPbvTKE,4128367490071
tz1gaRjULm9qy4D83VCvb4ABWLKpz4XXfqjx,3540376227069017
tz1hAZNx3LrRKFgfRytoLNVGhCrzU1uVDUHS,11665118460604551
tz2HGysnSAQAetSyFYCa7SoH6XXVwbVqMHnM,15947777602203956
tz1W28xB2eAvRGCXmVduC63Gx6gGDp87zqbB,30961362431950885
tz1gJaXdi7Gweq8TUSy9knB2wLjioTKy2tZF,33540335734523907
tz1PoXtd7RGVBwWmmZvxX18NQXYpbNdiwwtE,19954425778459079
tz1RLCvv7wrWq4hTmyKk1zZuZeuUXNViSgRD,97498526843456960
tz1fXXFNod2gQDT2Vf9ibBortMmsKKorUv7Q,1034914340447161
tz1QFk2DJhPkzp2nCN7Thpo4askJjQ3Zw6BU,8320823715126504
tz1bRDYJHp3ACUojEeM6Ja442YEwNmcb7ph9,6011047671466302
tz1MDs7ym4sp2FsQhL32vuAnEqG3ARhM9Vi4,2365390747816534
tz1Xy5UM1tC3CFcbPBVq5PjufaxcLjMwfQkE,204022805630529
tz1RAKBnmd1X43pkkGqywYCRgf1Uo6D77zMx,203684458889935
tz1ezWyS2cFiqrNyiSVz5VKEKnmDN9Ah1zSR,16481762685037222
tz1KgzP46kFAohMo8NHXkFU7STZDkAv8LVYq,1523606700069627
tz1cXwKRD6AMy5nhqEVUU23SBxcAMnh2aKLn,2243039432776876
tz1WNQE7B2s8woZp1d5U4SeRKHmssN7TvsDi,8884773487141055
tz1imrUNR1R52GxhP4y6XQCDDXtQs11GarTN,145044541390701
tz1c19XDWSTDVAZJXdxdGAPuGpoemUnGtXYb,3109446341577
tz1chab75LnyqBqNwrK11459SGCFQXLg9uyx,281765772066530
tz1USfPTFciXzVsQL7Rk8HmMWyWtFEas7fh3,7073356019366115
tz1btYY98CWBVCGEikD7s1buWjpicb9kG8aH,142890548742398
tz1fj962xSPKTA57yWHA43VeVzo8KqdpNAeF,340030774854619
tz1ioU6W4otB7ebgRZTq1EVVra3vMyXqeqsm,1783385436268084
tz1N8oU57qMgDRr6N9pSbhaiWRRQSxJRPGoZ,317026206456155
tz1fCEeLBcuSMSittqTnMEhcFdPCtD1HsiZc,691868651232507
tz1WsKkY3TLDvqTuK97Xu4zuVoTb2nsr7J8S,1179646666758450
tz1dAekzaZ2VrjvuNxoaTZ4dY9XjgrjBvBro,10598236407585851
tz2DsS3zeg4pqoUnRPHxvuRSuQrjDnTZcTNJ,58064780906427
tz1gSGxwMrToBdzLeaxg4Bregv6W2oEbNLC8,56428877902309252
tz1dWwKG6Z9unqwonQUWV65gkz2YhABiwF1R,7676178680428350
tz1X8AQxtn4KzBwMZ6MZUVFDcACrfnyfYhDg,2536144619033
tz1KxARuCbAoiGGesnQjr2pvZa7CzJR7V9D7,4259744125332394
tz1LGVwoTMUhi76Jc8TeaNUQhanfeLLNF4xm,3342262833600929
tz1QS7N8HnRBG2RNh3Kjty58XFXuLFVdnKGY,344938078571210633
tz1RAP1j8SjwT587jyccTNArBFhC9HhGKfHq,735087030235759
tz1QiZCuJMuVz3aq7j1Bq2v3BRTQPCdTw3Fb,11179696610462842
tz1L8hBVpams2fWFC9kS1sPVxfGY6Hmg5TQ8,1588961984736847
tz1TQSPkLPqXUREhxvYzPbAib6Jz35w2a6tw,3237037006418498
tz1XD1xSVzgY8Qs1id1kNyFJDbv9e9pNMe2c,2766216994714990
tz1Tk1MJDZ96bK85RLAqtKfnptZZyXsJ2jaq,7228546468858321
tz1avT6pCusXgxhnffuJzk49Vq5QppLVegHB,2478648207381555
tz1RKg4C5yKTzm28Qj9gKmfUozCDrctDpx4G,3300441593712557
tz1Kw5M75chWdw3HUBMg2bsp164TrVXRsGJR,2316027780031021
tz1XAFvpynqgRBizrYs12fBt563NSHm9FWve,1925594088415676
tz1hes6aF3Px3D8nPQx27fdwBKrXmGs1UYxT,2743118561125693
tz1c1BG1PEeuhMFwmonTVSGafehicqbBJFec,456715121758688
tz1UZ78ecNwH3T583wmY6nUrjpyrXP7do4hL,2909124073992257
tz1bF5LgAwDooVGC1cT6eSnsvmPt7WaByJD5,865918349865076
tz1e826sMLNdz1CQLzthLDBJCFsinxqGDzv2,1883677337188569
tz1WtkHVMtif3DXVCZ9pUCqWcBsmqgFjgdkk,236428577251780
tz1ivMszr6h94yTACLXjJzK3tuvRoDHqfpwN,209240130846149
tz1THwbFPPPBHmBu4cmLV2SppLFrA5QfBhyF,1786761355751613
tz1U1aA8tyN6QByoYLhSvNu3krJPLYqnkRVa,2548089503114775
tz1QSwx2wnmrTjEGrid79c4tpFMxjCT86SAy,4192345042865315
tz1RcJYTsoYQ7adtNMANhwd8qf4zApM4i2Yd,2141440025376823
tz1cvrgSekgCqgyc1c2qFPSeMtux6AAAfDsk,48365301184198
tz1a1ZcbAeBEjxYSwuNKxSu6FbFB4dxdL3m9,59706753026052
tz1NZnfrNgCGdECyAhA93TLPTSciJcZBJqDY,3161477554404841
tz1UGuKv6PzgVbofb42VgeRwDwsVN47UpuZB,7801630289007659
tz1eCzNtidHvVgeRzQ38C81FPcYnxMsCEL6Z,45673917162970307
tz1N3nvFqipu91tfU9s4GXGsopawpwxSoAJh,372871818643102
tz1LFeLTRQZrgKxbmvjz2ckViRhVw9BZXw7t,88346846875547106
tz1XuzzMTz1LhqbRPy9uxfRkccSxju3v8Y4j,4079565338985087
tz1MoiwNRQWHfA71aypNk8J9CsKjfmq39c2F,15708641447749505
tz1hhphPmGxL6HEmEjoVSJBy82FMWbFwzNCD,83723711420387
tz1YHLm7Lq27q3rgVXLY424zQMkvncVvNiaK,430434274133136
tz1fKtBhuuZiMYhM3Pi1hcP2sjRbstgDrmqX,124122046847922
tz1aoz4qrvkwo1ezDQaNCFZb5kg5tAvC25xR,872176495783026
tz1XEA7cp83PyiXfSxWu3uHjA3EF6Gdh3Vhq,383368094107597
tz1UXMLCt7dqbUiJ2BHRhE1gFkdVkmCZYcM9,120134490498782
tz1iKF8o1hCLaTNZcCJpgKQBQxkpcSiBy5V6,4513584211144320
tz1c2iwyckUCcicx2qxqtwLEartYFEHg1pvB,2031189469944242
tz1YQs3qHgQGGQm14vX8vMDWwzY1DFXHCzJB,2090694272436934
tz1PQDUDph7dDCn8pLGXqaR79DiUWLiSZdEf,10746820109374840
tz1XYkHggnKNoYbm965gwKattMWK6bomgVSX,1564073511356561
tz1fUZ5pMP1gUjuJsp5V631cXmA87Kxm3cuZ,12404391039739376
tz1KiUXfWuF65Ck5zY4otx8t5pHToY8stYhj,302848822485539
tz1YQXd4LjZfDaKRvSTwBEwgggREFfX95JUc,1072990847258525
tz1hM6Pz2e5vJbd1YYkYHcj5RL7tXhcn59Xr,4999504845460821
tz1NVsmLrZX4jad9bNdvM1EskvcTq2LSZhLx,6240741856518729
tz1cBNfPUb3Gi6oezs6fpXtki8EzSwjnoNGS,9981537832256517
tz1h1ybLPkwDH85opBrU6hge8wSsRQBnAghf,96046641540249720
tz1PKoh9LB2P3pgh5ahaAFnrC2QBmUxcHDJU,742714962343401
tz1cqoo91JCc6sKmNuTVKNzwUdi6E6moHWFb,3014992435992885
tz2HdbFWnzRZ7B9fM2xZCYdZv8rM5frGKDCo,2258953878777345
tz1ZGNErBKdYeEPjZuqKXhyTixQTTPn54bx3,442232504479207
tz1iUyniY5PPWrzE53cs6jBwNKUun4btzMcW,18855865714316179
tz1gi68wGST7UtzkNpnnc354mpqCcVNQVcSw,1847448016791091
tz1XoiGxnmjnkaKcNyG4rrHNNEoh1u5VidxY,4367532632826667
tz1QVUXNoyCfKpAyxDpq8kR3rK2AShuzQxJ5,7163359906063630
tz2HZ2yRFd9F3uLcKnLukEXhuUz3HqhZf8mA,46589662806321386
tz1UVTMhbMiSETKCxFi413yZ7imF1xeyt3fV,2035792574523839
tz1XisBzUGgCmvC7pNS6hxvQ5hMvXUTd1p7D,5072068104387074
tz1S5TbsJCWmCyRh3ghJ2rWwQHHbcvoh1uYV,19703139777973691
tz1UAYfFWmaTrQTYMptaGCw6LrXK5Yv84VnQ,9130490248005801
tz1XgakycyAAuhtzXcbb3Eh57ZQ8cBBHT8YG,1003432782380421
tz1hLhGe26gqt78sZboxiwne6zgKMqirRieW,2384642974378548
tz1YfiydbiaKMGPuavawX4rQtXdn9wgpdDKS,977796546624796
tz1RYTr2WKdJD1MMV51kN9AoxPnxZJgJ5sqU,98232065454621
tz1R6mtcAQwBTK9YpSqRL9y2a6JZWgDkBm6M,9727347008551124
tz1Sv2XMQNxcAqyqyyv42FHjf3EGwJ3Godj1,9822584204486482
tz1NCsGajb5YgZdhdviKrfisN3VteMasnzQi,476404861632128
tz1Vh4cX8VutUUUnnjmnY2omSV4F26T5orLH,10292371094779506
tz1hgSYGDwHFqC5AwW3P7vYfXfdwwsx4ALAN,3848331412035
tz1QGCWjNpYmcS6T9qFGYSam25e36WeFUCK4,867311793193173
tz1URdfSGhAfbtpEkjWBmpTt3pyLmxdHdPYy,256436443086452
tz1LApX9pPhcDUDznHR5TTCcSXh3m6zPgFHA,380585119239128
tz1hUY7paB2J5EhD73r4oWL6uZubf1UibHrk,1119783081323882
tz1MgDFQvyV8Vfc48HgeqMbCD2Po7nhoWDeL,18461471810220
tz1PWZTKd1zhfuxrixGJoHJ6G17SQiypwe5m,6506279686177
tz1V1Hu7nMcgVuMKDEZickAKHHZavLKTB7Vh,2388470460832
tz1NKHjwrYfg7GWwbWZ3bvdejkVL34De72Pz,3566767430627
tz1RaZeHEiKewSd14gZ7HKfcQ3HaNHJ5tnV6,7432083827139843
tz1aiLrqvULcV2Kfvzt9dUmqnLQnoNXPPek8,695664111708354
tz1M2h2hPZzov29kf7xcHXrunXb2jFSbfiNd,350035474540806
tz1MToDUySbYhPabULUyDPPsfDQF1cpZPdoH,32053779990072
