Address,Amount
tz1NRbpmTuPEFCCYCqCr7i3hkMRDRhBFgmxz,289635738897748
tz1foujP81wtDKMCX95CBY35TUYzWapuuuLg,748481883508308245
tz1NBpWeS2gVpwPpT9NUn9ifBRfriwicJT4y,57526278594111091
tz1RDbEW7YUkwnnDdMNieSiF6kB4XBws7QSg,41017233765932532
tz1XwT7cC7UnvMi4GooA3qUNEA22cPcUXxLp,63943816368989033
tz1WdQ1dak79v48jXAQjYtt5ZMGnPiwn1ktL,111556095400496
tz1eqt71cHna4YgyNg3ao6x22xU7c7CZXxcf,16556955179289496
tz1SBxNvpDFC4bjW23CtQfVLqN5cBATVf68B,4329055413142132
tz1Rgo7URug42QnhBM6eLy4MWdfwn4RovHy6,148291438030719975
tz1ek9wEDD2edxuV1JniLuh2ckh5DeM4FjQo,20293756531386497
tz1S4Sp3WtEz3MfdBjiaRWEAG3ZDSngAR5L6,15865747863690
tz1V3fPD3AKPNwZf42PKGzFaWU3vZ83Gjvfq,13444006015257132
tz1P6DFx1Biicriaz37h6oLAhndhBL8eMoAt,172236453510417860
tz2UD7tXJyBrfDBHnFzhnaeL8ZGHxcDZuDa3,71214947123456730
tz1drEV5soQL85qJMNts3JfkgZxD1oL88gsh,3363029585391092661
tz1YTQ3Lys25j8FhZQY61eoYErYUteSao3ez,960005180763929
tz1R3bKH1seset2h49p4vrZJCEL8voJgSK2G,101336745753660622
tz1Z6nhkXDgJjDzSpDEX5g2o1ris8Ga4xjDY,17896684966200225
tz1bdRJkGkNQ7homh4PTnkVM7xzVWhuC4EMm,113741080087545888
tz1Z2Ne4ZHxNPuCJeCcoykHVXTqhVdLMD9gV,137270505996235680
tz1Qji1NnEPj4Cxa9s2WEoWi9U9KM6a9gdDL,35890815996355386
tz1VjYmQHw4QE6tYTQLLfWNjqkUNwMC7YPoF,24859194558755605
tz1czaureyspHk1etv1dKV1WmHCs9pb4fXBr,11112847245420566
tz1cmanHzitf3UgWgECzLpGUKpzEfmGZaFsw,103612633654450265
tz1eZFb4bNMMdveGT7BPcktbYsurg2e8r1xR,364078157993375
tz1RartAmPJhFsL9oAhZndSL2G7KCsaQqqkf,727371225485298306
tz1bEi1SEPrZh28Vqa2gKi7veuJ7AksFC5GL,1333916373313089
tz1YrfZhjFnhgERznXtYee6c29n3PBeam8A9,3050358073327695
tz1MyqKoe43P4Z8MfHoXVBTrohgcbehp2zLL,388452555576005127
tz1SRcMg9GRXi7paNeAc3ARn23mS3Z5dXa6S,3251730162270796
tz1YjtCLzjw3bqPxJh6MqdVBFrM2zrsA9kyg,1266462393889444
tz1hD7VdzRpWG3nmYpCyW2gNc8mQNs3TCgxu,40425483419038759
tz1MstraWa1kkCRoGRYpYEtMncugi99rUx2H,151713115288994
tz1f38MX7YT2Q7MAq3mDdj75GTN7vgqV2TfH,106969721560351858
tz1U1Pfo6gY5UKitBztSaAbmbwFxgmmN2oaP,3967540667877093
tz1aBDeNFooBEmBXnWDVgLknNMUHMYhHVcRA,51251367363467761
tz1hD5k7QW9ChHCgb2YLthKFirKDYQiNPDJz,5820757610778014
tz1cjTb6ijvnPrJBfaTEFphxDovW9xQbkmDK,387279858404368
tz1ZL7ekzieKxwngCCyjsCN5qhu1ohwJQEBy,13621746718225905
tz1enbGpES1NDr2kTaocDhxvMqtpMy4ruhW6,5428947407773803
tz1SKobyM2ZGQYYWKiWYnc58GhJ4TBnQN7gy,18762471550434
tz1ehGMhxarDhwppx14PX1Y3eqbZ5W9Bc2Y1,1349885989086683
tz1LN3wPFYuS5fCnodwxT94xVFLPtcFHvcHk,70155571593856689
tz1SRqikWtR2KNpugCApreA9QeZuqh8swQMa,570459825944884
tz1dPPVGVRxY45ZvnRMU3vebaBVMuhPq5bxh,297342409189026
tz1deYjddv6VT4o656x2FsaaN1owykAT7Nmx,2681592663571855
tz1ed4brTwpFg8hFUJSJ4HqnsC7sEjVesMtb,37928875184563203
tz1QJE62jTxHis7kZkbDT2zsYZyauNDNzWg7,16868097608872644
tz1UcwKfokzWm6g2jpnVVqjRBd9iFJQHhH2m,6359196075848150
tz1gWt7kUnJtGXoT5BYzHVa89qGp6QVvQmyp,16828389752817469
tz1TJspN7PEXSA4tsGJZ1EAE3iJGDBoXJz2Z,8157912584448181
tz1epR6pJmPaJ8vvzNi6V1T51ccocX1Y4VBb,688496738453111
tz1TrxaPKNsRpcgw58155HdX6USrpV2fERQm,18030512078351676
tz1W19DveaP3mW4WvFtdVdqGsWwBL5q1QDSK,12449231782269525
tz1esdEqZC5Nz3HDFseHvpH6SmQJPocxLzA2,6947787640692821
tz1ZLGi9hMam6Gf6kixB1XK1yJED6CYu1tGg,139861779895335936
tz1XyTsb9DwkPru3eU1Cwnr5JkihEi5eisHo,27292607070271199
tz1ULQQ3S4kFLhhpPsegiMVFmXx2G6ewmbTA,1004973404271512
tz2Lqs8WFf2HDG1RoxG3EAtuHjDS27XQANWT,321856564565864
tz1LRrXCmELevk5znmVcYD63TChSpYh3vaE6,15118491111611863
tz1dNTV2DXUpqC7SEiJ4BTB5RvL53bPPHZfM,11524390747736222
tz3T9ZKHLVzc23dxD85p9xo6L8L5mx1hvb5x,35284976201077823
tz1dZuKxjVojU7gtRDU1nMmG8uRdowF2Q3Sn,28574492055620805
tz1iPeVakaABzkhWFmG8mjYMpcN3JCpHBvZ2,1179609233301
tz1S8GvdiWQghwPMMzbNvRh66rcfmhEA6vj2,145024338471589648
tz1N9qzry2ko1gwTK6HKWamZZK6FGx3Vr89U,12565188763781308
tz1M5swezYMnDaim71PSeb2cPFk49ajrvDV6,23786366471427028
tz1QQ4HyGbCZDmQxeVHoLP99KLyfvGvyX21i,187202947989276171
tz1WKygtstVY96oyc6Rmk945dMf33LeihgWT,67038845510866643
tz1Rux3pGrp2KpZUBKvg3VQ4edRYVJsapr4z,482446606061645345
tz1d9Y652aoNq7351TAYiNeWy4FdWuuw1JxD,1106275567428795
tz1LWMmDzH79xyu6JvELrnvWLBBVjZg7TnfN,100213371124606110
tz1esBaTjr9qFQ7FhrDQF7N7bTpNSVTkGbMU,3517767441865094
tz1LaWQ2BUAdTVNz9nb7AhKDcPDQsb99tzhD,721295597777003
tz1RfSFe1dxP7wh1zSffEnskgqvVVWKNKZG1,4415778346537071
tz1czGMShkB8ZtCHKHeCPTY3CpuiCrjsGJBy,6825929825706674
tz1UQ6cQZef4MuskJjV9g8pXNZa5s8ff1oQy,12071506277421650
tz1aZsKPTRdkm9vaQhWv9Mz8ZbwxSHmf7t9T,2820879763916342
tz1KyRUKbkuBTK5uaidmF8FbWHYrMjdw6GuP,1461534689565557
tz1dTmMLY7tan1HKfW5e3KxJcfZput6UuTH6,229662540821964
tz1daKxrqyoFUCcuQj36BeMN9C1Ytmjg5p6n,63251330051637975
tz1YZ4VZCRPoiDyGP3U69jCq2S8duDUcRjHP,1414101189838623
tz3VvvqkW6D7bSPej9x3pghjTozTRbaB4Gn2,7617504713501967
tz1Y2QaG5AtmfN7rwBG1coLQKFTTSw55g3Kk,24616673410425
tz2LYELYe16viwVBaRjZc8GsauKRsxTGPvB1,34731005192984900
tz1gXcAJZUYqK8JkkGDPN63cPQGu8LiBndK1,48005197854988718
tz1gN5Ch4VeDZjiM6R1KPMBxPWFxL3HHKZyT,7781396541423797
tz1L5rXu3RqYBjZzjWXLaFANYZcwS5Pb1ZST,1157699746826775
tz1Md6npfDk8cL8rjnPNZU15tHvyCZkcGDuu,3465607494785439
tz2WYko4XXaV4B5mzjguTeRkkgw8LyB2jA2d,6712190521004479
tz1NkFRjmkqqcGkAhqe78fdgemDNKXvL7Bod,205236429809070208
tz1TgtGGP3TDUMnUw4UzRTZHrsmzsSKraau7,18996473837323
tz1QkQLtDkqpw8VSymi13A86jh5iaCeMriMJ,94993301681153887
tz1h6J2pn9X3KMghNHZikrh3PtEpgCcRAjHZ,263368770699417658
tz1VCyNit49HjTmz8SEgeL67x4BLuoTaeYMy,143148965124948892
tz1gACjUSBkWjqWv5ZBMRk6G9Sp8xNAYgwYV,12420323908027500
tz1ieVZFcRity1eybQtgUyGg8NLEYWNqKtQe,2301667985093234
tz1bKUD8UtyPfknyWyMbtTqsfdMuWomrPdSp,4107061799846465
tz1T5GmdYXDWwbhBrU7RubT7Z2dmz3ZmKwCE,59082877116766591
tz1XLpud4YtVgwiAJezLKUsAo9K2s8n2YPqx,8002207165162503
tz1gmajxhmKt22CbcsSA7WWXSATgbuVEmzTC,3521002659734676
tz1cfzEz3R8YKMqC2rbKnr2XtpNjZxH6RGdy,2009717385983257
tz1MNGNi6vfbqGdhikvLBGbcz3FncMpuvU6J,40499879927509
tz1hR9eQYNNTZ4VGUeipK4PHtyyDEDmQ9dSf,43832256336940132
tz1RxeY78zE8hNJbqPypB1mTVyTsBRmPuqry,5822343889802604
tz1UnGY1PRznh3CJzSFaW2V9EZdK36AYneHi,333649087450988500
tz1ecAtwNdrsABBKa7Bvn9ZEq1Ze1EvS9WTW,31445975103744847
tz1SBF19iLiCc8dNpKe1Ym9juSAKaTPyeypF,1133054148699158
tz1X6ADVxP37XjYppBHMLVRJQwmxA2YxztbQ,11098483477962094
tz1T1u1CET7ek19f5P59vCdjTNFWAscYQ5ct,43455936798787606
tz1c6Brwut7ZqXQfkjxDXvyAUL2Mr43p2JZZ,79947522986851
tz1V9qHfFxixcXJKWuEziUqvdrQ7BWpPnWTa,29255339797461851
tz1Lqnwap8kKynTpefqqSH158i667Wdg8HVA,8592126574803995
tz1Kp19QyYUnXuE6cxuXxsfQZbyqv5JtKPku,5995263602715909
tz1cnojsw9qgMbdpgPeCcWPf5GX4YPvd4HAh,146036643150240165
tz1fbJACCskangcgy9xjDSiEYgh7CUmSo9oc,2052929115047375
tz1dKaw4xdNjfufDSLWRxumNBwe2VX4mxXyW,90706529431685250
tz1RJf644pa7QAZqKzrPQGiYQPyubXarC4cv,1584716587527145
tz1PTR7wFs8pTFarkpsZ7zrtVBJhusyNRRM5,5483083148126043
tz1awQgCgLpgnkxRvbnKemRws9uqp6WASwRD,73293647893518
tz1PaJwmmL2nrRt5K6HvwFEc6fUfxNe6Dyp5,3898475534929251
tz1YSwscBZCf26kSPvqsnUdhnS4XQD6mAjcz,41533236158937032
tz1iCiA1vKmgfZbY533ZgMwFKZ14S1DQNooQ,3832164604822937
tz1hNGWJUFPFV7AWLXvxGzJVEfCZ8KJ77PJA,4192220104742585
tz1MqSihmFMUS3qAmWPhdQWhzrhJJSBMaVCB,285523403524008
tz1NPu5aFQ12P3KGhBGgt7G79SAgVj2Skkn1,13185946426058658
tz1Qm3DHkV7V6peZPyWe4rv6aToH3nRmWEH7,716923296332459
tz1KsiwkQ9pyrt4Ra7QrAQp5LQJCGxHQrY1n,10515386217027779
tz1dz7eYRd5uV2DndcPWFeEHYGgw4bJZoCBN,18113400247850710
tz1eKTUc8X17nVmtVRtxBcs3hwUPXWuqP2AS,16917634069754797
tz1hXx6tvTV3kzxpBR6E4hDYcxdgcRGHUTFj,841097833426140
tz1fkZtnjNfQHtEyUpyX9Tqq4RrLKx35qBxf,7428525690968682
tz1chg2T1s4DTjLqthPc49HDcqkFHMwdSPwb,26208853759613715
tz1Uzm53vPr2Giyi32yT9GUvBErKqHPBjvQL,14700427440061471
tz1aR3nrJgUyU5B623U9s1MtMsMjA5Wz5c3G,33135147371027807
tz1YaPLZuVmZaKB69BjJXKUDgNaZrxBR4Lfn,1283234184682432
tz1WNk2o2hJvzjuZRNmZQwjLQuv24wDv1zjU,137318881413089920
tz1br5Mvr9VMEb1sb7HDtxpCxKVbZ5XnDqJi,5793881689786244
tz1PMB2EKqwkD2NDuf9tvdqhEjhBy3pBGQKX,5791579897718520
tz1QmBcwm7RH6swEYNpsZZfAWCCFaW6wugVT,104547667857025049
tz1LxqBcvRbZhp34C2ab62CMy49wFbsQSzD7,1240801805761606
tz1S5RkjdXMREayGWMawArqqpyMqGRjohJJr,10512296200299759
tz1bZ8vsMAXmaWEV7FRnyhcuUs2fYMaQ6Hkk,1772154361023185
tz2Kmi3xEnXk8c7zqWSQqSSyfNpWt6ovG38D,30913929919855663
tz1LgePVXLZYNhHoRQ6KgHfQjQ1uq7JJPZDa,23485976689612588
tz1gk77xzDAG3sif9eFvsqUnzaGh4MrzaCp3,7465866573265361
tz1cWUkZFBZ72Yn9desxcgS9KdH4BVfqd2ZW,24887477670969120
tz1a3LNYNZTNN2SLMjWSUc5jtLWFvZ1kC7BR,57650115164460696
tz1MiKQQw6u5CWaBZHtn7Xmbr6f7fCQZyZKa,120489604555402
tz1SGPStfd9v5upQUxRiHPC9666X4FpVAmK4,169951154988975
tz1iF629Cc91SJkmQRAWAm6nYavf7RgpAqZh,26551645753340282
tz1hJso9uzj2UFHr4rGA2o6s41UK8NLnGpUd,3893250913866235
tz1WHGwmdEr4iruf4v9r6bdHgzC5v8SKYTkV,1684119193847933
tz1Uza3jMhipiQMtmeEidizjbSqnqZMQyRv7,330694876845521
tz1YqsEWdPxBmqVKsJircrwBmCmZDtHAgHzp,38820410829660072
tz1ZLMaECyswARea2bTsBws9eMjgUm4jG8Uj,85731507181228398
tz1hKW9ZbV7U1hb1zPfrE6HG5UWsKt6eppMa,67208061618830875
tz2H21wDMLHDJ4jcJwPr8cmhFatSv276Jama,12630837957075048
tz1NySiq6aHysD6Rpu4bYhFaVe3ASya2qB8D,55229924415542454
tz1Rb321A5bMKjQdczUs7TyJBeXjfCtB4mYd,150755617621597939
tz1USU2xSWb7CBYGJYat2X7An9sr3cFfsLwi,3686187562026371
tz1aoYg1xYeEdnLrAJ7y2r1T3aMBCyms6ppJ,29541116271285877
tz1Z5RUwr1F7BZiHjeHkPSpWBwb1EgwiqXk8,2795230115487981
tz1WxCJ3UpzyWsXmmkE1YjYzbBv6jXYkbFYV,1730645120652204
tz1Y9QxwVevgnxVtG56YS6s53W6MBKVdCPCB,13027462659833887
tz1fq3tMpnnsZ944DVxcJqsVNGsWTPvqJzvo,17784816748854883
tz1PrecMTmNArbdvQxtZLUVUBT8rcC86dKZC,1638312385104778
tz1Ty6Hq9GpzxmMs5Sv1VQ7cP2U4KuSCAN3K,4362231048214536
tz1gV6MqrjtV5MtVaATuemVsXDQZJgiaFiaU,6249821876571843
tz1Q1LWn8wCK77L4xetjbH3Ar7sDaSANezZx,1300744495528939
tz1dugdoeZULYPA9phfkpofrP95rFqhZNXeR,373092550396498
tz1UecmgMghaWovhh9EYfqTrK9gTtaiMtbzs,432522815645356
tz1gGwXf6Ggkv9T4jGmp58jUMU2Gh2vYjDyH,2684758607354913
tz1QjPnpmqAJYSfDtDM7uTf5bkZDNY7eBECd,9240827059920681
tz1aVZZd883FwyEx5g2o3TgQ7pwEYi2f6apg,1600385145141988
tz2MzvuRU1GEKi9udpqzLpGYfDoZTiKZ3C4C,25882508995598029
tz1SEox4m6JwzUjLL2daQMKU7XDrvsEukR7X,5341952177930136
tz1XJqUrY2okTwoJFgHFJKQV98tsn2oC6Twj,2299711987445290
tz1VqXA6L6hPEFjvsgWv7Viw4xQn5GyNszzy,247367510901368552
tz1Wf1Lqz1yHm27P2RQJAVV2CMxnhYK4bBGc,11089881492019002
tz1f6qSGVtbzq9kMbuefmSX62cRJgPUKo54w,56686730974870
tz1iuQgH6htUbmdLALotF4HHbbKxjN7MkGd8,1123911721978736
tz1cTS1WwovU7SC783xgJxZrzr151mcshmNi,21864492626305324
tz1f4Z9FJfgStP7v6Rj7BMJnWJ9Mb1NdAGsS,39557311823081
tz1ersiy3MYVu89DFXvW7Qb8AM6LYptSsoT7,11209222687264739
tz1UFF5DSDDtk3fM1ewaLvVG6fhaAeCdgYEt,1418909651807400
tz1dcpUhXGeXexEXispSpfv7CeufoFnV7AAf,68723783588364393
tz1RKRhkvC7MQgKfPejvNaHGshWUDsyJKZdT,33226155417088743
tz1ibTknNagJCgQPgcbPvJhpSyS5vxgdyFt4,11342474490580992
tz1SHzbhYsbX6Uk51hJC4JkjgWM1gWaSwBqQ,2238820388320341
tz1LGkz6e1mTymuFyHBVFQZsHEtHepCYYgXD,55261257078949248
tz1NW1MMFL3jytxBjhx1qATMJyY47vLBMa4p,90374713611636903
tz1QRm2TJKnarZ9tbL5CNjN4Ltq9pJtytuk7,37737713981406
tz1WJpBDRGfa21un4yQDKTGXZw561nsGg7Qe,1123258123611300
tz1UXAsfFeufr6p2PafNr2oXNrTDSdtwwdgm,898059067720865
tz1dpa4iDvAySDpgrcDCQky5Qk4kzLxHm8gf,8605628807570706
tz1YPUNi7KW28VxZNEu3fNkRkJG55G9p7wsN,742778512472276
tz1YpusrSty7ULz7w9sM814trSRmM1aNbmZd,24894925698220050
tz1cuj9Cgi19KMRi83UuypS89kXM435qdhmy,108947795250502
tz1N5jTEgaMoMWi1i5bU69wRCNrLvLL9iYpY,2183496601818569
tz1htwxBMBFikeP8SnQiEQyA9n1ryDrDFyLK,556936719114074
tz1XTyukKgkqq9P83UkV15np7EtSSEy4kAeY,569814893598998
tz1WMFtCLLeRiayH19ZiaErKq4Zu9p5N73Sr,3421329377983
tz1RFUjzPENm3vF7quaxfELQCfNTCSjAsFdA,5463803152584959
tz1UvkN6NDmGtkBB84svr5MRWsqQxMmM5chq,282060104049089
tz1YjsPAFc2RmuKa784bkeQhdVLzbnRVtB7c,2861747212329272
tz1cLd3gXJ9Fk5c648hRzFvTnGfT97CxcHrj,5360939803238322
tz1Te5JR7gzDBwtZLKPWSPuTGFE4JX21vVur,703249982379016
tz1YDRhXyq5ZHMoHXJX67rHSrUFTqhYjFo86,2804395162585818
tz1NGDuYTuuB1geX1K5b88cqa8JinFLdd3d5,3596326548685174
tz1gqVB5kR6VTTDZc5BU5cdADzxJhot3JoQq,92403677041
tz1XykUaKpskyp7hDEZjmuNTk4gFU58a46KC,312035910303911682
tz1dghYwdzvHc3tYHp8iHpNUSpmAvvs8Zjs8,2105019386711833
tz1RwqsGoUqGfTegy7fnWg5b1ArKevJSudE8,531819960448171
tz1PuipWs33aqS2KSG5k1qQtC6Dff1P1GBmM,100201497706203
tz1ZNxMa8XsMa8JTv776X9iCETcNoo4SY629,689991567802466113
tz1iAAJhH465Cf3BnsKQ744XHypQGY1v7Ps9,1589105790223
tz1a5QW18ULwjJK71LSc7UqNGgryrFouHzf1,26744375918519876
tz1Z1ZX2B98nEAvEnLXJBCnsJ6K1GqaSp9jK,1864967705959497
tz1enT2GWv7U8jyPmmoVb228u8hvi6hJh5FF,185811673786071
tz1RyhUycXcivQ3jzF7ZpFZNcoLcgmXqcrSz,20917230234501661
tz1gVon2mQhvutR49Yd5XK6k4ypwWfFjMZtz,1435954546621
tz2HSz8b961xoDjDLy3aFGogvW4HEqXXdcR6,16729006712753756
tz1eSGjgq2NmLWnaQFQxafXK8ZQF5V7Sz72y,31124764037053587
tz2EP3fw5CbUUgJdx4c3Xono8Gbc8PLXGRM9,87059485274768791
tz1e5b7RDRhmUWsiXur9MhyRBBTpCoNeUuwa,38857793450841
tz1VCogGe8xeRgQCLrVhPbwo6mBSQxAXep65,3126811085608351
tz1LFFspqhK9KRQNvS1ahZ1RcpQ2PNeM8TxA,6199625420797
tz1ZhteLTqobRVCYsPj44oFfom5BJ2SdGxeE,3922020511658948
tz1aRF3qMDrbN95f8dGYTKPaey6J2qQQnk8j,362805881036688063
tz2ALu8Jxf2SMgzSZaZEwfiJQbogpUDPStwz,55671004748076948
tz1gLNb49fErXUiYdreLAAV6twp4v3Lm8V4H,8373900193176104
tz1fCHiWZ3ReGqvhxkMejVzcnXYz1rnsJpow,177871090099009
tz1Mdpj1npkpaxPHF2wFN6oX8SovVPfHyXSy,537950917757112
tz1PXJVTDRHBcjJGpD4h6PzDovisMJuc8zVc,20707169342555081
tz1L1i5BVehYJBebCGvPYU9kZYGKBELGUJGH,24288250586384192
tz1TR56EbNTEEDeRrsPzQzoyvwFgZT25q3JR,1770744992165354
tz1XbQgDFCaT228TPS2YUeHHfpVqGW7ANCDw,105166434350399344
tz1cJPtF6fU9DQFVhTifFCPxDNjKiCm5TKHB,1601905356624481
tz1S1Aew75hMrPUymqenKfHo8FspppXKpW7h,264881962019582
tz1ip7fCgktJzFWxnoDdNBjpF4ZCWw9qfScc,224684115522420867
tz1Wb4LakUUYuFuuEgXXQrNZuBD49Trodhwx,1965356458049346
tz1WzQh4yDUuTpZBDdRwMrnkV9bs1upnSANF,5021725429726
tz1RAfKUFBX6P2jFkCpzLFntju7djjbtKAKr,75473519071233951
tz1MiQ6euA3EEdnZxJ6EPwVsHzd6vQ7AHJmU,3708398500344715
tz1UFwr89hcJvC4sNCYK7zSLcaD4JW2KkNYD,20448440481772798
tz1Rm5QmNUnQetDKSVW8srM29hjPRiQCgqJx,29375273330730
tz1TiJBTfVoXxregtdgCs1rYd55APXSAmniz,4152503396768485
tz1UNdZnQnfmxaG5Uh2v5TsoYFPox7pyQkZ4,22729433294538
tz1ZPSGxrrPPfrmoGJgpXDArNJfNNy3qGvE4,1670806824008484
tz1ZU7vwEU4aoKard1acgnpGi8fFc4VkKzbP,269187131337648
tz1iQ5n52oSKgdtdYtqEJgKmQYbL1nn2poB8,44903177004697575
tz1gueZ7eL2KnvxqWudHjoTH3ZPiUCmwNKR6,5527969527009760
tz1QxepCwQ45EwtcxkgXZezHbnidvK7hUywy,29928718795704979
tz1TVZgy4rejPUkEF3bsxLGNCp6H4gz4PaGf,858906730631009
tz1WT27PugwGBtre1hsj6BHmbAK2qQsVbRDo,4647487039918935
tz1fL2TsQR271w84MXx3qFD7y4PZ1F2mpHFA,12682146647940600
tz1KhU89QWZuuhhnDD1paFp1jYMdpJLh55im,10506454121820327
tz1QQyhTMAmNQPcSGkM7GfDva8hmuFPAxUMB,37014852709212183
tz1htnC2n5n27PFD41q5X8bDvDcjbGMUS3f5,112637369123636079
tz1PoickddNEkRN6qp4K41u4KUW43vZ1UDvF,60128546350645886
tz1b9qYttBxHzoEseqabgvQiCxafZzkAtH9G,16736421759574045
tz1MQotPcNdc9R3nWCTwXLMDqKLS46WqW7Wx,16835037258221261
tz1a89Pvs553YqhJdCfDdQrRuQeykHMvVSRX,387718525968280
tz1favSqpvTLtedjTm1UjuEmKfgm4o9kyLd1,10065701581677496
tz1XYuybht7U1RVsUip7H7S31fBDxpUgpTXP,2712638206369
tz1WHUWCMqVqq5AagGN5DrytqWz88tYgedUr,202972542055845
tz1YJvMiZyXnzvV9pxtAiuCFvaG7XoBZhbUQ,9404641783790498
tz1TmSForCvNii8rmwL6q2jgicQfqjNFtj8K,18939385005578503
tz1RSYHrs9rpGHn2CcgKGGUQL4RvMqXxtLdA,4121145208612860
tz1Su8UYhcLvUPYABx7kYsWRVibZdiZPnmh3,334558412831899646
tz1eoqCSmqPQtTLs53Rj6gBB14eQh2aHWVxu,4253098170533821
tz1XhZUHsJAFp4FHoeeQQ7auVBk5j6xoUKbS,512649064422494
tz1Pwh2MBs6q2SeLHiko3iJpfMwsDV46bqQU,95918680670986514
tz1ZWbokP5pGwT3tTtLPP2KhXX5ssg1EtDPs,140360555701156
tz1hLWsybqnJtQRFp8skYy5aZLGNmL9bMUpa,9560574497632937
tz1PuYitvGfsBm7C3oYAXqNc3t5wNhWZj5Dh,9082563163246274
tz1NsE7vEgP3M9bDdkNGF4rCaTUENp5h56ZU,54371034740774
tz1eRrQnioaBfZkWnXxYth5ZHYJqr48E854Q,22243262995121649
tz1dbCAvra65bwTVk5mgkYUHUGz3hoKwovZ8,4262777107854763
tz1T5NfkdPfhkXzYx8akPkdznxSgU1Uf5jEG,7658115614282953
tz1PYqfNnkpZydtSY2Tn3Rv8mjkgUpHJpFXC,21276318933735100
tz1WidyAU8wuyG25Pd7b93bcx9hMu7W9Pea8,20486208041580546
tz1VRQHQLw8Yq8tjxYLuybyHfhdqZpj3yXMw,6496954694739
tz2CCSPbBJLu3mrEWzP4RJn9jNMz6JDboRCJ,29964508747798
tz2Mz3ovkZR2HyC89CHHSdsrPya1mKSmLWfD,1473756352246368
tz1ae2d1BJt7YUqaaec6Xenh3mBqS7VjSZtK,1991425621263172
tz1MA5sPsCo8ySkTpMbyAEbKf5v4WwBr6XLg,3897479762929136
tz1g1vr7gbU7kwxVqmbmnovTGtdeRxFE6uBk,3496733568349603
tz1L1XwcVmD2z4qPfLtBJ6RPThgAwLcXG6kW,221901889829380
tz1VeyZaPimHfrJFy8WwsCYzxHR3VmGTMpgK,2162776561766126
tz1epFVHmqeWvvkFf2eskwhQ1AY3JwWd7Ej6,4344199489760278
tz1QRcnskFh7eaV7QdEnjoYdDfrDqHgmmrvF,11281241956488679
tz1XybkRZWjLx3hwcy1hQ7PT6FWEhpHm1FBv,155729505249118
tz1XcuwadWbLKkc4mDVxRo25dbtwfEa7wf2c,7768373969646519
tz1MkNbJTzf6uADvfSJKJvArvRoVvjk3tZz4,1532948145763386
tz1hvRvzke27MGtp8CsSvsafxyyMWSVYM1ut,713261385883396
tz1a7MJ4HMNbWDhKZAqrvzX5P6u2E2mJyJiV,14992702675399671
tz1citPWufjty33AZ9KwZDztqrTzdNjfQU7P,87567431705188941
tz1WntXgznbivRjyhE7Y5jEzoebAhMPB2iJa,6352360267115217
tz1b58mxvQAc98hbXjcrgjf5xnSwYXzi5gX6,5078683622588726
tz1WeLuPLjUs53Yr1RCgq4EQ4d5SvV651Tqt,512816761661114832
tz1Wo716Gggp5HfupfxtPgmYu23rDQNcLcD8,13821899042640556
tz1imyQrFWHyTp4avUNAw52RxdFjU3HPviRN,1375636448330372
tz1isKR8pS4pdgU934K1S4UpLsF56ECJNArh,4997418268951168
tz1ZVoeS9T3H451BgjTe18pM1q1LPd2cgB6Z,220215445827056
tz1Kx4ydaiJHThd2nTgXR25JPTZtKyLG9KC1,2604933151476510
tz1eL4fYCgegW8tLCbQ1mYiKY3TdDxWnnKo8,6644267780067433
tz1Rhg2UDkjgLhemdSMtiGVGRmzwVLVaHArD,1148115031707085
tz1dPHDXSCFo8PienbvDMyCKr5DXjPMrZkJ1,6043919871613203
tz1a7by2HMBv9QA8WT3t5fhu3E4XPofzcukg,944382058500356
tz1eFe7ufhpTuqh3LHB7zYLuFgB1rFCPXnzN,3105078125814185
tz1fkkxXSMtSQew8F78XdsnaC26AfsXtsGiY,1424854608027006
tz1ZuiTWKXKqYfzFPaSaAG3Huf9QM1AdZ1pJ,3224225437573278
tz1RsCndtupuxe2U3syGAdcRBzpNqJZ9ANNc,108051870656734407
tz1MrZQhiNiHK14oEq595DLsVQ9wC4Nv2ZXW,2418900739171474
tz1LJQ6MPnjGekNAmhFmkm8XWtM6UGx4MyF4,24560210679298171
tz1cGtKd7EeDGW1v3d6B5tuiy81LfzMp1FfU,1290918402604321
tz1hmxzW7MuU8HeRoCFPGZJnavGf5unqgaph,14666575164629984
tz1Z6QqrAbEAMDLsis3v6b956sfH6qLTSEex,1387570921036385
tz1NnBgY2ze24nQDpdY72wb1GVsee1UfAT3d,530182138129977
tz1dAW94vB3yYfNPE4LM2txBT8PQ21Zq4Xzf,562169383880528
tz1eeR22tmjPN3rGDikEMvpe8jcdXww3dqTt,3951441727448281
tz1MsfyCeQEt7khed67HHsAidezZ1Th6mjzB,1369747492593549
tz1WBMWCwjuFSsiiLUWKEQHEACNEat2S3EsD,13123915905268883
tz2SuPjN8dYMJQe548bTvSPL1fdStZPXv7gT,207822045694689510
tz1N33TtiYBQ67sw32rhCsMSVpZkrSHWe9aq,61332071773201293
tz1QMjzbw5Yoi2zPqUeg2yuv5GZdmXjhh9mr,3875355185089493
tz1ZutSZgCHEzxspXyoSYSREhwHh5g4PM8hN,3757774550407171
tz1dDw2YD657qFqQq5tCtbkLxrgnEAECm2Fj,5764338957567614
tz1NrRkB19Su8iBGVTz1cXbG3oCw29GSmasw,6146156313468176
tz1NJS9T6FKTnKUkVNv2g44GHTAhzH77qiYw,7819196257313750
tz1URL5HNuTa1fHqqCtUKXUM3hm6g9c88NgF,12151942888858
tz1YPBTsfVCgRSzri3cUfNzBRbQ84G5RQ6DF,14298885345356626
tz1VLGEhMhsb2HDhUaa2oeHQ8qM7Y7s72d3s,32508277799823151
tz2M9C5x1KoZGoQ9xEY6fQ6Xwbe2GU1RTzRx,2642894500256114
tz1RCQDHtpdcwfgF1Kbbyusd6xhfjbXanhZ5,5021724208213464
tz1c8JTzmA6c7cm6ZmUwR7WES6akdiMa1kwt,5925843149461676
tz1XRTNgXgWmR4PqxZpiB6HZJ8Siz3M2JAim,1772429621877633
tz1LxL9L2SmaFYw7XhyATaRAiLWCgxKmycBC,17190150908555970
tz1imbraxLCQ9TUpnJVP31LS18hpTqG5wv1k,4155251919783958
tz1iDuz9LvybPBC4kDc7ceBoKVDwwzJR7zKb,113283518420050132
tz1eJiCVNV3YVn2im3wzJZQLj4TdFJ5KabzE,7493183497714053
tz2HYjnnRbzPpUGMUYGKVXDnsfSKKqH3aCVT,49628835824265066
tz1eiyML8sHGBL139FwJQJeLGHWAFtDqPz4U,364405772911592
tz1YQDCB6Hbn2ozMyS2kf6WPJDeRvJtmtNqQ,1573617210312191
tz1eeNRXYK56vgSfXHFcXorubcaBBCVpUY1Y,102076405231064
tz1TQw8erN1a2LpfRSNMExicRXMveBPbvTKE,2025117088775
tz1gaRjULm9qy4D83VCvb4ABWLKpz4XXfqjx,1736685606447536
tz1hAZNx3LrRKFgfRytoLNVGhCrzU1uVDUHS,5722172455329402
tz2HGysnSAQAetSyFYCa7SoH6XXVwbVqMHnM,7822975311158672
tz1W28xB2eAvRGCXmVduC63Gx6gGDp87zqbB,15187694482992689
tz1gJaXdi7Gweq8TUSy9knB2wLjioTKy2tZF,16452776363202626
tz1PoXtd7RGVBwWmmZvxX18NQXYpbNdiwwtE,9788384570378030
tz1RLCvv7wrWq4hTmyKk1zZuZeuUXNViSgRD,47826636876682873
tz1fXXFNod2gQDT2Vf9ibBortMmsKKorUv7Q,507663797202899
tz1QFk2DJhPkzp2nCN7Thpo4askJjQ3Zw6BU,4081672074668410
tz1bRDYJHp3ACUojEeM6Ja442YEwNmcb7ph9,2948641415815833
tz1MDs7ym4sp2FsQhL32vuAnEqG3ARhM9Vi4,1160311730134399
tz1Xy5UM1tC3CFcbPBVq5PjufaxcLjMwfQkE,100080739221017
tz1RAKBnmd1X43pkkGqywYCRgf1Uo6D77zMx,99914767618935
tz1ezWyS2cFiqrNyiSVz5VKEKnmDN9Ah1zSR,8084914762769432
tz1KgzP46kFAohMo8NHXkFU7STZDkAv8LVYq,747385491312183
tz1cXwKRD6AMy5nhqEVUU23SBxcAMnh2aKLn,1100293880580818
tz1WNQE7B2s8woZp1d5U4SeRKHmssN7TvsDi,4358310315635208
tz1imrUNR1R52GxhP4y6XQCDDXtQs11GarTN,71149717197020
tz1c19XDWSTDVAZJXdxdGAPuGpoemUnGtXYb,1525298544304
tz1chab75LnyqBqNwrK11459SGCFQXLg9uyx,138216542353927
tz1USfPTFciXzVsQL7Rk8HmMWyWtFEas7fh3,3469742987818537
tz1btYY98CWBVCGEikD7s1buWjpicb9kG8aH,70093104060795
tz1fj962xSPKTA57yWHA43VeVzo8KqdpNAeF,166797683230434
tz1ioU6W4otB7ebgRZTq1EVVra3vMyXqeqsm,874816578598205
tz1N8oU57qMgDRr6N9pSbhaiWRRQSxJRPGoZ,155513090786646
tz1fCEeLBcuSMSittqTnMEhcFdPCtD1HsiZc,339387186864742
tz1WsKkY3TLDvqTuK97Xu4zuVoTb2nsr7J8S,578660361345059
tz1dAekzaZ2VrjvuNxoaTZ4dY9XjgrjBvBro,5198827311644295
tz2DsS3zeg4pqoUnRPHxvuRSuQrjDnTZcTNJ,28482924631206
tz1gSGxwMrToBdzLeaxg4Bregv6W2oEbNLC8,27680453645475088
tz1dWwKG6Z9unqwonQUWV65gkz2YhABiwF1R,3765449819963294
tz1X8AQxtn4KzBwMZ6MZUVFDcACrfnyfYhDg,1244072825387
tz1KxARuCbAoiGGesnQjr2pvZa7CzJR7V9D7,2089562192021238
tz1LGVwoTMUhi76Jc8TeaNUQhanfeLLNF4xm,1639503652662544
tz1QS7N8HnRBG2RNh3Kjty58XFXuLFVdnKGY,169204897375053121
tz1RAP1j8SjwT587jyccTNArBFhC9HhGKfHq,360587401738821
tz1QiZCuJMuVz3aq7j1Bq2v3BRTQPCdTw3Fb,5484055067196854
tz1L8hBVpams2fWFC9kS1sPVxfGY6Hmg5TQ8,779444677937330
tz1TQSPkLPqXUREhxvYzPbAib6Jz35w2a6tw,1587886488899823
tz1XD1xSVzgY8Qs1id1kNyFJDbv9e9pNMe2c,1356931843090932
tz1Tk1MJDZ96bK85RLAqtKfnptZZyXsJ2jaq,3545869648547576
tz1avT6pCusXgxhnffuJzk49Vq5QppLVegHB,1215868706917124
tz1RKg4C5yKTzm28Qj9gKmfUozCDrctDpx4G,1618988786247328
tz1Kw5M75chWdw3HUBMg2bsp164TrVXRsGJR,1136097366985880
tz1XAFvpynqgRBizrYs12fBt563NSHm9FWve,944575187134984
tz1hes6aF3Px3D8nPQx27fdwBKrXmGs1UYxT,1345601206296089
tz1c1BG1PEeuhMFwmonTVSGafehicqbBJFec,224035675118599
tz1UZ78ecNwH3T583wmY6nUrjpyrXP7do4hL,1427033055991052
tz1bF5LgAwDooVGC1cT6eSnsvmPt7WaByJD5,424765007479010
tz1e826sMLNdz1CQLzthLDBJCFsinxqGDzv2,924013468872227
tz1WtkHVMtif3DXVCZ9pUCqWcBsmqgFjgdkk,115976969884345
tz1ivMszr6h94yTACLXjJzK3tuvRoDHqfpwN,102640030388110
tz1THwbFPPPBHmBu4cmLV2SppLFrA5QfBhyF,876472592083649
tz1U1aA8tyN6QByoYLhSvNu3krJPLYqnkRVa,1249932233236978
tz1QSwx2wnmrTjEGrid79c4tpFMxjCT86SAy,2056500446912513
tz1RcJYTsoYQ7adtNMANhwd8qf4zApM4i2Yd,1050455609973814
tz1cvrgSekgCqgyc1c2qFPSeMtux6AAAfDsk,23724970746297
tz1a1ZcbAeBEjxYSwuNKxSu6FbFB4dxdL3m9,29288372742776
tz1NZnfrNgCGdECyAhA93TLPTSciJcZBJqDY,1550821780426222
tz1UGuKv6PzgVbofb42VgeRwDwsVN47UpuZB,3826988478272991
tz1eCzNtidHvVgeRzQ38C81FPcYnxMsCEL6Z,22404747247067453
tz1N3nvFqipu91tfU9s4GXGsopawpwxSoAJh,182907431005853
tz1LFeLTRQZrgKxbmvjz2ckViRhVw9BZXw7t,43337399051176070
tz1XuzzMTz1LhqbRPy9uxfRkccSxju3v8Y4j,2001177826980010
tz1MoiwNRQWHfA71aypNk8J9CsKjfmq39c2F,7705670174420117
tz1hhphPmGxL6HEmEjoVSJBy82FMWbFwzNCD,41069579958887
tz1YHLm7Lq27q3rgVXLY424zQMkvncVvNiaK,211143946423900
tz1fKtBhuuZiMYhM3Pi1hcP2sjRbstgDrmqX,60886459059197
tz1aoz4qrvkwo1ezDQaNCFZb5kg5tAvC25xR,427834859732466
tz1XEA7cp83PyiXfSxWu3uHjA3EF6Gdh3Vhq,188056242700250
tz1UXMLCt7dqbUiJ2BHRhE1gFkdVkmCZYcM9,58930415047970
tz1iKF8o1hCLaTNZcCJpgKQBQxkpcSiBy5V6,2214080151439902
tz1c2iwyckUCcicx2qxqtwLEartYFEHg1pvB,996373630985631
tz1YQs3qHgQGGQm14vX8vMDWwzY1DFXHCzJB,1025562939515452
tz1PQDUDph7dDCn8pLGXqaR79DiUWLiSZdEf,5271713118038735
tz1XYkHggnKNoYbm965gwKattMWK6bomgVSX,767235960356550
tz1fUZ5pMP1gUjuJsp5V631cXmA87Kxm3cuZ,6084813023755005
tz1KiUXfWuF65Ck5zY4otx8t5pHToY8stYhj,148558559092925
tz1YQXd4LjZfDaKRvSTwBEwgggREFfX95JUc,526341733411346
tz1hM6Pz2e5vJbd1YYkYHcj5RL7tXhcn59Xr,2452442211675505
tz1NVsmLrZX4jad9bNdvM1EskvcTq2LSZhLx,3061314917014741
tz1cBNfPUb3Gi6oezs6fpXtki8EzSwjnoNGS,4896313829856000
tz1h1ybLPkwDH85opBrU6hge8wSsRQBnAghf,47114433385705253
tz1PKoh9LB2P3pgh5ahaAFnrC2QBmUxcHDJU,364329184828712
tz1cqoo91JCc6sKmNuTVKNzwUdi6E6moHWFb,1478965406869162
tz2HdbFWnzRZ7B9fM2xZCYdZv8rM5frGKDCo,1108100505507368
tz1ZGNErBKdYeEPjZuqKXhyTixQTTPn54bx3,216931415186941
tz1iUyniY5PPWrzE53cs6jBwNKUun4btzMcW,9249500189495573
tz1gi68wGST7UtzkNpnnc354mpqCcVNQVcSw,906241645983854
tz1XoiGxnmjnkaKcNyG4rrHNNEoh1u5VidxY,2142436445349038
tz1QVUXNoyCfKpAyxDpq8kR3rK2AShuzQxJ5,3513893226247099
tz2HZ2yRFd9F3uLcKnLukEXhuUz3HqhZf8mA,22853954386640717
tz1UVTMhbMiSETKCxFi413yZ7imF1xeyt3fV,998631624191900
tz1XisBzUGgCmvC7pNS6hxvQ5hMvXUTd1p7D,2488037176518684
tz1S5TbsJCWmCyRh3ghJ2rWwQHHbcvoh1uYV,9665119484365963
tz1UAYfFWmaTrQTYMptaGCw6LrXK5Yv84VnQ,4478843483436415
tz1XgakycyAAuhtzXcbb3Eh57ZQ8cBBHT8YG,492220927503056
tz1hLhGe26gqt78sZboxiwne6zgKMqirRieW,1169755659993231
tz1YfiydbiaKMGPuavawX4rQtXdn9wgpdDKS,479645404794513
tz1RYTr2WKdJD1MMV51kN9AoxPnxZJgJ5sqU,48186464721543
tz1R6mtcAQwBTK9YpSqRL9y2a6JZWgDkBm6M,4771623820516042
tz1Sv2XMQNxcAqyqyyv42FHjf3EGwJ3Godj1,4818341190866336
tz1NCsGajb5YgZdhdviKrfisN3VteMasnzQi,233694221453718
tz1Vh4cX8VutUUUnnjmnY2omSV4F26T5orLH,5048789052376547
tz1hgSYGDwHFqC5AwW3P7vYfXfdwwsx4ALAN,1887749025378
tz1QGCWjNpYmcS6T9qFGYSam25e36WeFUCK4,425448543017635
tz1URdfSGhAfbtpEkjWBmpTt3pyLmxdHdPYy,125791568780682
tz1LApX9pPhcDUDznHR5TTCcSXh3m6zPgFHA,186691090499695
tz1hUY7paB2J5EhD73r4oWL6uZubf1UibHrk,549295056499865
tz1MgDFQvyV8Vfc48HgeqMbCD2Po7nhoWDeL,9056035378813
tz1PWZTKd1zhfuxrixGJoHJ6G17SQiypwe5m,3191571052848
tz1V1Hu7nMcgVuMKDEZickAKHHZavLKTB7Vh,1171633183794
tz1NKHjwrYfg7GWwbWZ3bvdejkVL34De72Pz,1749631468812
tz1RaZeHEiKewSd14gZ7HKfcQ3HaNHJ5tnV6,3645712257872323
tz1aiLrqvULcV2Kfvzt9dUmqnLQnoNXPPek8,341249000738603
tz1M2h2hPZzov29kf7xcHXrunXb2jFSbfiNd,171705358807111
tz1MToDUySbYhPabULUyDPPsfDQF1cpZPdoH,15723565737271
