Address,Amount
tz1NRbpmTuPEFCCYCqCr7i3hkMRDRhBFgmxz,459277271557662
tz1SBxNvpDFC4bjW23CtQfVLqN5cBATVf68B,1804297790993423
tz1Rgo7URug42QnhBM6eLy4MWdfwn4RovHy6,307605087343220756
tz1V3fPD3AKPNwZf42PKGzFaWU3vZ83Gjvfq,64591908561374
tz1YTQ3Lys25j8FhZQY61eoYErYUteSao3ez,970204899514045
tz1R3bKH1seset2h49p4vrZJCEL8voJgSK2G,17978988606425
tz1bdRJkGkNQ7homh4PTnkVM7xzVWhuC4EMm,49862198283969121
tz1Z2Ne4ZHxNPuCJeCcoykHVXTqhVdLMD9gV,92252542451005118
tz1Qji1NnEPj4Cxa9s2WEoWi9U9KM6a9gdDL,15639686071908161
tz1cmanHzitf3UgWgECzLpGUKpzEfmGZaFsw,7771611697300274
tz1RartAmPJhFsL9oAhZndSL2G7KCsaQqqkf,399876817904195616
tz1YrfZhjFnhgERznXtYee6c29n3PBeam8A9,914375150348
tz1MyqKoe43P4Z8MfHoXVBTrohgcbehp2zLL,25268993545006439
tz1SRcMg9GRXi7paNeAc3ARn23mS3Z5dXa6S,890226836481670
tz1YjtCLzjw3bqPxJh6MqdVBFrM2zrsA9kyg,452302113785969
tz1hD7VdzRpWG3nmYpCyW2gNc8mQNs3TCgxu,4457523777960147
tz1f38MX7YT2Q7MAq3mDdj75GTN7vgqV2TfH,54937371446259
tz1aBDeNFooBEmBXnWDVgLknNMUHMYhHVcRA,73050870440609353
tz1hD5k7QW9ChHCgb2YLthKFirKDYQiNPDJz,2547324697931862
tz1cjTb6ijvnPrJBfaTEFphxDovW9xQbkmDK,1000735714481
tz1ZL7ekzieKxwngCCyjsCN5qhu1ohwJQEBy,5961093911645509
tz1enbGpES1NDr2kTaocDhxvMqtpMy4ruhW6,2375794089301564
tz1ehGMhxarDhwppx14PX1Y3eqbZ5W9Bc2Y1,590731667341427
tz1ed4brTwpFg8hFUJSJ4HqnsC7sEjVesMtb,16605639468465338
tz1QJE62jTxHis7kZkbDT2zsYZyauNDNzWg7,7388326479129323
tz1gWt7kUnJtGXoT5BYzHVa89qGp6QVvQmyp,11907522519161444
tz1epR6pJmPaJ8vvzNi6V1T51ccocX1Y4VBb,302163774079253
tz1W19DveaP3mW4WvFtdVdqGsWwBL5q1QDSK,5455226042737706
tz1esdEqZC5Nz3HDFseHvpH6SmQJPocxLzA2,3042597751892357
tz1ULQQ3S4kFLhhpPsegiMVFmXx2G6ewmbTA,17071793572671750
tz2Lqs8WFf2HDG1RoxG3EAtuHjDS27XQANWT,974736166005
tz1LRrXCmELevk5znmVcYD63TChSpYh3vaE6,267054571917213
tz1S8GvdiWQghwPMMzbNvRh66rcfmhEA6vj2,63546195230267066
tz1N9qzry2ko1gwTK6HKWamZZK6FGx3Vr89U,657372541987194
tz1M5swezYMnDaim71PSeb2cPFk49ajrvDV6,1680065134463724
tz1QQ4HyGbCZDmQxeVHoLP99KLyfvGvyX21i,80617186413227818
tz1WKygtstVY96oyc6Rmk945dMf33LeihgWT,21700566587072038
tz1Rux3pGrp2KpZUBKvg3VQ4edRYVJsapr4z,46029434164275224
tz1LWMmDzH79xyu6JvELrnvWLBBVjZg7TnfN,43901698380379868
tz1esBaTjr9qFQ7FhrDQF7N7bTpNSVTkGbMU,2005797758186178
tz1RfSFe1dxP7wh1zSffEnskgqvVVWKNKZG1,145835043031761
tz1czGMShkB8ZtCHKHeCPTY3CpuiCrjsGJBy,1546889254
tz1UQ6cQZef4MuskJjV9g8pXNZa5s8ff1oQy,5293918964644154
tz1dTmMLY7tan1HKfW5e3KxJcfZput6UuTH6,238138347107629
tz1daKxrqyoFUCcuQj36BeMN9C1Ytmjg5p6n,4739410866920861
tz1YZ4VZCRPoiDyGP3U69jCq2S8duDUcRjHP,610597253002323
tz2LYELYe16viwVBaRjZc8GsauKRsxTGPvB1,1277483790684321
tz1gN5Ch4VeDZjiM6R1KPMBxPWFxL3HHKZyT,145261151831741
tz2WYko4XXaV4B5mzjguTeRkkgw8LyB2jA2d,1981715180590744
tz1NkFRjmkqqcGkAhqe78fdgemDNKXvL7Bod,6311883214377831
tz1QkQLtDkqpw8VSymi13A86jh5iaCeMriMJ,48678143568900873
tz1h6J2pn9X3KMghNHZikrh3PtEpgCcRAjHZ,19413798272196
tz1VCyNit49HjTmz8SEgeL67x4BLuoTaeYMy,63181770795796460
tz1gACjUSBkWjqWv5ZBMRk6G9Sp8xNAYgwYV,8826341592970078
tz1ieVZFcRity1eybQtgUyGg8NLEYWNqKtQe,1513851918370671
tz1T5GmdYXDWwbhBrU7RubT7Z2dmz3ZmKwCE,29328020803109605
tz1gmajxhmKt22CbcsSA7WWXSATgbuVEmzTC,153199874034895
tz1cfzEz3R8YKMqC2rbKnr2XtpNjZxH6RGdy,887295405336601
tz1hR9eQYNNTZ4VGUeipK4PHtyyDEDmQ9dSf,19368396434671085
tz1RxeY78zE8hNJbqPypB1mTVyTsBRmPuqry,2573289941664029
tz1SBF19iLiCc8dNpKe1Ym9juSAKaTPyeypF,13855297450373
tz1X6ADVxP37XjYppBHMLVRJQwmxA2YxztbQ,252186925105109
tz1T1u1CET7ek19f5P59vCdjTNFWAscYQ5ct,19221654380298624
tz1V9qHfFxixcXJKWuEziUqvdrQ7BWpPnWTa,12942961887822005
tz1Lqnwap8kKynTpefqqSH158i667Wdg8HVA,3802791645829043
tz1Kp19QyYUnXuE6cxuXxsfQZbyqv5JtKPku,60083914016137
tz1cnojsw9qgMbdpgPeCcWPf5GX4YPvd4HAh,64653705133959297
tz1fbJACCskangcgy9xjDSiEYgh7CUmSo9oc,163330594082527
tz1dKaw4xdNjfufDSLWRxumNBwe2VX4mxXyW,42327841839872561
tz1RJf644pa7QAZqKzrPQGiYQPyubXarC4cv,2173619080564
tz1iCiA1vKmgfZbY533ZgMwFKZ14S1DQNooQ,674564258022729
tz1hNGWJUFPFV7AWLXvxGzJVEfCZ8KJ77PJA,1860740523424275
tz1NPu5aFQ12P3KGhBGgt7G79SAgVj2Skkn1,5650286152759731
tz1Qm3DHkV7V6peZPyWe4rv6aToH3nRmWEH7,774807289582032
tz1KsiwkQ9pyrt4Ra7QrAQp5LQJCGxHQrY1n,3671851763537161
tz1eKTUc8X17nVmtVRtxBcs3hwUPXWuqP2AS,34240610953415057
tz1hXx6tvTV3kzxpBR6E4hDYcxdgcRGHUTFj,59396415
tz1fkZtnjNfQHtEyUpyX9Tqq4RrLKx35qBxf,3301437150419650
tz1chg2T1s4DTjLqthPc49HDcqkFHMwdSPwb,10396351974101096
tz1Uzm53vPr2Giyi32yT9GUvBErKqHPBjvQL,2811729386615496
tz1aR3nrJgUyU5B623U9s1MtMsMjA5Wz5c3G,19827168258227936
tz1YaPLZuVmZaKB69BjJXKUDgNaZrxBR4Lfn,552517501129999
tz1WNk2o2hJvzjuZRNmZQwjLQuv24wDv1zjU,56011280838685015
tz1QmBcwm7RH6swEYNpsZZfAWCCFaW6wugVT,46617577608885992
tz1LxqBcvRbZhp34C2ab62CMy49wFbsQSzD7,846508443001923
tz1S5RkjdXMREayGWMawArqqpyMqGRjohJJr,2042081543991916
tz1bZ8vsMAXmaWEV7FRnyhcuUs2fYMaQ6Hkk,1070832454475
tz2Kmi3xEnXk8c7zqWSQqSSyfNpWt6ovG38D,12344265261259243
tz1LgePVXLZYNhHoRQ6KgHfQjQ1uq7JJPZDa,735143066295767
tz1gk77xzDAG3sif9eFvsqUnzaGh4MrzaCp3,1580584547678624
tz1cWUkZFBZ72Yn9desxcgS9KdH4BVfqd2ZW,11112601982707711
tz1a3LNYNZTNN2SLMjWSUc5jtLWFvZ1kC7BR,29364415006984601
tz1SGPStfd9v5upQUxRiHPC9666X4FpVAmK4,23243155078431
tz1iF629Cc91SJkmQRAWAm6nYavf7RgpAqZh,9118925166530069
tz1WHGwmdEr4iruf4v9r6bdHgzC5v8SKYTkV,1230712236683889
tz1YqsEWdPxBmqVKsJircrwBmCmZDtHAgHzp,100589596791798073
tz1ZLMaECyswARea2bTsBws9eMjgUm4jG8Uj,38373443006413010
tz1NySiq6aHysD6Rpu4bYhFaVe3ASya2qB8D,2582452845904698
tz1Rb321A5bMKjQdczUs7TyJBeXjfCtB4mYd,23221640596828252
tz1USU2xSWb7CBYGJYat2X7An9sr3cFfsLwi,1652413652064952
tz1aoYg1xYeEdnLrAJ7y2r1T3aMBCyms6ppJ,15731153318765748
tz1WxCJ3UpzyWsXmmkE1YjYzbBv6jXYkbFYV,1729765597532295
tz1fq3tMpnnsZ944DVxcJqsVNGsWTPvqJzvo,810799021071691
tz1PrecMTmNArbdvQxtZLUVUBT8rcC86dKZC,19997149477327
tz1Q1LWn8wCK77L4xetjbH3Ar7sDaSANezZx,210118132936192
tz1dugdoeZULYPA9phfkpofrP95rFqhZNXeR,3810241314697
tz1UecmgMghaWovhh9EYfqTrK9gTtaiMtbzs,46172720496500
tz1gGwXf6Ggkv9T4jGmp58jUMU2Gh2vYjDyH,1213994495765169
tz1QjPnpmqAJYSfDtDM7uTf5bkZDNY7eBECd,4191306057820592
tz1aVZZd883FwyEx5g2o3TgQ7pwEYi2f6apg,27702905547919
tz2MzvuRU1GEKi9udpqzLpGYfDoZTiKZ3C4C,814322096436532
tz1SEox4m6JwzUjLL2daQMKU7XDrvsEukR7X,25623096860770
tz1XJqUrY2okTwoJFgHFJKQV98tsn2oC6Twj,1164450504624791
tz1VqXA6L6hPEFjvsgWv7Viw4xQn5GyNszzy,112708624306499681
tz1Wf1Lqz1yHm27P2RQJAVV2CMxnhYK4bBGc,2586146544078060
tz1cTS1WwovU7SC783xgJxZrzr151mcshmNi,4912171198581108
tz1f4Z9FJfgStP7v6Rj7BMJnWJ9Mb1NdAGsS,1291226422
tz1ersiy3MYVu89DFXvW7Qb8AM6LYptSsoT7,5101710263543864
tz1UFF5DSDDtk3fM1ewaLvVG6fhaAeCdgYEt,159201718386939
tz1dcpUhXGeXexEXispSpfv7CeufoFnV7AAf,31312902719782616
tz1RKRhkvC7MQgKfPejvNaHGshWUDsyJKZdT,18515476942365195
tz1ibTknNagJCgQPgcbPvJhpSyS5vxgdyFt4,831670505681
tz1SHzbhYsbX6Uk51hJC4JkjgWM1gWaSwBqQ,1027288123645535
tz1NW1MMFL3jytxBjhx1qATMJyY47vLBMa4p,150638501890653
tz1QRm2TJKnarZ9tbL5CNjN4Ltq9pJtytuk7,4060374934531
tz1WJpBDRGfa21un4yQDKTGXZw561nsGg7Qe,28489617213567
tz1UXAsfFeufr6p2PafNr2oXNrTDSdtwwdgm,415155666987642
tz1YPUNi7KW28VxZNEu3fNkRkJG55G9p7wsN,266675111007176
tz1YpusrSty7ULz7w9sM814trSRmM1aNbmZd,20874387532809135
tz1cuj9Cgi19KMRi83UuypS89kXM435qdhmy,50390025934771
tz1htwxBMBFikeP8SnQiEQyA9n1ryDrDFyLK,258245364646508
tz1XTyukKgkqq9P83UkV15np7EtSSEy4kAeY,264511854336530
tz1WMFtCLLeRiayH19ZiaErKq4Zu9p5N73Sr,689549935677
tz1RFUjzPENm3vF7quaxfELQCfNTCSjAsFdA,2545902202848299
tz1cLd3gXJ9Fk5c648hRzFvTnGfT97CxcHrj,1573310739545914
tz1Te5JR7gzDBwtZLKPWSPuTGFE4JX21vVur,99620700983
tz1NGDuYTuuB1geX1K5b88cqa8JinFLdd3d5,1291231401921435
tz1XykUaKpskyp7hDEZjmuNTk4gFU58a46KC,148137837805945577
tz1dghYwdzvHc3tYHp8iHpNUSpmAvvs8Zjs8,30712893679323551
tz1PuipWs33aqS2KSG5k1qQtC6Dff1P1GBmM,357216701155479
tz1ZNxMa8XsMa8JTv776X9iCETcNoo4SY629,491337663453368569
tz1iAAJhH465Cf3BnsKQ744XHypQGY1v7Ps9,1317050951
tz1a5QW18ULwjJK71LSc7UqNGgryrFouHzf1,418140552492040
tz1Z1ZX2B98nEAvEnLXJBCnsJ6K1GqaSp9jK,900693302406249
tz1enT2GWv7U8jyPmmoVb228u8hvi6hJh5FF,89878844386786
tz1RyhUycXcivQ3jzF7ZpFZNcoLcgmXqcrSz,2100489850054785
tz1gVon2mQhvutR49Yd5XK6k4ypwWfFjMZtz,1012321515
tz2HSz8b961xoDjDLy3aFGogvW4HEqXXdcR6,8118203125566412
tz1eSGjgq2NmLWnaQFQxafXK8ZQF5V7Sz72y,23696532325690978
tz2EP3fw5CbUUgJdx4c3Xono8Gbc8PLXGRM9,1952672069192422
tz1VCogGe8xeRgQCLrVhPbwo6mBSQxAXep65,1040837687606035
tz1LFFspqhK9KRQNvS1ahZ1RcpQ2PNeM8TxA,2450869619711826
tz1ZhteLTqobRVCYsPj44oFfom5BJ2SdGxeE,1994674807356717
tz1aRF3qMDrbN95f8dGYTKPaey6J2qQQnk8j,83313438512641376
tz2ALu8Jxf2SMgzSZaZEwfiJQbogpUDPStwz,3695592478919274
tz1fCHiWZ3ReGqvhxkMejVzcnXYz1rnsJpow,9011847302464916
tz1PXJVTDRHBcjJGpD4h6PzDovisMJuc8zVc,932154504051126
tz1L1i5BVehYJBebCGvPYU9kZYGKBELGUJGH,16280934239202946
tz1TR56EbNTEEDeRrsPzQzoyvwFgZT25q3JR,888505612466418
tz1XbQgDFCaT228TPS2YUeHHfpVqGW7ANCDw,479713834662744
tz1S1Aew75hMrPUymqenKfHo8FspppXKpW7h,1097542459
tz1Wb4LakUUYuFuuEgXXQrNZuBD49Trodhwx,1020458160821705
tz1RAfKUFBX6P2jFkCpzLFntju7djjbtKAKr,38166054038025621
tz1MiQ6euA3EEdnZxJ6EPwVsHzd6vQ7AHJmU,797238983138960
tz1UFwr89hcJvC4sNCYK7zSLcaD4JW2KkNYD,10771539870602111
tz1TiJBTfVoXxregtdgCs1rYd55APXSAmniz,1771562652
tz1ZPSGxrrPPfrmoGJgpXDArNJfNNy3qGvE4,890129239307431
tz1iQ5n52oSKgdtdYtqEJgKmQYbL1nn2poB8,24173109087482042
tz1gueZ7eL2KnvxqWudHjoTH3ZPiUCmwNKR6,3003864231171543
tz1QxepCwQ45EwtcxkgXZezHbnidvK7hUywy,16299801031845797
tz1TVZgy4rejPUkEF3bsxLGNCp6H4gz4PaGf,290619007974220
tz1WT27PugwGBtre1hsj6BHmbAK2qQsVbRDo,1677888726059432
tz1fL2TsQR271w84MXx3qFD7y4PZ1F2mpHFA,4340852004785631
tz1KhU89QWZuuhhnDD1paFp1jYMdpJLh55im,5988250947036250
tz1QQyhTMAmNQPcSGkM7GfDva8hmuFPAxUMB,41264579942858523
tz1htnC2n5n27PFD41q5X8bDvDcjbGMUS3f5,65546006572488627
tz1PoickddNEkRN6qp4K41u4KUW43vZ1UDvF,19576137779654663
tz1b9qYttBxHzoEseqabgvQiCxafZzkAtH9G,18450014352642662
tz1MQotPcNdc9R3nWCTwXLMDqKLS46WqW7Wx,10216643765124051
tz1a89Pvs553YqhJdCfDdQrRuQeykHMvVSRX,148847941537
tz1favSqpvTLtedjTm1UjuEmKfgm4o9kyLd1,17988568118790599
tz1XYuybht7U1RVsUip7H7S31fBDxpUgpTXP,1208587931
tz1WHUWCMqVqq5AagGN5DrytqWz88tYgedUr,568717088718894
tz1YJvMiZyXnzvV9pxtAiuCFvaG7XoBZhbUQ,5697828000421277
tz1TmSForCvNii8rmwL6q2jgicQfqjNFtj8K,11480859939305420
tz1eoqCSmqPQtTLs53Rj6gBB14eQh2aHWVxu,1942756893984130
tz1XhZUHsJAFp4FHoeeQQ7auVBk5j6xoUKbS,312058201990222
tz1Pwh2MBs6q2SeLHiko3iJpfMwsDV46bqQU,58443426295343928
tz1ZWbokP5pGwT3tTtLPP2KhXX5ssg1EtDPs,1187128129302834
tz1hLWsybqnJtQRFp8skYy5aZLGNmL9bMUpa,6256514005232968
tz1PuYitvGfsBm7C3oYAXqNc3t5wNhWZj5Dh,5540056509452449
tz1dbCAvra65bwTVk5mgkYUHUGz3hoKwovZ8,2602625653068407
tz1T5NfkdPfhkXzYx8akPkdznxSgU1Uf5jEG,4676901777768610
tz1PYqfNnkpZydtSY2Tn3Rv8mjkgUpHJpFXC,12997212430263478
tz2Mz3ovkZR2HyC89CHHSdsrPya1mKSmLWfD,901619537856226
tz1ae2d1BJt7YUqaaec6Xenh3mBqS7VjSZtK,781508726145627
tz1L1XwcVmD2z4qPfLtBJ6RPThgAwLcXG6kW,136270259731374
tz1VeyZaPimHfrJFy8WwsCYzxHR3VmGTMpgK,527583970739075
tz1epFVHmqeWvvkFf2eskwhQ1AY3JwWd7Ej6,2685751029467112
tz1QRcnskFh7eaV7QdEnjoYdDfrDqHgmmrvF,6985069881986548
tz1XybkRZWjLx3hwcy1hQ7PT6FWEhpHm1FBv,1072476496865337
tz1XcuwadWbLKkc4mDVxRo25dbtwfEa7wf2c,4813302299003985
tz1hvRvzke27MGtp8CsSvsafxyyMWSVYM1ut,443158450520511
tz1a7MJ4HMNbWDhKZAqrvzX5P6u2E2mJyJiV,9319004964701861
tz1citPWufjty33AZ9KwZDztqrTzdNjfQU7P,35721111103259811
tz1WeLuPLjUs53Yr1RCgq4EQ4d5SvV651Tqt,98711827654035704
tz1Wo716Gggp5HfupfxtPgmYu23rDQNcLcD8,8669166018490159
tz1imyQrFWHyTp4avUNAw52RxdFjU3HPviRN,2386531814606910
tz1isKR8pS4pdgU934K1S4UpLsF56ECJNArh,3224108709222261
tz1ZVoeS9T3H451BgjTe18pM1q1LPd2cgB6Z,2180740753351561
tz1eL4fYCgegW8tLCbQ1mYiKY3TdDxWnnKo8,5176959618439167
tz1Rhg2UDkjgLhemdSMtiGVGRmzwVLVaHArD,642900133000418
tz1dPHDXSCFo8PienbvDMyCKr5DXjPMrZkJ1,3325500421999519
tz1fkkxXSMtSQew8F78XdsnaC26AfsXtsGiY,905041657167806
tz1ZuiTWKXKqYfzFPaSaAG3Huf9QM1AdZ1pJ,3295340064471413
tz1RsCndtupuxe2U3syGAdcRBzpNqJZ9ANNc,68831698058560002
tz1MrZQhiNiHK14oEq595DLsVQ9wC4Nv2ZXW,273632181430945
tz1LJQ6MPnjGekNAmhFmkm8XWtM6UGx4MyF4,15752578029056319
tz1hmxzW7MuU8HeRoCFPGZJnavGf5unqgaph,9468410372420531
tz1Z6QqrAbEAMDLsis3v6b956sfH6qLTSEex,4357216274665
tz1NnBgY2ze24nQDpdY72wb1GVsee1UfAT3d,346357627932543
tz1dAW94vB3yYfNPE4LM2txBT8PQ21Zq4Xzf,774736055202731
tz1eeR22tmjPN3rGDikEMvpe8jcdXww3dqTt,2582452931125642
tz1MsfyCeQEt7khed67HHsAidezZ1Th6mjzB,895580327258718
tz1WBMWCwjuFSsiiLUWKEQHEACNEat2S3EsD,149719653493223
tz2SuPjN8dYMJQe548bTvSPL1fdStZPXv7gT,115358590155715825
tz1N33TtiYBQ67sw32rhCsMSVpZkrSHWe9aq,40331197484841079
tz1QMjzbw5Yoi2zPqUeg2yuv5GZdmXjhh9mr,2582486422956600
tz1ZutSZgCHEzxspXyoSYSREhwHh5g4PM8hN,1616615481
tz1NJS9T6FKTnKUkVNv2g44GHTAhzH77qiYw,5237908248167441
tz1URL5HNuTa1fHqqCtUKXUM3hm6g9c88NgF,8154536460380
tz2M9C5x1KoZGoQ9xEY6fQ6Xwbe2GU1RTzRx,2980257646342
tz1RCQDHtpdcwfgF1Kbbyusd6xhfjbXanhZ5,3050118545555172
tz1c8JTzmA6c7cm6ZmUwR7WES6akdiMa1kwt,4088736531405820
tz1XRTNgXgWmR4PqxZpiB6HZJ8Siz3M2JAim,1223680656601474
tz1imbraxLCQ9TUpnJVP31LS18hpTqG5wv1k,2902253099492036
tz1iDuz9LvybPBC4kDc7ceBoKVDwwzJR7zKb,79183391533561962
tz1eiyML8sHGBL139FwJQJeLGHWAFtDqPz4U,258245297502734
tz1YQDCB6Hbn2ozMyS2kf6WPJDeRvJtmtNqQ,3511764035068422
tz1eeNRXYK56vgSfXHFcXorubcaBBCVpUY1Y,1663099632
tz1TQw8erN1a2LpfRSNMExicRXMveBPbvTKE,945177741
tz1gaRjULm9qy4D83VCvb4ABWLKpz4XXfqjx,1251625376264556
tz1hAZNx3LrRKFgfRytoLNVGhCrzU1uVDUHS,1017371082438947
tz1W28xB2eAvRGCXmVduC63Gx6gGDp87zqbB,71013699628479
tz1gJaXdi7Gweq8TUSy9knB2wLjioTKy2tZF,516258104262795
tz1PoXtd7RGVBwWmmZvxX18NQXYpbNdiwwtE,7146819902392230
tz1RLCvv7wrWq4hTmyKk1zZuZeuUXNViSgRD,121411731219782
tz1QFk2DJhPkzp2nCN7Thpo4askJjQ3Zw6BU,825331756471184
tz1bRDYJHp3ACUojEeM6Ja442YEwNmcb7ph9,2534991571995108
tz1MDs7ym4sp2FsQhL32vuAnEqG3ARhM9Vi4,2737400169023697
tz1Xy5UM1tC3CFcbPBVq5PjufaxcLjMwfQkE,74238229055376
tz1RAKBnmd1X43pkkGqywYCRgf1Uo6D77zMx,74233007335721
tz1cXwKRD6AMy5nhqEVUU23SBxcAMnh2aKLn,827803772261911
tz1imrUNR1R52GxhP4y6XQCDDXtQs11GarTN,53560782198596
tz1chab75LnyqBqNwrK11459SGCFQXLg9uyx,1354742589278889
tz1USfPTFciXzVsQL7Rk8HmMWyWtFEas7fh3,2967813140376109
tz1btYY98CWBVCGEikD7s1buWjpicb9kG8aH,55748437400777
tz1fj962xSPKTA57yWHA43VeVzo8KqdpNAeF,2754379687969146
tz1ioU6W4otB7ebgRZTq1EVVra3vMyXqeqsm,699094172639756
tz1N8oU57qMgDRr6N9pSbhaiWRRQSxJRPGoZ,636248177728319
tz1fCEeLBcuSMSittqTnMEhcFdPCtD1HsiZc,70316406399998
tz1WsKkY3TLDvqTuK97Xu4zuVoTb2nsr7J8S,477484721060165
tz2DsS3zeg4pqoUnRPHxvuRSuQrjDnTZcTNJ,150520980835516
tz1gSGxwMrToBdzLeaxg4Bregv6W2oEbNLC8,24005427273604978
tz1X8AQxtn4KzBwMZ6MZUVFDcACrfnyfYhDg,1063970572
tz1KxARuCbAoiGGesnQjr2pvZa7CzJR7V9D7,1883911633233212
tz1LGVwoTMUhi76Jc8TeaNUQhanfeLLNF4xm,676551929655899
tz1QS7N8HnRBG2RNh3Kjty58XFXuLFVdnKGY,154790139758424548
tz1RAP1j8SjwT587jyccTNArBFhC9HhGKfHq,331899362812102
tz1QiZCuJMuVz3aq7j1Bq2v3BRTQPCdTw3Fb,5068879408808783
tz1L8hBVpams2fWFC9kS1sPVxfGY6Hmg5TQ8,720866894562447
tz1TQSPkLPqXUREhxvYzPbAib6Jz35w2a6tw,2353212587049234
tz1XD1xSVzgY8Qs1id1kNyFJDbv9e9pNMe2c,1291373935398137
tz1Tk1MJDZ96bK85RLAqtKfnptZZyXsJ2jaq,148612830482586
tz1RKg4C5yKTzm28Qj9gKmfUozCDrctDpx4G,1565573481117562
tz1hes6aF3Px3D8nPQx27fdwBKrXmGs1UYxT,3549904777958296
tz1c1BG1PEeuhMFwmonTVSGafehicqbBJFec,219450190446450
tz1e826sMLNdz1CQLzthLDBJCFsinxqGDzv2,85966136596433
tz1THwbFPPPBHmBu4cmLV2SppLFrA5QfBhyF,912444643036066
tz1U1aA8tyN6QByoYLhSvNu3krJPLYqnkRVa,128092027900745
tz1QSwx2wnmrTjEGrid79c4tpFMxjCT86SAy,2208556199068711
tz1RcJYTsoYQ7adtNMANhwd8qf4zApM4i2Yd,2001989273868749
tz1cvrgSekgCqgyc1c2qFPSeMtux6AAAfDsk,45467782442354
tz1a1ZcbAeBEjxYSwuNKxSu6FbFB4dxdL3m9,30265910919472
tz1NZnfrNgCGdECyAhA93TLPTSciJcZBJqDY,183004623363582
tz1UGuKv6PzgVbofb42VgeRwDwsVN47UpuZB,4362489055385567
tz1eCzNtidHvVgeRzQ38C81FPcYnxMsCEL6Z,9057176301665454
tz1N3nvFqipu91tfU9s4GXGsopawpwxSoAJh,212342180089608
tz1LFeLTRQZrgKxbmvjz2ckViRhVw9BZXw7t,51183291838054930
tz1XuzzMTz1LhqbRPy9uxfRkccSxju3v8Y4j,2397515531458094
tz1MoiwNRQWHfA71aypNk8J9CsKjfmq39c2F,9251749437643886
tz1hhphPmGxL6HEmEjoVSJBy82FMWbFwzNCD,51715537001706
tz1YHLm7Lq27q3rgVXLY424zQMkvncVvNiaK,284069851786309
tz1fKtBhuuZiMYhM3Pi1hcP2sjRbstgDrmqX,83120702159054
tz1XEA7cp83PyiXfSxWu3uHjA3EF6Gdh3Vhq,279428972261085
tz1UXMLCt7dqbUiJ2BHRhE1gFkdVkmCZYcM9,91053609933747
tz1iKF8o1hCLaTNZcCJpgKQBQxkpcSiBy5V6,3647492928351300
tz1c2iwyckUCcicx2qxqtwLEartYFEHg1pvB,1660445540092322
tz1PQDUDph7dDCn8pLGXqaR79DiUWLiSZdEf,961172117930482
tz1fUZ5pMP1gUjuJsp5V631cXmA87Kxm3cuZ,3429985738991243
tz1NVsmLrZX4jad9bNdvM1EskvcTq2LSZhLx,8969105600036802
tz1PKoh9LB2P3pgh5ahaAFnrC2QBmUxcHDJU,802855903905558
tz1cqoo91JCc6sKmNuTVKNzwUdi6E6moHWFb,3410976055957591
tz1ZGNErBKdYeEPjZuqKXhyTixQTTPn54bx3,1730243406
tz1XoiGxnmjnkaKcNyG4rrHNNEoh1u5VidxY,528036459350438
tz1QVUXNoyCfKpAyxDpq8kR3rK2AShuzQxJ5,8810990971598545
tz1UVTMhbMiSETKCxFi413yZ7imF1xeyt3fV,2634506622250349
tz1S5TbsJCWmCyRh3ghJ2rWwQHHbcvoh1uYV,1894529905804317
tz1UAYfFWmaTrQTYMptaGCw6LrXK5Yv84VnQ,14023968860439
tz1hLhGe26gqt78sZboxiwne6zgKMqirRieW,861872254540954
tz1RYTr2WKdJD1MMV51kN9AoxPnxZJgJ5sqU,140722932675642
tz1R6mtcAQwBTK9YpSqRL9y2a6JZWgDkBm6M,1723830334525718
tz1Sv2XMQNxcAqyqyyv42FHjf3EGwJ3Godj1,9742395226181457
tz1NCsGajb5YgZdhdviKrfisN3VteMasnzQi,645627187499170
tz1Vh4cX8VutUUUnnjmnY2omSV4F26T5orLH,142314640825215
tz1QGCWjNpYmcS6T9qFGYSam25e36WeFUCK4,1552444288957701
tz1LApX9pPhcDUDznHR5TTCcSXh3m6zPgFHA,830883509975182
tz1hUY7paB2J5EhD73r4oWL6uZubf1UibHrk,2787279065561396
tz1MgDFQvyV8Vfc48HgeqMbCD2Po7nhoWDeL,3848540653081196
tz1PWZTKd1zhfuxrixGJoHJ6G17SQiypwe5m,1283479064
tz1V1Hu7nMcgVuMKDEZickAKHHZavLKTB7Vh,1381612272
tz1NKHjwrYfg7GWwbWZ3bvdejkVL34De72Pz,1353205291
tz1RaZeHEiKewSd14gZ7HKfcQ3HaNHJ5tnV6,27835779501818727
tz1aiLrqvULcV2Kfvzt9dUmqnLQnoNXPPek8,4444638255848436
tz1M2h2hPZzov29kf7xcHXrunXb2jFSbfiNd,12977360002199832
tz1MToDUySbYhPabULUyDPPsfDQF1cpZPdoH,1944644775348664
tz1gMfLSQs6xTM2TcLM6Sb2njJ6h9qhSsT9Z,1949756252266279
tz1Mt4ddsTmDs4of6kkWYvMWSUtM8zbGNMq2,1206005479
tz1UNTxRbAYTSBSdHMjoUoYAtLH4MHMUiGwg,268839265405507
tz1YUJitqsUrFfFzEp1d2RiqVwV61J8aPb4E,1482327933
tz1TqqKqc4t2Y6PTvxeuhF8kNjVn8HpZkKma,1877502974349116
tz2VoUZvPNLyq9bZ82VoDLrhkH8n6eaUoS6E,354262190704799
tz1ZvbLR47deoqaSgsaRXe7hbgDgwonBicnV,14443245918518545
tz1L8m6MGdvK2WA65wQ7DeVwXVmCS72JKWeN,114640099672415613
tz1iCJRFVD1oY7yQBap6X59XktpKHJtgCGyS,87913646837657
tz1bnWUvcfU77EBpbLUQ41c3hCBKovGuqyGY,5909907780059666
tz1STAzkywd9GnKGvJBPL4xWte3LCniyu5ho,1703163780389462
tz1g6cLrzLxNayiVyb7BLsKK6TfwboqWaYPx,66401752652402
tz2Q6ugZbronUHSk8fbuHibBrBEJwrzgtL8X,519073120160052
tz2Kn9u9cxvTczP6CjirJnEE1UApmoCzuGPB,1432683058888493
tz1aHfKHR887WzmpA56K2diKDufR3QJqn9iK,95383020014910593
tz1fcuYiLoHA1qD8vLJmSJPPKhGANGLJZgin,998763774440
tz1bdbHUpDrUx7m5g4VTSkjnc3mxnquzRTcw,10608040222737573
tz1NoV2nnTuxavEAuozNyHm4nqT3qtkYUNYW,1391942083
tz1TQJjDtzUWWAa5a9H61iyPZmuKRfX9hXi8,47995658941452
tz1ewd8gDnG3USrTRJVdbpsyieVv9fWDMPNk,5044248065052623
tz1Tpms3fccT8x1pVY9BQKgnvppew71pTDDd,258294173005295
tz1bNLPqmLVxWF6puxbFZHU1yCJLiCZmHH2E,3652266776031
tz1ajJzH5YBGRuXnU7QDJzY2qVRGcysUbxJE,258246735928969
tz1YT4u9DnGFiRM8AXXACY8LWuV1rW3A2hFb,73283511183985
tz1QppHuA9TUoFN5Ek2ZSmRPdU1xQiwRSnPb,143798760555303
tz1fne8nhZuSRgzaQPyaomKQcFRfthyicBQc,258245387888583
tz1PGFWJqZhk5BabfqxfYixpVH9S8vY7NKj8,1650187368
tz1Uva3ynPUXqpAsWJ3CxcXVPG7HEXB19rzU,2638905538856176
tz1cGZNvVyHrKgbRu4b23Nw896JD6GYhZKQm,2634557927841039
tz1i9THBDe13YzhSmcdpcWKJrL4raaJ1cpN3,2630221059829740
tz1apbBneTw4Ap2kdmv7gfTv4kDPYbR5HAkn,2228505130812755
tz1MJ4C21XhL6B3YptprRWMuL8oeJquUhz4u,513551512422144
tz1SMoz8tsJzeQPtGhPEjPnanQMvFc5KitVh,144065737112966
tz1XuNQgqT23u9KcwmRLGGQ6w2n6dCE4bmoV,300138118989648
tz1WrZ2Th2eCuq5NuZb8nHXPJUjaBE25Uwgv,891634531838
tz1idC7XEoSZ45sXLwp1ujYJ3yNFi2tkLT7A,215733211226789
tz1d4649CmmMEzXBWzhTgTkFxy9ATNhb5HC3,29100256266151
tz2CrWArLr8eRCj6mp6yYQAKshR9MuyaK3Qu,2930775085169575
tz1UdGjnCNd5ifzEShXft78CmazG9gj4fdrN,13565727550043
tz1WqkwtGV3ttnchD3bqmucZwByduHq8EN8f,152740428953015
tz1fvhxJtMzKYkXM3fvXrQEyAXyMLYayTtZ2,87980844791818
tz1dVTewmwhAqfBcAgDuDuF2sPUaafuPA8mr,2743321666255583
tz1ScePe2eXYo1RBdEe12hNY8KrvHyjFhHw6,32157320206267
tz1XNmNga2NyqFiNpmEN66fpySDoGWoKpKXB,168679867596412
tz1dXpsNAWLHVYNWSqhrHCHT6wh6L1fKZfo1,40698297839666
tz1N2AezxpvrXzvGaqNVW9BqXxJ6Rcup9M4p,1195675667
tz1iFKBz9HbJDp6omQGG9LC9bTXF4zKdkJfR,113334406151782
tz1fFCF6FogyPLLjSk3FNTG7gVdDWfPCWVni,1461668310
tz1WUmNdnrv1w75V7ntFSt5kSuyQfYuo2hqK,88763370264269
tz1LYQiMSoy34xAUD2NnsJLCTmb8HYYR9th9,132684477470684
tz1VYa9SB4LtsHLWZnJXc1JuL7wuX46orE2Z,665736242445665
tz1d9NBC61N2Xjo9LvXAQsKPqC4HaL1mFD9X,967287798077899
tz1cAxm3wHEUX9tY87sSfdVfHgCWcPCTkNTA,1876575953833475
tz1iNdzx7BJpGD2e2YaV2QbsteMQWMAXjjDf,82887086818599
tz1YrFGJ542U6jpYHpe7BFHxNfa2mb1wpAdH,9912253790136
tz1SPVSDCDpbqigKWVYnbgHEudxSM3BASPZj,18038221187136324
tz1f7C7HeTczoCxoo8oQ3vBDRQTiNM3tFTZu,1134537426490297
tz1P8pHeW6qWzBkgeDvi3bc8depN63r5tt5s,314957225780370
tz1iZnkruZaYGv3dfER3wEasjJj5xpaTtMjN,3873679336000821
tz1Y1svqGfYwEN9J3ne2WLEuzUVnwzP5qoYW,1218917743
tz1YmwJZfEerVMbc8uuJc7xUzE64ma3Xfu7L,261691493022197
tz1aQbe92zZy6MNeRFtgmgV5dV5R4BNTdqK1,261658979940867
tz1THz87Wwo5DL34CELa6psvuH8RXShPmSbc,67144954174472
tz1cgAHrLkuj5NrLmQ6LnELKFKu3i13CokzB,1211170384
tz1eQ9skdokeeUyTc4SdNQMPigjZ8JY4kzus,423669079026201
tz1S35xPc2sh4kK5hd7KujsWU1G3SUdCnFqp,18888311914594923
tz1dYEEirVkgSnE7eGK9vFUwxWBqibkafs8W,776488479296981
tz1VLGH7SJ4HA6kDXRiHYqVFkn2btjnoxqib,15815282459569616
tz1XYkmAHtkZFjZLdWNoL2BTqUws4oD4H1PR,3824451118598733
tz1dCyFm9jxuhxJEi8UW5sgiS7TFubaNT1J7,14641836198539
tz1XbmhVLdDgsihnVoyn6aTRMURJ87YEbG9B,1084119046610199
tz1Sk1mwyBQkcyrwWZkftmR3Mjv77BEGUw65,294543357674685
tz1QHXGKA8NaCmpZLrvrUyBpYhgEiQDyWY1r,16924736088322
tz1NS4ZXnzYBPJpspW2svbqdjGsgBsGZchzV,26803138034367
tz1LUdy3KnxyyARheKtfcnRymhUq82SKLvyx,160742597438012
tz1LxFeaR3ZNkMRstvhjNeVbpv9vz2LttLBz,3307177278782
tz1SFJ5pW5FVR8cRfAqY3NqQBuQQq8TNsjvv,200510351722614
tz1YRG68NdqtAcsFEwTUw6FsSsiBb5kagEDo,1998867381642423
tz1XUmPaRxfbi6Mjj6vUWf9zhjwHdfL9gEdk,9952527439911
tz1NiraRNtWgpXyyxopRTk2a7Py9oKFdrgkB,166235406830964375
tz1VnXCALwSCihScu984A3dbY6XXLzDqJWa1,26191562441324567
tz1ZDDHc1YycDdwQezjVDVCSfSB6A1xH3YxG,10530092188088
tz1dx37ewvwHWAaRxdjd5sayKBR8LnJUT1XE,179709476504
tz2R1iMz3wHEx6Z8dpdPVgb9eTDVh5NdeqNz,1387169279836269
tz1hR6q1QMUC4wLD3izGsfeZ3HuyfJH5QajX,40842262222455
tz1akJUKXFmNjxKaCqcEHmwbx4u86xfHLYJc,31127262537903664
tz1V2FYediKBAEaTpXXJBSjuQpjkyCzrTSiE,160040391499848
tz1Z1xRcvcqPPqja34fWNd1StABUV38LnbpW,9457504002622
tz1egZ7YNcG81udp3pGXPBsYQsUNHB7xAH7V,487529085581211
tz1TSowSJAKRqQbqjspmyfN33nps1op2GodY,72540643079279
tz1VV5912Qp7qqZaQ28MC2G3RQ89UhEdueqt,882304611796816
tz2RJZQGhhkdVX3kq5agHahLmh8TByJWaedL,473283180770037
tz1codeYURj5z49HKX9zmLHms2vJN2qDjrtt,69043991084925213
tz1WXSxKwhw9EectY8mAdUFXDBHFnPZE3HSG,7471722477073376
tz1aDrsGYyNbiqUX6eTHLe5otZJwN5XQh2kG,25168909132702905
tz1gu5jCJunSaHjR52rcu3n7SgDCJZDLTqJM,153379718105440
tz1SDmZnnzpH5GAfHoeXygPWwzJtHXADpohn,11729399889552
tz2KgCQ3sTz3n3jrU21DveCfTVFgrMnzeA7x,83287342824013417
tz1XT3SAzJh47s5DxMJud63MWnvDftqWFtS3,4985744898257048
tz2RjcKqwtC4vVKN878Bx7L9oNHR4mPTHDc4,428191194649023
tz1bQxeuFnf9PTDRUwu94sU1GUvU425KqCeq,6290861977417
tz1Rb2U9TbEkYVQM412wBzBbMbnqX2r4CTXs,5250023104080
tz1gaTbRLDWJFA8bzcvDtkz8HxN6V1eL6gwL,218758649846852
tz1U9RY2mXmwAaSSm67rEy49N5YE1Rs7K223,3740998545402
tz1ZzEEVRzw78fhsLMM7JvV9CxZUaWGB98U8,152800491428540
tz1RSRuULmTkaXTjrhbFuNkE4mkJLRGPWJmy,137818227013969
tz1hHz9wjLaZ3p9sDo9SkqT1t5wxNsK7688s,330328415928215
tz2BzwVtwa2mTbspW1qqdiA2UtctbGntxAGi,2681430702922006
tz1QjLLgQidRchfWMvHa23uhfgdzNKSevELK,24987710470878906
tz1WW1xr4mdTif7jorgVr7aqY3YnnJPSDXj7,966767037511
tz1coEYWsh5bwhhCsK2Dc1SXTNQs1hWs1QtL,334474746083358
tz1YKkEwEXk5g5MeDzNTgfDwKd589rGJS9q7,216691962142848
tz1PSiE9EmFbQFb7K1cBxPTsbPdgotHLdy9e,536295701250281
tz1hWxyYMfK3h3y7WvL1ErggtgneuNynC1JA,12468462846579548
tz1agphvYoUaWn5BjTVHnqTTyYwURTGAZyBE,3947001604533
tz1VXAAqokxhhf5iwfvkJ8tRukgVLN8BVyce,10922374959224
tz1UVjnYXp5DZaCX3JZvxQQqxKnXaVMYAYZD,152851966422616
tz1N4Q2BLS4sYvKCoM5XxFAEL1yoEY8TSS7j,27437919993308980
tz1XH15XMCB22rJJxHLsZgVhXA6t7kJnmFa1,544570298862259
tz1NEmMNjFtXgixkdCkkGsEn7k6QPeG1G1Qn,539489774311534
tz1gVmWVnkT2yQr9gmed4BgK22SrSPjfpkEn,1167742827773492
tz1huGodLQWq9gKTZJ7D2Z9GeymHBJNnXvtd,185011207770
tz1RVq5ohXzWvbqHzUgsmUNWHqin9HRkrWPz,15143057392967
tz1az9uytyQ2tv3aKXJuNBjrX29vBsYuWDuR,701203534156148
tz1LovFrdT3D2uY5ijGnb16172szCqFazDCE,28604229333830
tz1aGLjZZLDwYYSevU3HLbEXenAxwRo6f6EM,3001895828909
tz1VLnru4Qd3CFuj33ss2v1feACiaLaAQdvA,58683069421
tz1cj6FQs2Zjuwwf1uY7e7fLQfzi3YAbNj46,640667919411400
tz1XksiJMYSGBzqZqbj4F1dbHBH85i9jR3Zi,1126031258102877
tz1U6R3G9mF8n9qH5mhrMZjgJTMKAEYb9Uw7,6627885296300151
tz1TtLSSFGrP1796nyd1ZhGH3o1AVitoukLj,36426783411195
tz1QoX2rtnpKq3MxJ21E9NcEKxqPL4dKsEcn,1177784583942726
tz1iXbbzm9Wogk7D2W2qNwYzePbQVmYP6BXN,5311024029246
tz1aQGJFwYn3yzghyRbuWNapzDZjXCEfYHuW,40691570973194
tz1YDowtv9HFd9eUoMZMNjicREmagF38XWyJ,4699454235094
tz1MtaUicPHBwrvkwnNwikGFfFWdaPxYAvJc,105025279386416
tz1enSmESCGkRYo2CtDYKhqUHFTAQkpXjYjg,97862843331490
tz1Wn4Wc6d6jieFpj2DJaNEC7HXcwKexW2By,1223099391202095
tz1c2MCGJM3pFb88Spt1cWgxGtXAX38Ur3CS,729366735379196
tz1ZFS66zDerPgLPnYYEo8YXveudhGbzjESJ,442226965383041
tz1eAR5bUqFqx85oRxGDSqriJbYzsC6Ff6Dj,8751063582625
tz1ZrtiLUXfjKsYskvr7fmZk9N277YQcv8Ws,34002977077827
tz1NqZnVNkS4N4XQqZaTigDQpSs8nc8RoMFW,144835614777676
tz1WEjGgTyPyhUapqCRvwBnHhLCNV38Jr1GU,17994776047930
tz1f2NgqK2bX3LaPgeTrEWgFFqRJgPNzFAYv,120015970187705
tz1WGMbfVnzVSTD8oNgZA8feaYvNvBYzSVmD,163377200143851
tz2WnujX4qC7yfQF1SAHQuLMUcB3pA5GJhfU,58518425950251
tz1MrpnRbw6HqHvKyBE3811uHgJYuvVj2hwN,67878217209645
tz1TkqGsSx3gB17SLAcMAnDgfs53kYeFez9Z,83392437255502
tz1KssAq8Lofcu9MwuXqpvXh75ufZSCsLQun,106585747415521
tz1fhd4k1jSJRRcNVbkMwVzkKEhX3kzApsfk,384428239827839
tz1XFukdhsw2szhabNoSDMBPCwqsyPLAkSfB,16838892999
tz1TRrpXyABLU7RfM1fR5AbFM4g3F71KpKVS,264004069981631
tz1NkGJR1x59KMwfLr2a8bAqDYSm4WeDjeui,4942907725193
tz1USgVdDHovucdwWXcd943nkjN9Dc2kZ36s,1141832786552
tz1cVcDkvek2UNAo8ihaycH6GqEZknuxjz9L,562658130646
tz1Z4eLXZquq6x1kMujWqCN3eQbTzwkMb5A6,563020479400
tz1VYfSekJV2Jcjbgt4VaaDUDH1knN1ytNUU,1118371057383
tz1Z6ikQVtLws398W5w6qMLQ7pjv8eEutu9u,1106728975578
tz1iAafYqNNj9ZqP2Z3iPwokaUfMmrNd4UkY,2747929728852
tz1ceVRLF5yAKvGcFXu2ngFtqXbqkKd1kAZe,1090892049406
tz1gSHNQkhh8qNCXgLn4MWnH9DZ34NGUn8Hz,1089227247353
tz1bxpnJwhqrdhf5Dmsp8QusjL9zN4qbDCWs,1072860161259
tz1b4Y6E5szNCHKZadDnAvdUyBfr7eQoEM3Z,25628476386162
tz1Y8v9LUURRffBVoJNysYTMzb2NranuM3fd,4956738561082
tz2ULsEpiuozejYYvEcwYq76vDHUEVcyYyE6,109230020231
tz1PQkArZXKyQjY8gmX9yAF8NEtEtbuekeqP,5860730533167226
tz1bv7bDGmKDPNjX3FBJ5nPG3LWnT7yB1Wto,4867639576351
