Address,Amount
tz1NRbpmTuPEFCCYCqCr7i3hkMRDRhBFgmxz,20268159758250163
tz1RDbEW7YUkwnnDdMNieSiF6kB4XBws7QSg,112012019212721301
tz1eqt71cHna4YgyNg3ao6x22xU7c7CZXxcf,771740600282770
tz1SBxNvpDFC4bjW23CtQfVLqN5cBATVf68B,81884236476358176
tz1Rgo7URug42QnhBM6eLy4MWdfwn4RovHy6,17620066881706003600
tz1YTQ3Lys25j8FhZQY61eoYErYUteSao3ez,36911650277070556
tz1R3bKH1seset2h49p4vrZJCEL8voJgSK2G,6151170995696940
tz1bdRJkGkNQ7homh4PTnkVM7xzVWhuC4EMm,2200514128187098942
tz1Z2Ne4ZHxNPuCJeCcoykHVXTqhVdLMD9gV,5359966135880136728
tz1Qji1NnEPj4Cxa9s2WEoWi9U9KM6a9gdDL,555322092547524459
tz1cmanHzitf3UgWgECzLpGUKpzEfmGZaFsw,96915711835377269
tz1eZFb4bNMMdveGT7BPcktbYsurg2e8r1xR,87203767201305
tz1RartAmPJhFsL9oAhZndSL2G7KCsaQqqkf,36771080314329409328
tz1MyqKoe43P4Z8MfHoXVBTrohgcbehp2zLL,574092577239728623
tz1SRcMg9GRXi7paNeAc3ARn23mS3Z5dXa6S,43108600564246392
tz1hD7VdzRpWG3nmYpCyW2gNc8mQNs3TCgxu,634825478025550
tz1f38MX7YT2Q7MAq3mDdj75GTN7vgqV2TfH,240761617771885
tz1aBDeNFooBEmBXnWDVgLknNMUHMYhHVcRA,4480382764267941898
tz1hD5k7QW9ChHCgb2YLthKFirKDYQiNPDJz,124477003463258510
tz1ZL7ekzieKxwngCCyjsCN5qhu1ohwJQEBy,263499664845561825
tz1enbGpES1NDr2kTaocDhxvMqtpMy4ruhW6,104845105858074051
tz1ehGMhxarDhwppx14PX1Y3eqbZ5W9Bc2Y1,26069314876667738
tz1LN3wPFYuS5fCnodwxT94xVFLPtcFHvcHk,1596849157890051
tz1ed4brTwpFg8hFUJSJ4HqnsC7sEjVesMtb,732816044855169128
tz1QJE62jTxHis7kZkbDT2zsYZyauNDNzWg7,326050929795035842
tz1gWt7kUnJtGXoT5BYzHVa89qGp6QVvQmyp,2042361219635892505
tz1epR6pJmPaJ8vvzNi6V1T51ccocX1Y4VBb,13334654304627859
tz1W19DveaP3mW4WvFtdVdqGsWwBL5q1QDSK,2706479763091619930
tz1esdEqZC5Nz3HDFseHvpH6SmQJPocxLzA2,134271519917145852
tz1XyTsb9DwkPru3eU1Cwnr5JkihEi5eisHo,10294944579795413
tz1ULQQ3S4kFLhhpPsegiMVFmXx2G6ewmbTA,1332170483065801851
tz2Lqs8WFf2HDG1RoxG3EAtuHjDS27XQANWT,36883085744057
tz1LRrXCmELevk5znmVcYD63TChSpYh3vaE6,289089047433322
tz1S8GvdiWQghwPMMzbNvRh66rcfmhEA6vj2,2804328706682587090
tz1N9qzry2ko1gwTK6HKWamZZK6FGx3Vr89U,5946863165683384
tz1M5swezYMnDaim71PSeb2cPFk49ajrvDV6,168021559846367895
tz1QQ4HyGbCZDmQxeVHoLP99KLyfvGvyX21i,3391642310230320944
tz1WKygtstVY96oyc6Rmk945dMf33LeihgWT,539058918358118735
tz1Rux3pGrp2KpZUBKvg3VQ4edRYVJsapr4z,63418392404793755
tz1LWMmDzH79xyu6JvELrnvWLBBVjZg7TnfN,1937406206525801617
tz1RfSFe1dxP7wh1zSffEnskgqvVVWKNKZG1,8875190045362443
tz1czGMShkB8ZtCHKHeCPTY3CpuiCrjsGJBy,21308350488257567
tz1UQ6cQZef4MuskJjV9g8pXNZa5s8ff1oQy,233623568958096514
tz1dTmMLY7tan1HKfW5e3KxJcfZput6UuTH6,401979940527032
tz1daKxrqyoFUCcuQj36BeMN9C1Ytmjg5p6n,377116268577094809
tz1YZ4VZCRPoiDyGP3U69jCq2S8duDUcRjHP,26945994148212508
tz1L5rXu3RqYBjZzjWXLaFANYZcwS5Pb1ZST,398041060614590373
tz1NkFRjmkqqcGkAhqe78fdgemDNKXvL7Bod,303123589359054710
tz1QkQLtDkqpw8VSymi13A86jh5iaCeMriMJ,2148245342042527439
tz1h6J2pn9X3KMghNHZikrh3PtEpgCcRAjHZ,468222437159155803
tz1VCyNit49HjTmz8SEgeL67x4BLuoTaeYMy,2800698547930248321
tz1gACjUSBkWjqWv5ZBMRk6G9Sp8xNAYgwYV,172029354699746232
tz1ieVZFcRity1eybQtgUyGg8NLEYWNqKtQe,79961725527645777
tz1T5GmdYXDWwbhBrU7RubT7Z2dmz3ZmKwCE,1437375675044090646
tz1XLpud4YtVgwiAJezLKUsAo9K2s8n2YPqx,40387485064702
tz1gmajxhmKt22CbcsSA7WWXSATgbuVEmzTC,218583188745101712
tz1cfzEz3R8YKMqC2rbKnr2XtpNjZxH6RGdy,39156836494717941
tz1hR9eQYNNTZ4VGUeipK4PHtyyDEDmQ9dSf,855131088139488037
tz1RxeY78zE8hNJbqPypB1mTVyTsBRmPuqry,113560706945187009
tz1SBF19iLiCc8dNpKe1Ym9juSAKaTPyeypF,120452264618654
tz1X6ADVxP37XjYppBHMLVRJQwmxA2YxztbQ,11761269687893743
tz1T1u1CET7ek19f5P59vCdjTNFWAscYQ5ct,423996722782065090
tz1V9qHfFxixcXJKWuEziUqvdrQ7BWpPnWTa,571180059482616446
tz1Lqnwap8kKynTpefqqSH158i667Wdg8HVA,167819296486404103
tz1Kp19QyYUnXuE6cxuXxsfQZbyqv5JtKPku,63250614389
tz1cnojsw9qgMbdpgPeCcWPf5GX4YPvd4HAh,499552586093107425
tz1fbJACCskangcgy9xjDSiEYgh7CUmSo9oc,20201030177772403
tz1dKaw4xdNjfufDSLWRxumNBwe2VX4mxXyW,110941530550247983
tz1RJf644pa7QAZqKzrPQGiYQPyubXarC4cv,5292169069519480
tz1YSwscBZCf26kSPvqsnUdhnS4XQD6mAjcz,5002145768780982307
tz1iCiA1vKmgfZbY533ZgMwFKZ14S1DQNooQ,21233111920042666
tz1hNGWJUFPFV7AWLXvxGzJVEfCZ8KJ77PJA,82115507413430213
tz1Qm3DHkV7V6peZPyWe4rv6aToH3nRmWEH7,34192673793425023
tz1KsiwkQ9pyrt4Ra7QrAQp5LQJCGxHQrY1n,135630170952764
tz1eKTUc8X17nVmtVRtxBcs3hwUPXWuqP2AS,3960563040603745508
tz1hXx6tvTV3kzxpBR6E4hDYcxdgcRGHUTFj,2621196632
tz1fkZtnjNfQHtEyUpyX9Tqq4RrLKx35qBxf,145694245590654150
tz1chg2T1s4DTjLqthPc49HDcqkFHMwdSPwb,458796756912071710
tz1Uzm53vPr2Giyi32yT9GUvBErKqHPBjvQL,379401912956125
tz1aR3nrJgUyU5B623U9s1MtMsMjA5Wz5c3G,874983890338271534
tz1YaPLZuVmZaKB69BjJXKUDgNaZrxBR4Lfn,24382902607289199
tz1WNk2o2hJvzjuZRNmZQwjLQuv24wDv1zjU,68746807867290
tz1QmBcwm7RH6swEYNpsZZfAWCCFaW6wugVT,2057259457484170179
tz1LxqBcvRbZhp34C2ab62CMy49wFbsQSzD7,11857557649310658
tz2Kmi3xEnXk8c7zqWSQqSSyfNpWt6ovG38D,2439726362965542115
tz1LgePVXLZYNhHoRQ6KgHfQjQ1uq7JJPZDa,19002234368595759
tz1gk77xzDAG3sif9eFvsqUnzaGh4MrzaCp3,1000620829599396253
tz1cWUkZFBZ72Yn9desxcgS9KdH4BVfqd2ZW,490405265541404759
tz1a3LNYNZTNN2SLMjWSUc5jtLWFvZ1kC7BR,10536131854613539813
tz1SGPStfd9v5upQUxRiHPC9666X4FpVAmK4,1025733276148620
tz1iF629Cc91SJkmQRAWAm6nYavf7RgpAqZh,920215797395835
tz1WHGwmdEr4iruf4v9r6bdHgzC5v8SKYTkV,54312011010130481
tz1Uza3jMhipiQMtmeEidizjbSqnqZMQyRv7,27591875121431
tz1YqsEWdPxBmqVKsJircrwBmCmZDtHAgHzp,13684586307329630923
tz1ZLMaECyswARea2bTsBws9eMjgUm4jG8Uj,1693441242346428740
tz1NySiq6aHysD6Rpu4bYhFaVe3ASya2qB8D,113965070972105977
tz1USU2xSWb7CBYGJYat2X7An9sr3cFfsLwi,69569361595908102
tz1aoYg1xYeEdnLrAJ7y2r1T3aMBCyms6ppJ,1244567523883335
tz1WxCJ3UpzyWsXmmkE1YjYzbBv6jXYkbFYV,82563709358514382
tz1fq3tMpnnsZ944DVxcJqsVNGsWTPvqJzvo,70951768462461452
tz1PrecMTmNArbdvQxtZLUVUBT8rcC86dKZC,2270888622220555
tz1Q1LWn8wCK77L4xetjbH3Ar7sDaSANezZx,15866816586890527
tz1dugdoeZULYPA9phfkpofrP95rFqhZNXeR,168148054489729
tz1UecmgMghaWovhh9EYfqTrK9gTtaiMtbzs,18318973438198
tz1gGwXf6Ggkv9T4jGmp58jUMU2Gh2vYjDyH,53574247866336166
tz1QjPnpmqAJYSfDtDM7uTf5bkZDNY7eBECd,184964652153408208
tz1aVZZd883FwyEx5g2o3TgQ7pwEYi2f6apg,249062128736630607
tz2MzvuRU1GEKi9udpqzLpGYfDoZTiKZ3C4C,622498849537857326
tz1SEox4m6JwzUjLL2daQMKU7XDrvsEukR7X,10671338185422477
tz1XJqUrY2okTwoJFgHFJKQV98tsn2oC6Twj,51387844162776391
tz1VqXA6L6hPEFjvsgWv7Viw4xQn5GyNszzy,4973893865527210608
tz1Wf1Lqz1yHm27P2RQJAVV2CMxnhYK4bBGc,183501274111334537
tz1cTS1WwovU7SC783xgJxZrzr151mcshmNi,14169140839992707
tz1f4Z9FJfgStP7v6Rj7BMJnWJ9Mb1NdAGsS,197320808164265
tz1ersiy3MYVu89DFXvW7Qb8AM6LYptSsoT7,225141292777492375
tz1UFF5DSDDtk3fM1ewaLvVG6fhaAeCdgYEt,17305695749295149
tz1dcpUhXGeXexEXispSpfv7CeufoFnV7AAf,1384238795335224164
tz1RKRhkvC7MQgKfPejvNaHGshWUDsyJKZdT,817098227820618349
tz1SHzbhYsbX6Uk51hJC4JkjgWM1gWaSwBqQ,45334792503849454
tz1NW1MMFL3jytxBjhx1qATMJyY47vLBMa4p,20399231337107966
tz1QRm2TJKnarZ9tbL5CNjN4Ltq9pJtytuk7,60401487615
tz1WJpBDRGfa21un4yQDKTGXZw561nsGg7Qe,1257262548999202
tz1UXAsfFeufr6p2PafNr2oXNrTDSdtwwdgm,18321048970070803
tz1YPUNi7KW28VxZNEu3fNkRkJG55G9p7wsN,26233049861714
tz1YpusrSty7ULz7w9sM814trSRmM1aNbmZd,929786560068956275
tz1cuj9Cgi19KMRi83UuypS89kXM435qdhmy,2223739686495875
tz1htwxBMBFikeP8SnQiEQyA9n1ryDrDFyLK,11396510630127797
tz1XTyukKgkqq9P83UkV15np7EtSSEy4kAeY,11673054282571226
tz1WMFtCLLeRiayH19ZiaErKq4Zu9p5N73Sr,321025212306437
tz1RFUjzPENm3vF7quaxfELQCfNTCSjAsFdA,112352070898705114
tz1cLd3gXJ9Fk5c648hRzFvTnGfT97CxcHrj,191300684667847362
tz1Te5JR7gzDBwtZLKPWSPuTGFE4JX21vVur,4396316577819
tz1YDRhXyq5ZHMoHXJX67rHSrUFTqhYjFo86,13162747734480710
tz1NGDuYTuuB1geX1K5b88cqa8JinFLdd3d5,56982755210709822
tz1XykUaKpskyp7hDEZjmuNTk4gFU58a46KC,6537404632956437908
tz1dghYwdzvHc3tYHp8iHpNUSpmAvvs8Zjs8,2819617090264552925
tz1PuipWs33aqS2KSG5k1qQtC6Dff1P1GBmM,42653192560434665
tz1ZNxMa8XsMa8JTv776X9iCETcNoo4SY629,24896101880532744439
tz1iAAJhH465Cf3BnsKQ744XHypQGY1v7Ps9,58122186195
tz1a5QW18ULwjJK71LSc7UqNGgryrFouHzf1,8322379214314668
tz1Z1ZX2B98nEAvEnLXJBCnsJ6K1GqaSp9jK,40973294341112716
tz1enT2GWv7U8jyPmmoVb228u8hvi6hJh5FF,106799899503338810
tz1gVon2mQhvutR49Yd5XK6k4ypwWfFjMZtz,44674307821
tz2HSz8b961xoDjDLy3aFGogvW4HEqXXdcR6,58520720354507759
tz1eSGjgq2NmLWnaQFQxafXK8ZQF5V7Sz72y,4885954453324288568
tz2EP3fw5CbUUgJdx4c3Xono8Gbc8PLXGRM9,86172497323103425
tz1ZhteLTqobRVCYsPj44oFfom5BJ2SdGxeE,88026101366061166
tz1aRF3qMDrbN95f8dGYTKPaey6J2qQQnk8j,28683063111158451979
tz2ALu8Jxf2SMgzSZaZEwfiJQbogpUDPStwz,57438395769
tz1fCHiWZ3ReGqvhxkMejVzcnXYz1rnsJpow,2340102654261389921
tz1Mdpj1npkpaxPHF2wFN6oX8SovVPfHyXSy,28463949218188349
tz1L1i5BVehYJBebCGvPYU9kZYGKBELGUJGH,711546980023202186
tz1TR56EbNTEEDeRrsPzQzoyvwFgZT25q3JR,39451005221804271
tz1XbQgDFCaT228TPS2YUeHHfpVqGW7ANCDw,17360852979711
tz1S1Aew75hMrPUymqenKfHo8FspppXKpW7h,4777072023739097
tz1Wb4LakUUYuFuuEgXXQrNZuBD49Trodhwx,45033382470675409
tz1RAfKUFBX6P2jFkCpzLFntju7djjbtKAKr,1684289052582893813
tz1MiQ6euA3EEdnZxJ6EPwVsHzd6vQ7AHJmU,102112703591
tz1UFwr89hcJvC4sNCYK7zSLcaD4JW2KkNYD,479420059811888596
tz1TiJBTfVoXxregtdgCs1rYd55APXSAmniz,78180038686
tz1ZPSGxrrPPfrmoGJgpXDArNJfNNy3qGvE4,39281895153628613
tz1iQ5n52oSKgdtdYtqEJgKmQYbL1nn2poB8,1066772660395370605
tz1gueZ7eL2KnvxqWudHjoTH3ZPiUCmwNKR6,132562188246309184
tz1QxepCwQ45EwtcxkgXZezHbnidvK7hUywy,719319225662277575
tz1WT27PugwGBtre1hsj6BHmbAK2qQsVbRDo,177636513943742932
tz1fL2TsQR271w84MXx3qFD7y4PZ1F2mpHFA,1457121381660
tz1KhU89QWZuuhhnDD1paFp1jYMdpJLh55im,264264822980218718
tz1QQyhTMAmNQPcSGkM7GfDva8hmuFPAxUMB,176510215364561569
tz1htnC2n5n27PFD41q5X8bDvDcjbGMUS3f5,2892581486170322769
tz1PoickddNEkRN6qp4K41u4KUW43vZ1UDvF,5866279025601309
tz1b9qYttBxHzoEseqabgvQiCxafZzkAtH9G,1246244817203606522
tz1MQotPcNdc9R3nWCTwXLMDqKLS46WqW7Wx,450866134355761599
tz1favSqpvTLtedjTm1UjuEmKfgm4o9kyLd1,1016427800779799835
tz1XYuybht7U1RVsUip7H7S31fBDxpUgpTXP,53335653214
tz1WHUWCMqVqq5AagGN5DrytqWz88tYgedUr,49261973845518463
tz1YJvMiZyXnzvV9pxtAiuCFvaG7XoBZhbUQ,251448297878747447
tz1TmSForCvNii8rmwL6q2jgicQfqjNFtj8K,506656692639582040
tz1eoqCSmqPQtTLs53Rj6gBB14eQh2aHWVxu,10173225521716346
tz1XhZUHsJAFp4FHoeeQQ7auVBk5j6xoUKbS,13771300875305883
tz1Pwh2MBs6q2SeLHiko3iJpfMwsDV46bqQU,2579140694152179842
tz1hLWsybqnJtQRFp8skYy5aZLGNmL9bMUpa,276103419961792180
tz1PuYitvGfsBm7C3oYAXqNc3t5wNhWZj5Dh,244485754808831877
tz1dbCAvra65bwTVk5mgkYUHUGz3hoKwovZ8,82237906024129008
tz1T5NfkdPfhkXzYx8akPkdznxSgU1Uf5jEG,206394259580853556
tz1PYqfNnkpZydtSY2Tn3Rv8mjkgUpHJpFXC,573574165895603736
tz1WidyAU8wuyG25Pd7b93bcx9hMu7W9Pea8,5737549354030488
tz2Mz3ovkZR2HyC89CHHSdsrPya1mKSmLWfD,39788968377320056
tz1ae2d1BJt7YUqaaec6Xenh3mBqS7VjSZtK,35686502569225768
tz1g1vr7gbU7kwxVqmbmnovTGtdeRxFE6uBk,9347086379681305
tz1L1XwcVmD2z4qPfLtBJ6RPThgAwLcXG6kW,6013681855334267
tz1epFVHmqeWvvkFf2eskwhQ1AY3JwWd7Ej6,118523676888047132
tz1QRcnskFh7eaV7QdEnjoYdDfrDqHgmmrvF,308254993351810515
tz1XybkRZWjLx3hwcy1hQ7PT6FWEhpHm1FBv,30143011716782693
tz1XcuwadWbLKkc4mDVxRo25dbtwfEa7wf2c,212413689948332728
tz1hvRvzke27MGtp8CsSvsafxyyMWSVYM1ut,10750957206275400
tz1a7MJ4HMNbWDhKZAqrvzX5P6u2E2mJyJiV,411252838120881920
tz1WeLuPLjUs53Yr1RCgq4EQ4d5SvV651Tqt,4036950542343975
tz1Wo716Gggp5HfupfxtPgmYu23rDQNcLcD8,382575086369131924
tz1imyQrFWHyTp4avUNAw52RxdFjU3HPviRN,105318967608712945
tz1isKR8pS4pdgU934K1S4UpLsF56ECJNArh,142281698754339887
tz1ZVoeS9T3H451BgjTe18pM1q1LPd2cgB6Z,223864985856410
tz1eL4fYCgegW8tLCbQ1mYiKY3TdDxWnnKo8,228462088386538273
tz1Rhg2UDkjgLhemdSMtiGVGRmzwVLVaHArD,28371538090834477
tz1dPHDXSCFo8PienbvDMyCKr5DXjPMrZkJ1,189912035549371760
tz1fkkxXSMtSQew8F78XdsnaC26AfsXtsGiY,39939988393363246
tz1ZuiTWKXKqYfzFPaSaAG3Huf9QM1AdZ1pJ,145425177818936350
tz1RsCndtupuxe2U3syGAdcRBzpNqJZ9ANNc,3037580866893337640
tz1MrZQhiNiHK14oEq595DLsVQ9wC4Nv2ZXW,18193598003558721
tz1LJQ6MPnjGekNAmhFmkm8XWtM6UGx4MyF4,695169972192124110
tz1hmxzW7MuU8HeRoCFPGZJnavGf5unqgaph,417846181314457107
tz1Z6QqrAbEAMDLsis3v6b956sfH6qLTSEex,1523152860573229
tz1NnBgY2ze24nQDpdY72wb1GVsee1UfAT3d,15284953493597806
tz1dAW94vB3yYfNPE4LM2txBT8PQ21Zq4Xzf,34189530180907329
tz1eeR22tmjPN3rGDikEMvpe8jcdXww3dqTt,113965074732953319
tz1MsfyCeQEt7khed67HHsAidezZ1Th6mjzB,39522454676807812
tz1WBMWCwjuFSsiiLUWKEQHEACNEat2S3EsD,6607211033236427
tz2SuPjN8dYMJQe548bTvSPL1fdStZPXv7gT,8396085645801322840
tz1N33TtiYBQ67sw32rhCsMSVpZkrSHWe9aq,1779838029197284174
tz1QMjzbw5Yoi2zPqUeg2yuv5GZdmXjhh9mr,113966552745958756
tz1ZutSZgCHEzxspXyoSYSREhwHh5g4PM8hN,71342134428
tz1NJS9T6FKTnKUkVNv2g44GHTAhzH77qiYw,231151785092385346
tz1URL5HNuTa1fHqqCtUKXUM3hm6g9c88NgF,359864199621560
tz2M9C5x1KoZGoQ9xEY6fQ6Xwbe2GU1RTzRx,92849322806670
tz1RCQDHtpdcwfgF1Kbbyusd6xhfjbXanhZ5,1344679412366955640
tz1c8JTzmA6c7cm6ZmUwR7WES6akdiMa1kwt,180438202279997329
tz1XRTNgXgWmR4PqxZpiB6HZJ8Siz3M2JAim,54123108187060310
tz1imbraxLCQ9TUpnJVP31LS18hpTqG5wv1k,128078032862107331
tz1iDuz9LvybPBC4kDc7ceBoKVDwwzJR7zKb,3494406819565009818
tz1eiyML8sHGBL139FwJQJeLGHWAFtDqPz4U,11396507667035952
tz1YQDCB6Hbn2ozMyS2kf6WPJDeRvJtmtNqQ,204183503592998319
tz1eeNRXYK56vgSfXHFcXorubcaBBCVpUY1Y,73393505706
tz1TQw8erN1a2LpfRSNMExicRXMveBPbvTKE,21153905060680
tz1gaRjULm9qy4D83VCvb4ABWLKpz4XXfqjx,55234919414959590
tz1hAZNx3LrRKFgfRytoLNVGhCrzU1uVDUHS,180219040261857098
tz1gJaXdi7Gweq8TUSy9knB2wLjioTKy2tZF,23698188266626192
tz1PoXtd7RGVBwWmmZvxX18NQXYpbNdiwwtE,315393111124030783
tz1RLCvv7wrWq4hTmyKk1zZuZeuUXNViSgRD,6373568860021012
tz1QFk2DJhPkzp2nCN7Thpo4askJjQ3Zw6BU,122457368516935
tz1bRDYJHp3ACUojEeM6Ja442YEwNmcb7ph9,111870578730704354
tz1MDs7ym4sp2FsQhL32vuAnEqG3ARhM9Vi4,120802981954371523
tz1Xy5UM1tC3CFcbPBVq5PjufaxcLjMwfQkE,3276174067052692
tz1RAKBnmd1X43pkkGqywYCRgf1Uo6D77zMx,3275943629679186
tz1cXwKRD6AMy5nhqEVUU23SBxcAMnh2aKLn,36531437856227691
tz1imrUNR1R52GxhP4y6XQCDDXtQs11GarTN,2363666912355995
tz1chab75LnyqBqNwrK11459SGCFQXLg9uyx,59785539000622233
tz1USfPTFciXzVsQL7Rk8HmMWyWtFEas7fh3,130971233690202236
tz1btYY98CWBVCGEikD7s1buWjpicb9kG8aH,2460209345173098
tz1fj962xSPKTA57yWHA43VeVzo8KqdpNAeF,172609083263722227
tz1ioU6W4otB7ebgRZTq1EVVra3vMyXqeqsm,32215015482986405
tz1N8oU57qMgDRr6N9pSbhaiWRRQSxJRPGoZ,24992957258388058
tz1fCEeLBcuSMSittqTnMEhcFdPCtD1HsiZc,581289198394696
tz1WsKkY3TLDvqTuK97Xu4zuVoTb2nsr7J8S,21071664564955306
tz2DsS3zeg4pqoUnRPHxvuRSuQrjDnTZcTNJ,366871531973268
tz1gSGxwMrToBdzLeaxg4Bregv6W2oEbNLC8,1059372769299765178
tz1X8AQxtn4KzBwMZ6MZUVFDcACrfnyfYhDg,46953609240
tz1KxARuCbAoiGGesnQjr2pvZa7CzJR7V9D7,83138061292028853
tz1QS7N8HnRBG2RNh3Kjty58XFXuLFVdnKGY,6830974393714858692
tz1RAP1j8SjwT587jyccTNArBFhC9HhGKfHq,14646902265209399
tz1QiZCuJMuVz3aq7j1Bq2v3BRTQPCdTw3Fb,223692449018005372
tz1L8hBVpams2fWFC9kS1sPVxfGY6Hmg5TQ8,31812254357531341
tz1TQSPkLPqXUREhxvYzPbAib6Jz35w2a6tw,104265884626115211
tz1XD1xSVzgY8Qs1id1kNyFJDbv9e9pNMe2c,56986991976188281
tz1Tk1MJDZ96bK85RLAqtKfnptZZyXsJ2jaq,51582734641902
tz1hes6aF3Px3D8nPQx27fdwBKrXmGs1UYxT,331312023110947415
tz1c1BG1PEeuhMFwmonTVSGafehicqbBJFec,9684458157186741
tz1THwbFPPPBHmBu4cmLV2SppLFrA5QfBhyF,45415259285788258
tz1QSwx2wnmrTjEGrid79c4tpFMxjCT86SAy,97464805358168729
tz1RcJYTsoYQ7adtNMANhwd8qf4zApM4i2Yd,241499674182502460
tz1cvrgSekgCqgyc1c2qFPSeMtux6AAAfDsk,1478095263127639
tz1a1ZcbAeBEjxYSwuNKxSu6FbFB4dxdL3m9,1335651371696087
tz1NZnfrNgCGdECyAhA93TLPTSciJcZBJqDY,5528551950092171
tz1UGuKv6PzgVbofb42VgeRwDwsVN47UpuZB,192519052419669707
tz1eCzNtidHvVgeRzQ38C81FPcYnxMsCEL6Z,104050109797
tz1N3nvFqipu91tfU9s4GXGsopawpwxSoAJh,9370777732751272
tz1LFeLTRQZrgKxbmvjz2ckViRhVw9BZXw7t,2258746949110878577
tz1XuzzMTz1LhqbRPy9uxfRkccSxju3v8Y4j,37288885414757209
tz1MoiwNRQWHfA71aypNk8J9CsKjfmq39c2F,408284814551125918
tz1hhphPmGxL6HEmEjoVSJBy82FMWbFwzNCD,2282235222264154
tz1YHLm7Lq27q3rgVXLY424zQMkvncVvNiaK,12536159516407722
tz1fKtBhuuZiMYhM3Pi1hcP2sjRbstgDrmqX,3668162512949728
tz1XEA7cp83PyiXfSxWu3uHjA3EF6Gdh3Vhq,12331354938735027
tz1UXMLCt7dqbUiJ2BHRhE1gFkdVkmCZYcM9,4018246116215392
tz1iKF8o1hCLaTNZcCJpgKQBQxkpcSiBy5V6,160965878276931383
tz1c2iwyckUCcicx2qxqtwLEartYFEHg1pvB,73276379130030306
tz1PQDUDph7dDCn8pLGXqaR79DiUWLiSZdEf,38520023838720859
tz1fUZ5pMP1gUjuJsp5V631cXmA87Kxm3cuZ,588059770888634753
tz1NVsmLrZX4jad9bNdvM1EskvcTq2LSZhLx,507929157445258495
tz1PKoh9LB2P3pgh5ahaAFnrC2QBmUxcHDJU,35430474641219390
tz1cqoo91JCc6sKmNuTVKNzwUdi6E6moHWFb,150528258015560574
tz1ZGNErBKdYeEPjZuqKXhyTixQTTPn54bx3,4197403263841170
tz1QVUXNoyCfKpAyxDpq8kR3rK2AShuzQxJ5,388833899912327720
tz1UVTMhbMiSETKCxFi413yZ7imF1xeyt3fV,116262232883505774
tz1UAYfFWmaTrQTYMptaGCw6LrXK5Yv84VnQ,618885494472885
tz1hLhGe26gqt78sZboxiwne6zgKMqirRieW,4378534721761253
tz1RYTr2WKdJD1MMV51kN9AoxPnxZJgJ5sqU,6210180772599585
tz1R6mtcAQwBTK9YpSqRL9y2a6JZWgDkBm6M,71114446243749611
tz1Sv2XMQNxcAqyqyyv42FHjf3EGwJ3Godj1,1269012499654215
tz1Vh4cX8VutUUUnnjmnY2omSV4F26T5orLH,857457842207262
tz1QGCWjNpYmcS6T9qFGYSam25e36WeFUCK4,68896924776827946
tz1LApX9pPhcDUDznHR5TTCcSXh3m6zPgFHA,6314777246307299
tz1hUY7paB2J5EhD73r4oWL6uZubf1UibHrk,123004165218160316
tz1PWZTKd1zhfuxrixGJoHJ6G17SQiypwe5m,56640640273
tz1V1Hu7nMcgVuMKDEZickAKHHZavLKTB7Vh,60971312970
tz1NKHjwrYfg7GWwbWZ3bvdejkVL34De72Pz,59717697189
tz1RaZeHEiKewSd14gZ7HKfcQ3HaNHJ5tnV6,1228408329514851340
tz1aiLrqvULcV2Kfvzt9dUmqnLQnoNXPPek8,1113353058758865022
tz1M2h2hPZzov29kf7xcHXrunXb2jFSbfiNd,572698067276095569
tz1MToDUySbYhPabULUyDPPsfDQF1cpZPdoH,86179329112300226
tz1gMfLSQs6xTM2TcLM6Sb2njJ6h9qhSsT9Z,172561317217742411
tz1Mt4ddsTmDs4of6kkWYvMWSUtM8zbGNMq2,53221688143
tz1UNTxRbAYTSBSdHMjoUoYAtLH4MHMUiGwg,11864025324069042
tz1YUJitqsUrFfFzEp1d2RiqVwV61J8aPb4E,65415950737
tz1TqqKqc4t2Y6PTvxeuhF8kNjVn8HpZkKma,82855243634498269
tz2VoUZvPNLyq9bZ82VoDLrhkH8n6eaUoS6E,15633786216244480
tz1ZvbLR47deoqaSgsaRXe7hbgDgwonBicnV,1686375151410783412
tz1L8m6MGdvK2WA65wQ7DeVwXVmCS72JKWeN,15943333580635056399
tz1iCJRFVD1oY7yQBap6X59XktpKHJtgCGyS,3879677809861544
tz1bnWUvcfU77EBpbLUQ41c3hCBKovGuqyGY,260807495734602314
tz1STAzkywd9GnKGvJBPL4xWte3LCniyu5ho,75161558677446791
tz1g6cLrzLxNayiVyb7BLsKK6TfwboqWaYPx,28895458525431694
tz2Q6ugZbronUHSk8fbuHibBrBEJwrzgtL8X,22906983596065998
tz2Kn9u9cxvTczP6CjirJnEE1UApmoCzuGPB,63225094988931530
tz1aHfKHR887WzmpA56K2diKDufR3QJqn9iK,4209305375225521262
tz1bdbHUpDrUx7m5g4VTSkjnc3mxnquzRTcw,4879151195312845
tz1NoV2nnTuxavEAuozNyHm4nqT3qtkYUNYW,61427173253
tz1TQJjDtzUWWAa5a9H61iyPZmuKRfX9hXi8,12160410160487935
tz1ewd8gDnG3USrTRJVdbpsyieVv9fWDMPNk,206093706012738915
tz1PwxV2kaHhubkYaRWTnGBvsxXswz7V9GWc,414415295773507
tz1Tpms3fccT8x1pVY9BQKgnvppew71pTDDd,11398664569969170
tz1bNLPqmLVxWF6puxbFZHU1yCJLiCZmHH2E,3411622961651318
tz1ajJzH5YBGRuXnU7QDJzY2qVRGcysUbxJE,11396571145580484
tz1YT4u9DnGFiRM8AXXACY8LWuV1rW3A2hFb,603109249424398
tz1QppHuA9TUoFN5Ek2ZSmRPdU1xQiwRSnPb,6345918756415841
tz1fne8nhZuSRgzaQPyaomKQcFRfthyicBQc,11396511655813436
tz1PGFWJqZhk5BabfqxfYixpVH9S8vY7NKj8,72823680351
tz1Uva3ynPUXqpAsWJ3CxcXVPG7HEXB19rzU,116456359503853737
tz1cGZNvVyHrKgbRu4b23Nw896JD6GYhZKQm,116264497027570777
tz1i9THBDe13YzhSmcdpcWKJrL4raaJ1cpN3,116073108645983061
tz1apbBneTw4Ap2kdmv7gfTv4kDPYbR5HAkn,98345162738414053
tz1MJ4C21XhL6B3YptprRWMuL8oeJquUhz4u,76793652534523878
tz1SMoz8tsJzeQPtGhPEjPnanQMvFc5KitVh,6357700579418009
tz1XuNQgqT23u9KcwmRLGGQ6w2n6dCE4bmoV,9477142643879296
tz1WrZ2Th2eCuq5NuZb8nHXPJUjaBE25Uwgv,75672807125
tz1idC7XEoSZ45sXLwp1ujYJ3yNFi2tkLT7A,39909332814957388
tz1d4649CmmMEzXBWzhTgTkFxy9ATNhb5HC3,1284210387786053
tz2CrWArLr8eRCj6mp6yYQAKshR9MuyaK3Qu,129336723849306097
tz1WqkwtGV3ttnchD3bqmucZwByduHq8EN8f,7782126752623883
tz1dVTewmwhAqfBcAgDuDuF2sPUaafuPA8mr,121064300899018717
tz1ScePe2eXYo1RBdEe12hNY8KrvHyjFhHw6,1028470520937334
tz1XNmNga2NyqFiNpmEN66fpySDoGWoKpKXB,2791055380572094
tz1dXpsNAWLHVYNWSqhrHCHT6wh6L1fKZfo1,78749864041
tz1N2AezxpvrXzvGaqNVW9BqXxJ6Rcup9M4p,4279420594662413
tz1iFKBz9HbJDp6omQGG9LC9bTXF4zKdkJfR,5808794766950189
tz1fFCF6FogyPLLjSk3FNTG7gVdDWfPCWVni,64504230170
tz1WUmNdnrv1w75V7ntFSt5kSuyQfYuo2hqK,73507470777
tz1LYQiMSoy34xAUD2NnsJLCTmb8HYYR9th9,5855439302918221
tz1VYa9SB4LtsHLWZnJXc1JuL7wuX46orE2Z,200957447636359569
tz1cAxm3wHEUX9tY87sSfdVfHgCWcPCTkNTA,82814333706936483
tz1YrFGJ542U6jpYHpe7BFHxNfa2mb1wpAdH,1326785293904608
tz1SPVSDCDpbqigKWVYnbgHEudxSM3BASPZj,1023565415017967808
tz1f7C7HeTczoCxoo8oQ3vBDRQTiNM3tFTZu,50067763496832009
tz1P8pHeW6qWzBkgeDvi3bc8depN63r5tt5s,38831099722562508
tz1iZnkruZaYGv3dfER3wEasjJj5xpaTtMjN,170947609421250811
tz1Y1svqGfYwEN9J3ne2WLEuzUVnwzP5qoYW,17675718330143
tz1YmwJZfEerVMbc8uuJc7xUzE64ma3Xfu7L,11548590179435814
tz1aQbe92zZy6MNeRFtgmgV5dV5R4BNTdqK1,10966587012088966
tz1THz87Wwo5DL34CELa6psvuH8RXShPmSbc,2963143927312189
tz1cgAHrLkuj5NrLmQ6LnELKFKu3i13CokzB,53449618285
tz1eQ9skdokeeUyTc4SdNQMPigjZ8JY4kzus,147481735043408147
tz1S35xPc2sh4kK5hd7KujsWU1G3SUdCnFqp,1923388940367104450
tz1dYEEirVkgSnE7eGK9vFUwxWBqibkafs8W,34266865624453219
tz1VLGH7SJ4HA6kDXRiHYqVFkn2btjnoxqib,1107933866536026505
tz1XYkmAHtkZFjZLdWNoL2BTqUws4oD4H1PR,511651277364162073
tz1dCyFm9jxuhxJEi8UW5sgiS7TFubaNT1J7,646152321493388
tz1XbmhVLdDgsihnVoyn6aTRMURJ87YEbG9B,62683389893688784
tz1Sk1mwyBQkcyrwWZkftmR3Mjv77BEGUw65,13077975789740508
tz1QHXGKA8NaCmpZLrvrUyBpYhgEiQDyWY1r,8623483285918295
tz1NS4ZXnzYBPJpspW2svbqdjGsgBsGZchzV,456349198545285
tz1LUdy3KnxyyARheKtfcnRymhUq82SKLvyx,263777091519875
tz1LxFeaR3ZNkMRstvhjNeVbpv9vz2LttLBz,53107723073
tz1YRG68NdqtAcsFEwTUw6FsSsiBb5kagEDo,5730061024940778
tz1NiraRNtWgpXyyxopRTk2a7Py9oKFdrgkB,28671184877956106886
tz1VnXCALwSCihScu984A3dbY6XXLzDqJWa1,62366648740369015952
tz1ZDDHc1YycDdwQezjVDVCSfSB6A1xH3YxG,52196002505
tz2R1iMz3wHEx6Z8dpdPVgb9eTDVh5NdeqNz,64427694077673891
tz1hR6q1QMUC4wLD3izGsfeZ3HuyfJH5QajX,2400136801217840
tz1akJUKXFmNjxKaCqcEHmwbx4u86xfHLYJc,3490011982960308844
tz1V2FYediKBAEaTpXXJBSjuQpjkyCzrTSiE,9129623642494275
tz1Z1xRcvcqPPqja34fWNd1StABUV38LnbpW,1196736059671008
tz1egZ7YNcG81udp3pGXPBsYQsUNHB7xAH7V,22479209491030830
tz1TSowSJAKRqQbqjspmyfN33nps1op2GodY,114523880179941
tz1VV5912Qp7qqZaQ28MC2G3RQ89UhEdueqt,5588605749240878957
tz1codeYURj5z49HKX9zmLHms2vJN2qDjrtt,3532468460610169585
tz1WXSxKwhw9EectY8mAdUFXDBHFnPZE3HSG,498973584438872271
tz1aDrsGYyNbiqUX6eTHLe5otZJwN5XQh2kG,7635480007074753381
tz1gu5jCJunSaHjR52rcu3n7SgDCJZDLTqJM,25010556657599814
tz1SDmZnnzpH5GAfHoeXygPWwzJtHXADpohn,7623366253109834
tz2KgCQ3sTz3n3jrU21DveCfTVFgrMnzeA7x,11021807754518927853
tz1XT3SAzJh47s5DxMJud63MWnvDftqWFtS3,592255287349358044
tz1bQxeuFnf9PTDRUwu94sU1GUvU425KqCeq,334037777133075
tz1Rb2U9TbEkYVQM412wBzBbMbnqX2r4CTXs,301423822947632
tz1gaTbRLDWJFA8bzcvDtkz8HxN6V1eL6gwL,4770619359581453
tz1U9RY2mXmwAaSSm67rEy49N5YE1Rs7K223,4983505812465622
tz1ZzEEVRzw78fhsLMM7JvV9CxZUaWGB98U8,16222466009196583
tz1RSRuULmTkaXTjrhbFuNkE4mkJLRGPWJmy,69746623434
tz1hHz9wjLaZ3p9sDo9SkqT1t5wxNsK7688s,18770690635896563
tz2BzwVtwa2mTbspW1qqdiA2UtctbGntxAGi,1890062495659618178
tz1QjLLgQidRchfWMvHa23uhfgdzNKSevELK,1440115973710361857
tz1WW1xr4mdTif7jorgVr7aqY3YnnJPSDXj7,13553598459321737
tz1coEYWsh5bwhhCsK2Dc1SXTNQs1hWs1QtL,19617298969849562
tz1YKkEwEXk5g5MeDzNTgfDwKd589rGJS9q7,6946888656376362
tz1PSiE9EmFbQFb7K1cBxPTsbPdgotHLdy9e,21270580781592727
tz1hWxyYMfK3h3y7WvL1ErggtgneuNynC1JA,18512045397948520
tz1agphvYoUaWn5BjTVHnqTTyYwURTGAZyBE,136250021925761
tz1UVjnYXp5DZaCX3JZvxQQqxKnXaVMYAYZD,82339333423464993
tz1N4Q2BLS4sYvKCoM5XxFAEL1yoEY8TSS7j,6935708781432630281
tz1XH15XMCB22rJJxHLsZgVhXA6t7kJnmFa1,36710738646527821
tz1NEmMNjFtXgixkdCkkGsEn7k6QPeG1G1Qn,204758892266763424
tz1gVmWVnkT2yQr9gmed4BgK22SrSPjfpkEn,190381278409649226
tz1huGodLQWq9gKTZJ7D2Z9GeymHBJNnXvtd,13644696052277
tz1RVq5ohXzWvbqHzUgsmUNWHqin9HRkrWPz,156340751976844
tz1aGLjZZLDwYYSevU3HLbEXenAxwRo6f6EM,44329182758410
tz1VLnru4Qd3CFuj33ss2v1feACiaLaAQdvA,107355096855
tz1cj6FQs2Zjuwwf1uY7e7fLQfzi3YAbNj46,56983002173018619
tz1XksiJMYSGBzqZqbj4F1dbHBH85i9jR3Zi,98796347149405563
tz1U6R3G9mF8n9qH5mhrMZjgJTMKAEYb9Uw7,1917919185196540333
tz1TtLSSFGrP1796nyd1ZhGH3o1AVitoukLj,2761350101146046
tz1QoX2rtnpKq3MxJ21E9NcEKxqPL4dKsEcn,473337559657503452
tz1iXbbzm9Wogk7D2W2qNwYzePbQVmYP6BXN,8536810930429124
tz1aQGJFwYn3yzghyRbuWNapzDZjXCEfYHuW,1216283272198539
tz1YDowtv9HFd9eUoMZMNjicREmagF38XWyJ,125931403424
tz1MtaUicPHBwrvkwnNwikGFfFWdaPxYAvJc,11078940919715263
tz1enSmESCGkRYo2CtDYKhqUHFTAQkpXjYjg,11248613257029244
tz1Wn4Wc6d6jieFpj2DJaNEC7HXcwKexW2By,148154604002140080
tz1c2MCGJM3pFb88Spt1cWgxGtXAX38Ur3CS,90880547801946651
tz1ZFS66zDerPgLPnYYEo8YXveudhGbzjESJ,22137388632138997
tz1ZrtiLUXfjKsYskvr7fmZk9N277YQcv8Ws,54930799356707461
tz1NqZnVNkS4N4XQqZaTigDQpSs8nc8RoMFW,22444117537369706
tz1WEjGgTyPyhUapqCRvwBnHhLCNV38Jr1GU,12124847178854344
tz1f2NgqK2bX3LaPgeTrEWgFFqRJgPNzFAYv,18789458175854107
tz1WGMbfVnzVSTD8oNgZA8feaYvNvBYzSVmD,13574535621669703
tz1MrpnRbw6HqHvKyBE3811uHgJYuvVj2hwN,11503106035820421
tz1TkqGsSx3gB17SLAcMAnDgfs53kYeFez9Z,23866973985792915
tz1KssAq8Lofcu9MwuXqpvXh75ufZSCsLQun,19388366505106151
tz1fhd4k1jSJRRcNVbkMwVzkKEhX3kzApsfk,32985793197086344
tz1TRrpXyABLU7RfM1fR5AbFM4g3F71KpKVS,4219354148115304
tz1NkGJR1x59KMwfLr2a8bAqDYSm4WeDjeui,14743987663349918
tz1b4Y6E5szNCHKZadDnAvdUyBfr7eQoEM3Z,54493079226405584
tz1Y8v9LUURRffBVoJNysYTMzb2NranuM3fd,8372465141223587
tz2ULsEpiuozejYYvEcwYq76vDHUEVcyYyE6,1356919459578712
tz1PQkArZXKyQjY8gmX9yAF8NEtEtbuekeqP,7859036879322661337
tz1bv7bDGmKDPNjX3FBJ5nPG3LWnT7yB1Wto,270899346540469108
tz1LrMXpAmdVrP5daG1dyQnTia36EtXQGhzC,5170292463738605
tz1fkdpxhfX9pyAirzTZ5cKUKn7QRoPH635X,26809483391308
tz1bRxQfpDiUrzfEyjn4Hah34a7HNmoC8qyN,1600537712281228019
tz1YrmdFnmRS5McKQyFsXRrTSS849k9CPdXL,7329334708039202
tz1TyTnxshr1r3xEQDsiX3sX96wvfwm41tWS,364582644637951
tz1VFdHcm1vd6qTka7VHV5VmZPebpe4cJXsm,4185211824689860
tz1UJd94Mz9pyLzfC8SAZvTdDHUs5qkFvucK,102103477111460092
tz1i3d4DrdmVrQRVALsNrxw9J2UsXR4a819E,1542232523775463
tz1ajbUoguHiipVftY865tu8r1aRYEVWMKZz,407594080729869
tz1f94uZ7SF2fLKnMjFzGQTbznd8qpAZ12is,42254878418901077
tz1bmKAXCTFwox8xP1uSsTYiSSBt4dhtjx3e,80210940950098254
tz1b6XZn2k2tpS7uh3aHCMZ7J5xTR72ziJZv,69788791209249586
tz1gqAonCuKe1Vg9zNwFhP44fdPpHypGfZh1,20586397239304383
tz1fCCyqjcmwNw5Vv1b7yVXPvJzL42KqxWxd,23337679865373
tz1Yhe4w3qt2wiRz1LJv6QWsdHavkuLZtA3Q,159202323502503910
tz1eQpFrU6eQjmy2dcJiTeG18SK75yMPucec,18464506213529
tz1biyDVy4Zq4vZyc91eJAKi7wYbNFPJTzHD,5334244362892580
tz1cd8cN3qrphyJ3n337tcbCP2G5QkMP271b,316632495347666298
tz1MT9A2Fhs6PwsUXtYgVUxGNxHeuHX93sr8,4356041495319780
tz1igNamUNibU68i3pwGcdKLNr1Guf5oJ6nu,368270863743798906
tz1Yu1qh4mk9ejf2MLxRNnRwdHoidXqoSqqm,1243895959814146569
tz1Yoe8QLauwLiYB6bpDo6tXNtfidrrcUyCx,3931223936834092
tz1Y1kdVWiz11sFffcydfFtP6Zam6N2h3iSF,68471609907532
tz1ZPzoCDzn9kZD9kf9ZWg7bybBJdKnw9PMz,19705912700927230
tz1Z4HEApoZ8Yum7RTc94Nqt2eepRcHFSqcQ,81824356290964919
tz1aWwVu9MLbY2MiqL8H7WuzJ2g39m67oJQS,9105143715027204
tz1MAE9qgpWLsc2p6NdKZbnCcpzKt2QkQSzB,76957137073174484
tz1bYyUrzvViYFF1LbXxWeFiorMBXUtEusSj,71187920763307
tz1chAZukD7QacpWDUJ33dGqeWFvknj5Xpj9,166223318561741386
tz1dDmngL167C8BFXJwX569z8KPoBS4Hrmua,7536428312753
tz1TwG24jP7Sow6uq8554A6AUSxwtMQk9sp8,14085545318290094
tz1Ziaxoio55wxE9UWpXnaMgRtSN3VBhgGTX,316393858770864
tz1bp3oUKqHcF3BZZQcDNYqsk1nw91Nkr4fr,3103617484234185
tz1RYVLebe4eDwGTJSMppc83yugoYXN8G53H,3103617484234185
tz1QKxiyYVjjff51jz4RR36SxHsM6PiiExAn,3103617484234185
tz1MdzpED8Jx333i4MMnhisRxK4RZdN49AZy,3103617484234185
tz1bZHuPEvBTssxpk6TTErngCiqpedPz85Ku,3103617484234185
tz1PZ36aiHW5x5HmhNc7gvDNdu8m7NAuZbiG,3103617484234185
tz1WUqA3SszNphCmLgiDu5jSNKoGqAuHA77B,3103617484234185
tz1NXp5GJfJ6UZoiv5BYykyxkag123G6SQs3,3103617484234185
tz1SKjT7gZtxGYZzvwMJPczpnbrgy9S2CGq9,3103617484234185
tz1SXKgF1AcPkTDCHm1TaBSx1kkhEEiAv2ZV,3103617484234185
tz1hf9kC9q6s36AFnz5VdGPWfw3U3yjM5fd3,3103617484234185
tz1ZyPDo7hJ1xyUWg25q7rpZ6kZ7WjLNXPcq,3103617484234185
tz1L1CRSuow6DbyfL4T1iCrZcbvULU4Ndxbk,3103617484234185
tz1PHJKsafAGux2BN5RbnA9VVnJTLwHyEGKm,3103617484234185
tz1iuXgS8GQHX3UrFTeQeDJNRQwTqk5Ky71W,3103617484234185
tz1ZiutCQgTEedcG6bB4HyxHksneK2BGyRcX,3103617484234185
tz1SevLttnimTvtKcwteXobXLXeotdFivrCE,3103617484234185
tz1b7f2dYCGV3Mn9Kqd1rbCmjPLXaEwyHwQT,3103617484234185
tz1dpQJYQkWUcBTqx3sW8AEFsJeNUcAa7mVd,3103617484234185
tz1Xq2xFYJ6yewPo4G3AyYexq8YbDPFrMnJP,3103617484234185
tz1VfGyV1Dfava6M8oBYqmDRJR8UL2FfYoVi,3103617484234185
tz1fekve2hE2s2cRwLVMS82tXn4GPcugfCdY,3103617484234185
tz1Va9fLvE3yNPupePTdMPX7zF449Q8fjeRc,3103617484234185
tz1Wbc68JZxRJeaYQ7BV1WvnytzJfJ3LYFdY,3103617484234185
tz1aKbkT7her6XEBY5a5cyzG9sSRQXNdDfeB,3103617484234185
tz1LUSKkdCc4h33utT48d3dqqqWuNTHSy8Wc,3103617484234185
tz1abXSECVwRTMajFVmUzWXABPaGkTy35NKW,3103617484234185
tz1S6SSigi75RbYC2sR4xzTTyxZACqhpcxoZ,3103617484234185
tz1fgX3sRSUFc3NYTqj81Z7s97auxMoDdaHc,3103617484234185
tz1StsoAaqgEcbx65F1sWQs4F9KzXyycufcA,2765504459500373
tz1ZYCUaf3AHvBhVChWL2RDQ9vww4VtQqBQX,2752455515588230
tz1a3zH4CyejVgJ8bJL88F2bkb9DKTsVALu5,2759076209937127
tz1RPJZCCaXzywaZbUQ1AShwDGW2eqqopqio,523009743817734136
tz1TjQAiE96rYCGCGrbWCzmwhuKgt556AgUx,3872589126800303
tz1S4nxXjJiSsn5h8DcUXBJhBL6MnPoyuTdC,2030076235878570
tz1QwQdgo79b1b3Uhcbviz66JeNq5NSkLMMU,1951371675874402
tz1PmrFyfaJsaoNswcXgc6xRHsimmSVmpZwQ,2032575546691808
tz1hkfSmFhSUdaGv6WNbtnMyfBcifEc4ZqiC,1906873965750891
tz1Y97DD3qM7xfwcg1N5vNP1RFPPmYFrT76k,2003227956188769
tz1QZZJyziNF4YKouMcpV7fNvZAbsxbqW9En,1977668755667569
tz1h3iUBUDeP3uyFTQ3hkhHQyTdc3AQxugdc,2015401502367895
tz1LK7fLAhbDFMkz3PEmmtPPdMThLCFdf2Ew,2023809916235629
tz1WWRakDQcrPLDSdoMSKfxA2quuejwrcdMC,2026292599245087
tz1MhPuAFdwmU7ZCFxBPAuHHdyZ87yxDmUFW,2033781586541363
tz1NHrBGrp8bExPpFyq7mE8PivPK38TRHV3v,1823639238939535
tz1dkSFiGuksdcLuFvwinHxDTxGcaZuMBhZo,2017325002534490
tz1aGPrBTV7uHxetHTDrDXehi8axBZjoJ94K,1887430946906966
tz1QX6fBCPCQdrLXeTQJy8yNpoxfXcPGrPaE,1971030639633036
tz1NdwCrV7Tacpaxu3HXpePoWaYYxndWZb5W,1842944139790140
tz1aBA3X3suZiyhPLADGU1vt9EazWNN9mpWs,2021311092654548
tz1S4exgAjybUiCXdYy93FFq6UiVfrxk4i69,2035055689362791
tz2M8wUVctsHkQq6zEugKTgieYbdzEuuhpkc,12870536202100220
tz1djbv9JAQkbn8uQqXJEmM4ymxHSqmdzGy4,156062756414078499
tz1LXcSjjWHCuKHaJPAvPb18goJhMoaLgkaE,72382765809578
tz2Q7GcWsdAV2krjJDmEz4CNfcDfnoREZDeT,3350162769571998
tz1h2AzE3kDAPJYZeJ7rqfojDHwZECie5kyh,189863211504513456
tz1SJsRzVgciEYuGiRAxJ9S5NFFuFnomUgco,13135150792
tz1Rpm6NShycycR78Gd9iEtHVPcaUsfcTqcy,2288897209997354
tz1MBkViJxtsnZ8DSDxJFCR16azpks1uGgoR,315605598245289
tz1PPvPurgxkRirjhsih7t5aPveMs1ENt74t,227270328956527
tz1UChaj24fHGPfNn1aqABNBb5WWGZ7RfMuF,3010350438863469
tz1f5oxQvEXA9m18aiVGDaVs5At4oZdrR6Kt,48037957683315
tz1e9jhSiUVy9vD7qwnotAVgxy1rpjqGJjcU,906250636760519
tz1KwuJDP5WDyWWe8REH6RHTUJ1sfkJrGBL4,897410401898096
tz1cZDhWdASeB2Nk93eT4mCAdw4VvnMEw9Sa,658184652601674
tz1Li4CydFSpubMEDpKiNZ7NoWiMSgJJcqeA,677675620417870
tz1P4owaJWbeXsuqGSvggi3imzR2mJDpyxTV,16625950826737471
tz1PVV8i3pkUJC7FSNVQp5fatez52M9QLeAb,24100237978945544
tz1TXXmPc2fsvzzRwdQmT3W9iEfWygty4X2Z,26480727934557388
tz1ZZvnqtcmgdf4YKFTnVi9Cg1XEiueLCmBr,271070248167148
tz1W4jZBoLM2AGZq2ptopYBu353rRvuSh2dK,53975712012303667
tz1XpqxdnX8JwzcLtSSKkiemic12U4NkCbkG,19271264652004958
tz1Q9Yyna7X9nxjHe4dbyj8Qk1ZuznCTch3a,481523236277345
tz1Qg41X8F1dZPVZmc1n32fxRAk1WEgg3qUo,24076161410401
tz1MN2zesLxjCfB3K8LUBf6rvnXLk8Z11hm6,573058129513001
tz2SFxhkao5Kh35pbg3mQxbTvKbEbXPEhGds,3858578087043882
tz1bMLmaYWNNJBYUgPGsCV2C3B4CixzmnDk4,9487458690985207
tz1dHJmULw6DQSKAWYWpDXoqeecE4tG216yP,2834070446330929
tz1TiKTQkyc8KupyxY5QmPA7uf9xmhQzXAkq,3108353161791303128
tz1XUaLk6Y1T6PbJzfrmfvem29cDNp2dnSDM,1324188899579306
tz1cLB1J9PtkoJCnH3ovrn53ZWddfMbF2PL5,7222848544893755
tz1MhV6pu2sFcSKZvevrCtNRcb4yszVdVn5b,14523203570510
tz1bi7iZyxPCGjMUQMiouiHRxQwveQjuTu8b,15287733429550891
tz2PBAJo8zSWvHXh7Z2VineRxPP3tn27JPQf,2407616181386726
tz1duafqHy827Aw6bbFNVqUbpxphm8MSecwU,20199730740610374
tz1VokTq5w2ngWQtfwzF6pyB24Ro6C692Wez,13241888999460935
tz1XkMZQCCAC1d2YCbHzSySvaiGU7fv24gx3,276280737774594912
tz1VEbcByoqdaTKar1XRpada24pn8D5xRrkw,165437724502841
tz1N6Rvgx7tFsXkNWjHNdwhDLLg4oSoFeMAU,19309089046575043
tz1hZ3dazpeour6uTQCA26yzohhuYgesjzDT,3609377755046283
tz1XrThJDztPJoJEKbYXqaDxFzwp1Adbo1F8,55528888245743
tz1YtUbTURpWeX1CzHFamxS7fGdaKwKKgMzq,5013799468973895
tz1NFiJUDasUpobcXVdtKyBj5eDcdmjnAPqt,2259574660620
tz1SqQoCZfqRem7eo2HtKHSL6zbdoevxc1S7,43405443276671
tz1YcRfmH4JsdvLzzijq1mh4FXjoHmh2ANEQ,24076161410401
tz1ht6fhcHXknEg7jE9nFVU2gXUD15cUifUs,38477472420740664
tz1LxkEN5DUeU4usSqobNqYmvWa5VN1NC2B4,27764444122871
tz1d4cbP98Sbni6mxUmvAN9vufMZskSv3F4K,2907549581392186
tz1Q4mLBtkz5CbKcpLBB6shR8QUzcMpphNrX,4479479995573376
tz1TreKYWjXdKDaKCga4b8zobDq2pdHdGZuA,21017534420447816
tz1fwd9Ub1AwXaRNLUfdDCtQfWyeq8YcJvCV,16874044077553733
tz1Qor64hy8s7jH8ZQkMoaYLiS6NVmkeSBbY,30223041021497394
tz1TnjxYt7dKGzDoFj3j3sGudp4buKFEg7xF,9584129715418492
tz1ZgEA1VMzNomprfSrZB1aM5CBqi1nnCqHF,3556417407619270
tz1Mc61yajNASzh5KWZFtYs4i7EJbzAxQC4K,4403675656657454263
tz1PqercEyjV2AgKpNXgxeWnxgbYu31fw6CC,6624258385312063
tz1PzXjyPchzGUGH9yXLTgvyhhakFnyYDYge,112978735965341
tz1XrwX7i9Nzh8e6UmG3VnFkAeoyWdTqDf3U,3236223624098248
tz1QFsmp3jUZXxwmwTAL6fYheo79RreoZXPV,39737748529089349
tz1PsF3NELGCZnighkMmr4mLkCzbkoVPdGSS,3061628857202366
tz1SEEQNGjxP3SC8biDWMMHwgpYk1aeiQDyJ,209413251667469756
tz1U3YJZ1pFfkaUWZVWv7FvNyiUi5vKYG696,2710702483138630
tz1XmqF5gnTjgE6Cxu5CzaT5H7vXiFfihe95,240761617771885
tz1USBJ4HRxuvrVUqaxALcdXaRs8AC1PdYjM,9402390600757520
tz1ctD8vJYVazKJbCKa7LUVb7n1cEmfRQpe3,1129787361854137
tz1Zvu2PkSnZAJr3seWbEdt6W6KYWUgaanVh,412663659037749
tz1ehz91i7CxXaMnUjFDWBhr5uVvr3bVkBxD,91266569106452131
tz1cmp13ABTtQ8dhVazH5yWtx2hGZc42ywaV,96759208922654816
tz1LfKbYRG3fWd5ccbmsq9ykYJQekZEouB3y,27194963593574068
tz1P1NgMTMvhHi1amqUZrQHS9DZSizEW3p8w,677675620417870
tz1ZD5nQNtzgTzZxHgxgFuGo9CNBuGJHVRXu,22319366297729116
tz1QDp8TCD9dJgWoszxo77K6QukSTubjqd2C,919646912547800
tz1TxrHpaBDeAG95HkTxx6D3d5RVwb91fRJY,432952566759896
tz1U3ozNjAw2sguL8Pn36V7tX38aSYziM9Fs,3703400211384445
tz1amoqk71y4tqnZxRWGcttpK47XJnPx51jB,497148163511822739
tz1ZfxjoBeGkRG7zLgyH6gnYVNAL9KQwRnCB,1355351241569315
tz1Zya25zMcv5a5UbYyLYVuES7SA5eWcis5b,64654993242902612
tz1YHWL72KHVVRGxPfEA2r1jtLtuCmjM4hgW,97511239942488173
tz2MBb5FxZXzhBuAPmY9z4zYTF8NeWPEkiV4,393030523217763
tz1dsvBGt2bDoMMxagnpHf45ehgNtQ6ctg3z,103896160813936534
tz1Us632Z8mVMLZqCs1FXuwyBEBe6o4KjHzG,4063314018417501
tz1SWd4hwQtHrzisTLp6vydczMypKPnxBFTw,6892823056254978
tz1day3KgAK3ZEP3hN1PaZiAPpbnGD3Lb8Kv,143492925827533416
tz1LCPRSFPJ2kaqvj14SWo2VnxPMTeCVVrFn,36146986748286
tz1L8VQ3oi6fCbddWYxCoL1ckjFK7wBHdT48,669115947773667
tz1Mf4iUxRSb1NhhqdB2oNbo9rRekha11MDH,116176973897870
tz1dham37JdHm31Lf63N3aBqxJJyhcnGA9GQ,2209666906138414
tz1NATazbFfnypvM7q32nnFP6m7aDXrtCm1g,844222232230
