Address,Amount
tz1NRbpmTuPEFCCYCqCr7i3hkMRDRhBFgmxz,143
tz1SBxNvpDFC4bjW23CtQfVLqN5cBATVf68B,564
tz1Rgo7URug42QnhBM6eLy4MWdfwn4RovHy6,96167
tz1V3fPD3AKPNwZf42PKGzFaWU3vZ83Gjvfq,20
tz1YTQ3Lys25j8FhZQY61eoYErYUteSao3ez,303
tz1R3bKH1seset2h49p4vrZJCEL8voJgSK2G,5
tz1bdRJkGkNQ7homh4PTnkVM7xzVWhuC4EMm,15588
tz1Z2Ne4ZHxNPuCJeCcoykHVXTqhVdLMD9gV,28841
tz1Qji1NnEPj4Cxa9s2WEoWi9U9KM6a9gdDL,4889
tz1cmanHzitf3UgWgECzLpGUKpzEfmGZaFsw,2429
tz1RartAmPJhFsL9oAhZndSL2G7KCsaQqqkf,125015
tz1MyqKoe43P4Z8MfHoXVBTrohgcbehp2zLL,7899
tz1SRcMg9GRXi7paNeAc3ARn23mS3Z5dXa6S,278
tz1YjtCLzjw3bqPxJh6MqdVBFrM2zrsA9kyg,141
tz1hD7VdzRpWG3nmYpCyW2gNc8mQNs3TCgxu,1393
tz1f38MX7YT2Q7MAq3mDdj75GTN7vgqV2TfH,17
tz1aBDeNFooBEmBXnWDVgLknNMUHMYhHVcRA,22838
tz1hD5k7QW9ChHCgb2YLthKFirKDYQiNPDJz,796
tz1ZL7ekzieKxwngCCyjsCN5qhu1ohwJQEBy,1863
tz1enbGpES1NDr2kTaocDhxvMqtpMy4ruhW6,742
tz1ehGMhxarDhwppx14PX1Y3eqbZ5W9Bc2Y1,184
tz1ed4brTwpFg8hFUJSJ4HqnsC7sEjVesMtb,5191
tz1QJE62jTxHis7kZkbDT2zsYZyauNDNzWg7,2309
tz1gWt7kUnJtGXoT5BYzHVa89qGp6QVvQmyp,3722
tz1epR6pJmPaJ8vvzNi6V1T51ccocX1Y4VBb,94
tz1W19DveaP3mW4WvFtdVdqGsWwBL5q1QDSK,1705
tz1esdEqZC5Nz3HDFseHvpH6SmQJPocxLzA2,951
tz1ULQQ3S4kFLhhpPsegiMVFmXx2G6ewmbTA,5337
tz1LRrXCmELevk5znmVcYD63TChSpYh3vaE6,83
tz1S8GvdiWQghwPMMzbNvRh66rcfmhEA6vj2,19866
tz1N9qzry2ko1gwTK6HKWamZZK6FGx3Vr89U,205
tz1M5swezYMnDaim71PSeb2cPFk49ajrvDV6,525
tz1QQ4HyGbCZDmQxeVHoLP99KLyfvGvyX21i,25203
tz1WKygtstVY96oyc6Rmk945dMf33LeihgWT,6784
tz1Rux3pGrp2KpZUBKvg3VQ4edRYVJsapr4z,14390
tz1LWMmDzH79xyu6JvELrnvWLBBVjZg7TnfN,13725
tz1esBaTjr9qFQ7FhrDQF7N7bTpNSVTkGbMU,627
tz1RfSFe1dxP7wh1zSffEnskgqvVVWKNKZG1,45
tz1UQ6cQZef4MuskJjV9g8pXNZa5s8ff1oQy,1655
tz1dTmMLY7tan1HKfW5e3KxJcfZput6UuTH6,74
tz1daKxrqyoFUCcuQj36BeMN9C1Ytmjg5p6n,1481
tz1YZ4VZCRPoiDyGP3U69jCq2S8duDUcRjHP,190
tz2LYELYe16viwVBaRjZc8GsauKRsxTGPvB1,399
tz1gN5Ch4VeDZjiM6R1KPMBxPWFxL3HHKZyT,45
tz2WYko4XXaV4B5mzjguTeRkkgw8LyB2jA2d,619
tz1NkFRjmkqqcGkAhqe78fdgemDNKXvL7Bod,1973
tz1QkQLtDkqpw8VSymi13A86jh5iaCeMriMJ,15218
tz1h6J2pn9X3KMghNHZikrh3PtEpgCcRAjHZ,6
tz1VCyNit49HjTmz8SEgeL67x4BLuoTaeYMy,19752
tz1gACjUSBkWjqWv5ZBMRk6G9Sp8xNAYgwYV,2759
tz1ieVZFcRity1eybQtgUyGg8NLEYWNqKtQe,473
tz1T5GmdYXDWwbhBrU7RubT7Z2dmz3ZmKwCE,9168
tz1gmajxhmKt22CbcsSA7WWXSATgbuVEmzTC,47
tz1cfzEz3R8YKMqC2rbKnr2XtpNjZxH6RGdy,277
tz1hR9eQYNNTZ4VGUeipK4PHtyyDEDmQ9dSf,6055
tz1RxeY78zE8hNJbqPypB1mTVyTsBRmPuqry,804
tz1SBF19iLiCc8dNpKe1Ym9juSAKaTPyeypF,4
tz1X6ADVxP37XjYppBHMLVRJQwmxA2YxztbQ,78
tz1T1u1CET7ek19f5P59vCdjTNFWAscYQ5ct,6009
tz1V9qHfFxixcXJKWuEziUqvdrQ7BWpPnWTa,4046
tz1Lqnwap8kKynTpefqqSH158i667Wdg8HVA,1188
tz1Kp19QyYUnXuE6cxuXxsfQZbyqv5JtKPku,18
tz1cnojsw9qgMbdpgPeCcWPf5GX4YPvd4HAh,20212
tz1fbJACCskangcgy9xjDSiEYgh7CUmSo9oc,51
tz1dKaw4xdNjfufDSLWRxumNBwe2VX4mxXyW,13233
tz1iCiA1vKmgfZbY533ZgMwFKZ14S1DQNooQ,210
tz1hNGWJUFPFV7AWLXvxGzJVEfCZ8KJ77PJA,581
tz1NPu5aFQ12P3KGhBGgt7G79SAgVj2Skkn1,1766
tz1Qm3DHkV7V6peZPyWe4rv6aToH3nRmWEH7,242
tz1KsiwkQ9pyrt4Ra7QrAQp5LQJCGxHQrY1n,1147
tz1eKTUc8X17nVmtVRtxBcs3hwUPXWuqP2AS,10704
tz1fkZtnjNfQHtEyUpyX9Tqq4RrLKx35qBxf,1032
tz1chg2T1s4DTjLqthPc49HDcqkFHMwdSPwb,3250
tz1Uzm53vPr2Giyi32yT9GUvBErKqHPBjvQL,879
tz1aR3nrJgUyU5B623U9s1MtMsMjA5Wz5c3G,6198
tz1YaPLZuVmZaKB69BjJXKUDgNaZrxBR4Lfn,172
tz1WNk2o2hJvzjuZRNmZQwjLQuv24wDv1zjU,17511
tz1QmBcwm7RH6swEYNpsZZfAWCCFaW6wugVT,14574
tz1LxqBcvRbZhp34C2ab62CMy49wFbsQSzD7,264
tz1S5RkjdXMREayGWMawArqqpyMqGRjohJJr,638
tz2Kmi3xEnXk8c7zqWSQqSSyfNpWt6ovG38D,3859
tz1LgePVXLZYNhHoRQ6KgHfQjQ1uq7JJPZDa,229
tz1gk77xzDAG3sif9eFvsqUnzaGh4MrzaCp3,494
tz1cWUkZFBZ72Yn9desxcgS9KdH4BVfqd2ZW,3474
tz1a3LNYNZTNN2SLMjWSUc5jtLWFvZ1kC7BR,9180
tz1SGPStfd9v5upQUxRiHPC9666X4FpVAmK4,7
tz1iF629Cc91SJkmQRAWAm6nYavf7RgpAqZh,2850
tz1WHGwmdEr4iruf4v9r6bdHgzC5v8SKYTkV,384
tz1YqsEWdPxBmqVKsJircrwBmCmZDtHAgHzp,31447
tz1ZLMaECyswARea2bTsBws9eMjgUm4jG8Uj,11996
tz1NySiq6aHysD6Rpu4bYhFaVe3ASya2qB8D,807
tz1Rb321A5bMKjQdczUs7TyJBeXjfCtB4mYd,7259
tz1USU2xSWb7CBYGJYat2X7An9sr3cFfsLwi,516
tz1aoYg1xYeEdnLrAJ7y2r1T3aMBCyms6ppJ,4918
tz1WxCJ3UpzyWsXmmkE1YjYzbBv6jXYkbFYV,540
tz1fq3tMpnnsZ944DVxcJqsVNGsWTPvqJzvo,253
tz1PrecMTmNArbdvQxtZLUVUBT8rcC86dKZC,6
tz1Q1LWn8wCK77L4xetjbH3Ar7sDaSANezZx,65
tz1dugdoeZULYPA9phfkpofrP95rFqhZNXeR,1
tz1UecmgMghaWovhh9EYfqTrK9gTtaiMtbzs,14
tz1gGwXf6Ggkv9T4jGmp58jUMU2Gh2vYjDyH,379
tz1QjPnpmqAJYSfDtDM7uTf5bkZDNY7eBECd,1310
tz1aVZZd883FwyEx5g2o3TgQ7pwEYi2f6apg,8
tz2MzvuRU1GEKi9udpqzLpGYfDoZTiKZ3C4C,254
tz1SEox4m6JwzUjLL2daQMKU7XDrvsEukR7X,8
tz1XJqUrY2okTwoJFgHFJKQV98tsn2oC6Twj,364
tz1VqXA6L6hPEFjvsgWv7Viw4xQn5GyNszzy,35236
tz1Wf1Lqz1yHm27P2RQJAVV2CMxnhYK4bBGc,808
tz1cTS1WwovU7SC783xgJxZrzr151mcshmNi,1535
tz1ersiy3MYVu89DFXvW7Qb8AM6LYptSsoT7,1594
tz1UFF5DSDDtk3fM1ewaLvVG6fhaAeCdgYEt,49
tz1dcpUhXGeXexEXispSpfv7CeufoFnV7AAf,9789
tz1RKRhkvC7MQgKfPejvNaHGshWUDsyJKZdT,5788
tz1SHzbhYsbX6Uk51hJC4JkjgWM1gWaSwBqQ,321
tz1NW1MMFL3jytxBjhx1qATMJyY47vLBMa4p,47
tz1QRm2TJKnarZ9tbL5CNjN4Ltq9pJtytuk7,1
tz1WJpBDRGfa21un4yQDKTGXZw561nsGg7Qe,8
tz1UXAsfFeufr6p2PafNr2oXNrTDSdtwwdgm,129
tz1YPUNi7KW28VxZNEu3fNkRkJG55G9p7wsN,83
tz1YpusrSty7ULz7w9sM814trSRmM1aNbmZd,6526
tz1cuj9Cgi19KMRi83UuypS89kXM435qdhmy,15
tz1htwxBMBFikeP8SnQiEQyA9n1ryDrDFyLK,80
tz1XTyukKgkqq9P83UkV15np7EtSSEy4kAeY,82
tz1RFUjzPENm3vF7quaxfELQCfNTCSjAsFdA,795
tz1cLd3gXJ9Fk5c648hRzFvTnGfT97CxcHrj,491
tz1NGDuYTuuB1geX1K5b88cqa8JinFLdd3d5,403
tz1XykUaKpskyp7hDEZjmuNTk4gFU58a46KC,46312
tz1dghYwdzvHc3tYHp8iHpNUSpmAvvs8Zjs8,9601
tz1PuipWs33aqS2KSG5k1qQtC6Dff1P1GBmM,111
tz1ZNxMa8XsMa8JTv776X9iCETcNoo4SY629,153608
tz1a5QW18ULwjJK71LSc7UqNGgryrFouHzf1,130
tz1Z1ZX2B98nEAvEnLXJBCnsJ6K1GqaSp9jK,281
tz1enT2GWv7U8jyPmmoVb228u8hvi6hJh5FF,28
tz1RyhUycXcivQ3jzF7ZpFZNcoLcgmXqcrSz,656
tz2HSz8b961xoDjDLy3aFGogvW4HEqXXdcR6,2538
tz1eSGjgq2NmLWnaQFQxafXK8ZQF5V7Sz72y,7408
tz2EP3fw5CbUUgJdx4c3Xono8Gbc8PLXGRM9,610
tz1VCogGe8xeRgQCLrVhPbwo6mBSQxAXep65,325
tz1LFFspqhK9KRQNvS1ahZ1RcpQ2PNeM8TxA,766
tz1ZhteLTqobRVCYsPj44oFfom5BJ2SdGxeE,623
tz1aRF3qMDrbN95f8dGYTKPaey6J2qQQnk8j,26046
tz2ALu8Jxf2SMgzSZaZEwfiJQbogpUDPStwz,1155
tz1fCHiWZ3ReGqvhxkMejVzcnXYz1rnsJpow,2817
tz1PXJVTDRHBcjJGpD4h6PzDovisMJuc8zVc,291
tz1L1i5BVehYJBebCGvPYU9kZYGKBELGUJGH,5089
tz1TR56EbNTEEDeRrsPzQzoyvwFgZT25q3JR,277
tz1XbQgDFCaT228TPS2YUeHHfpVqGW7ANCDw,149
tz1Wb4LakUUYuFuuEgXXQrNZuBD49Trodhwx,319
tz1RAfKUFBX6P2jFkCpzLFntju7djjbtKAKr,11932
tz1MiQ6euA3EEdnZxJ6EPwVsHzd6vQ7AHJmU,249
tz1UFwr89hcJvC4sNCYK7zSLcaD4JW2KkNYD,3367
tz1ZPSGxrrPPfrmoGJgpXDArNJfNNy3qGvE4,278
tz1iQ5n52oSKgdtdYtqEJgKmQYbL1nn2poB8,7557
tz1gueZ7eL2KnvxqWudHjoTH3ZPiUCmwNKR6,939
tz1QxepCwQ45EwtcxkgXZezHbnidvK7hUywy,5095
tz1TVZgy4rejPUkEF3bsxLGNCp6H4gz4PaGf,90
tz1WT27PugwGBtre1hsj6BHmbAK2qQsVbRDo,524
tz1fL2TsQR271w84MXx3qFD7y4PZ1F2mpHFA,1357
tz1KhU89QWZuuhhnDD1paFp1jYMdpJLh55im,1872
tz1QQyhTMAmNQPcSGkM7GfDva8hmuFPAxUMB,12900
tz1htnC2n5n27PFD41q5X8bDvDcjbGMUS3f5,20491
tz1PoickddNEkRN6qp4K41u4KUW43vZ1UDvF,6120
tz1b9qYttBxHzoEseqabgvQiCxafZzkAtH9G,5768
tz1MQotPcNdc9R3nWCTwXLMDqKLS46WqW7Wx,3194
tz1favSqpvTLtedjTm1UjuEmKfgm4o9kyLd1,5623
tz1WHUWCMqVqq5AagGN5DrytqWz88tYgedUr,177
tz1YJvMiZyXnzvV9pxtAiuCFvaG7XoBZhbUQ,1781
tz1TmSForCvNii8rmwL6q2jgicQfqjNFtj8K,3589
tz1eoqCSmqPQtTLs53Rj6gBB14eQh2aHWVxu,607
tz1XhZUHsJAFp4FHoeeQQ7auVBk5j6xoUKbS,97
tz1Pwh2MBs6q2SeLHiko3iJpfMwsDV46bqQU,18271
tz1ZWbokP5pGwT3tTtLPP2KhXX5ssg1EtDPs,371
tz1hLWsybqnJtQRFp8skYy5aZLGNmL9bMUpa,1955
tz1PuYitvGfsBm7C3oYAXqNc3t5wNhWZj5Dh,1732
tz1dbCAvra65bwTVk5mgkYUHUGz3hoKwovZ8,813
tz1T5NfkdPfhkXzYx8akPkdznxSgU1Uf5jEG,1462
tz1PYqfNnkpZydtSY2Tn3Rv8mjkgUpHJpFXC,4063
tz2Mz3ovkZR2HyC89CHHSdsrPya1mKSmLWfD,281
tz1ae2d1BJt7YUqaaec6Xenh3mBqS7VjSZtK,244
tz1L1XwcVmD2z4qPfLtBJ6RPThgAwLcXG6kW,42
tz1VeyZaPimHfrJFy8WwsCYzxHR3VmGTMpgK,164
tz1epFVHmqeWvvkFf2eskwhQ1AY3JwWd7Ej6,839
tz1QRcnskFh7eaV7QdEnjoYdDfrDqHgmmrvF,2183
tz1XybkRZWjLx3hwcy1hQ7PT6FWEhpHm1FBv,335
tz1XcuwadWbLKkc4mDVxRo25dbtwfEa7wf2c,1504
tz1hvRvzke27MGtp8CsSvsafxyyMWSVYM1ut,138
tz1a7MJ4HMNbWDhKZAqrvzX5P6u2E2mJyJiV,2913
tz1citPWufjty33AZ9KwZDztqrTzdNjfQU7P,11167
tz1WeLuPLjUs53Yr1RCgq4EQ4d5SvV651Tqt,30860
tz1Wo716Gggp5HfupfxtPgmYu23rDQNcLcD8,2710
tz1imyQrFWHyTp4avUNAw52RxdFjU3HPviRN,746
tz1isKR8pS4pdgU934K1S4UpLsF56ECJNArh,1007
tz1ZVoeS9T3H451BgjTe18pM1q1LPd2cgB6Z,681
tz1eL4fYCgegW8tLCbQ1mYiKY3TdDxWnnKo8,1618
tz1Rhg2UDkjgLhemdSMtiGVGRmzwVLVaHArD,200
tz1dPHDXSCFo8PienbvDMyCKr5DXjPMrZkJ1,1039
tz1fkkxXSMtSQew8F78XdsnaC26AfsXtsGiY,282
tz1ZuiTWKXKqYfzFPaSaAG3Huf9QM1AdZ1pJ,1030
tz1RsCndtupuxe2U3syGAdcRBzpNqJZ9ANNc,21519
tz1MrZQhiNiHK14oEq595DLsVQ9wC4Nv2ZXW,85
tz1LJQ6MPnjGekNAmhFmkm8XWtM6UGx4MyF4,4924
tz1hmxzW7MuU8HeRoCFPGZJnavGf5unqgaph,2960
tz1Z6QqrAbEAMDLsis3v6b956sfH6qLTSEex,1
tz1NnBgY2ze24nQDpdY72wb1GVsee1UfAT3d,108
tz1dAW94vB3yYfNPE4LM2txBT8PQ21Zq4Xzf,242
tz1eeR22tmjPN3rGDikEMvpe8jcdXww3dqTt,807
tz1MsfyCeQEt7khed67HHsAidezZ1Th6mjzB,279
tz1WBMWCwjuFSsiiLUWKEQHEACNEat2S3EsD,46
tz2SuPjN8dYMJQe548bTvSPL1fdStZPXv7gT,36065
tz1N33TtiYBQ67sw32rhCsMSVpZkrSHWe9aq,12608
tz1QMjzbw5Yoi2zPqUeg2yuv5GZdmXjhh9mr,807
tz1NJS9T6FKTnKUkVNv2g44GHTAhzH77qiYw,1637
tz1URL5HNuTa1fHqqCtUKXUM3hm6g9c88NgF,2
tz1RCQDHtpdcwfgF1Kbbyusd6xhfjbXanhZ5,953
tz1c8JTzmA6c7cm6ZmUwR7WES6akdiMa1kwt,1278
tz1XRTNgXgWmR4PqxZpiB6HZJ8Siz3M2JAim,382
tz1imbraxLCQ9TUpnJVP31LS18hpTqG5wv1k,907
tz1iDuz9LvybPBC4kDc7ceBoKVDwwzJR7zKb,24755
tz1eiyML8sHGBL139FwJQJeLGHWAFtDqPz4U,80
tz1YQDCB6Hbn2ozMyS2kf6WPJDeRvJtmtNqQ,1097
tz1gaRjULm9qy4D83VCvb4ABWLKpz4XXfqjx,391
tz1hAZNx3LrRKFgfRytoLNVGhCrzU1uVDUHS,318
tz1W28xB2eAvRGCXmVduC63Gx6gGDp87zqbB,22
tz1gJaXdi7Gweq8TUSy9knB2wLjioTKy2tZF,161
tz1PoXtd7RGVBwWmmZvxX18NQXYpbNdiwwtE,2234
tz1RLCvv7wrWq4hTmyKk1zZuZeuUXNViSgRD,37
tz1QFk2DJhPkzp2nCN7Thpo4askJjQ3Zw6BU,258
tz1bRDYJHp3ACUojEeM6Ja442YEwNmcb7ph9,792
tz1MDs7ym4sp2FsQhL32vuAnEqG3ARhM9Vi4,855
tz1Xy5UM1tC3CFcbPBVq5PjufaxcLjMwfQkE,23
tz1RAKBnmd1X43pkkGqywYCRgf1Uo6D77zMx,23
tz1cXwKRD6AMy5nhqEVUU23SBxcAMnh2aKLn,258
tz1imrUNR1R52GxhP4y6XQCDDXtQs11GarTN,16
tz1chab75LnyqBqNwrK11459SGCFQXLg9uyx,423
tz1USfPTFciXzVsQL7Rk8HmMWyWtFEas7fh3,927
tz1btYY98CWBVCGEikD7s1buWjpicb9kG8aH,17
tz1fj962xSPKTA57yWHA43VeVzo8KqdpNAeF,861
tz1ioU6W4otB7ebgRZTq1EVVra3vMyXqeqsm,218
tz1N8oU57qMgDRr6N9pSbhaiWRRQSxJRPGoZ,198
tz1fCEeLBcuSMSittqTnMEhcFdPCtD1HsiZc,21
tz1WsKkY3TLDvqTuK97Xu4zuVoTb2nsr7J8S,149
tz2DsS3zeg4pqoUnRPHxvuRSuQrjDnTZcTNJ,47
tz1gSGxwMrToBdzLeaxg4Bregv6W2oEbNLC8,7504
tz1KxARuCbAoiGGesnQjr2pvZa7CzJR7V9D7,588
tz1LGVwoTMUhi76Jc8TeaNUQhanfeLLNF4xm,211
tz1QS7N8HnRBG2RNh3Kjty58XFXuLFVdnKGY,48392
tz1RAP1j8SjwT587jyccTNArBFhC9HhGKfHq,103
tz1QiZCuJMuVz3aq7j1Bq2v3BRTQPCdTw3Fb,1584
tz1L8hBVpams2fWFC9kS1sPVxfGY6Hmg5TQ8,225
tz1TQSPkLPqXUREhxvYzPbAib6Jz35w2a6tw,735
tz1XD1xSVzgY8Qs1id1kNyFJDbv9e9pNMe2c,403
tz1Tk1MJDZ96bK85RLAqtKfnptZZyXsJ2jaq,46
tz1RKg4C5yKTzm28Qj9gKmfUozCDrctDpx4G,489
tz1hes6aF3Px3D8nPQx27fdwBKrXmGs1UYxT,1109
tz1c1BG1PEeuhMFwmonTVSGafehicqbBJFec,68
tz1e826sMLNdz1CQLzthLDBJCFsinxqGDzv2,26
tz1THwbFPPPBHmBu4cmLV2SppLFrA5QfBhyF,285
tz1U1aA8tyN6QByoYLhSvNu3krJPLYqnkRVa,40
tz1QSwx2wnmrTjEGrid79c4tpFMxjCT86SAy,690
tz1RcJYTsoYQ7adtNMANhwd8qf4zApM4i2Yd,625
tz1cvrgSekgCqgyc1c2qFPSeMtux6AAAfDsk,14
tz1a1ZcbAeBEjxYSwuNKxSu6FbFB4dxdL3m9,9
tz1NZnfrNgCGdECyAhA93TLPTSciJcZBJqDY,57
tz1UGuKv6PzgVbofb42VgeRwDwsVN47UpuZB,1363
tz1eCzNtidHvVgeRzQ38C81FPcYnxMsCEL6Z,2831
tz1N3nvFqipu91tfU9s4GXGsopawpwxSoAJh,66
tz1LFeLTRQZrgKxbmvjz2ckViRhVw9BZXw7t,16001
tz1XuzzMTz1LhqbRPy9uxfRkccSxju3v8Y4j,749
tz1MoiwNRQWHfA71aypNk8J9CsKjfmq39c2F,2892
tz1hhphPmGxL6HEmEjoVSJBy82FMWbFwzNCD,16
tz1YHLm7Lq27q3rgVXLY424zQMkvncVvNiaK,88
tz1fKtBhuuZiMYhM3Pi1hcP2sjRbstgDrmqX,25
tz1XEA7cp83PyiXfSxWu3uHjA3EF6Gdh3Vhq,87
tz1UXMLCt7dqbUiJ2BHRhE1gFkdVkmCZYcM9,28
tz1iKF8o1hCLaTNZcCJpgKQBQxkpcSiBy5V6,1140
tz1c2iwyckUCcicx2qxqtwLEartYFEHg1pvB,519
tz1PQDUDph7dDCn8pLGXqaR79DiUWLiSZdEf,300
tz1fUZ5pMP1gUjuJsp5V631cXmA87Kxm3cuZ,1072
tz1NVsmLrZX4jad9bNdvM1EskvcTq2LSZhLx,2804
tz1PKoh9LB2P3pgh5ahaAFnrC2QBmUxcHDJU,251
tz1cqoo91JCc6sKmNuTVKNzwUdi6E6moHWFb,1066
tz1XoiGxnmjnkaKcNyG4rrHNNEoh1u5VidxY,165
tz1QVUXNoyCfKpAyxDpq8kR3rK2AShuzQxJ5,2754
tz1UVTMhbMiSETKCxFi413yZ7imF1xeyt3fV,823
tz1S5TbsJCWmCyRh3ghJ2rWwQHHbcvoh1uYV,592
tz1UAYfFWmaTrQTYMptaGCw6LrXK5Yv84VnQ,4
tz1hLhGe26gqt78sZboxiwne6zgKMqirRieW,269
tz1RYTr2WKdJD1MMV51kN9AoxPnxZJgJ5sqU,43
tz1R6mtcAQwBTK9YpSqRL9y2a6JZWgDkBm6M,538
tz1Sv2XMQNxcAqyqyyv42FHjf3EGwJ3Godj1,3045
tz1NCsGajb5YgZdhdviKrfisN3VteMasnzQi,201
tz1Vh4cX8VutUUUnnjmnY2omSV4F26T5orLH,44
tz1QGCWjNpYmcS6T9qFGYSam25e36WeFUCK4,485
tz1LApX9pPhcDUDznHR5TTCcSXh3m6zPgFHA,259
tz1hUY7paB2J5EhD73r4oWL6uZubf1UibHrk,871
tz1MgDFQvyV8Vfc48HgeqMbCD2Po7nhoWDeL,1203
tz1RaZeHEiKewSd14gZ7HKfcQ3HaNHJ5tnV6,8702
tz1aiLrqvULcV2Kfvzt9dUmqnLQnoNXPPek8,1389
tz1M2h2hPZzov29kf7xcHXrunXb2jFSbfiNd,4057
tz1MToDUySbYhPabULUyDPPsfDQF1cpZPdoH,607
tz1gMfLSQs6xTM2TcLM6Sb2njJ6h9qhSsT9Z,609
tz1UNTxRbAYTSBSdHMjoUoYAtLH4MHMUiGwg,84
tz1TqqKqc4t2Y6PTvxeuhF8kNjVn8HpZkKma,586
tz2VoUZvPNLyq9bZ82VoDLrhkH8n6eaUoS6E,110
tz1ZvbLR47deoqaSgsaRXe7hbgDgwonBicnV,4515
tz1L8m6MGdvK2WA65wQ7DeVwXVmCS72JKWeN,35840
tz1iCJRFVD1oY7yQBap6X59XktpKHJtgCGyS,27
tz1bnWUvcfU77EBpbLUQ41c3hCBKovGuqyGY,1847
tz1STAzkywd9GnKGvJBPL4xWte3LCniyu5ho,532
tz1g6cLrzLxNayiVyb7BLsKK6TfwboqWaYPx,20
tz2Q6ugZbronUHSk8fbuHibBrBEJwrzgtL8X,162
tz2Kn9u9cxvTczP6CjirJnEE1UApmoCzuGPB,447
tz1aHfKHR887WzmpA56K2diKDufR3QJqn9iK,29819
tz1bdbHUpDrUx7m5g4VTSkjnc3mxnquzRTcw,3316
tz1TQJjDtzUWWAa5a9H61iyPZmuKRfX9hXi8,15
tz1ewd8gDnG3USrTRJVdbpsyieVv9fWDMPNk,1577
tz1Tpms3fccT8x1pVY9BQKgnvppew71pTDDd,80
tz1bNLPqmLVxWF6puxbFZHU1yCJLiCZmHH2E,1
tz1ajJzH5YBGRuXnU7QDJzY2qVRGcysUbxJE,80
tz1YT4u9DnGFiRM8AXXACY8LWuV1rW3A2hFb,22
tz1QppHuA9TUoFN5Ek2ZSmRPdU1xQiwRSnPb,44
tz1fne8nhZuSRgzaQPyaomKQcFRfthyicBQc,80
tz1Uva3ynPUXqpAsWJ3CxcXVPG7HEXB19rzU,825
tz1cGZNvVyHrKgbRu4b23Nw896JD6GYhZKQm,823
tz1i9THBDe13YzhSmcdpcWKJrL4raaJ1cpN3,822
tz1apbBneTw4Ap2kdmv7gfTv4kDPYbR5HAkn,696
tz1MJ4C21XhL6B3YptprRWMuL8oeJquUhz4u,160
tz1SMoz8tsJzeQPtGhPEjPnanQMvFc5KitVh,45
tz1XuNQgqT23u9KcwmRLGGQ6w2n6dCE4bmoV,93
tz1idC7XEoSZ45sXLwp1ujYJ3yNFi2tkLT7A,67
tz1d4649CmmMEzXBWzhTgTkFxy9ATNhb5HC3,9
tz2CrWArLr8eRCj6mp6yYQAKshR9MuyaK3Qu,916
tz1UdGjnCNd5ifzEShXft78CmazG9gj4fdrN,4
tz1WqkwtGV3ttnchD3bqmucZwByduHq8EN8f,47
tz1fvhxJtMzKYkXM3fvXrQEyAXyMLYayTtZ2,27
tz1dVTewmwhAqfBcAgDuDuF2sPUaafuPA8mr,857
tz1ScePe2eXYo1RBdEe12hNY8KrvHyjFhHw6,10
tz1XNmNga2NyqFiNpmEN66fpySDoGWoKpKXB,52
tz1dXpsNAWLHVYNWSqhrHCHT6wh6L1fKZfo1,12
tz1iFKBz9HbJDp6omQGG9LC9bTXF4zKdkJfR,35
tz1WUmNdnrv1w75V7ntFSt5kSuyQfYuo2hqK,27
tz1LYQiMSoy34xAUD2NnsJLCTmb8HYYR9th9,41
tz1VYa9SB4LtsHLWZnJXc1JuL7wuX46orE2Z,208
tz1d9NBC61N2Xjo9LvXAQsKPqC4HaL1mFD9X,302
tz1cAxm3wHEUX9tY87sSfdVfHgCWcPCTkNTA,586
tz1iNdzx7BJpGD2e2YaV2QbsteMQWMAXjjDf,25
tz1YrFGJ542U6jpYHpe7BFHxNfa2mb1wpAdH,3
tz1SPVSDCDpbqigKWVYnbgHEudxSM3BASPZj,5639
tz1f7C7HeTczoCxoo8oQ3vBDRQTiNM3tFTZu,354
tz1P8pHeW6qWzBkgeDvi3bc8depN63r5tt5s,98
tz1iZnkruZaYGv3dfER3wEasjJj5xpaTtMjN,1211
tz1YmwJZfEerVMbc8uuJc7xUzE64ma3Xfu7L,81
tz1aQbe92zZy6MNeRFtgmgV5dV5R4BNTdqK1,81
tz1THz87Wwo5DL34CELa6psvuH8RXShPmSbc,20
tz1eQ9skdokeeUyTc4SdNQMPigjZ8JY4kzus,132
tz1S35xPc2sh4kK5hd7KujsWU1G3SUdCnFqp,5905
tz1dYEEirVkgSnE7eGK9vFUwxWBqibkafs8W,242
tz1VLGH7SJ4HA6kDXRiHYqVFkn2btjnoxqib,4944
tz1XYkmAHtkZFjZLdWNoL2BTqUws4oD4H1PR,1195
tz1dCyFm9jxuhxJEi8UW5sgiS7TFubaNT1J7,4
tz1XbmhVLdDgsihnVoyn6aTRMURJ87YEbG9B,338
tz1Sk1mwyBQkcyrwWZkftmR3Mjv77BEGUw65,92
tz1QHXGKA8NaCmpZLrvrUyBpYhgEiQDyWY1r,5
tz1NS4ZXnzYBPJpspW2svbqdjGsgBsGZchzV,8
tz1LUdy3KnxyyARheKtfcnRymhUq82SKLvyx,50
tz1LxFeaR3ZNkMRstvhjNeVbpv9vz2LttLBz,1
tz1SFJ5pW5FVR8cRfAqY3NqQBuQQq8TNsjvv,62
tz1YRG68NdqtAcsFEwTUw6FsSsiBb5kagEDo,624
tz1XUmPaRxfbi6Mjj6vUWf9zhjwHdfL9gEdk,3
tz1NiraRNtWgpXyyxopRTk2a7Py9oKFdrgkB,51970
tz1VnXCALwSCihScu984A3dbY6XXLzDqJWa1,8188
tz1ZDDHc1YycDdwQezjVDVCSfSB6A1xH3YxG,3
tz2R1iMz3wHEx6Z8dpdPVgb9eTDVh5NdeqNz,433
tz1hR6q1QMUC4wLD3izGsfeZ3HuyfJH5QajX,12
tz1akJUKXFmNjxKaCqcEHmwbx4u86xfHLYJc,9731
tz1V2FYediKBAEaTpXXJBSjuQpjkyCzrTSiE,50
tz1Z1xRcvcqPPqja34fWNd1StABUV38LnbpW,2
tz1egZ7YNcG81udp3pGXPBsYQsUNHB7xAH7V,152
tz1TSowSJAKRqQbqjspmyfN33nps1op2GodY,22
tz1VV5912Qp7qqZaQ28MC2G3RQ89UhEdueqt,275
tz2RJZQGhhkdVX3kq5agHahLmh8TByJWaedL,147
tz1codeYURj5z49HKX9zmLHms2vJN2qDjrtt,21585
tz1WXSxKwhw9EectY8mAdUFXDBHFnPZE3HSG,2335
tz1aDrsGYyNbiqUX6eTHLe5otZJwN5XQh2kG,7868
tz1gu5jCJunSaHjR52rcu3n7SgDCJZDLTqJM,47
tz1SDmZnnzpH5GAfHoeXygPWwzJtHXADpohn,3
tz2KgCQ3sTz3n3jrU21DveCfTVFgrMnzeA7x,26038
tz1XT3SAzJh47s5DxMJud63MWnvDftqWFtS3,1558
tz2RjcKqwtC4vVKN878Bx7L9oNHR4mPTHDc4,133
tz1bQxeuFnf9PTDRUwu94sU1GUvU425KqCeq,1
tz1Rb2U9TbEkYVQM412wBzBbMbnqX2r4CTXs,1
tz1gaTbRLDWJFA8bzcvDtkz8HxN6V1eL6gwL,68
tz1U9RY2mXmwAaSSm67rEy49N5YE1Rs7K223,1
tz1ZzEEVRzw78fhsLMM7JvV9CxZUaWGB98U8,47
tz1RSRuULmTkaXTjrhbFuNkE4mkJLRGPWJmy,43
tz1hHz9wjLaZ3p9sDo9SkqT1t5wxNsK7688s,103
tz2BzwVtwa2mTbspW1qqdiA2UtctbGntxAGi,838
tz1QjLLgQidRchfWMvHa23uhfgdzNKSevELK,7812
tz1coEYWsh5bwhhCsK2Dc1SXTNQs1hWs1QtL,104
tz1YKkEwEXk5g5MeDzNTgfDwKd589rGJS9q7,67
tz1PSiE9EmFbQFb7K1cBxPTsbPdgotHLdy9e,167
tz1hWxyYMfK3h3y7WvL1ErggtgneuNynC1JA,3898
tz1agphvYoUaWn5BjTVHnqTTyYwURTGAZyBE,1
tz1VXAAqokxhhf5iwfvkJ8tRukgVLN8BVyce,3
tz1UVjnYXp5DZaCX3JZvxQQqxKnXaVMYAYZD,47
tz1N4Q2BLS4sYvKCoM5XxFAEL1yoEY8TSS7j,8578
tz1XH15XMCB22rJJxHLsZgVhXA6t7kJnmFa1,170
tz1NEmMNjFtXgixkdCkkGsEn7k6QPeG1G1Qn,168
tz1gVmWVnkT2yQr9gmed4BgK22SrSPjfpkEn,365
tz1RVq5ohXzWvbqHzUgsmUNWHqin9HRkrWPz,4
tz1az9uytyQ2tv3aKXJuNBjrX29vBsYuWDuR,219
tz1LovFrdT3D2uY5ijGnb16172szCqFazDCE,8
tz1cj6FQs2Zjuwwf1uY7e7fLQfzi3YAbNj46,200
tz1XksiJMYSGBzqZqbj4F1dbHBH85i9jR3Zi,352
tz1U6R3G9mF8n9qH5mhrMZjgJTMKAEYb9Uw7,2072
tz1TtLSSFGrP1796nyd1ZhGH3o1AVitoukLj,11
tz1QoX2rtnpKq3MxJ21E9NcEKxqPL4dKsEcn,368
tz1iXbbzm9Wogk7D2W2qNwYzePbQVmYP6BXN,1
tz1aQGJFwYn3yzghyRbuWNapzDZjXCEfYHuW,12
tz1YDowtv9HFd9eUoMZMNjicREmagF38XWyJ,1
tz1MtaUicPHBwrvkwnNwikGFfFWdaPxYAvJc,32
tz1enSmESCGkRYo2CtDYKhqUHFTAQkpXjYjg,30
tz1Wn4Wc6d6jieFpj2DJaNEC7HXcwKexW2By,382
tz1c2MCGJM3pFb88Spt1cWgxGtXAX38Ur3CS,228
tz1ZFS66zDerPgLPnYYEo8YXveudhGbzjESJ,138
tz1eAR5bUqFqx85oRxGDSqriJbYzsC6Ff6Dj,2
tz1ZrtiLUXfjKsYskvr7fmZk9N277YQcv8Ws,10
tz1NqZnVNkS4N4XQqZaTigDQpSs8nc8RoMFW,45
tz1WEjGgTyPyhUapqCRvwBnHhLCNV38Jr1GU,5
tz1f2NgqK2bX3LaPgeTrEWgFFqRJgPNzFAYv,37
tz1WGMbfVnzVSTD8oNgZA8feaYvNvBYzSVmD,51
tz2WnujX4qC7yfQF1SAHQuLMUcB3pA5GJhfU,18
tz1MrpnRbw6HqHvKyBE3811uHgJYuvVj2hwN,21
tz1TkqGsSx3gB17SLAcMAnDgfs53kYeFez9Z,26
tz1KssAq8Lofcu9MwuXqpvXh75ufZSCsLQun,33
tz1fhd4k1jSJRRcNVbkMwVzkKEhX3kzApsfk,120
tz1TRrpXyABLU7RfM1fR5AbFM4g3F71KpKVS,82
tz1NkGJR1x59KMwfLr2a8bAqDYSm4WeDjeui,1
tz1b4Y6E5szNCHKZadDnAvdUyBfr7eQoEM3Z,8
tz1Y8v9LUURRffBVoJNysYTMzb2NranuM3fd,1
tz1PQkArZXKyQjY8gmX9yAF8NEtEtbuekeqP,1832
tz1bv7bDGmKDPNjX3FBJ5nPG3LWnT7yB1Wto,1
