Address,Amount
tz1NRbpmTuPEFCCYCqCr7i3hkMRDRhBFgmxz,34787
tz1RDbEW7YUkwnnDdMNieSiF6kB4XBws7QSg,192255
tz1eqt71cHna4YgyNg3ao6x22xU7c7CZXxcf,1324
tz1SBxNvpDFC4bjW23CtQfVLqN5cBATVf68B,140544
tz1Rgo7URug42QnhBM6eLy4MWdfwn4RovHy6,30242716
tz1YTQ3Lys25j8FhZQY61eoYErYUteSao3ez,63354
tz1R3bKH1seset2h49p4vrZJCEL8voJgSK2G,10557
tz1bdRJkGkNQ7homh4PTnkVM7xzVWhuC4EMm,3776916
tz1Z2Ne4ZHxNPuCJeCcoykHVXTqhVdLMD9gV,9199734
tz1Qji1NnEPj4Cxa9s2WEoWi9U9KM6a9gdDL,953143
tz1cmanHzitf3UgWgECzLpGUKpzEfmGZaFsw,166344
tz1eZFb4bNMMdveGT7BPcktbYsurg2e8r1xR,149
tz1RartAmPJhFsL9oAhZndSL2G7KCsaQqqkf,63113117
tz1MyqKoe43P4Z8MfHoXVBTrohgcbehp2zLL,985360
tz1SRcMg9GRXi7paNeAc3ARn23mS3Z5dXa6S,73990
tz1hD7VdzRpWG3nmYpCyW2gNc8mQNs3TCgxu,1089
tz1f38MX7YT2Q7MAq3mDdj75GTN7vgqV2TfH,413
tz1aBDeNFooBEmBXnWDVgLknNMUHMYhHVcRA,7690035
tz1hD5k7QW9ChHCgb2YLthKFirKDYQiNPDJz,213649
tz1ZL7ekzieKxwngCCyjsCN5qhu1ohwJQEBy,452265
tz1enbGpES1NDr2kTaocDhxvMqtpMy4ruhW6,179953
tz1ehGMhxarDhwppx14PX1Y3eqbZ5W9Bc2Y1,44744
tz1LN3wPFYuS5fCnodwxT94xVFLPtcFHvcHk,2740
tz1ed4brTwpFg8hFUJSJ4HqnsC7sEjVesMtb,1257790
tz1QJE62jTxHis7kZkbDT2zsYZyauNDNzWg7,559627
tz1gWt7kUnJtGXoT5BYzHVa89qGp6QVvQmyp,3505466
tz1epR6pJmPaJ8vvzNi6V1T51ccocX1Y4VBb,22887
tz1W19DveaP3mW4WvFtdVdqGsWwBL5q1QDSK,4645345
tz1esdEqZC5Nz3HDFseHvpH6SmQJPocxLzA2,230460
tz1XyTsb9DwkPru3eU1Cwnr5JkihEi5eisHo,17670
tz1ULQQ3S4kFLhhpPsegiMVFmXx2G6ewmbTA,2286509
tz2Lqs8WFf2HDG1RoxG3EAtuHjDS27XQANWT,63
tz1LRrXCmELevk5znmVcYD63TChSpYh3vaE6,496
tz1S8GvdiWQghwPMMzbNvRh66rcfmhEA6vj2,4813291
tz1N9qzry2ko1gwTK6HKWamZZK6FGx3Vr89U,10207
tz1M5swezYMnDaim71PSeb2cPFk49ajrvDV6,288388
tz1QQ4HyGbCZDmQxeVHoLP99KLyfvGvyX21i,5821344
tz1WKygtstVY96oyc6Rmk945dMf33LeihgWT,925229
tz1Rux3pGrp2KpZUBKvg3VQ4edRYVJsapr4z,108850
tz1LWMmDzH79xyu6JvELrnvWLBBVjZg7TnfN,3325323
tz1RfSFe1dxP7wh1zSffEnskgqvVVWKNKZG1,15233
tz1czGMShkB8ZtCHKHeCPTY3CpuiCrjsGJBy,36573
tz1UQ6cQZef4MuskJjV9g8pXNZa5s8ff1oQy,400986
tz1dTmMLY7tan1HKfW5e3KxJcfZput6UuTH6,689
tz1daKxrqyoFUCcuQj36BeMN9C1Ytmjg5p6n,647274
tz1YZ4VZCRPoiDyGP3U69jCq2S8duDUcRjHP,46249
tz1L5rXu3RqYBjZzjWXLaFANYZcwS5Pb1ZST,683189
tz1NkFRjmkqqcGkAhqe78fdgemDNKXvL7Bod,520275
tz1QkQLtDkqpw8VSymi13A86jh5iaCeMriMJ,3687203
tz1h6J2pn9X3KMghNHZikrh3PtEpgCcRAjHZ,803647
tz1VCyNit49HjTmz8SEgeL67x4BLuoTaeYMy,4807060
tz1gACjUSBkWjqWv5ZBMRk6G9Sp8xNAYgwYV,295267
tz1ieVZFcRity1eybQtgUyGg8NLEYWNqKtQe,137244
tz1T5GmdYXDWwbhBrU7RubT7Z2dmz3ZmKwCE,2467081
tz1XLpud4YtVgwiAJezLKUsAo9K2s8n2YPqx,69
tz1gmajxhmKt22CbcsSA7WWXSATgbuVEmzTC,375171
tz1cfzEz3R8YKMqC2rbKnr2XtpNjZxH6RGdy,67207
tz1hR9eQYNNTZ4VGUeipK4PHtyyDEDmQ9dSf,1467729
tz1RxeY78zE8hNJbqPypB1mTVyTsBRmPuqry,194913
tz1SBF19iLiCc8dNpKe1Ym9juSAKaTPyeypF,206
tz1X6ADVxP37XjYppBHMLVRJQwmxA2YxztbQ,20186
tz1T1u1CET7ek19f5P59vCdjTNFWAscYQ5ct,727739
tz1V9qHfFxixcXJKWuEziUqvdrQ7BWpPnWTa,980361
tz1Lqnwap8kKynTpefqqSH158i667Wdg8HVA,288041
tz1cnojsw9qgMbdpgPeCcWPf5GX4YPvd4HAh,857421
tz1fbJACCskangcgy9xjDSiEYgh7CUmSo9oc,34672
tz1dKaw4xdNjfufDSLWRxumNBwe2VX4mxXyW,190417
tz1RJf644pa7QAZqKzrPQGiYQPyubXarC4cv,9083
tz1YSwscBZCf26kSPvqsnUdhnS4XQD6mAjcz,8585578
tz1iCiA1vKmgfZbY533ZgMwFKZ14S1DQNooQ,36444
tz1hNGWJUFPFV7AWLXvxGzJVEfCZ8KJ77PJA,140941
tz1Qm3DHkV7V6peZPyWe4rv6aToH3nRmWEH7,58687
tz1KsiwkQ9pyrt4Ra7QrAQp5LQJCGxHQrY1n,232
tz1eKTUc8X17nVmtVRtxBcs3hwUPXWuqP2AS,6797828
tz1fkZtnjNfQHtEyUpyX9Tqq4RrLKx35qBxf,250066
tz1chg2T1s4DTjLqthPc49HDcqkFHMwdSPwb,787469
tz1Uzm53vPr2Giyi32yT9GUvBErKqHPBjvQL,651
tz1aR3nrJgUyU5B623U9s1MtMsMjA5Wz5c3G,1501804
tz1YaPLZuVmZaKB69BjJXKUDgNaZrxBR4Lfn,41850
tz1WNk2o2hJvzjuZRNmZQwjLQuv24wDv1zjU,117
tz1QmBcwm7RH6swEYNpsZZfAWCCFaW6wugVT,3531037
tz1LxqBcvRbZhp34C2ab62CMy49wFbsQSzD7,20352
tz2Kmi3xEnXk8c7zqWSQqSSyfNpWt6ovG38D,4187495
tz1LgePVXLZYNhHoRQ6KgHfQjQ1uq7JJPZDa,32615
tz1gk77xzDAG3sif9eFvsqUnzaGh4MrzaCp3,1717444
tz1cWUkZFBZ72Yn9desxcgS9KdH4BVfqd2ZW,841721
tz1a3LNYNZTNN2SLMjWSUc5jtLWFvZ1kC7BR,18083997
tz1SGPStfd9v5upQUxRiHPC9666X4FpVAmK4,1760
tz1iF629Cc91SJkmQRAWAm6nYavf7RgpAqZh,1579
tz1WHGwmdEr4iruf4v9r6bdHgzC5v8SKYTkV,93220
tz1Uza3jMhipiQMtmeEidizjbSqnqZMQyRv7,47
tz1YqsEWdPxBmqVKsJircrwBmCmZDtHAgHzp,23487939
tz1ZLMaECyswARea2bTsBws9eMjgUm4jG8Uj,2906587
tz1NySiq6aHysD6Rpu4bYhFaVe3ASya2qB8D,195607
tz1USU2xSWb7CBYGJYat2X7An9sr3cFfsLwi,119407
tz1aoYg1xYeEdnLrAJ7y2r1T3aMBCyms6ppJ,2136
tz1WxCJ3UpzyWsXmmkE1YjYzbBv6jXYkbFYV,141710
tz1fq3tMpnnsZ944DVxcJqsVNGsWTPvqJzvo,121780
tz1PrecMTmNArbdvQxtZLUVUBT8rcC86dKZC,3897
tz1Q1LWn8wCK77L4xetjbH3Ar7sDaSANezZx,27233
tz1dugdoeZULYPA9phfkpofrP95rFqhZNXeR,288
tz1UecmgMghaWovhh9EYfqTrK9gTtaiMtbzs,31
tz1gGwXf6Ggkv9T4jGmp58jUMU2Gh2vYjDyH,91953
tz1QjPnpmqAJYSfDtDM7uTf5bkZDNY7eBECd,317469
tz1aVZZd883FwyEx5g2o3TgQ7pwEYi2f6apg,427485
tz2MzvuRU1GEKi9udpqzLpGYfDoZTiKZ3C4C,1068444
tz1SEox4m6JwzUjLL2daQMKU7XDrvsEukR7X,18316
tz1XJqUrY2okTwoJFgHFJKQV98tsn2oC6Twj,88201
tz1VqXA6L6hPEFjvsgWv7Viw4xQn5GyNszzy,8537088
tz1Wf1Lqz1yHm27P2RQJAVV2CMxnhYK4bBGc,314957
tz1cTS1WwovU7SC783xgJxZrzr151mcshmNi,24319
tz1f4Z9FJfgStP7v6Rj7BMJnWJ9Mb1NdAGsS,338
tz1ersiy3MYVu89DFXvW7Qb8AM6LYptSsoT7,386427
tz1UFF5DSDDtk3fM1ewaLvVG6fhaAeCdgYEt,29703
tz1dcpUhXGeXexEXispSpfv7CeufoFnV7AAf,2375878
tz1RKRhkvC7MQgKfPejvNaHGshWUDsyJKZdT,1402450
tz1SHzbhYsbX6Uk51hJC4JkjgWM1gWaSwBqQ,77811
tz1NW1MMFL3jytxBjhx1qATMJyY47vLBMa4p,35012
tz1WJpBDRGfa21un4yQDKTGXZw561nsGg7Qe,2157
tz1UXAsfFeufr6p2PafNr2oXNrTDSdtwwdgm,31445
tz1YPUNi7KW28VxZNEu3fNkRkJG55G9p7wsN,45
tz1YpusrSty7ULz7w9sM814trSRmM1aNbmZd,1595866
tz1cuj9Cgi19KMRi83UuypS89kXM435qdhmy,3816
tz1htwxBMBFikeP8SnQiEQyA9n1ryDrDFyLK,19560
tz1XTyukKgkqq9P83UkV15np7EtSSEy4kAeY,20035
tz1WMFtCLLeRiayH19ZiaErKq4Zu9p5N73Sr,551
tz1RFUjzPENm3vF7quaxfELQCfNTCSjAsFdA,192838
tz1cLd3gXJ9Fk5c648hRzFvTnGfT97CxcHrj,328344
tz1Te5JR7gzDBwtZLKPWSPuTGFE4JX21vVur,7
tz1YDRhXyq5ZHMoHXJX67rHSrUFTqhYjFo86,22592
tz1NGDuYTuuB1geX1K5b88cqa8JinFLdd3d5,97804
tz1XykUaKpskyp7hDEZjmuNTk4gFU58a46KC,11220665
tz1dghYwdzvHc3tYHp8iHpNUSpmAvvs8Zjs8,4839532
tz1PuipWs33aqS2KSG5k1qQtC6Dff1P1GBmM,73209
tz1ZNxMa8XsMa8JTv776X9iCETcNoo4SY629,42731151
tz1a5QW18ULwjJK71LSc7UqNGgryrFouHzf1,14284
tz1Z1ZX2B98nEAvEnLXJBCnsJ6K1GqaSp9jK,70325
tz1enT2GWv7U8jyPmmoVb228u8hvi6hJh5FF,183309
tz2HSz8b961xoDjDLy3aFGogvW4HEqXXdcR6,100443
tz1eSGjgq2NmLWnaQFQxafXK8ZQF5V7Sz72y,8386150
tz2EP3fw5CbUUgJdx4c3Xono8Gbc8PLXGRM9,147904
tz1ZhteLTqobRVCYsPj44oFfom5BJ2SdGxeE,151086
tz1aRF3qMDrbN95f8dGYTKPaey6J2qQQnk8j,49231013
tz1fCHiWZ3ReGqvhxkMejVzcnXYz1rnsJpow,4016503
tz1Mdpj1npkpaxPHF2wFN6oX8SovVPfHyXSy,48854
tz1L1i5BVehYJBebCGvPYU9kZYGKBELGUJGH,1221284
tz1TR56EbNTEEDeRrsPzQzoyvwFgZT25q3JR,67712
tz1XbQgDFCaT228TPS2YUeHHfpVqGW7ANCDw,29
tz1S1Aew75hMrPUymqenKfHo8FspppXKpW7h,8199
tz1Wb4LakUUYuFuuEgXXQrNZuBD49Trodhwx,77294
tz1RAfKUFBX6P2jFkCpzLFntju7djjbtKAKr,2890878
tz1UFwr89hcJvC4sNCYK7zSLcaD4JW2KkNYD,822866
tz1ZPSGxrrPPfrmoGJgpXDArNJfNNy3qGvE4,67422
tz1iQ5n52oSKgdtdYtqEJgKmQYbL1nn2poB8,1830986
tz1gueZ7eL2KnvxqWudHjoTH3ZPiUCmwNKR6,227526
tz1QxepCwQ45EwtcxkgXZezHbnidvK7hUywy,1234624
tz1WT27PugwGBtre1hsj6BHmbAK2qQsVbRDo,304891
tz1fL2TsQR271w84MXx3qFD7y4PZ1F2mpHFA,2
tz1KhU89QWZuuhhnDD1paFp1jYMdpJLh55im,453578
tz1QQyhTMAmNQPcSGkM7GfDva8hmuFPAxUMB,302958
tz1htnC2n5n27PFD41q5X8bDvDcjbGMUS3f5,4964766
tz1PoickddNEkRN6qp4K41u4KUW43vZ1UDvF,10068
tz1b9qYttBxHzoEseqabgvQiCxafZzkAtH9G,2139028
tz1MQotPcNdc9R3nWCTwXLMDqKLS46WqW7Wx,773857
tz1favSqpvTLtedjTm1UjuEmKfgm4o9kyLd1,1744575
tz1WHUWCMqVqq5AagGN5DrytqWz88tYgedUr,84552
tz1YJvMiZyXnzvV9pxtAiuCFvaG7XoBZhbUQ,431580
tz1TmSForCvNii8rmwL6q2jgicQfqjNFtj8K,869615
tz1eoqCSmqPQtTLs53Rj6gBB14eQh2aHWVxu,17461
tz1XhZUHsJAFp4FHoeeQQ7auVBk5j6xoUKbS,23636
tz1Pwh2MBs6q2SeLHiko3iJpfMwsDV46bqQU,4426783
tz1hLWsybqnJtQRFp8skYy5aZLGNmL9bMUpa,473898
tz1PuYitvGfsBm7C3oYAXqNc3t5wNhWZj5Dh,419630
tz1dbCAvra65bwTVk5mgkYUHUGz3hoKwovZ8,141151
tz1T5NfkdPfhkXzYx8akPkdznxSgU1Uf5jEG,354250
tz1PYqfNnkpZydtSY2Tn3Rv8mjkgUpHJpFXC,984470
tz1WidyAU8wuyG25Pd7b93bcx9hMu7W9Pea8,9847
tz2Mz3ovkZR2HyC89CHHSdsrPya1mKSmLWfD,68292
tz1ae2d1BJt7YUqaaec6Xenh3mBqS7VjSZtK,61251
tz1g1vr7gbU7kwxVqmbmnovTGtdeRxFE6uBk,16043
tz1L1XwcVmD2z4qPfLtBJ6RPThgAwLcXG6kW,10321
tz1epFVHmqeWvvkFf2eskwhQ1AY3JwWd7Ej6,203431
tz1QRcnskFh7eaV7QdEnjoYdDfrDqHgmmrvF,529082
tz1XybkRZWjLx3hwcy1hQ7PT6FWEhpHm1FBv,51736
tz1XcuwadWbLKkc4mDVxRo25dbtwfEa7wf2c,364582
tz1hvRvzke27MGtp8CsSvsafxyyMWSVYM1ut,18452
tz1a7MJ4HMNbWDhKZAqrvzX5P6u2E2mJyJiV,705865
tz1WeLuPLjUs53Yr1RCgq4EQ4d5SvV651Tqt,6928
tz1Wo716Gggp5HfupfxtPgmYu23rDQNcLcD8,656643
tz1imyQrFWHyTp4avUNAw52RxdFjU3HPviRN,180767
tz1isKR8pS4pdgU934K1S4UpLsF56ECJNArh,244209
tz1ZVoeS9T3H451BgjTe18pM1q1LPd2cgB6Z,384
tz1eL4fYCgegW8tLCbQ1mYiKY3TdDxWnnKo8,392127
tz1Rhg2UDkjgLhemdSMtiGVGRmzwVLVaHArD,48696
tz1dPHDXSCFo8PienbvDMyCKr5DXjPMrZkJ1,325961
tz1fkkxXSMtSQew8F78XdsnaC26AfsXtsGiY,68552
tz1ZuiTWKXKqYfzFPaSaAG3Huf9QM1AdZ1pJ,249604
tz1RsCndtupuxe2U3syGAdcRBzpNqJZ9ANNc,5213640
tz1MrZQhiNiHK14oEq595DLsVQ9wC4Nv2ZXW,31227
tz1LJQ6MPnjGekNAmhFmkm8XWtM6UGx4MyF4,1193175
tz1hmxzW7MuU8HeRoCFPGZJnavGf5unqgaph,717182
tz1Z6QqrAbEAMDLsis3v6b956sfH6qLTSEex,2614
tz1NnBgY2ze24nQDpdY72wb1GVsee1UfAT3d,26234
tz1dAW94vB3yYfNPE4LM2txBT8PQ21Zq4Xzf,58682
tz1eeR22tmjPN3rGDikEMvpe8jcdXww3dqTt,195607
tz1MsfyCeQEt7khed67HHsAidezZ1Th6mjzB,67835
tz1WBMWCwjuFSsiiLUWKEQHEACNEat2S3EsD,11340
tz2SuPjN8dYMJQe548bTvSPL1fdStZPXv7gT,14410866
tz1N33TtiYBQ67sw32rhCsMSVpZkrSHWe9aq,3054876
tz1QMjzbw5Yoi2zPqUeg2yuv5GZdmXjhh9mr,195609
tz1NJS9T6FKTnKUkVNv2g44GHTAhzH77qiYw,396744
tz1URL5HNuTa1fHqqCtUKXUM3hm6g9c88NgF,617
tz2M9C5x1KoZGoQ9xEY6fQ6Xwbe2GU1RTzRx,159
tz1RCQDHtpdcwfgF1Kbbyusd6xhfjbXanhZ5,2307979
tz1c8JTzmA6c7cm6ZmUwR7WES6akdiMa1kwt,309700
tz1XRTNgXgWmR4PqxZpiB6HZJ8Siz3M2JAim,92895
tz1imbraxLCQ9TUpnJVP31LS18hpTqG5wv1k,219830
tz1iDuz9LvybPBC4kDc7ceBoKVDwwzJR7zKb,5997727
tz1eiyML8sHGBL139FwJQJeLGHWAFtDqPz4U,19560
tz1YQDCB6Hbn2ozMyS2kf6WPJDeRvJtmtNqQ,350456
tz1TQw8erN1a2LpfRSNMExicRXMveBPbvTKE,36
tz1gaRjULm9qy4D83VCvb4ABWLKpz4XXfqjx,94804
tz1hAZNx3LrRKFgfRytoLNVGhCrzU1uVDUHS,309324
tz1gJaXdi7Gweq8TUSy9knB2wLjioTKy2tZF,40675
tz1PoXtd7RGVBwWmmZvxX18NQXYpbNdiwwtE,541334
tz1RLCvv7wrWq4hTmyKk1zZuZeuUXNViSgRD,10939
tz1QFk2DJhPkzp2nCN7Thpo4askJjQ3Zw6BU,210
tz1bRDYJHp3ACUojEeM6Ja442YEwNmcb7ph9,192012
tz1MDs7ym4sp2FsQhL32vuAnEqG3ARhM9Vi4,207343
tz1Xy5UM1tC3CFcbPBVq5PjufaxcLjMwfQkE,5623
tz1RAKBnmd1X43pkkGqywYCRgf1Uo6D77zMx,5622
tz1cXwKRD6AMy5nhqEVUU23SBxcAMnh2aKLn,62701
tz1imrUNR1R52GxhP4y6XQCDDXtQs11GarTN,4056
tz1chab75LnyqBqNwrK11459SGCFQXLg9uyx,102614
tz1USfPTFciXzVsQL7Rk8HmMWyWtFEas7fh3,224796
tz1btYY98CWBVCGEikD7s1buWjpicb9kG8aH,4222
tz1fj962xSPKTA57yWHA43VeVzo8KqdpNAeF,296262
tz1ioU6W4otB7ebgRZTq1EVVra3vMyXqeqsm,55293
tz1N8oU57qMgDRr6N9pSbhaiWRRQSxJRPGoZ,42897
tz1fCEeLBcuSMSittqTnMEhcFdPCtD1HsiZc,997
tz1WsKkY3TLDvqTuK97Xu4zuVoTb2nsr7J8S,36166
tz2DsS3zeg4pqoUnRPHxvuRSuQrjDnTZcTNJ,629
tz1gSGxwMrToBdzLeaxg4Bregv6W2oEbNLC8,1818285
tz1KxARuCbAoiGGesnQjr2pvZa7CzJR7V9D7,142696
tz1QS7N8HnRBG2RNh3Kjty58XFXuLFVdnKGY,11724542
tz1RAP1j8SjwT587jyccTNArBFhC9HhGKfHq,25139
tz1QiZCuJMuVz3aq7j1Bq2v3BRTQPCdTw3Fb,383941
tz1L8hBVpams2fWFC9kS1sPVxfGY6Hmg5TQ8,54601
tz1TQSPkLPqXUREhxvYzPbAib6Jz35w2a6tw,178959
tz1XD1xSVzgY8Qs1id1kNyFJDbv9e9pNMe2c,97811
tz1Tk1MJDZ96bK85RLAqtKfnptZZyXsJ2jaq,88
tz1hes6aF3Px3D8nPQx27fdwBKrXmGs1UYxT,568657
tz1c1BG1PEeuhMFwmonTVSGafehicqbBJFec,16622
tz1THwbFPPPBHmBu4cmLV2SppLFrA5QfBhyF,77949
tz1QSwx2wnmrTjEGrid79c4tpFMxjCT86SAy,167286
tz1RcJYTsoYQ7adtNMANhwd8qf4zApM4i2Yd,414505
tz1cvrgSekgCqgyc1c2qFPSeMtux6AAAfDsk,2536
tz1a1ZcbAeBEjxYSwuNKxSu6FbFB4dxdL3m9,2292
tz1NZnfrNgCGdECyAhA93TLPTSciJcZBJqDY,9489
tz1UGuKv6PzgVbofb42VgeRwDwsVN47UpuZB,330435
tz1N3nvFqipu91tfU9s4GXGsopawpwxSoAJh,16083
tz1LFeLTRQZrgKxbmvjz2ckViRhVw9BZXw7t,3876866
tz1XuzzMTz1LhqbRPy9uxfRkccSxju3v8Y4j,64001
tz1MoiwNRQWHfA71aypNk8J9CsKjfmq39c2F,700771
tz1hhphPmGxL6HEmEjoVSJBy82FMWbFwzNCD,3917
tz1YHLm7Lq27q3rgVXLY424zQMkvncVvNiaK,21516
tz1fKtBhuuZiMYhM3Pi1hcP2sjRbstgDrmqX,6295
tz1XEA7cp83PyiXfSxWu3uHjA3EF6Gdh3Vhq,21165
tz1UXMLCt7dqbUiJ2BHRhE1gFkdVkmCZYcM9,6896
tz1iKF8o1hCLaTNZcCJpgKQBQxkpcSiBy5V6,276278
tz1c2iwyckUCcicx2qxqtwLEartYFEHg1pvB,125770
tz1PQDUDph7dDCn8pLGXqaR79DiUWLiSZdEf,66114
tz1fUZ5pMP1gUjuJsp5V631cXmA87Kxm3cuZ,1009333
tz1NVsmLrZX4jad9bNdvM1EskvcTq2LSZhLx,871799
tz1PKoh9LB2P3pgh5ahaAFnrC2QBmUxcHDJU,60812
tz1cqoo91JCc6sKmNuTVKNzwUdi6E6moHWFb,258363
tz1ZGNErBKdYeEPjZuqKXhyTixQTTPn54bx3,7204
tz1QVUXNoyCfKpAyxDpq8kR3rK2AShuzQxJ5,667386
tz1UVTMhbMiSETKCxFi413yZ7imF1xeyt3fV,199550
tz1UAYfFWmaTrQTYMptaGCw6LrXK5Yv84VnQ,1062
tz1hLhGe26gqt78sZboxiwne6zgKMqirRieW,7515
tz1RYTr2WKdJD1MMV51kN9AoxPnxZJgJ5sqU,10659
tz1R6mtcAQwBTK9YpSqRL9y2a6JZWgDkBm6M,122059
tz1Sv2XMQNxcAqyqyyv42FHjf3EGwJ3Godj1,2178
tz1Vh4cX8VutUUUnnjmnY2omSV4F26T5orLH,1471
tz1QGCWjNpYmcS6T9qFGYSam25e36WeFUCK4,118253
tz1LApX9pPhcDUDznHR5TTCcSXh3m6zPgFHA,10838
tz1hUY7paB2J5EhD73r4oWL6uZubf1UibHrk,211121
tz1RaZeHEiKewSd14gZ7HKfcQ3HaNHJ5tnV6,2108414
tz1aiLrqvULcV2Kfvzt9dUmqnLQnoNXPPek8,1910936
tz1M2h2hPZzov29kf7xcHXrunXb2jFSbfiNd,982967
tz1MToDUySbYhPabULUyDPPsfDQF1cpZPdoH,147916
tz1gMfLSQs6xTM2TcLM6Sb2njJ6h9qhSsT9Z,296180
tz1UNTxRbAYTSBSdHMjoUoYAtLH4MHMUiGwg,20363
tz1TqqKqc4t2Y6PTvxeuhF8kNjVn8HpZkKma,142211
tz2VoUZvPNLyq9bZ82VoDLrhkH8n6eaUoS6E,26833
tz1ZvbLR47deoqaSgsaRXe7hbgDgwonBicnV,2894459
tz1L8m6MGdvK2WA65wQ7DeVwXVmCS72JKWeN,27364806
tz1iCJRFVD1oY7yQBap6X59XktpKHJtgCGyS,6658
tz1bnWUvcfU77EBpbLUQ41c3hCBKovGuqyGY,447644
tz1STAzkywd9GnKGvJBPL4xWte3LCniyu5ho,129005
tz1g6cLrzLxNayiVyb7BLsKK6TfwboqWaYPx,49595
tz2Q6ugZbronUHSk8fbuHibBrBEJwrzgtL8X,39317
tz2Kn9u9cxvTczP6CjirJnEE1UApmoCzuGPB,108518
tz1aHfKHR887WzmpA56K2diKDufR3QJqn9iK,7224764
tz1bdbHUpDrUx7m5g4VTSkjnc3mxnquzRTcw,8374
tz1TQJjDtzUWWAa5a9H61iyPZmuKRfX9hXi8,20871
tz1ewd8gDnG3USrTRJVdbpsyieVv9fWDMPNk,353734
tz1PwxV2kaHhubkYaRWTnGBvsxXswz7V9GWc,711
tz1Tpms3fccT8x1pVY9BQKgnvppew71pTDDd,19564
tz1bNLPqmLVxWF6puxbFZHU1yCJLiCZmHH2E,5855
tz1ajJzH5YBGRuXnU7QDJzY2qVRGcysUbxJE,19560
tz1YT4u9DnGFiRM8AXXACY8LWuV1rW3A2hFb,1035
tz1QppHuA9TUoFN5Ek2ZSmRPdU1xQiwRSnPb,10892
tz1fne8nhZuSRgzaQPyaomKQcFRfthyicBQc,19560
tz1Uva3ynPUXqpAsWJ3CxcXVPG7HEXB19rzU,199883
tz1cGZNvVyHrKgbRu4b23Nw896JD6GYhZKQm,199553
tz1i9THBDe13YzhSmcdpcWKJrL4raaJ1cpN3,199225
tz1apbBneTw4Ap2kdmv7gfTv4kDPYbR5HAkn,168797
tz1MJ4C21XhL6B3YptprRWMuL8oeJquUhz4u,131807
tz1SMoz8tsJzeQPtGhPEjPnanQMvFc5KitVh,10912
tz1XuNQgqT23u9KcwmRLGGQ6w2n6dCE4bmoV,16266
tz1idC7XEoSZ45sXLwp1ujYJ3yNFi2tkLT7A,68499
tz1d4649CmmMEzXBWzhTgTkFxy9ATNhb5HC3,2204
tz2CrWArLr8eRCj6mp6yYQAKshR9MuyaK3Qu,221990
tz1WqkwtGV3ttnchD3bqmucZwByduHq8EN8f,13357
tz1dVTewmwhAqfBcAgDuDuF2sPUaafuPA8mr,207792
tz1ScePe2eXYo1RBdEe12hNY8KrvHyjFhHw6,1765
tz1XNmNga2NyqFiNpmEN66fpySDoGWoKpKXB,4790
tz1N2AezxpvrXzvGaqNVW9BqXxJ6Rcup9M4p,7345
tz1iFKBz9HbJDp6omQGG9LC9bTXF4zKdkJfR,9970
tz1LYQiMSoy34xAUD2NnsJLCTmb8HYYR9th9,10050
tz1VYa9SB4LtsHLWZnJXc1JuL7wuX46orE2Z,344919
tz1cAxm3wHEUX9tY87sSfdVfHgCWcPCTkNTA,142140
tz1YrFGJ542U6jpYHpe7BFHxNfa2mb1wpAdH,2277
tz1SPVSDCDpbqigKWVYnbgHEudxSM3BASPZj,1756826
tz1f7C7HeTczoCxoo8oQ3vBDRQTiNM3tFTZu,85935
tz1P8pHeW6qWzBkgeDvi3bc8depN63r5tt5s,66648
tz1iZnkruZaYGv3dfER3wEasjJj5xpaTtMjN,293410
tz1Y1svqGfYwEN9J3ne2WLEuzUVnwzP5qoYW,30
tz1YmwJZfEerVMbc8uuJc7xUzE64ma3Xfu7L,19821
tz1aQbe92zZy6MNeRFtgmgV5dV5R4BNTdqK1,18822
tz1THz87Wwo5DL34CELa6psvuH8RXShPmSbc,5085
tz1eQ9skdokeeUyTc4SdNQMPigjZ8JY4kzus,253134
tz1S35xPc2sh4kK5hd7KujsWU1G3SUdCnFqp,3301264
tz1dYEEirVkgSnE7eGK9vFUwxWBqibkafs8W,58814
tz1VLGH7SJ4HA6kDXRiHYqVFkn2btjnoxqib,1901634
tz1XYkmAHtkZFjZLdWNoL2BTqUws4oD4H1PR,878187
tz1dCyFm9jxuhxJEi8UW5sgiS7TFubaNT1J7,1109
tz1XbmhVLdDgsihnVoyn6aTRMURJ87YEbG9B,107588
tz1Sk1mwyBQkcyrwWZkftmR3Mjv77BEGUw65,22446
tz1QHXGKA8NaCmpZLrvrUyBpYhgEiQDyWY1r,14801
tz1NS4ZXnzYBPJpspW2svbqdjGsgBsGZchzV,783
tz1LUdy3KnxyyARheKtfcnRymhUq82SKLvyx,452
tz1YRG68NdqtAcsFEwTUw6FsSsiBb5kagEDo,9834
tz1NiraRNtWgpXyyxopRTk2a7Py9oKFdrgkB,49210625
tz1VnXCALwSCihScu984A3dbY6XXLzDqJWa1,107044819
tz2R1iMz3wHEx6Z8dpdPVgb9eTDVh5NdeqNz,110582
tz1hR6q1QMUC4wLD3izGsfeZ3HuyfJH5QajX,4119
tz1akJUKXFmNjxKaCqcEHmwbx4u86xfHLYJc,5990183
tz1V2FYediKBAEaTpXXJBSjuQpjkyCzrTSiE,15669
tz1Z1xRcvcqPPqja34fWNd1StABUV38LnbpW,2054
tz1egZ7YNcG81udp3pGXPBsYQsUNHB7xAH7V,38582
tz1TSowSJAKRqQbqjspmyfN33nps1op2GodY,196
tz1VV5912Qp7qqZaQ28MC2G3RQ89UhEdueqt,9592166
tz1codeYURj5z49HKX9zmLHms2vJN2qDjrtt,6063055
tz1WXSxKwhw9EectY8mAdUFXDBHFnPZE3HSG,856427
tz1aDrsGYyNbiqUX6eTHLe5otZJwN5XQh2kG,13105379
tz1gu5jCJunSaHjR52rcu3n7SgDCJZDLTqJM,42927
tz1SDmZnnzpH5GAfHoeXygPWwzJtHXADpohn,13084
tz2KgCQ3sTz3n3jrU21DveCfTVFgrMnzeA7x,18917601
tz1XT3SAzJh47s5DxMJud63MWnvDftqWFtS3,1016534
tz1bQxeuFnf9PTDRUwu94sU1GUvU425KqCeq,573
tz1Rb2U9TbEkYVQM412wBzBbMbnqX2r4CTXs,517
tz1gaTbRLDWJFA8bzcvDtkz8HxN6V1eL6gwL,8188
tz1U9RY2mXmwAaSSm67rEy49N5YE1Rs7K223,8553
tz1ZzEEVRzw78fhsLMM7JvV9CxZUaWGB98U8,27843
tz1hHz9wjLaZ3p9sDo9SkqT1t5wxNsK7688s,32217
tz2BzwVtwa2mTbspW1qqdiA2UtctbGntxAGi,3244063
tz1QjLLgQidRchfWMvHa23uhfgdzNKSevELK,2471785
tz1WW1xr4mdTif7jorgVr7aqY3YnnJPSDXj7,23263
tz1coEYWsh5bwhhCsK2Dc1SXTNQs1hWs1QtL,33670
tz1YKkEwEXk5g5MeDzNTgfDwKd589rGJS9q7,11923
tz1PSiE9EmFbQFb7K1cBxPTsbPdgotHLdy9e,36508
tz1hWxyYMfK3h3y7WvL1ErggtgneuNynC1JA,31773
tz1agphvYoUaWn5BjTVHnqTTyYwURTGAZyBE,233
tz1UVjnYXp5DZaCX3JZvxQQqxKnXaVMYAYZD,141325
tz1N4Q2BLS4sYvKCoM5XxFAEL1yoEY8TSS7j,11904306
tz1XH15XMCB22rJJxHLsZgVhXA6t7kJnmFa1,63009
tz1NEmMNjFtXgixkdCkkGsEn7k6QPeG1G1Qn,351443
tz1gVmWVnkT2yQr9gmed4BgK22SrSPjfpkEn,326766
tz1huGodLQWq9gKTZJ7D2Z9GeymHBJNnXvtd,23
tz1RVq5ohXzWvbqHzUgsmUNWHqin9HRkrWPz,268
tz1aGLjZZLDwYYSevU3HLbEXenAxwRo6f6EM,76
tz1cj6FQs2Zjuwwf1uY7e7fLQfzi3YAbNj46,97804
tz1XksiJMYSGBzqZqbj4F1dbHBH85i9jR3Zi,169571
tz1U6R3G9mF8n9qH5mhrMZjgJTMKAEYb9Uw7,3291876
tz1TtLSSFGrP1796nyd1ZhGH3o1AVitoukLj,4739
tz1QoX2rtnpKq3MxJ21E9NcEKxqPL4dKsEcn,812426
tz1iXbbzm9Wogk7D2W2qNwYzePbQVmYP6BXN,14652
tz1aQGJFwYn3yzghyRbuWNapzDZjXCEfYHuW,2087
tz1MtaUicPHBwrvkwnNwikGFfFWdaPxYAvJc,19015
tz1enSmESCGkRYo2CtDYKhqUHFTAQkpXjYjg,19306
tz1Wn4Wc6d6jieFpj2DJaNEC7HXcwKexW2By,254289
tz1c2MCGJM3pFb88Spt1cWgxGtXAX38Ur3CS,155985
tz1ZFS66zDerPgLPnYYEo8YXveudhGbzjESJ,37996
tz1ZrtiLUXfjKsYskvr7fmZk9N277YQcv8Ws,94282
tz1NqZnVNkS4N4XQqZaTigDQpSs8nc8RoMFW,38522
tz1WEjGgTyPyhUapqCRvwBnHhLCNV38Jr1GU,20810
tz1f2NgqK2bX3LaPgeTrEWgFFqRJgPNzFAYv,32249
tz1WGMbfVnzVSTD8oNgZA8feaYvNvBYzSVmD,23299
tz1MrpnRbw6HqHvKyBE3811uHgJYuvVj2hwN,19743
tz1TkqGsSx3gB17SLAcMAnDgfs53kYeFez9Z,40964
tz1KssAq8Lofcu9MwuXqpvXh75ufZSCsLQun,33277
tz1fhd4k1jSJRRcNVbkMwVzkKEhX3kzApsfk,56616
tz1TRrpXyABLU7RfM1fR5AbFM4g3F71KpKVS,7242
tz1NkGJR1x59KMwfLr2a8bAqDYSm4WeDjeui,25306
tz1b4Y6E5szNCHKZadDnAvdUyBfr7eQoEM3Z,93530
tz1Y8v9LUURRffBVoJNysYTMzb2NranuM3fd,14370
tz2ULsEpiuozejYYvEcwYq76vDHUEVcyYyE6,2328
tz1PQkArZXKyQjY8gmX9yAF8NEtEtbuekeqP,13489087
tz1bv7bDGmKDPNjX3FBJ5nPG3LWnT7yB1Wto,464966
tz1LrMXpAmdVrP5daG1dyQnTia36EtXQGhzC,8874
tz1fkdpxhfX9pyAirzTZ5cKUKn7QRoPH635X,46
tz1bRxQfpDiUrzfEyjn4Hah34a7HNmoC8qyN,2747129
tz1YrmdFnmRS5McKQyFsXRrTSS849k9CPdXL,12579
tz1TyTnxshr1r3xEQDsiX3sX96wvfwm41tWS,625
tz1VFdHcm1vd6qTka7VHV5VmZPebpe4cJXsm,7183
tz1UJd94Mz9pyLzfC8SAZvTdDHUs5qkFvucK,175248
tz1i3d4DrdmVrQRVALsNrxw9J2UsXR4a819E,2647
tz1ajbUoguHiipVftY865tu8r1aRYEVWMKZz,699
tz1f94uZ7SF2fLKnMjFzGQTbznd8qpAZ12is,72525
tz1bmKAXCTFwox8xP1uSsTYiSSBt4dhtjx3e,137672
tz1b6XZn2k2tpS7uh3aHCMZ7J5xTR72ziJZv,119784
tz1gqAonCuKe1Vg9zNwFhP44fdPpHypGfZh1,35334
tz1fCCyqjcmwNw5Vv1b7yVXPvJzL42KqxWxd,40
tz1Yhe4w3qt2wiRz1LJv6QWsdHavkuLZtA3Q,273251
tz1eQpFrU6eQjmy2dcJiTeG18SK75yMPucec,31
tz1biyDVy4Zq4vZyc91eJAKi7wYbNFPJTzHD,9155
tz1cd8cN3qrphyJ3n337tcbCP2G5QkMP271b,543461
tz1MT9A2Fhs6PwsUXtYgVUxGNxHeuHX93sr8,7476
tz1igNamUNibU68i3pwGcdKLNr1Guf5oJ6nu,632092
tz1Yu1qh4mk9ejf2MLxRNnRwdHoidXqoSqqm,2134997
tz1Yoe8QLauwLiYB6bpDo6tXNtfidrrcUyCx,6747
tz1Y1kdVWiz11sFffcydfFtP6Zam6N2h3iSF,117
tz1ZPzoCDzn9kZD9kf9ZWg7bybBJdKnw9PMz,33822
tz1Z4HEApoZ8Yum7RTc94Nqt2eepRcHFSqcQ,140441
tz1aWwVu9MLbY2MiqL8H7WuzJ2g39m67oJQS,15627
tz1MAE9qgpWLsc2p6NdKZbnCcpzKt2QkQSzB,132087
tz1bYyUrzvViYFF1LbXxWeFiorMBXUtEusSj,122
tz1chAZukD7QacpWDUJ33dGqeWFvknj5Xpj9,285302
tz1dDmngL167C8BFXJwX569z8KPoBS4Hrmua,12
tz1TwG24jP7Sow6uq8554A6AUSxwtMQk9sp8,24176
tz1Ziaxoio55wxE9UWpXnaMgRtSN3VBhgGTX,543
tz1bp3oUKqHcF3BZZQcDNYqsk1nw91Nkr4fr,5326
tz1RYVLebe4eDwGTJSMppc83yugoYXN8G53H,5326
tz1QKxiyYVjjff51jz4RR36SxHsM6PiiExAn,5326
tz1MdzpED8Jx333i4MMnhisRxK4RZdN49AZy,5326
tz1bZHuPEvBTssxpk6TTErngCiqpedPz85Ku,5326
tz1PZ36aiHW5x5HmhNc7gvDNdu8m7NAuZbiG,5326
tz1WUqA3SszNphCmLgiDu5jSNKoGqAuHA77B,5326
tz1NXp5GJfJ6UZoiv5BYykyxkag123G6SQs3,5326
tz1SKjT7gZtxGYZzvwMJPczpnbrgy9S2CGq9,5326
tz1SXKgF1AcPkTDCHm1TaBSx1kkhEEiAv2ZV,5326
tz1hf9kC9q6s36AFnz5VdGPWfw3U3yjM5fd3,5326
tz1ZyPDo7hJ1xyUWg25q7rpZ6kZ7WjLNXPcq,5326
tz1L1CRSuow6DbyfL4T1iCrZcbvULU4Ndxbk,5326
tz1PHJKsafAGux2BN5RbnA9VVnJTLwHyEGKm,5326
tz1iuXgS8GQHX3UrFTeQeDJNRQwTqk5Ky71W,5326
tz1ZiutCQgTEedcG6bB4HyxHksneK2BGyRcX,5326
tz1SevLttnimTvtKcwteXobXLXeotdFivrCE,5326
tz1b7f2dYCGV3Mn9Kqd1rbCmjPLXaEwyHwQT,5326
tz1dpQJYQkWUcBTqx3sW8AEFsJeNUcAa7mVd,5326
tz1Xq2xFYJ6yewPo4G3AyYexq8YbDPFrMnJP,5326
tz1VfGyV1Dfava6M8oBYqmDRJR8UL2FfYoVi,5326
tz1fekve2hE2s2cRwLVMS82tXn4GPcugfCdY,5326
tz1Va9fLvE3yNPupePTdMPX7zF449Q8fjeRc,5326
tz1Wbc68JZxRJeaYQ7BV1WvnytzJfJ3LYFdY,5326
tz1aKbkT7her6XEBY5a5cyzG9sSRQXNdDfeB,5326
tz1LUSKkdCc4h33utT48d3dqqqWuNTHSy8Wc,5326
tz1abXSECVwRTMajFVmUzWXABPaGkTy35NKW,5326
tz1S6SSigi75RbYC2sR4xzTTyxZACqhpcxoZ,5326
tz1fgX3sRSUFc3NYTqj81Z7s97auxMoDdaHc,5326
tz1StsoAaqgEcbx65F1sWQs4F9KzXyycufcA,4746
tz1ZYCUaf3AHvBhVChWL2RDQ9vww4VtQqBQX,4724
tz1a3zH4CyejVgJ8bJL88F2bkb9DKTsVALu5,4735
tz1RPJZCCaXzywaZbUQ1AShwDGW2eqqopqio,897683
tz1TjQAiE96rYCGCGrbWCzmwhuKgt556AgUx,6646
tz1S4nxXjJiSsn5h8DcUXBJhBL6MnPoyuTdC,3484
tz1QwQdgo79b1b3Uhcbviz66JeNq5NSkLMMU,3349
tz1PmrFyfaJsaoNswcXgc6xRHsimmSVmpZwQ,3488
tz1hkfSmFhSUdaGv6WNbtnMyfBcifEc4ZqiC,3272
tz1Y97DD3qM7xfwcg1N5vNP1RFPPmYFrT76k,3438
tz1QZZJyziNF4YKouMcpV7fNvZAbsxbqW9En,3394
tz1h3iUBUDeP3uyFTQ3hkhHQyTdc3AQxugdc,3459
tz1LK7fLAhbDFMkz3PEmmtPPdMThLCFdf2Ew,3473
tz1WWRakDQcrPLDSdoMSKfxA2quuejwrcdMC,3477
tz1MhPuAFdwmU7ZCFxBPAuHHdyZ87yxDmUFW,3490
tz1NHrBGrp8bExPpFyq7mE8PivPK38TRHV3v,3130
tz1dkSFiGuksdcLuFvwinHxDTxGcaZuMBhZo,3462
tz1aGPrBTV7uHxetHTDrDXehi8axBZjoJ94K,3239
tz1QX6fBCPCQdrLXeTQJy8yNpoxfXcPGrPaE,3383
tz1NdwCrV7Tacpaxu3HXpePoWaYYxndWZb5W,3163
tz1aBA3X3suZiyhPLADGU1vt9EazWNN9mpWs,3469
tz1S4exgAjybUiCXdYy93FFq6UiVfrxk4i69,3492
tz2M8wUVctsHkQq6zEugKTgieYbdzEuuhpkc,22090
tz1djbv9JAQkbn8uQqXJEmM4ymxHSqmdzGy4,267862
tz1LXcSjjWHCuKHaJPAvPb18goJhMoaLgkaE,124
tz2Q7GcWsdAV2krjJDmEz4CNfcDfnoREZDeT,5750
tz1h2AzE3kDAPJYZeJ7rqfojDHwZECie5kyh,325877
tz1Rpm6NShycycR78Gd9iEtHVPcaUsfcTqcy,3928
tz1MBkViJxtsnZ8DSDxJFCR16azpks1uGgoR,541
tz1PPvPurgxkRirjhsih7t5aPveMs1ENt74t,390
tz1UChaj24fHGPfNn1aqABNBb5WWGZ7RfMuF,5166
tz1f5oxQvEXA9m18aiVGDaVs5At4oZdrR6Kt,82
tz1e9jhSiUVy9vD7qwnotAVgxy1rpjqGJjcU,1555
tz1KwuJDP5WDyWWe8REH6RHTUJ1sfkJrGBL4,1540
tz1cZDhWdASeB2Nk93eT4mCAdw4VvnMEw9Sa,1129
tz1Li4CydFSpubMEDpKiNZ7NoWiMSgJJcqeA,1163
tz1P4owaJWbeXsuqGSvggi3imzR2mJDpyxTV,28536
tz1PVV8i3pkUJC7FSNVQp5fatez52M9QLeAb,41365
tz1TXXmPc2fsvzzRwdQmT3W9iEfWygty4X2Z,45450
tz1ZZvnqtcmgdf4YKFTnVi9Cg1XEiueLCmBr,465
tz1W4jZBoLM2AGZq2ptopYBu353rRvuSh2dK,92642
tz1XpqxdnX8JwzcLtSSKkiemic12U4NkCbkG,33076
tz1Q9Yyna7X9nxjHe4dbyj8Qk1ZuznCTch3a,826
tz1Qg41X8F1dZPVZmc1n32fxRAk1WEgg3qUo,41
tz1MN2zesLxjCfB3K8LUBf6rvnXLk8Z11hm6,983
tz2SFxhkao5Kh35pbg3mQxbTvKbEbXPEhGds,6622
tz1bMLmaYWNNJBYUgPGsCV2C3B4CixzmnDk4,16284
tz1dHJmULw6DQSKAWYWpDXoqeecE4tG216yP,4864
tz1TiKTQkyc8KupyxY5QmPA7uf9xmhQzXAkq,5335112
tz1XUaLk6Y1T6PbJzfrmfvem29cDNp2dnSDM,2272
tz1cLB1J9PtkoJCnH3ovrn53ZWddfMbF2PL5,12397
tz1MhV6pu2sFcSKZvevrCtNRcb4yszVdVn5b,24
tz1bi7iZyxPCGjMUQMiouiHRxQwveQjuTu8b,26239
tz2PBAJo8zSWvHXh7Z2VineRxPP3tn27JPQf,4132
tz1duafqHy827Aw6bbFNVqUbpxphm8MSecwU,34670
tz1VokTq5w2ngWQtfwzF6pyB24Ro6C692Wez,22728
tz1XkMZQCCAC1d2YCbHzSySvaiGU7fv24gx3,474202
tz1VEbcByoqdaTKar1XRpada24pn8D5xRrkw,283
tz1N6Rvgx7tFsXkNWjHNdwhDLLg4oSoFeMAU,33141
tz1hZ3dazpeour6uTQCA26yzohhuYgesjzDT,6195
tz1XrThJDztPJoJEKbYXqaDxFzwp1Adbo1F8,95
tz1YtUbTURpWeX1CzHFamxS7fGdaKwKKgMzq,8605
tz1NFiJUDasUpobcXVdtKyBj5eDcdmjnAPqt,3
tz1SqQoCZfqRem7eo2HtKHSL6zbdoevxc1S7,74
tz1YcRfmH4JsdvLzzijq1mh4FXjoHmh2ANEQ,41
tz1ht6fhcHXknEg7jE9nFVU2gXUD15cUifUs,66041
tz1LxkEN5DUeU4usSqobNqYmvWa5VN1NC2B4,47
tz1d4cbP98Sbni6mxUmvAN9vufMZskSv3F4K,4990
tz1Q4mLBtkz5CbKcpLBB6shR8QUzcMpphNrX,7688
tz1TreKYWjXdKDaKCga4b8zobDq2pdHdGZuA,36074
tz1fwd9Ub1AwXaRNLUfdDCtQfWyeq8YcJvCV,28962
tz1Qor64hy8s7jH8ZQkMoaYLiS6NVmkeSBbY,51874
tz1TnjxYt7dKGzDoFj3j3sGudp4buKFEg7xF,16450
tz1ZgEA1VMzNomprfSrZB1aM5CBqi1nnCqHF,6104
tz1Mc61yajNASzh5KWZFtYs4i7EJbzAxQC4K,7558377
tz1PqercEyjV2AgKpNXgxeWnxgbYu31fw6CC,11369
tz1PzXjyPchzGUGH9yXLTgvyhhakFnyYDYge,193
tz1XrwX7i9Nzh8e6UmG3VnFkAeoyWdTqDf3U,5554
tz1QFsmp3jUZXxwmwTAL6fYheo79RreoZXPV,68205
tz1PsF3NELGCZnighkMmr4mLkCzbkoVPdGSS,5254
tz1SEEQNGjxP3SC8biDWMMHwgpYk1aeiQDyJ,359432
tz1U3YJZ1pFfkaUWZVWv7FvNyiUi5vKYG696,4652
tz1XmqF5gnTjgE6Cxu5CzaT5H7vXiFfihe95,413
tz1USBJ4HRxuvrVUqaxALcdXaRs8AC1PdYjM,16138
tz1ctD8vJYVazKJbCKa7LUVb7n1cEmfRQpe3,1939
tz1Zvu2PkSnZAJr3seWbEdt6W6KYWUgaanVh,708
tz1ehz91i7CxXaMnUjFDWBhr5uVvr3bVkBxD,156648
tz1cmp13ABTtQ8dhVazH5yWtx2hGZc42ywaV,166075
tz1LfKbYRG3fWd5ccbmsq9ykYJQekZEouB3y,46676
tz1P1NgMTMvhHi1amqUZrQHS9DZSizEW3p8w,1163
tz1ZD5nQNtzgTzZxHgxgFuGo9CNBuGJHVRXu,38308
tz1QDp8TCD9dJgWoszxo77K6QukSTubjqd2C,1578
tz1TxrHpaBDeAG95HkTxx6D3d5RVwb91fRJY,743
tz1U3ozNjAw2sguL8Pn36V7tX38aSYziM9Fs,6356
tz1amoqk71y4tqnZxRWGcttpK47XJnPx51jB,853294
tz1ZfxjoBeGkRG7zLgyH6gnYVNAL9KQwRnCB,2326
tz1Zya25zMcv5a5UbYyLYVuES7SA5eWcis5b,110972
tz1YHWL72KHVVRGxPfEA2r1jtLtuCmjM4hgW,167366
tz2MBb5FxZXzhBuAPmY9z4zYTF8NeWPEkiV4,674
tz1dsvBGt2bDoMMxagnpHf45ehgNtQ6ctg3z,178325
tz1Us632Z8mVMLZqCs1FXuwyBEBe6o4KjHzG,6974
tz1SWd4hwQtHrzisTLp6vydczMypKPnxBFTw,11830
tz1day3KgAK3ZEP3hN1PaZiAPpbnGD3Lb8Kv,246288
tz1LCPRSFPJ2kaqvj14SWo2VnxPMTeCVVrFn,62
tz1L8VQ3oi6fCbddWYxCoL1ckjFK7wBHdT48,1148
tz1Mf4iUxRSb1NhhqdB2oNbo9rRekha11MDH,199
tz1dham37JdHm31Lf63N3aBqxJJyhcnGA9GQ,3792
tz1NATazbFfnypvM7q32nnFP6m7aDXrtCm1g,1
