Address,Amount
tz1NRbpmTuPEFCCYCqCr7i3hkMRDRhBFgmxz,18661725026235611
tz1eqt71cHna4YgyNg3ao6x22xU7c7CZXxcf,270452595410972532
tz1SBxNvpDFC4bjW23CtQfVLqN5cBATVf68B,253114138774919860
tz1Rgo7URug42QnhBM6eLy4MWdfwn4RovHy6,40435057290256823232
tz1P6DFx1Biicriaz37h6oLAhndhBL8eMoAt,6923267664253330023
tz1R3bKH1seset2h49p4vrZJCEL8voJgSK2G,6171735062118171645
tz1bdRJkGkNQ7homh4PTnkVM7xzVWhuC4EMm,6994869383020338771
tz1Z2Ne4ZHxNPuCJeCcoykHVXTqhVdLMD9gV,10478965024481085940
tz1Qji1NnEPj4Cxa9s2WEoWi9U9KM6a9gdDL,2193997958963067703
tz1eZFb4bNMMdveGT7BPcktbYsurg2e8r1xR,7152515487403764
tz1RartAmPJhFsL9oAhZndSL2G7KCsaQqqkf,45963561212545870625
tz1MyqKoe43P4Z8MfHoXVBTrohgcbehp2zLL,26265071939822786407
tz1SRcMg9GRXi7paNeAc3ARn23mS3Z5dXa6S,285365687818603033
tz1YjtCLzjw3bqPxJh6MqdVBFrM2zrsA9kyg,69818172466142119
tz1hD7VdzRpWG3nmYpCyW2gNc8mQNs3TCgxu,9716495815693500053
tz1f38MX7YT2Q7MAq3mDdj75GTN7vgqV2TfH,186210303131
tz1aBDeNFooBEmBXnWDVgLknNMUHMYhHVcRA,11688303047944912971
tz1hD5k7QW9ChHCgb2YLthKFirKDYQiNPDJz,357348936697476782
tz1ZL7ekzieKxwngCCyjsCN5qhu1ohwJQEBy,836246189035028610
tz1enbGpES1NDr2kTaocDhxvMqtpMy4ruhW6,333285934185518407
tz1ehGMhxarDhwppx14PX1Y3eqbZ5W9Bc2Y1,82870210212845536
tz1ed4brTwpFg8hFUJSJ4HqnsC7sEjVesMtb,2329505779948461500
tz1QJE62jTxHis7kZkbDT2zsYZyauNDNzWg7,1036464104255820482
tz1gWt7kUnJtGXoT5BYzHVa89qGp6QVvQmyp,1340942661143127499
tz1epR6pJmPaJ8vvzNi6V1T51ccocX1Y4VBb,42388747482165775
tz1TrxaPKNsRpcgw58155HdX6USrpV2fERQm,1451132443551194109
tz1W19DveaP3mW4WvFtdVdqGsWwBL5q1QDSK,765281013213356732
tz1esdEqZC5Nz3HDFseHvpH6SmQJPocxLzA2,426827829337817074
tz1XyTsb9DwkPru3eU1Cwnr5JkihEi5eisHo,69851525266358014
tz1ULQQ3S4kFLhhpPsegiMVFmXx2G6ewmbTA,786629460985493724
tz1LRrXCmELevk5znmVcYD63TChSpYh3vaE6,408255514487594293
tz3T9ZKHLVzc23dxD85p9xo6L8L5mx1hvb5x,979871126343552050
tz1dZuKxjVojU7gtRDU1nMmG8uRdowF2Q3Sn,577951524045816623
tz1S8GvdiWQghwPMMzbNvRh66rcfmhEA6vj2,8914515418918778442
tz1N9qzry2ko1gwTK6HKWamZZK6FGx3Vr89U,772906296506740025
tz1QQ4HyGbCZDmQxeVHoLP99KLyfvGvyX21i,11515076674627269899
tz1WKygtstVY96oyc6Rmk945dMf33LeihgWT,4123070713579628632
tz1Rux3pGrp2KpZUBKvg3VQ4edRYVJsapr4z,30206609153923341557
tz1LWMmDzH79xyu6JvELrnvWLBBVjZg7TnfN,6158706523820515433
tz1esBaTjr9qFQ7FhrDQF7N7bTpNSVTkGbMU,9424189369959504
tz1LaWQ2BUAdTVNz9nb7AhKDcPDQsb99tzhD,44255046397884647
tz1czGMShkB8ZtCHKHeCPTY3CpuiCrjsGJBy,134777269990430167
tz1UQ6cQZef4MuskJjV9g8pXNZa5s8ff1oQy,742652208614827430
tz1aZsKPTRdkm9vaQhWv9Mz8ZbwxSHmf7t9T,17194717118773374
tz1dTmMLY7tan1HKfW5e3KxJcfZput6UuTH6,414765999051218
tz1daKxrqyoFUCcuQj36BeMN9C1Ytmjg5p6n,3342349792698001755
tz1YZ4VZCRPoiDyGP3U69jCq2S8duDUcRjHP,85657034334072532
tz3VvvqkW6D7bSPej9x3pghjTozTRbaB4Gn2,73681783946242025
tz2LYELYe16viwVBaRjZc8GsauKRsxTGPvB1,1115767900212812948
tz1gXcAJZUYqK8JkkGDPN63cPQGu8LiBndK1,502769358461255687
tz1gN5Ch4VeDZjiM6R1KPMBxPWFxL3HHKZyT,474338549850462640
tz2WYko4XXaV4B5mzjguTeRkkgw8LyB2jA2d,368385636847253883
tz1NkFRjmkqqcGkAhqe78fdgemDNKXvL7Bod,7215261797529244267
tz1QkQLtDkqpw8VSymi13A86jh5iaCeMriMJ,6828765433349219853
tz1VCyNit49HjTmz8SEgeL67x4BLuoTaeYMy,8863392496006603336
tz1gACjUSBkWjqWv5ZBMRk6G9Sp8xNAYgwYV,1238194638373870360
tz1bKUD8UtyPfknyWyMbtTqsfdMuWomrPdSp,240728924305011258
tz1T5GmdYXDWwbhBrU7RubT7Z2dmz3ZmKwCE,3678172732475602940
tz1gmajxhmKt22CbcsSA7WWXSATgbuVEmzTC,686836836305730
tz1cfzEz3R8YKMqC2rbKnr2XtpNjZxH6RGdy,124473362147754126
tz1hR9eQYNNTZ4VGUeipK4PHtyyDEDmQ9dSf,2717076420247564357
tz1RxeY78zE8hNJbqPypB1mTVyTsBRmPuqry,360991445344416877
tz1ecAtwNdrsABBKa7Bvn9ZEq1Ze1EvS9WTW,455753143589235774
tz1SBF19iLiCc8dNpKe1Ym9juSAKaTPyeypF,67716652807015099
tz1X6ADVxP37XjYppBHMLVRJQwmxA2YxztbQ,35377794439979870
tz1T1u1CET7ek19f5P59vCdjTNFWAscYQ5ct,2696490855658418679
tz1V9qHfFxixcXJKWuEziUqvdrQ7BWpPnWTa,1815690662475913883
tz1Lqnwap8kKynTpefqqSH158i667Wdg8HVA,533470881125734560
tz1Kp19QyYUnXuE6cxuXxsfQZbyqv5JtKPku,372273036410122165
tz1cnojsw9qgMbdpgPeCcWPf5GX4YPvd4HAh,9069881355105736392
tz1fbJACCskangcgy9xjDSiEYgh7CUmSo9oc,10425385747445516
tz1dKaw4xdNjfufDSLWRxumNBwe2VX4mxXyW,22776896535710627986
tz1iCiA1vKmgfZbY533ZgMwFKZ14S1DQNooQ,238202838252545583
tz1hNGWJUFPFV7AWLXvxGzJVEfCZ8KJ77PJA,261032151910363720
tz1NPu5aFQ12P3KGhBGgt7G79SAgVj2Skkn1,821115161492781964
tz1Qm3DHkV7V6peZPyWe4rv6aToH3nRmWEH7,108693077605059797
tz1KsiwkQ9pyrt4Ra7QrAQp5LQJCGxHQrY1n,655007767655608812
tz1dz7eYRd5uV2DndcPWFeEHYGgw4bJZoCBN,209001485666567358
tz1eKTUc8X17nVmtVRtxBcs3hwUPXWuqP2AS,1259657161472446684
tz1hXx6tvTV3kzxpBR6E4hDYcxdgcRGHUTFj,8332367649
tz1fkZtnjNfQHtEyUpyX9Tqq4RrLKx35qBxf,463138859460611700
tz1chg2T1s4DTjLqthPc49HDcqkFHMwdSPwb,1458441998577566257
tz1Uzm53vPr2Giyi32yT9GUvBErKqHPBjvQL,916974314896998038
tz1aR3nrJgUyU5B623U9s1MtMsMjA5Wz5c3G,2781434773726374889
tz1YaPLZuVmZaKB69BjJXKUDgNaZrxBR4Lfn,77509373538384181
tz1WNk2o2hJvzjuZRNmZQwjLQuv24wDv1zjU,8582793726995431265
tz1br5Mvr9VMEb1sb7HDtxpCxKVbZ5XnDqJi,46281318245507822
tz1PMB2EKqwkD2NDuf9tvdqhEjhBy3pBGQKX,3603697616887330
tz1QmBcwm7RH6swEYNpsZZfAWCCFaW6wugVT,6539700966850638777
tz1LxqBcvRbZhp34C2ab62CMy49wFbsQSzD7,78053043500526359
tz1S5RkjdXMREayGWMawArqqpyMqGRjohJJr,657958329684416081
tz1bZ8vsMAXmaWEV7FRnyhcuUs2fYMaQ6Hkk,189833071675
tz2Kmi3xEnXk8c7zqWSQqSSyfNpWt6ovG38D,1387190440757136123
tz1LgePVXLZYNhHoRQ6KgHfQjQ1uq7JJPZDa,1811384271711916303
tz1cWUkZFBZ72Yn9desxcgS9KdH4BVfqd2ZW,1558920425686970690
tz1a3LNYNZTNN2SLMjWSUc5jtLWFvZ1kC7BR,7261818084736774928
tz1SGPStfd9v5upQUxRiHPC9666X4FpVAmK4,3260643120806564
tz1iF629Cc91SJkmQRAWAm6nYavf7RgpAqZh,2120560651896523904
tz1WHGwmdEr4iruf4v9r6bdHgzC5v8SKYTkV,172649254143621238
tz1YqsEWdPxBmqVKsJircrwBmCmZDtHAgHzp,4220935776604426438
tz1ZLMaECyswARea2bTsBws9eMjgUm4jG8Uj,5383180662793429747
tz1NySiq6aHysD6Rpu4bYhFaVe3ASya2qB8D,1554166947030515019
tz1Rb321A5bMKjQdczUs7TyJBeXjfCtB4mYd,9475355338967127042
tz1USU2xSWb7CBYGJYat2X7An9sr3cFfsLwi,231807221917651239
tz1aoYg1xYeEdnLrAJ7y2r1T3aMBCyms6ppJ,1769143472662911142
tz1WxCJ3UpzyWsXmmkE1YjYzbBv6jXYkbFYV,157664818829901646
tz1fq3tMpnnsZ944DVxcJqsVNGsWTPvqJzvo,1503897204077011973
tz1PrecMTmNArbdvQxtZLUVUBT8rcC86dKZC,3125724699266
tz1Ty6Hq9GpzxmMs5Sv1VQ7cP2U4KuSCAN3K,80170803892929174
tz1Q1LWn8wCK77L4xetjbH3Ar7sDaSANezZx,82250830546852324
tz1dugdoeZULYPA9phfkpofrP95rFqhZNXeR,534515950586654
tz1UecmgMghaWovhh9EYfqTrK9gTtaiMtbzs,27392948108170073
tz1gGwXf6Ggkv9T4jGmp58jUMU2Gh2vYjDyH,170304022322118929
tz1QjPnpmqAJYSfDtDM7uTf5bkZDNY7eBECd,587973242811131059
tz2MzvuRU1GEKi9udpqzLpGYfDoZTiKZ3C4C,1902789954852639559
tz1SEox4m6JwzUjLL2daQMKU7XDrvsEukR7X,122418931386435443
tz1XJqUrY2okTwoJFgHFJKQV98tsn2oC6Twj,163353792314873623
tz1VqXA6L6hPEFjvsgWv7Viw4xQn5GyNszzy,15811218367749829175
tz1Wf1Lqz1yHm27P2RQJAVV2CMxnhYK4bBGc,71608080112051587
tz1cTS1WwovU7SC783xgJxZrzr151mcshmNi,1394876970184977161
tz1f4Z9FJfgStP7v6Rj7BMJnWJ9Mb1NdAGsS,181138427171
tz1ersiy3MYVu89DFXvW7Qb8AM6LYptSsoT7,715688400264067733
tz1UFF5DSDDtk3fM1ewaLvVG6fhaAeCdgYEt,90569397622237821
tz1dcpUhXGeXexEXispSpfv7CeufoFnV7AAf,4398521670865399192
tz1RKRhkvC7MQgKfPejvNaHGshWUDsyJKZdT,2597425449206645880
tz1ibTknNagJCgQPgcbPvJhpSyS5vxgdyFt4,486961059507455078
tz1SHzbhYsbX6Uk51hJC4JkjgWM1gWaSwBqQ,144112102773832374
tz1LGkz6e1mTymuFyHBVFQZsHEtHepCYYgXD,2781780602574024850
tz1NW1MMFL3jytxBjhx1qATMJyY47vLBMa4p,8013247776427109257
tz1QRm2TJKnarZ9tbL5CNjN4Ltq9pJtytuk7,3816795694241963
tz1WJpBDRGfa21un4yQDKTGXZw561nsGg7Qe,55287323391011915
tz1UXAsfFeufr6p2PafNr2oXNrTDSdtwwdgm,58239703906774653
tz1YPUNi7KW28VxZNEu3fNkRkJG55G9p7wsN,49701376431053378
tz1YpusrSty7ULz7w9sM814trSRmM1aNbmZd,1758288329275311612
tz1cuj9Cgi19KMRi83UuypS89kXM435qdhmy,7068915165219560
tz1htwxBMBFikeP8SnQiEQyA9n1ryDrDFyLK,36227696664820810
tz1XTyukKgkqq9P83UkV15np7EtSSEy4kAeY,37106784999878135
tz1WMFtCLLeRiayH19ZiaErKq4Zu9p5N73Sr,139114312067
tz1RFUjzPENm3vF7quaxfELQCfNTCSjAsFdA,357149383375522513
tz1cLd3gXJ9Fk5c648hRzFvTnGfT97CxcHrj,353526265959487948
tz1Te5JR7gzDBwtZLKPWSPuTGFE4JX21vVur,13975191933111
tz1NGDuYTuuB1geX1K5b88cqa8JinFLdd3d5,197570186439343345
tz1XykUaKpskyp7hDEZjmuNTk4gFU58a46KC,20781370693573796675
tz1dghYwdzvHc3tYHp8iHpNUSpmAvvs8Zjs8,140395576980504733
tz1PuipWs33aqS2KSG5k1qQtC6Dff1P1GBmM,176791104919
tz1ZNxMa8XsMa8JTv776X9iCETcNoo4SY629,56275774098091313075
tz1iAAJhH465Cf3BnsKQ744XHypQGY1v7Ps9,184761195714
tz1a5QW18ULwjJK71LSc7UqNGgryrFouHzf1,1521703761182762393
tz1Z1ZX2B98nEAvEnLXJBCnsJ6K1GqaSp9jK,126352872944201981
tz1enT2GWv7U8jyPmmoVb228u8hvi6hJh5FF,12608565174000937
tz1RyhUycXcivQ3jzF7ZpFZNcoLcgmXqcrSz,3542145123905135778
tz1gVon2mQhvutR49Yd5XK6k4ypwWfFjMZtz,142012526902
tz2HSz8b961xoDjDLy3aFGogvW4HEqXXdcR6,1138854130834046148
tz2EP3fw5CbUUgJdx4c3Xono8Gbc8PLXGRM9,1720959766486302739
tz1VCogGe8xeRgQCLrVhPbwo6mBSQxAXep65,214720878596293011
tz1LFFspqhK9KRQNvS1ahZ1RcpQ2PNeM8TxA,2266369584464787
tz1ZhteLTqobRVCYsPj44oFfom5BJ2SdGxeE,279820991036154738
tz1aRF3qMDrbN95f8dGYTKPaey6J2qQQnk8j,25288534978470727101
tz2ALu8Jxf2SMgzSZaZEwfiJQbogpUDPStwz,4805625373820784353
tz1gLNb49fErXUiYdreLAAV6twp4v3Lm8V4H,263512819563222602
tz1fCHiWZ3ReGqvhxkMejVzcnXYz1rnsJpow,12436565180480532
tz1PXJVTDRHBcjJGpD4h6PzDovisMJuc8zVc,1460181488282980219
tz1L1i5BVehYJBebCGvPYU9kZYGKBELGUJGH,2308401796093921309
tz1TR56EbNTEEDeRrsPzQzoyvwFgZT25q3JR,124643134863174034
tz1XbQgDFCaT228TPS2YUeHHfpVqGW7ANCDw,7567725831784553442
tz1S1Aew75hMrPUymqenKfHo8FspppXKpW7h,153967663095
tz1ip7fCgktJzFWxnoDdNBjpF4ZCWw9qfScc,11132003286827361507
tz1Wb4LakUUYuFuuEgXXQrNZuBD49Trodhwx,143153968165095521
tz1RAfKUFBX6P2jFkCpzLFntju7djjbtKAKr,5418927713650074469
tz1MiQ6euA3EEdnZxJ6EPwVsHzd6vQ7AHJmU,273521902955830257
tz1UFwr89hcJvC4sNCYK7zSLcaD4JW2KkNYD,1511074863161045778
tz1TiJBTfVoXxregtdgCs1rYd55APXSAmniz,275225086353265793
tz1ZPSGxrrPPfrmoGJgpXDArNJfNNy3qGvE4,124870903755651905
tz1iQ5n52oSKgdtdYtqEJgKmQYbL1nn2poB8,3391100803166979146
tz1gueZ7eL2KnvxqWudHjoTH3ZPiUCmwNKR6,421394135527455777
tz1QxepCwQ45EwtcxkgXZezHbnidvK7hUywy,2286601536050562045
tz1TVZgy4rejPUkEF3bsxLGNCp6H4gz4PaGf,1355393203612725364
tz1WT27PugwGBtre1hsj6BHmbAK2qQsVbRDo,362276862674750910
tz1fL2TsQR271w84MXx3qFD7y4PZ1F2mpHFA,1013085149639739707
tz1KhU89QWZuuhhnDD1paFp1jYMdpJLh55im,840055887001140297
tz1QQyhTMAmNQPcSGkM7GfDva8hmuFPAxUMB,8515071992664968067
tz1htnC2n5n27PFD41q5X8bDvDcjbGMUS3f5,9195056983690096141
tz1PoickddNEkRN6qp4K41u4KUW43vZ1UDvF,4995536561805187613
tz1b9qYttBxHzoEseqabgvQiCxafZzkAtH9G,33959756916377845
tz1MQotPcNdc9R3nWCTwXLMDqKLS46WqW7Wx,1433231809454093583
tz1a89Pvs553YqhJdCfDdQrRuQeykHMvVSRX,23937319698224395
tz1favSqpvTLtedjTm1UjuEmKfgm4o9kyLd1,1906102007431005300
tz1XYuybht7U1RVsUip7H7S31fBDxpUgpTXP,169545567832
tz1YJvMiZyXnzvV9pxtAiuCFvaG7XoBZhbUQ,799314189937680772
tz1TmSForCvNii8rmwL6q2jgicQfqjNFtj8K,1610581130475574347
tz1Su8UYhcLvUPYABx7kYsWRVibZdiZPnmh3,11906142001094313939
tz1eoqCSmqPQtTLs53Rj6gBB14eQh2aHWVxu,363136164534854617
tz1XhZUHsJAFp4FHoeeQQ7auVBk5j6xoUKbS,43776777557831163
tz1Pwh2MBs6q2SeLHiko3iJpfMwsDV46bqQU,8198678503982826757
tz1hLWsybqnJtQRFp8skYy5aZLGNmL9bMUpa,877688905940437966
tz1PuYitvGfsBm7C3oYAXqNc3t5wNhWZj5Dh,777181371697171394
tz1dbCAvra65bwTVk5mgkYUHUGz3hoKwovZ8,365106776729587098
tz1T5NfkdPfhkXzYx8akPkdznxSgU1Uf5jEG,656094560179566256
tz1PYqfNnkpZydtSY2Tn3Rv8mjkgUpHJpFXC,1823301146397520435
tz1WidyAU8wuyG25Pd7b93bcx9hMu7W9Pea8,535597841916838582
tz2Mz3ovkZR2HyC89CHHSdsrPya1mKSmLWfD,126482808972164692
tz1ae2d1BJt7YUqaaec6Xenh3mBqS7VjSZtK,90035439790068761
tz1L1XwcVmD2z4qPfLtBJ6RPThgAwLcXG6kW,19116539190324400
tz1VeyZaPimHfrJFy8WwsCYzxHR3VmGTMpgK,187343350802428021
tz1epFVHmqeWvvkFf2eskwhQ1AY3JwWd7Ej6,376767938297553658
tz1QRcnskFh7eaV7QdEnjoYdDfrDqHgmmrvF,979893649644278763
tz1XybkRZWjLx3hwcy1hQ7PT6FWEhpHm1FBv,13532324781136658
tz1XcuwadWbLKkc4mDVxRo25dbtwfEa7wf2c,675229372976700541
tz1MkNbJTzf6uADvfSJKJvArvRoVvjk3tZz4,9456947779725945
tz1hvRvzke27MGtp8CsSvsafxyyMWSVYM1ut,62168046818129762
tz1a7MJ4HMNbWDhKZAqrvzX5P6u2E2mJyJiV,1307307434312716083
tz1citPWufjty33AZ9KwZDztqrTzdNjfQU7P,7637651475547024257
tz1b58mxvQAc98hbXjcrgjf5xnSwYXzi5gX6,8319657988110621
tz1WeLuPLjUs53Yr1RCgq4EQ4d5SvV651Tqt,48543011791833170913
tz1Wo716Gggp5HfupfxtPgmYu23rDQNcLcD8,1216145417691161613
tz1imyQrFWHyTp4avUNAw52RxdFjU3HPviRN,244321854503388611
tz1isKR8pS4pdgU934K1S4UpLsF56ECJNArh,452290915238661662
tz1ZVoeS9T3H451BgjTe18pM1q1LPd2cgB6Z,26466559820179244
tz1Kx4ydaiJHThd2nTgXR25JPTZtKyLG9KC1,113555637929139949
tz1eL4fYCgegW8tLCbQ1mYiKY3TdDxWnnKo8,726244681911570096
tz1Rhg2UDkjgLhemdSMtiGVGRmzwVLVaHArD,90188612043407085
tz1dPHDXSCFo8PienbvDMyCKr5DXjPMrZkJ1,522959762260482576
tz1eFe7ufhpTuqh3LHB7zYLuFgB1rFCPXnzN,2569888908871225
tz1fkkxXSMtSQew8F78XdsnaC26AfsXtsGiY,126962877609758521
tz1ZuiTWKXKqYfzFPaSaAG3Huf9QM1AdZ1pJ,462283535762645527
tz1RsCndtupuxe2U3syGAdcRBzpNqJZ9ANNc,9655986978133609675
tz1MrZQhiNiHK14oEq595DLsVQ9wC4Nv2ZXW,217366123473735586
tz1LJQ6MPnjGekNAmhFmkm8XWtM6UGx4MyF4,2209834895997967239
tz1hmxzW7MuU8HeRoCFPGZJnavGf5unqgaph,1328266624803220128
tz1Z6QqrAbEAMDLsis3v6b956sfH6qLTSEex,43504986693296163
tz1NnBgY2ze24nQDpdY72wb1GVsee1UfAT3d,48588438748794899
tz1dAW94vB3yYfNPE4LM2txBT8PQ21Zq4Xzf,108683084560309616
tz1eeR22tmjPN3rGDikEMvpe8jcdXww3dqTt,362276866297519454
tz1MsfyCeQEt7khed67HHsAidezZ1Th6mjzB,125635604260781186
tz1WBMWCwjuFSsiiLUWKEQHEACNEat2S3EsD,190379886715822545
tz2SuPjN8dYMJQe548bTvSPL1fdStZPXv7gT,17508860062810935459
tz1N33TtiYBQ67sw32rhCsMSVpZkrSHWe9aq,5657822321844194062
tz1QMjzbw5Yoi2zPqUeg2yuv5GZdmXjhh9mr,362281564666043420
tz1ZutSZgCHEzxspXyoSYSREhwHh5g4PM8hN,361626095047901163
tz1NrRkB19Su8iBGVTz1cXbG3oCw29GSmasw,289419742197520580
tz1NJS9T6FKTnKUkVNv2g44GHTAhzH77qiYw,734794800412069653
tz1URL5HNuTa1fHqqCtUKXUM3hm6g9c88NgF,1143951116928167
tz2M9C5x1KoZGoQ9xEY6fQ6Xwbe2GU1RTzRx,181939794032986429
tz1c8JTzmA6c7cm6ZmUwR7WES6akdiMa1kwt,573584377806351345
tz1XRTNgXgWmR4PqxZpiB6HZJ8Siz3M2JAim,171662835856312167
tz1LxL9L2SmaFYw7XhyATaRAiLWCgxKmycBC,862948981345604094
tz1imbraxLCQ9TUpnJVP31LS18hpTqG5wv1k,407139717984305900
tz1iDuz9LvybPBC4kDc7ceBoKVDwwzJR7zKb,11108164103143806110
tz2HYjnnRbzPpUGMUYGKVXDnsfSKKqH3aCVT,1947759693679983930
tz1eiyML8sHGBL139FwJQJeLGHWAFtDqPz4U,36227687245622597
tz1YQDCB6Hbn2ozMyS2kf6WPJDeRvJtmtNqQ,211863067349776438
tz1eeNRXYK56vgSfXHFcXorubcaBBCVpUY1Y,10117180540783433
tz1TQw8erN1a2LpfRSNMExicRXMveBPbvTKE,132593328689
tz1gaRjULm9qy4D83VCvb4ABWLKpz4XXfqjx,175583033334874242
tz1hAZNx3LrRKFgfRytoLNVGhCrzU1uVDUHS,840864312690376433
tz2HGysnSAQAetSyFYCa7SoH6XXVwbVqMHnM,1191228977160043314
tz1W28xB2eAvRGCXmVduC63Gx6gGDp87zqbB,1717192716176030981
tz1gJaXdi7Gweq8TUSy9knB2wLjioTKy2tZF,1772066533618966106
tz1PoXtd7RGVBwWmmZvxX18NQXYpbNdiwwtE,1002584591968864871
tz1RLCvv7wrWq4hTmyKk1zZuZeuUXNViSgRD,10353424624528198546
tz1fXXFNod2gQDT2Vf9ibBortMmsKKorUv7Q,23033663344302847
tz1QFk2DJhPkzp2nCN7Thpo4askJjQ3Zw6BU,367630603061935421
tz1bRDYJHp3ACUojEeM6Ja442YEwNmcb7ph9,355618796270842834
tz1MDs7ym4sp2FsQhL32vuAnEqG3ARhM9Vi4,358224833813889794
tz1Xy5UM1tC3CFcbPBVq5PjufaxcLjMwfQkE,10414436854783710
tz1RAKBnmd1X43pkkGqywYCRgf1Uo6D77zMx,10413704330984229
tz1ezWyS2cFiqrNyiSVz5VKEKnmDN9Ah1zSR,947802621197157000
tz1cXwKRD6AMy5nhqEVUU23SBxcAMnh2aKLn,116127636987982853
tz1WNQE7B2s8woZp1d5U4SeRKHmssN7TvsDi,110685752950785364
tz1imrUNR1R52GxhP4y6XQCDDXtQs11GarTN,7513721585195972
tz1chab75LnyqBqNwrK11459SGCFQXLg9uyx,112587327098583191
tz1USfPTFciXzVsQL7Rk8HmMWyWtFEas7fh3,416336743757575874
tz1btYY98CWBVCGEikD7s1buWjpicb9kG8aH,7820614640877055
tz1fj962xSPKTA57yWHA43VeVzo8KqdpNAeF,35847376236710817
tz1ioU6W4otB7ebgRZTq1EVVra3vMyXqeqsm,98071737555500919
tz1N8oU57qMgDRr6N9pSbhaiWRRQSxJRPGoZ,401291836154486055
tz1fCEeLBcuSMSittqTnMEhcFdPCtD1HsiZc,38504968971217031
tz1WsKkY3TLDvqTuK97Xu4zuVoTb2nsr7J8S,66983473876994387
tz1dAekzaZ2VrjvuNxoaTZ4dY9XjgrjBvBro,206773377180923082
tz2DsS3zeg4pqoUnRPHxvuRSuQrjDnTZcTNJ,3924587769732410
tz1gSGxwMrToBdzLeaxg4Bregv6W2oEbNLC8,3367577725036765903
tz1dWwKG6Z9unqwonQUWV65gkz2YhABiwF1R,464929874998625212
tz1X8AQxtn4KzBwMZ6MZUVFDcACrfnyfYhDg,149258063989
tz1KxARuCbAoiGGesnQjr2pvZa7CzJR7V9D7,264282688231487841
tz1LGVwoTMUhi76Jc8TeaNUQhanfeLLNF4xm,209646090654144441
tz1QS7N8HnRBG2RNh3Kjty58XFXuLFVdnKGY,21714582321929977258
tz1RAP1j8SjwT587jyccTNArBFhC9HhGKfHq,46560175264569789
tz1QiZCuJMuVz3aq7j1Bq2v3BRTQPCdTw3Fb,711082756138693443
tz1L8hBVpams2fWFC9kS1sPVxfGY6Hmg5TQ8,101126102409106056
tz1TQSPkLPqXUREhxvYzPbAib6Jz35w2a6tw,330118110379839759
tz1XD1xSVzgY8Qs1id1kNyFJDbv9e9pNMe2c,181152242961308831
tz1Tk1MJDZ96bK85RLAqtKfnptZZyXsJ2jaq,87855646227180404
tz1avT6pCusXgxhnffuJzk49Vq5QppLVegHB,140751140912294897
tz1RKg4C5yKTzm28Qj9gKmfUozCDrctDpx4G,379601175880251583
tz1Kw5M75chWdw3HUBMg2bsp164TrVXRsGJR,88806822959797971
tz1hes6aF3Px3D8nPQx27fdwBKrXmGs1UYxT,184819466497529017
tz1c1BG1PEeuhMFwmonTVSGafehicqbBJFec,30785353856838943
tz1WtkHVMtif3DXVCZ9pUCqWcBsmqgFjgdkk,8190520706929443
tz1THwbFPPPBHmBu4cmLV2SppLFrA5QfBhyF,128001398191982260
tz1U1aA8tyN6QByoYLhSvNu3krJPLYqnkRVa,183372734167216553
tz1QSwx2wnmrTjEGrid79c4tpFMxjCT86SAy,309825131446566620
tz1RcJYTsoYQ7adtNMANhwd8qf4zApM4i2Yd,167005093783345462
tz1cvrgSekgCqgyc1c2qFPSeMtux6AAAfDsk,149620340843
tz1a1ZcbAeBEjxYSwuNKxSu6FbFB4dxdL3m9,4245823508104347
tz1NZnfrNgCGdECyAhA93TLPTSciJcZBJqDY,240604875498078442
tz1UGuKv6PzgVbofb42VgeRwDwsVN47UpuZB,611987481047110677
tz1eCzNtidHvVgeRzQ38C81FPcYnxMsCEL6Z,3622768550669369694
tz1N3nvFqipu91tfU9s4GXGsopawpwxSoAJh,29788213623748754
tz1LFeLTRQZrgKxbmvjz2ckViRhVw9BZXw7t,7180197691270064053
tz1XuzzMTz1LhqbRPy9uxfRkccSxju3v8Y4j,336333105307626868
tz1MoiwNRQWHfA71aypNk8J9CsKjfmq39c2F,1297872558931219306
tz1hhphPmGxL6HEmEjoVSJBy82FMWbFwzNCD,7254863179909001
tz1YHLm7Lq27q3rgVXLY424zQMkvncVvNiaK,39850459411814973
tz1fKtBhuuZiMYhM3Pi1hcP2sjRbstgDrmqX,11660505846860200
tz1XEA7cp83PyiXfSxWu3uHjA3EF6Gdh3Vhq,39199418197859655
tz1UXMLCt7dqbUiJ2BHRhE1gFkdVkmCZYcM9,12773366001871850
tz1iKF8o1hCLaTNZcCJpgKQBQxkpcSiBy5V6,511684953479286790
tz1c2iwyckUCcicx2qxqtwLEartYFEHg1pvB,232933967419936124
tz1PQDUDph7dDCn8pLGXqaR79DiUWLiSZdEf,1450573056566596782
tz1fUZ5pMP1gUjuJsp5V631cXmA87Kxm3cuZ,91118489637592691
tz1KiUXfWuF65Ck5zY4otx8t5pHToY8stYhj,114969796630514386
tz1YQXd4LjZfDaKRvSTwBEwgggREFfX95JUc,69781495155946920
tz1hM6Pz2e5vJbd1YYkYHcj5RL7tXhcn59Xr,3539973842822048
tz1NVsmLrZX4jad9bNdvM1EskvcTq2LSZhLx,740884144428147606
tz1cBNfPUb3Gi6oezs6fpXtki8EzSwjnoNGS,200360780055467708
tz1h1ybLPkwDH85opBrU6hge8wSsRQBnAghf,147496698418954240
tz1PKoh9LB2P3pgh5ahaAFnrC2QBmUxcHDJU,112627849843748920
tz1cqoo91JCc6sKmNuTVKNzwUdi6E6moHWFb,478505416952386795
tz1ZGNErBKdYeEPjZuqKXhyTixQTTPn54bx3,72336871803552761
tz1iUyniY5PPWrzE53cs6jBwNKUun4btzMcW,180588141434152575
tz1XoiGxnmjnkaKcNyG4rrHNNEoh1u5VidxY,100477932601498255
tz1QVUXNoyCfKpAyxDpq8kR3rK2AShuzQxJ5,1236041191571734657
tz2HZ2yRFd9F3uLcKnLukEXhuUz3HqhZf8mA,2183598587657918636
tz1UVTMhbMiSETKCxFi413yZ7imF1xeyt3fV,369579167095566609
tz1XisBzUGgCmvC7pNS6hxvQ5hMvXUTd1p7D,6087647332341554
tz1S5TbsJCWmCyRh3ghJ2rWwQHHbcvoh1uYV,3622768551393923403
tz1UAYfFWmaTrQTYMptaGCw6LrXK5Yv84VnQ,1967338661076642
tz1hLhGe26gqt78sZboxiwne6zgKMqirRieW,474785150650538068
tz1YfiydbiaKMGPuavawX4rQtXdn9wgpdDKS,126866068348133230
tz1RYTr2WKdJD1MMV51kN9AoxPnxZJgJ5sqU,19741178029412101
tz1R6mtcAQwBTK9YpSqRL9y2a6JZWgDkBm6M,1763490040088389453
tz1Sv2XMQNxcAqyqyyv42FHjf3EGwJ3Godj1,2039783584967470800
tz1NCsGajb5YgZdhdviKrfisN3VteMasnzQi,64421743189270215
tz1Vh4cX8VutUUUnnjmnY2omSV4F26T5orLH,292301415058957269
tz1hgSYGDwHFqC5AwW3P7vYfXfdwwsx4ALAN,79938211585810
tz1QGCWjNpYmcS6T9qFGYSam25e36WeFUCK4,217783118261880989
tz1URdfSGhAfbtpEkjWBmpTt3pyLmxdHdPYy,5804707389333823
tz1LApX9pPhcDUDznHR5TTCcSXh3m6zPgFHA,116559674960227968
tz1hUY7paB2J5EhD73r4oWL6uZubf1UibHrk,391010698858361360
tz1MgDFQvyV8Vfc48HgeqMbCD2Po7nhoWDeL,114644874455236764
tz1PWZTKd1zhfuxrixGJoHJ6G17SQiypwe5m,180051596608
tz1V1Hu7nMcgVuMKDEZickAKHHZavLKTB7Vh,193818117073
tz1NKHjwrYfg7GWwbWZ3bvdejkVL34De72Pz,189833071675
tz1RaZeHEiKewSd14gZ7HKfcQ3HaNHJ5tnV6,3904914915321255963
tz1aiLrqvULcV2Kfvzt9dUmqnLQnoNXPPek8,156865877930
tz1M2h2hPZzov29kf7xcHXrunXb2jFSbfiNd,1820516168076866313
tz1MToDUySbYhPabULUyDPPsfDQF1cpZPdoH,272802577264430506
tz1gMfLSQs6xTM2TcLM6Sb2njJ6h9qhSsT9Z,35915569756840437
tz1LSFyZ4z6k34KQ9rsoxE6gTgmik1nn2Zmy,3848589618392036508
tz1Mt4ddsTmDs4of6kkWYvMWSUtM8zbGNMq2,176278950204474
tz1UNTxRbAYTSBSdHMjoUoYAtLH4MHMUiGwg,37338698415472339
tz1YUJitqsUrFfFzEp1d2RiqVwV61J8aPb4E,2082635322569297
tz1TqqKqc4t2Y6PTvxeuhF8kNjVn8HpZkKma,246943065111293712
tz2VoUZvPNLyq9bZ82VoDLrhkH8n6eaUoS6E,46641048417390980
tz1ZvbLR47deoqaSgsaRXe7hbgDgwonBicnV,1820880117681076129
tz1L8m6MGdvK2WA65wQ7DeVwXVmCS72JKWeN,24496073476631763963
tz1iCJRFVD1oY7yQBap6X59XktpKHJtgCGyS,10314539826564277
tz1bnWUvcfU77EBpbLUQ41c3hCBKovGuqyGY,651199903931771165
tz1STAzkywd9GnKGvJBPL4xWte3LCniyu5ho,186858103429691077
tz1g6cLrzLxNayiVyb7BLsKK6TfwboqWaYPx,7114073723859317
tz2Q6ugZbronUHSk8fbuHibBrBEJwrzgtL8X,52060385186067401
tz2Kn9u9cxvTczP6CjirJnEE1UApmoCzuGPB,146511076528620977
tz1aHfKHR887WzmpA56K2diKDufR3QJqn9iK,9741917532816577663
tz1fcuYiLoHA1qD8vLJmSJPPKhGANGLJZgin,143321030005707
tz1bdbHUpDrUx7m5g4VTSkjnc3mxnquzRTcw,1819936717094039585
tz1NoV2nnTuxavEAuozNyHm4nqT3qtkYUNYW,387027558510023
tz1TQJjDtzUWWAa5a9H61iyPZmuKRfX9hXi8,16597520031008
tz1ewd8gDnG3USrTRJVdbpsyieVv9fWDMPNk,308748750894925665
tz1PwxV2kaHhubkYaRWTnGBvsxXswz7V9GWc,745989520349125564
tz1Tpms3fccT8x1pVY9BQKgnvppew71pTDDd,23977393794202121
tz1bNLPqmLVxWF6puxbFZHU1yCJLiCZmHH2E,629119400818186
tz1ajJzH5YBGRuXnU7QDJzY2qVRGcysUbxJE,25091855812510558
tz1YT4u9DnGFiRM8AXXACY8LWuV1rW3A2hFb,1985182765241775576
tz1QppHuA9TUoFN5Ek2ZSmRPdU1xQiwRSnPb,6727594840395874
tz1fne8nhZuSRgzaQPyaomKQcFRfthyicBQc,21856383793693017
tz1PGFWJqZhk5BabfqxfYixpVH9S8vY7NKj8,5494291817678266
tz1Uva3ynPUXqpAsWJ3CxcXVPG7HEXB19rzU,216751047718033363
tz1cGZNvVyHrKgbRu4b23Nw896JD6GYhZKQm,216288011850694148
tz1i9THBDe13YzhSmcdpcWKJrL4raaJ1cpN3,215896729655468852
tz1apbBneTw4Ap2kdmv7gfTv4kDPYbR5HAkn,182382592571599770
tz1MJ4C21XhL6B3YptprRWMuL8oeJquUhz4u,4598289384201798930
tz1SMoz8tsJzeQPtGhPEjPnanQMvFc5KitVh,11729129568745143
tz1XuNQgqT23u9KcwmRLGGQ6w2n6dCE4bmoV,5619844905167090909
tz1WrZ2Th2eCuq5NuZb8nHXPJUjaBE25Uwgv,34613417746080
tz1QRRG3oUJBo66xvidmpzuwPuoVBBtLxUaG,23363790296350663
tz1idC7XEoSZ45sXLwp1ujYJ3yNFi2tkLT7A,1315995152445834
tz1d4649CmmMEzXBWzhTgTkFxy9ATNhb5HC3,2305157912102988
tz2CrWArLr8eRCj6mp6yYQAKshR9MuyaK3Qu,229496342097375536
tz1UdGjnCNd5ifzEShXft78CmazG9gj4fdrN,7623042655442172
tz1WqkwtGV3ttnchD3bqmucZwByduHq8EN8f,90650037589763
tz1fvhxJtMzKYkXM3fvXrQEyAXyMLYayTtZ2,1014329209376252143
tz1dVTewmwhAqfBcAgDuDuF2sPUaafuPA8mr,211719400661128946
tz1ScePe2eXYo1RBdEe12hNY8KrvHyjFhHw6,48854877059033290
tz1XNmNga2NyqFiNpmEN66fpySDoGWoKpKXB,2805017277435279186
tz1dXpsNAWLHVYNWSqhrHCHT6wh6L1fKZfo1,35132415736155131
tz1N2AezxpvrXzvGaqNVW9BqXxJ6Rcup9M4p,301627015491726
tz1iFKBz9HbJDp6omQGG9LC9bTXF4zKdkJfR,785779470308400
tz1cp312oRvwp5honfR55EsWUF1nA7QZYxT7,372017277676951
tz1fFCF6FogyPLLjSk3FNTG7gVdDWfPCWVni,18800656394016
tz1WUmNdnrv1w75V7ntFSt5kSuyQfYuo2hqK,58372368727601395
tz1LYQiMSoy34xAUD2NnsJLCTmb8HYYR9th9,7477269343133709
tz1VYa9SB4LtsHLWZnJXc1JuL7wuX46orE2Z,1593363669485302500
tz1d9NBC61N2Xjo9LvXAQsKPqC4HaL1mFD9X,1216656686543594485
tz1cAxm3wHEUX9tY87sSfdVfHgCWcPCTkNTA,83143445129604368
tz1iNdzx7BJpGD2e2YaV2QbsteMQWMAXjjDf,519389215436226093
tz1YrFGJ542U6jpYHpe7BFHxNfa2mb1wpAdH,501722814967493
tz1SPVSDCDpbqigKWVYnbgHEudxSM3BASPZj,549641697190934619
tz1f7C7HeTczoCxoo8oQ3vBDRQTiNM3tFTZu,45027839859468564
tz1P8pHeW6qWzBkgeDvi3bc8depN63r5tt5s,20025882118411338
tz1iZnkruZaYGv3dfER3wEasjJj5xpaTtMjN,118644687962184198
tz1Y1svqGfYwEN9J3ne2WLEuzUVnwzP5qoYW,46697566052039
tz1YmwJZfEerVMbc8uuJc7xUzE64ma3Xfu7L,3284581699897250
tz1aQbe92zZy6MNeRFtgmgV5dV5R4BNTdqK1,3269343287930681
tz1THz87Wwo5DL34CELa6psvuH8RXShPmSbc,820349807740860
tz1cgAHrLkuj5NrLmQ6LnELKFKu3i13CokzB,22396922622194
tz1eQ9skdokeeUyTc4SdNQMPigjZ8JY4kzus,1848515837080750
tz1S35xPc2sh4kK5hd7KujsWU1G3SUdCnFqp,227237795252645
tz1dYEEirVkgSnE7eGK9vFUwxWBqibkafs8W,672212096326834
tz1VLGH7SJ4HA6kDXRiHYqVFkn2btjnoxqib,396492213154411
tz1XYkmAHtkZFjZLdWNoL2BTqUws4oD4H1PR,290496736919529
tz1dCyFm9jxuhxJEi8UW5sgiS7TFubaNT1J7,4798814253524
