Address,Amount
tz1NRbpmTuPEFCCYCqCr7i3hkMRDRhBFgmxz,39
tz1eqt71cHna4YgyNg3ao6x22xU7c7CZXxcf,570
tz1SBxNvpDFC4bjW23CtQfVLqN5cBATVf68B,533
tz1Rgo7URug42QnhBM6eLy4MWdfwn4RovHy6,85262
tz1P6DFx1Biicriaz37h6oLAhndhBL8eMoAt,14598
tz1R3bKH1seset2h49p4vrZJCEL8voJgSK2G,13013
tz1bdRJkGkNQ7homh4PTnkVM7xzVWhuC4EMm,14749
tz1Z2Ne4ZHxNPuCJeCcoykHVXTqhVdLMD9gV,22096
tz1Qji1NnEPj4Cxa9s2WEoWi9U9KM6a9gdDL,4626
tz1eZFb4bNMMdveGT7BPcktbYsurg2e8r1xR,15
tz1RartAmPJhFsL9oAhZndSL2G7KCsaQqqkf,96919
tz1MyqKoe43P4Z8MfHoXVBTrohgcbehp2zLL,55383
tz1SRcMg9GRXi7paNeAc3ARn23mS3Z5dXa6S,601
tz1YjtCLzjw3bqPxJh6MqdVBFrM2zrsA9kyg,147
tz1hD7VdzRpWG3nmYpCyW2gNc8mQNs3TCgxu,20488
tz1aBDeNFooBEmBXnWDVgLknNMUHMYhHVcRA,24646
tz1hD5k7QW9ChHCgb2YLthKFirKDYQiNPDJz,753
tz1ZL7ekzieKxwngCCyjsCN5qhu1ohwJQEBy,1763
tz1enbGpES1NDr2kTaocDhxvMqtpMy4ruhW6,702
tz1ehGMhxarDhwppx14PX1Y3eqbZ5W9Bc2Y1,174
tz1ed4brTwpFg8hFUJSJ4HqnsC7sEjVesMtb,4912
tz1QJE62jTxHis7kZkbDT2zsYZyauNDNzWg7,2185
tz1gWt7kUnJtGXoT5BYzHVa89qGp6QVvQmyp,2827
tz1epR6pJmPaJ8vvzNi6V1T51ccocX1Y4VBb,89
tz1TrxaPKNsRpcgw58155HdX6USrpV2fERQm,3059
tz1W19DveaP3mW4WvFtdVdqGsWwBL5q1QDSK,1613
tz1esdEqZC5Nz3HDFseHvpH6SmQJPocxLzA2,900
tz1XyTsb9DwkPru3eU1Cwnr5JkihEi5eisHo,147
tz1ULQQ3S4kFLhhpPsegiMVFmXx2G6ewmbTA,1658
tz1LRrXCmELevk5znmVcYD63TChSpYh3vaE6,860
tz3T9ZKHLVzc23dxD85p9xo6L8L5mx1hvb5x,2066
tz1dZuKxjVojU7gtRDU1nMmG8uRdowF2Q3Sn,1218
tz1S8GvdiWQghwPMMzbNvRh66rcfmhEA6vj2,18797
tz1N9qzry2ko1gwTK6HKWamZZK6FGx3Vr89U,1629
tz1QQ4HyGbCZDmQxeVHoLP99KLyfvGvyX21i,24280
tz1WKygtstVY96oyc6Rmk945dMf33LeihgWT,8694
tz1Rux3pGrp2KpZUBKvg3VQ4edRYVJsapr4z,63694
tz1LWMmDzH79xyu6JvELrnvWLBBVjZg7TnfN,12986
tz1esBaTjr9qFQ7FhrDQF7N7bTpNSVTkGbMU,19
tz1LaWQ2BUAdTVNz9nb7AhKDcPDQsb99tzhD,93
tz1czGMShkB8ZtCHKHeCPTY3CpuiCrjsGJBy,284
tz1UQ6cQZef4MuskJjV9g8pXNZa5s8ff1oQy,1565
tz1aZsKPTRdkm9vaQhWv9Mz8ZbwxSHmf7t9T,36
tz1daKxrqyoFUCcuQj36BeMN9C1Ytmjg5p6n,7047
tz1YZ4VZCRPoiDyGP3U69jCq2S8duDUcRjHP,180
tz3VvvqkW6D7bSPej9x3pghjTozTRbaB4Gn2,155
tz2LYELYe16viwVBaRjZc8GsauKRsxTGPvB1,2352
tz1gXcAJZUYqK8JkkGDPN63cPQGu8LiBndK1,1060
tz1gN5Ch4VeDZjiM6R1KPMBxPWFxL3HHKZyT,1000
tz2WYko4XXaV4B5mzjguTeRkkgw8LyB2jA2d,776
tz1NkFRjmkqqcGkAhqe78fdgemDNKXvL7Bod,15214
tz1QkQLtDkqpw8VSymi13A86jh5iaCeMriMJ,14399
tz1VCyNit49HjTmz8SEgeL67x4BLuoTaeYMy,18689
tz1gACjUSBkWjqWv5ZBMRk6G9Sp8xNAYgwYV,2610
tz1bKUD8UtyPfknyWyMbtTqsfdMuWomrPdSp,507
tz1T5GmdYXDWwbhBrU7RubT7Z2dmz3ZmKwCE,7755
tz1gmajxhmKt22CbcsSA7WWXSATgbuVEmzTC,1
tz1cfzEz3R8YKMqC2rbKnr2XtpNjZxH6RGdy,262
tz1hR9eQYNNTZ4VGUeipK4PHtyyDEDmQ9dSf,5729
tz1RxeY78zE8hNJbqPypB1mTVyTsBRmPuqry,761
tz1ecAtwNdrsABBKa7Bvn9ZEq1Ze1EvS9WTW,961
tz1SBF19iLiCc8dNpKe1Ym9juSAKaTPyeypF,142
tz1X6ADVxP37XjYppBHMLVRJQwmxA2YxztbQ,74
tz1T1u1CET7ek19f5P59vCdjTNFWAscYQ5ct,5685
tz1V9qHfFxixcXJKWuEziUqvdrQ7BWpPnWTa,3828
tz1Lqnwap8kKynTpefqqSH158i667Wdg8HVA,1124
tz1Kp19QyYUnXuE6cxuXxsfQZbyqv5JtKPku,784
tz1cnojsw9qgMbdpgPeCcWPf5GX4YPvd4HAh,19124
tz1fbJACCskangcgy9xjDSiEYgh7CUmSo9oc,21
tz1dKaw4xdNjfufDSLWRxumNBwe2VX4mxXyW,48027
tz1iCiA1vKmgfZbY533ZgMwFKZ14S1DQNooQ,502
tz1hNGWJUFPFV7AWLXvxGzJVEfCZ8KJ77PJA,550
tz1NPu5aFQ12P3KGhBGgt7G79SAgVj2Skkn1,1731
tz1Qm3DHkV7V6peZPyWe4rv6aToH3nRmWEH7,229
tz1KsiwkQ9pyrt4Ra7QrAQp5LQJCGxHQrY1n,1381
tz1dz7eYRd5uV2DndcPWFeEHYGgw4bJZoCBN,440
tz1eKTUc8X17nVmtVRtxBcs3hwUPXWuqP2AS,2656
tz1fkZtnjNfQHtEyUpyX9Tqq4RrLKx35qBxf,976
tz1chg2T1s4DTjLqthPc49HDcqkFHMwdSPwb,3075
tz1Uzm53vPr2Giyi32yT9GUvBErKqHPBjvQL,1933
tz1aR3nrJgUyU5B623U9s1MtMsMjA5Wz5c3G,5865
tz1YaPLZuVmZaKB69BjJXKUDgNaZrxBR4Lfn,163
tz1WNk2o2hJvzjuZRNmZQwjLQuv24wDv1zjU,18097
tz1br5Mvr9VMEb1sb7HDtxpCxKVbZ5XnDqJi,97
tz1PMB2EKqwkD2NDuf9tvdqhEjhBy3pBGQKX,7
tz1QmBcwm7RH6swEYNpsZZfAWCCFaW6wugVT,13789
tz1LxqBcvRbZhp34C2ab62CMy49wFbsQSzD7,164
tz1S5RkjdXMREayGWMawArqqpyMqGRjohJJr,1387
tz2Kmi3xEnXk8c7zqWSQqSSyfNpWt6ovG38D,2925
tz1LgePVXLZYNhHoRQ6KgHfQjQ1uq7JJPZDa,3819
tz1cWUkZFBZ72Yn9desxcgS9KdH4BVfqd2ZW,3287
tz1a3LNYNZTNN2SLMjWSUc5jtLWFvZ1kC7BR,15312
tz1SGPStfd9v5upQUxRiHPC9666X4FpVAmK4,6
tz1iF629Cc91SJkmQRAWAm6nYavf7RgpAqZh,4471
tz1WHGwmdEr4iruf4v9r6bdHgzC5v8SKYTkV,364
tz1YqsEWdPxBmqVKsJircrwBmCmZDtHAgHzp,8900
tz1ZLMaECyswARea2bTsBws9eMjgUm4jG8Uj,11351
tz1NySiq6aHysD6Rpu4bYhFaVe3ASya2qB8D,3277
tz1Rb321A5bMKjQdczUs7TyJBeXjfCtB4mYd,19979
tz1USU2xSWb7CBYGJYat2X7An9sr3cFfsLwi,488
tz1aoYg1xYeEdnLrAJ7y2r1T3aMBCyms6ppJ,3730
tz1WxCJ3UpzyWsXmmkE1YjYzbBv6jXYkbFYV,332
tz1fq3tMpnnsZ944DVxcJqsVNGsWTPvqJzvo,3171
tz1Ty6Hq9GpzxmMs5Sv1VQ7cP2U4KuSCAN3K,169
tz1Q1LWn8wCK77L4xetjbH3Ar7sDaSANezZx,173
tz1dugdoeZULYPA9phfkpofrP95rFqhZNXeR,1
tz1UecmgMghaWovhh9EYfqTrK9gTtaiMtbzs,57
tz1gGwXf6Ggkv9T4jGmp58jUMU2Gh2vYjDyH,359
tz1QjPnpmqAJYSfDtDM7uTf5bkZDNY7eBECd,1239
tz2MzvuRU1GEKi9udpqzLpGYfDoZTiKZ3C4C,4012
tz1SEox4m6JwzUjLL2daQMKU7XDrvsEukR7X,258
tz1XJqUrY2okTwoJFgHFJKQV98tsn2oC6Twj,344
tz1VqXA6L6hPEFjvsgWv7Viw4xQn5GyNszzy,33339
tz1Wf1Lqz1yHm27P2RQJAVV2CMxnhYK4bBGc,150
tz1cTS1WwovU7SC783xgJxZrzr151mcshmNi,2941
tz1ersiy3MYVu89DFXvW7Qb8AM6LYptSsoT7,1509
tz1UFF5DSDDtk3fM1ewaLvVG6fhaAeCdgYEt,190
tz1dcpUhXGeXexEXispSpfv7CeufoFnV7AAf,9274
tz1RKRhkvC7MQgKfPejvNaHGshWUDsyJKZdT,5476
tz1ibTknNagJCgQPgcbPvJhpSyS5vxgdyFt4,1026
tz1SHzbhYsbX6Uk51hJC4JkjgWM1gWaSwBqQ,303
tz1LGkz6e1mTymuFyHBVFQZsHEtHepCYYgXD,5865
tz1NW1MMFL3jytxBjhx1qATMJyY47vLBMa4p,16896
tz1QRm2TJKnarZ9tbL5CNjN4Ltq9pJtytuk7,8
tz1WJpBDRGfa21un4yQDKTGXZw561nsGg7Qe,116
tz1UXAsfFeufr6p2PafNr2oXNrTDSdtwwdgm,122
tz1YPUNi7KW28VxZNEu3fNkRkJG55G9p7wsN,104
tz1YpusrSty7ULz7w9sM814trSRmM1aNbmZd,3707
tz1cuj9Cgi19KMRi83UuypS89kXM435qdhmy,14
tz1htwxBMBFikeP8SnQiEQyA9n1ryDrDFyLK,76
tz1XTyukKgkqq9P83UkV15np7EtSSEy4kAeY,78
tz1RFUjzPENm3vF7quaxfELQCfNTCSjAsFdA,753
tz1cLd3gXJ9Fk5c648hRzFvTnGfT97CxcHrj,745
tz1NGDuYTuuB1geX1K5b88cqa8JinFLdd3d5,416
tz1XykUaKpskyp7hDEZjmuNTk4gFU58a46KC,43820
tz1dghYwdzvHc3tYHp8iHpNUSpmAvvs8Zjs8,296
tz1ZNxMa8XsMa8JTv776X9iCETcNoo4SY629,118664
tz1a5QW18ULwjJK71LSc7UqNGgryrFouHzf1,3208
tz1Z1ZX2B98nEAvEnLXJBCnsJ6K1GqaSp9jK,266
tz1enT2GWv7U8jyPmmoVb228u8hvi6hJh5FF,26
tz1RyhUycXcivQ3jzF7ZpFZNcoLcgmXqcrSz,7469
tz2HSz8b961xoDjDLy3aFGogvW4HEqXXdcR6,2401
tz2EP3fw5CbUUgJdx4c3Xono8Gbc8PLXGRM9,3628
tz1VCogGe8xeRgQCLrVhPbwo6mBSQxAXep65,452
tz1LFFspqhK9KRQNvS1ahZ1RcpQ2PNeM8TxA,4
tz1ZhteLTqobRVCYsPj44oFfom5BJ2SdGxeE,590
tz1aRF3qMDrbN95f8dGYTKPaey6J2qQQnk8j,53324
tz2ALu8Jxf2SMgzSZaZEwfiJQbogpUDPStwz,10133
tz1gLNb49fErXUiYdreLAAV6twp4v3Lm8V4H,555
tz1fCHiWZ3ReGqvhxkMejVzcnXYz1rnsJpow,26
tz1PXJVTDRHBcjJGpD4h6PzDovisMJuc8zVc,3078
tz1L1i5BVehYJBebCGvPYU9kZYGKBELGUJGH,4867
tz1TR56EbNTEEDeRrsPzQzoyvwFgZT25q3JR,262
tz1XbQgDFCaT228TPS2YUeHHfpVqGW7ANCDw,15957
tz1ip7fCgktJzFWxnoDdNBjpF4ZCWw9qfScc,23473
tz1Wb4LakUUYuFuuEgXXQrNZuBD49Trodhwx,301
tz1RAfKUFBX6P2jFkCpzLFntju7djjbtKAKr,11426
tz1MiQ6euA3EEdnZxJ6EPwVsHzd6vQ7AHJmU,576
tz1UFwr89hcJvC4sNCYK7zSLcaD4JW2KkNYD,3186
tz1TiJBTfVoXxregtdgCs1rYd55APXSAmniz,580
tz1ZPSGxrrPPfrmoGJgpXDArNJfNNy3qGvE4,263
tz1iQ5n52oSKgdtdYtqEJgKmQYbL1nn2poB8,7150
tz1gueZ7eL2KnvxqWudHjoTH3ZPiUCmwNKR6,888
tz1QxepCwQ45EwtcxkgXZezHbnidvK7hUywy,4821
tz1TVZgy4rejPUkEF3bsxLGNCp6H4gz4PaGf,2858
tz1WT27PugwGBtre1hsj6BHmbAK2qQsVbRDo,763
tz1fL2TsQR271w84MXx3qFD7y4PZ1F2mpHFA,2136
tz1KhU89QWZuuhhnDD1paFp1jYMdpJLh55im,1771
tz1QQyhTMAmNQPcSGkM7GfDva8hmuFPAxUMB,17955
tz1htnC2n5n27PFD41q5X8bDvDcjbGMUS3f5,19388
tz1PoickddNEkRN6qp4K41u4KUW43vZ1UDvF,10533
tz1b9qYttBxHzoEseqabgvQiCxafZzkAtH9G,71
tz1MQotPcNdc9R3nWCTwXLMDqKLS46WqW7Wx,3022
tz1a89Pvs553YqhJdCfDdQrRuQeykHMvVSRX,50
tz1favSqpvTLtedjTm1UjuEmKfgm4o9kyLd1,4019
tz1YJvMiZyXnzvV9pxtAiuCFvaG7XoBZhbUQ,1685
tz1TmSForCvNii8rmwL6q2jgicQfqjNFtj8K,3396
tz1Su8UYhcLvUPYABx7kYsWRVibZdiZPnmh3,25105
tz1eoqCSmqPQtTLs53Rj6gBB14eQh2aHWVxu,765
tz1XhZUHsJAFp4FHoeeQQ7auVBk5j6xoUKbS,92
tz1Pwh2MBs6q2SeLHiko3iJpfMwsDV46bqQU,17287
tz1hLWsybqnJtQRFp8skYy5aZLGNmL9bMUpa,1850
tz1PuYitvGfsBm7C3oYAXqNc3t5wNhWZj5Dh,1638
tz1dbCAvra65bwTVk5mgkYUHUGz3hoKwovZ8,769
tz1T5NfkdPfhkXzYx8akPkdznxSgU1Uf5jEG,1383
tz1PYqfNnkpZydtSY2Tn3Rv8mjkgUpHJpFXC,3844
tz1WidyAU8wuyG25Pd7b93bcx9hMu7W9Pea8,1129
tz2Mz3ovkZR2HyC89CHHSdsrPya1mKSmLWfD,266
tz1ae2d1BJt7YUqaaec6Xenh3mBqS7VjSZtK,189
tz1L1XwcVmD2z4qPfLtBJ6RPThgAwLcXG6kW,40
tz1VeyZaPimHfrJFy8WwsCYzxHR3VmGTMpgK,395
tz1epFVHmqeWvvkFf2eskwhQ1AY3JwWd7Ej6,794
tz1QRcnskFh7eaV7QdEnjoYdDfrDqHgmmrvF,2066
tz1XybkRZWjLx3hwcy1hQ7PT6FWEhpHm1FBv,28
tz1XcuwadWbLKkc4mDVxRo25dbtwfEa7wf2c,1423
tz1MkNbJTzf6uADvfSJKJvArvRoVvjk3tZz4,19
tz1hvRvzke27MGtp8CsSvsafxyyMWSVYM1ut,131
tz1a7MJ4HMNbWDhKZAqrvzX5P6u2E2mJyJiV,2756
tz1citPWufjty33AZ9KwZDztqrTzdNjfQU7P,16104
tz1b58mxvQAc98hbXjcrgjf5xnSwYXzi5gX6,17
tz1WeLuPLjUs53Yr1RCgq4EQ4d5SvV651Tqt,102359
tz1Wo716Gggp5HfupfxtPgmYu23rDQNcLcD8,2564
tz1imyQrFWHyTp4avUNAw52RxdFjU3HPviRN,515
tz1isKR8pS4pdgU934K1S4UpLsF56ECJNArh,953
tz1ZVoeS9T3H451BgjTe18pM1q1LPd2cgB6Z,55
tz1Kx4ydaiJHThd2nTgXR25JPTZtKyLG9KC1,239
tz1eL4fYCgegW8tLCbQ1mYiKY3TdDxWnnKo8,1531
tz1Rhg2UDkjgLhemdSMtiGVGRmzwVLVaHArD,190
tz1dPHDXSCFo8PienbvDMyCKr5DXjPMrZkJ1,1102
tz1eFe7ufhpTuqh3LHB7zYLuFgB1rFCPXnzN,5
tz1fkkxXSMtSQew8F78XdsnaC26AfsXtsGiY,267
tz1ZuiTWKXKqYfzFPaSaAG3Huf9QM1AdZ1pJ,974
tz1RsCndtupuxe2U3syGAdcRBzpNqJZ9ANNc,20360
tz1MrZQhiNiHK14oEq595DLsVQ9wC4Nv2ZXW,458
tz1LJQ6MPnjGekNAmhFmkm8XWtM6UGx4MyF4,4659
tz1hmxzW7MuU8HeRoCFPGZJnavGf5unqgaph,2800
tz1Z6QqrAbEAMDLsis3v6b956sfH6qLTSEex,91
tz1NnBgY2ze24nQDpdY72wb1GVsee1UfAT3d,102
tz1dAW94vB3yYfNPE4LM2txBT8PQ21Zq4Xzf,229
tz1eeR22tmjPN3rGDikEMvpe8jcdXww3dqTt,763
tz1MsfyCeQEt7khed67HHsAidezZ1Th6mjzB,264
tz1WBMWCwjuFSsiiLUWKEQHEACNEat2S3EsD,401
tz2SuPjN8dYMJQe548bTvSPL1fdStZPXv7gT,36919
tz1N33TtiYBQ67sw32rhCsMSVpZkrSHWe9aq,11930
tz1QMjzbw5Yoi2zPqUeg2yuv5GZdmXjhh9mr,763
tz1ZutSZgCHEzxspXyoSYSREhwHh5g4PM8hN,762
tz1NrRkB19Su8iBGVTz1cXbG3oCw29GSmasw,610
tz1NJS9T6FKTnKUkVNv2g44GHTAhzH77qiYw,1549
tz1URL5HNuTa1fHqqCtUKXUM3hm6g9c88NgF,2
tz2M9C5x1KoZGoQ9xEY6fQ6Xwbe2GU1RTzRx,383
tz1c8JTzmA6c7cm6ZmUwR7WES6akdiMa1kwt,1209
tz1XRTNgXgWmR4PqxZpiB6HZJ8Siz3M2JAim,361
tz1LxL9L2SmaFYw7XhyATaRAiLWCgxKmycBC,1819
tz1imbraxLCQ9TUpnJVP31LS18hpTqG5wv1k,858
tz1iDuz9LvybPBC4kDc7ceBoKVDwwzJR7zKb,23422
tz2HYjnnRbzPpUGMUYGKVXDnsfSKKqH3aCVT,4107
tz1eiyML8sHGBL139FwJQJeLGHWAFtDqPz4U,76
tz1YQDCB6Hbn2ozMyS2kf6WPJDeRvJtmtNqQ,446
tz1eeNRXYK56vgSfXHFcXorubcaBBCVpUY1Y,21
tz1gaRjULm9qy4D83VCvb4ABWLKpz4XXfqjx,370
tz1hAZNx3LrRKFgfRytoLNVGhCrzU1uVDUHS,1773
tz2HGysnSAQAetSyFYCa7SoH6XXVwbVqMHnM,2511
tz1W28xB2eAvRGCXmVduC63Gx6gGDp87zqbB,3620
tz1gJaXdi7Gweq8TUSy9knB2wLjioTKy2tZF,3736
tz1PoXtd7RGVBwWmmZvxX18NQXYpbNdiwwtE,2114
tz1RLCvv7wrWq4hTmyKk1zZuZeuUXNViSgRD,21831
tz1fXXFNod2gQDT2Vf9ibBortMmsKKorUv7Q,48
tz1QFk2DJhPkzp2nCN7Thpo4askJjQ3Zw6BU,775
tz1bRDYJHp3ACUojEeM6Ja442YEwNmcb7ph9,749
tz1MDs7ym4sp2FsQhL32vuAnEqG3ARhM9Vi4,755
tz1Xy5UM1tC3CFcbPBVq5PjufaxcLjMwfQkE,21
tz1RAKBnmd1X43pkkGqywYCRgf1Uo6D77zMx,21
tz1ezWyS2cFiqrNyiSVz5VKEKnmDN9Ah1zSR,1998
tz1cXwKRD6AMy5nhqEVUU23SBxcAMnh2aKLn,244
tz1WNQE7B2s8woZp1d5U4SeRKHmssN7TvsDi,233
tz1imrUNR1R52GxhP4y6XQCDDXtQs11GarTN,15
tz1chab75LnyqBqNwrK11459SGCFQXLg9uyx,237
tz1USfPTFciXzVsQL7Rk8HmMWyWtFEas7fh3,877
tz1btYY98CWBVCGEikD7s1buWjpicb9kG8aH,16
tz1fj962xSPKTA57yWHA43VeVzo8KqdpNAeF,75
tz1ioU6W4otB7ebgRZTq1EVVra3vMyXqeqsm,206
tz1N8oU57qMgDRr6N9pSbhaiWRRQSxJRPGoZ,846
tz1fCEeLBcuSMSittqTnMEhcFdPCtD1HsiZc,81
tz1WsKkY3TLDvqTuK97Xu4zuVoTb2nsr7J8S,141
tz1dAekzaZ2VrjvuNxoaTZ4dY9XjgrjBvBro,436
tz2DsS3zeg4pqoUnRPHxvuRSuQrjDnTZcTNJ,8
tz1gSGxwMrToBdzLeaxg4Bregv6W2oEbNLC8,7100
tz1dWwKG6Z9unqwonQUWV65gkz2YhABiwF1R,980
tz1KxARuCbAoiGGesnQjr2pvZa7CzJR7V9D7,557
tz1LGVwoTMUhi76Jc8TeaNUQhanfeLLNF4xm,442
tz1QS7N8HnRBG2RNh3Kjty58XFXuLFVdnKGY,45787
tz1RAP1j8SjwT587jyccTNArBFhC9HhGKfHq,98
tz1QiZCuJMuVz3aq7j1Bq2v3BRTQPCdTw3Fb,1499
tz1L8hBVpams2fWFC9kS1sPVxfGY6Hmg5TQ8,213
tz1TQSPkLPqXUREhxvYzPbAib6Jz35w2a6tw,696
tz1XD1xSVzgY8Qs1id1kNyFJDbv9e9pNMe2c,381
tz1Tk1MJDZ96bK85RLAqtKfnptZZyXsJ2jaq,185
tz1avT6pCusXgxhnffuJzk49Vq5QppLVegHB,296
tz1RKg4C5yKTzm28Qj9gKmfUozCDrctDpx4G,800
tz1Kw5M75chWdw3HUBMg2bsp164TrVXRsGJR,187
tz1hes6aF3Px3D8nPQx27fdwBKrXmGs1UYxT,389
tz1c1BG1PEeuhMFwmonTVSGafehicqbBJFec,64
tz1WtkHVMtif3DXVCZ9pUCqWcBsmqgFjgdkk,17
tz1THwbFPPPBHmBu4cmLV2SppLFrA5QfBhyF,269
tz1U1aA8tyN6QByoYLhSvNu3krJPLYqnkRVa,386
tz1QSwx2wnmrTjEGrid79c4tpFMxjCT86SAy,653
tz1RcJYTsoYQ7adtNMANhwd8qf4zApM4i2Yd,352
tz1a1ZcbAeBEjxYSwuNKxSu6FbFB4dxdL3m9,8
tz1NZnfrNgCGdECyAhA93TLPTSciJcZBJqDY,507
tz1UGuKv6PzgVbofb42VgeRwDwsVN47UpuZB,1290
tz1eCzNtidHvVgeRzQ38C81FPcYnxMsCEL6Z,7639
tz1N3nvFqipu91tfU9s4GXGsopawpwxSoAJh,62
tz1LFeLTRQZrgKxbmvjz2ckViRhVw9BZXw7t,15140
tz1XuzzMTz1LhqbRPy9uxfRkccSxju3v8Y4j,709
tz1MoiwNRQWHfA71aypNk8J9CsKjfmq39c2F,2736
tz1hhphPmGxL6HEmEjoVSJBy82FMWbFwzNCD,15
tz1YHLm7Lq27q3rgVXLY424zQMkvncVvNiaK,84
tz1fKtBhuuZiMYhM3Pi1hcP2sjRbstgDrmqX,24
tz1XEA7cp83PyiXfSxWu3uHjA3EF6Gdh3Vhq,82
tz1UXMLCt7dqbUiJ2BHRhE1gFkdVkmCZYcM9,26
tz1iKF8o1hCLaTNZcCJpgKQBQxkpcSiBy5V6,1078
tz1c2iwyckUCcicx2qxqtwLEartYFEHg1pvB,491
tz1PQDUDph7dDCn8pLGXqaR79DiUWLiSZdEf,3058
tz1fUZ5pMP1gUjuJsp5V631cXmA87Kxm3cuZ,192
tz1KiUXfWuF65Ck5zY4otx8t5pHToY8stYhj,242
tz1YQXd4LjZfDaKRvSTwBEwgggREFfX95JUc,147
tz1hM6Pz2e5vJbd1YYkYHcj5RL7tXhcn59Xr,7
tz1NVsmLrZX4jad9bNdvM1EskvcTq2LSZhLx,1562
tz1cBNfPUb3Gi6oezs6fpXtki8EzSwjnoNGS,422
tz1h1ybLPkwDH85opBrU6hge8wSsRQBnAghf,311
tz1PKoh9LB2P3pgh5ahaAFnrC2QBmUxcHDJU,237
tz1cqoo91JCc6sKmNuTVKNzwUdi6E6moHWFb,1008
tz1ZGNErBKdYeEPjZuqKXhyTixQTTPn54bx3,152
tz1iUyniY5PPWrzE53cs6jBwNKUun4btzMcW,380
tz1XoiGxnmjnkaKcNyG4rrHNNEoh1u5VidxY,211
tz1QVUXNoyCfKpAyxDpq8kR3rK2AShuzQxJ5,2606
tz2HZ2yRFd9F3uLcKnLukEXhuUz3HqhZf8mA,4604
tz1UVTMhbMiSETKCxFi413yZ7imF1xeyt3fV,779
tz1XisBzUGgCmvC7pNS6hxvQ5hMvXUTd1p7D,12
tz1S5TbsJCWmCyRh3ghJ2rWwQHHbcvoh1uYV,7639
tz1UAYfFWmaTrQTYMptaGCw6LrXK5Yv84VnQ,4
tz1hLhGe26gqt78sZboxiwne6zgKMqirRieW,1001
tz1YfiydbiaKMGPuavawX4rQtXdn9wgpdDKS,267
tz1RYTr2WKdJD1MMV51kN9AoxPnxZJgJ5sqU,41
tz1R6mtcAQwBTK9YpSqRL9y2a6JZWgDkBm6M,3718
tz1Sv2XMQNxcAqyqyyv42FHjf3EGwJ3Godj1,4301
tz1NCsGajb5YgZdhdviKrfisN3VteMasnzQi,135
tz1Vh4cX8VutUUUnnjmnY2omSV4F26T5orLH,616
tz1QGCWjNpYmcS6T9qFGYSam25e36WeFUCK4,459
tz1URdfSGhAfbtpEkjWBmpTt3pyLmxdHdPYy,12
tz1LApX9pPhcDUDznHR5TTCcSXh3m6zPgFHA,245
tz1hUY7paB2J5EhD73r4oWL6uZubf1UibHrk,824
tz1MgDFQvyV8Vfc48HgeqMbCD2Po7nhoWDeL,241
tz1RaZeHEiKewSd14gZ7HKfcQ3HaNHJ5tnV6,8234
tz1M2h2hPZzov29kf7xcHXrunXb2jFSbfiNd,3838
tz1MToDUySbYhPabULUyDPPsfDQF1cpZPdoH,575
tz1gMfLSQs6xTM2TcLM6Sb2njJ6h9qhSsT9Z,75
tz1LSFyZ4z6k34KQ9rsoxE6gTgmik1nn2Zmy,8115
tz1UNTxRbAYTSBSdHMjoUoYAtLH4MHMUiGwg,78
tz1YUJitqsUrFfFzEp1d2RiqVwV61J8aPb4E,4
tz1TqqKqc4t2Y6PTvxeuhF8kNjVn8HpZkKma,520
tz2VoUZvPNLyq9bZ82VoDLrhkH8n6eaUoS6E,98
tz1ZvbLR47deoqaSgsaRXe7hbgDgwonBicnV,3839
tz1L8m6MGdvK2WA65wQ7DeVwXVmCS72JKWeN,51653
tz1iCJRFVD1oY7yQBap6X59XktpKHJtgCGyS,21
tz1bnWUvcfU77EBpbLUQ41c3hCBKovGuqyGY,1373
tz1STAzkywd9GnKGvJBPL4xWte3LCniyu5ho,394
tz1g6cLrzLxNayiVyb7BLsKK6TfwboqWaYPx,15
tz2Q6ugZbronUHSk8fbuHibBrBEJwrzgtL8X,109
tz2Kn9u9cxvTczP6CjirJnEE1UApmoCzuGPB,308
tz1aHfKHR887WzmpA56K2diKDufR3QJqn9iK,20542
tz1bdbHUpDrUx7m5g4VTSkjnc3mxnquzRTcw,3837
tz1ewd8gDnG3USrTRJVdbpsyieVv9fWDMPNk,651
tz1PwxV2kaHhubkYaRWTnGBvsxXswz7V9GWc,1573
tz1Tpms3fccT8x1pVY9BQKgnvppew71pTDDd,50
tz1bNLPqmLVxWF6puxbFZHU1yCJLiCZmHH2E,1
tz1ajJzH5YBGRuXnU7QDJzY2qVRGcysUbxJE,52
tz1YT4u9DnGFiRM8AXXACY8LWuV1rW3A2hFb,4186
tz1QppHuA9TUoFN5Ek2ZSmRPdU1xQiwRSnPb,14
tz1fne8nhZuSRgzaQPyaomKQcFRfthyicBQc,46
tz1PGFWJqZhk5BabfqxfYixpVH9S8vY7NKj8,11
tz1Uva3ynPUXqpAsWJ3CxcXVPG7HEXB19rzU,457
tz1cGZNvVyHrKgbRu4b23Nw896JD6GYhZKQm,456
tz1i9THBDe13YzhSmcdpcWKJrL4raaJ1cpN3,455
tz1apbBneTw4Ap2kdmv7gfTv4kDPYbR5HAkn,384
tz1MJ4C21XhL6B3YptprRWMuL8oeJquUhz4u,9696
tz1SMoz8tsJzeQPtGhPEjPnanQMvFc5KitVh,24
tz1XuNQgqT23u9KcwmRLGGQ6w2n6dCE4bmoV,11850
tz1QRRG3oUJBo66xvidmpzuwPuoVBBtLxUaG,49
tz1idC7XEoSZ45sXLwp1ujYJ3yNFi2tkLT7A,2
tz1d4649CmmMEzXBWzhTgTkFxy9ATNhb5HC3,4
tz2CrWArLr8eRCj6mp6yYQAKshR9MuyaK3Qu,483
tz1UdGjnCNd5ifzEShXft78CmazG9gj4fdrN,16
tz1fvhxJtMzKYkXM3fvXrQEyAXyMLYayTtZ2,2138
tz1dVTewmwhAqfBcAgDuDuF2sPUaafuPA8mr,446
tz1ScePe2eXYo1RBdEe12hNY8KrvHyjFhHw6,103
tz1XNmNga2NyqFiNpmEN66fpySDoGWoKpKXB,5914
tz1dXpsNAWLHVYNWSqhrHCHT6wh6L1fKZfo1,74
tz1iFKBz9HbJDp6omQGG9LC9bTXF4zKdkJfR,1
tz1WUmNdnrv1w75V7ntFSt5kSuyQfYuo2hqK,123
tz1LYQiMSoy34xAUD2NnsJLCTmb8HYYR9th9,15
tz1VYa9SB4LtsHLWZnJXc1JuL7wuX46orE2Z,3359
tz1d9NBC61N2Xjo9LvXAQsKPqC4HaL1mFD9X,2565
tz1cAxm3wHEUX9tY87sSfdVfHgCWcPCTkNTA,175
tz1iNdzx7BJpGD2e2YaV2QbsteMQWMAXjjDf,1095
tz1YrFGJ542U6jpYHpe7BFHxNfa2mb1wpAdH,1
tz1SPVSDCDpbqigKWVYnbgHEudxSM3BASPZj,1158
tz1f7C7HeTczoCxoo8oQ3vBDRQTiNM3tFTZu,94
tz1P8pHeW6qWzBkgeDvi3bc8depN63r5tt5s,42
tz1iZnkruZaYGv3dfER3wEasjJj5xpaTtMjN,250
tz1YmwJZfEerVMbc8uuJc7xUzE64ma3Xfu7L,6
tz1aQbe92zZy6MNeRFtgmgV5dV5R4BNTdqK1,6
tz1THz87Wwo5DL34CELa6psvuH8RXShPmSbc,1
tz1eQ9skdokeeUyTc4SdNQMPigjZ8JY4kzus,3
tz1dYEEirVkgSnE7eGK9vFUwxWBqibkafs8W,1
