Address,Amount
tz1NRbpmTuPEFCCYCqCr7i3hkMRDRhBFgmxz,1353943280035695
tz1RDbEW7YUkwnnDdMNieSiF6kB4XBws7QSg,7482569828993024
tz1eqt71cHna4YgyNg3ao6x22xU7c7CZXxcf,51553422320852
tz1SBxNvpDFC4bjW23CtQfVLqN5cBATVf68B,5469989038984687
tz1Rgo7URug42QnhBM6eLy4MWdfwn4RovHy6,1177046729097076955
tz1YTQ3Lys25j8FhZQY61eoYErYUteSao3ez,2465753252577582
tz1R3bKH1seset2h49p4vrZJCEL8voJgSK2G,410907390375403
tz1bdRJkGkNQ7homh4PTnkVM7xzVWhuC4EMm,146997623465533193
tz1Z2Ne4ZHxNPuCJeCcoykHVXTqhVdLMD9gV,358053726507647212
tz1Qji1NnEPj4Cxa9s2WEoWi9U9KM6a9gdDL,37096343448449012
tz1cmanHzitf3UgWgECzLpGUKpzEfmGZaFsw,6474113996263152
tz1eZFb4bNMMdveGT7BPcktbYsurg2e8r1xR,5825341619776
tz1RartAmPJhFsL9oAhZndSL2G7KCsaQqqkf,2456362969557399518
tz1MyqKoe43P4Z8MfHoXVBTrohgcbehp2zLL,38350239801899545
tz1SRcMg9GRXi7paNeAc3ARn23mS3Z5dXa6S,2879718767854405
tz1hD7VdzRpWG3nmYpCyW2gNc8mQNs3TCgxu,42407288092263
tz1f38MX7YT2Q7MAq3mDdj75GTN7vgqV2TfH,16083234904445
tz1aBDeNFooBEmBXnWDVgLknNMUHMYhHVcRA,299296246330360156
tz1hD5k7QW9ChHCgb2YLthKFirKDYQiNPDJz,8315249355060796
tz1ZL7ekzieKxwngCCyjsCN5qhu1ohwJQEBy,17602170338335016
tz1enbGpES1NDr2kTaocDhxvMqtpMy4ruhW6,7003809335151304
tz1ehGMhxarDhwppx14PX1Y3eqbZ5W9Bc2Y1,1741469088136206
tz1LN3wPFYuS5fCnodwxT94xVFLPtcFHvcHk,106671903731952
tz1ed4brTwpFg8hFUJSJ4HqnsC7sEjVesMtb,48953204004133684
tz1QJE62jTxHis7kZkbDT2zsYZyauNDNzWg7,21780688064967757
tz1gWt7kUnJtGXoT5BYzHVa89qGp6QVvQmyp,136432773459165737
tz1epR6pJmPaJ8vvzNi6V1T51ccocX1Y4VBb,890774781859557
tz1W19DveaP3mW4WvFtdVdqGsWwBL5q1QDSK,180796881981300564
tz1esdEqZC5Nz3HDFseHvpH6SmQJPocxLzA2,8969537652178734
tz1XyTsb9DwkPru3eU1Cwnr5JkihEi5eisHo,687717641779497
tz1ULQQ3S4kFLhhpPsegiMVFmXx2G6ewmbTA,88990973769814436
tz2Lqs8WFf2HDG1RoxG3EAtuHjDS27XQANWT,2463845099198
tz1LRrXCmELevk5znmVcYD63TChSpYh3vaE6,19311579234268
tz1S8GvdiWQghwPMMzbNvRh66rcfmhEA6vj2,187333337249749640
tz1N9qzry2ko1gwTK6HKWamZZK6FGx3Vr89U,397259322824873
tz1M5swezYMnDaim71PSeb2cPFk49ajrvDV6,11224090621374971
tz1QQ4HyGbCZDmQxeVHoLP99KLyfvGvyX21i,226566761313980273
tz1WKygtstVY96oyc6Rmk945dMf33LeihgWT,36009939173545226
tz1Rux3pGrp2KpZUBKvg3VQ4edRYVJsapr4z,4236443133037075
tz1LWMmDzH79xyu6JvELrnvWLBBVjZg7TnfN,129421622155771124
tz1RfSFe1dxP7wh1zSffEnskgqvVVWKNKZG1,592875922840841
tz1czGMShkB8ZtCHKHeCPTY3CpuiCrjsGJBy,1423429571127104
tz1UQ6cQZef4MuskJjV9g8pXNZa5s8ff1oQy,15606402604953581
tz1dTmMLY7tan1HKfW5e3KxJcfZput6UuTH6,26852859148408
tz1daKxrqyoFUCcuQj36BeMN9C1Ytmjg5p6n,25191928804698538
tz1YZ4VZCRPoiDyGP3U69jCq2S8duDUcRjHP,1800032570100644
tz1L5rXu3RqYBjZzjWXLaFANYZcwS5Pb1ZST,26589736099649399
tz1NkFRjmkqqcGkAhqe78fdgemDNKXvL7Bod,20249107552348621
tz1QkQLtDkqpw8VSymi13A86jh5iaCeMriMJ,143505990648337793
tz1h6J2pn9X3KMghNHZikrh3PtEpgCcRAjHZ,31277956652948055
tz1VCyNit49HjTmz8SEgeL67x4BLuoTaeYMy,187090837234611799
tz1gACjUSBkWjqWv5ZBMRk6G9Sp8xNAYgwYV,11491817290900775
tz1ieVZFcRity1eybQtgUyGg8NLEYWNqKtQe,5341562442251126
tz1T5GmdYXDWwbhBrU7RubT7Z2dmz3ZmKwCE,96018837394477664
tz1XLpud4YtVgwiAJezLKUsAo9K2s8n2YPqx,2697944196864
tz1gmajxhmKt22CbcsSA7WWXSATgbuVEmzTC,14601682790157516
tz1cfzEz3R8YKMqC2rbKnr2XtpNjZxH6RGdy,2615735038199489
tz1hR9eQYNNTZ4VGUeipK4PHtyyDEDmQ9dSf,57124031197000474
tz1RxeY78zE8hNJbqPypB1mTVyTsBRmPuqry,7586024477725608
tz1SBF19iLiCc8dNpKe1Ym9juSAKaTPyeypF,8046390801667
tz1X6ADVxP37XjYppBHMLVRJQwmxA2YxztbQ,785670344448974
tz1T1u1CET7ek19f5P59vCdjTNFWAscYQ5ct,28323613017420602
tz1V9qHfFxixcXJKWuEziUqvdrQ7BWpPnWTa,38155679274833366
tz1Lqnwap8kKynTpefqqSH158i667Wdg8HVA,11210579127470896
tz1Kp19QyYUnXuE6cxuXxsfQZbyqv5JtKPku,4225235311
tz1cnojsw9qgMbdpgPeCcWPf5GX4YPvd4HAh,33370857296992690
tz1fbJACCskangcgy9xjDSiEYgh7CUmSo9oc,1349458924008134
tz1dKaw4xdNjfufDSLWRxumNBwe2VX4mxXyW,7411059590856078
tz1RJf644pa7QAZqKzrPQGiYQPyubXarC4cv,353524781428270
tz1YSwscBZCf26kSPvqsnUdhnS4XQD6mAjcz,334150792680781025
tz1iCiA1vKmgfZbY533ZgMwFKZ14S1DQNooQ,1418403522632859
tz1hNGWJUFPFV7AWLXvxGzJVEfCZ8KJ77PJA,5485438282273229
tz1Qm3DHkV7V6peZPyWe4rv6aToH3nRmWEH7,2284121571037847
tz1KsiwkQ9pyrt4Ra7QrAQp5LQJCGxHQrY1n,9060297566326
tz1eKTUc8X17nVmtVRtxBcs3hwUPXWuqP2AS,264571514036957632
tz1hXx6tvTV3kzxpBR6E4hDYcxdgcRGHUTFj,175099841
tz1fkZtnjNfQHtEyUpyX9Tqq4RrLKx35qBxf,9732592751892089
tz1chg2T1s4DTjLqthPc49HDcqkFHMwdSPwb,30648307164167507
tz1Uzm53vPr2Giyi32yT9GUvBErKqHPBjvQL,25344613255800
tz1aR3nrJgUyU5B623U9s1MtMsMjA5Wz5c3G,58450227973004248
tz1YaPLZuVmZaKB69BjJXKUDgNaZrxBR4Lfn,1628814235069667
tz1WNk2o2hJvzjuZRNmZQwjLQuv24wDv1zjU,4592389227538
tz1QmBcwm7RH6swEYNpsZZfAWCCFaW6wugVT,137427997952146076
tz1LxqBcvRbZhp34C2ab62CMy49wFbsQSzD7,792102523781669
tz2Kmi3xEnXk8c7zqWSQqSSyfNpWt6ovG38D,162977357276776655
tz1LgePVXLZYNhHoRQ6KgHfQjQ1uq7JJPZDa,1269377577239146
tz1gk77xzDAG3sif9eFvsqUnzaGh4MrzaCp3,66842962768160538
tz1cWUkZFBZ72Yn9desxcgS9KdH4BVfqd2ZW,32759802650738042
tz1a3LNYNZTNN2SLMjWSUc5jtLWFvZ1kC7BR,703829311209041838
tz1SGPStfd9v5upQUxRiHPC9666X4FpVAmK4,68520511625882
tz1iF629Cc91SJkmQRAWAm6nYavf7RgpAqZh,61471786779242
tz1WHGwmdEr4iruf4v9r6bdHgzC5v8SKYTkV,3628123283489428
tz1Uza3jMhipiQMtmeEidizjbSqnqZMQyRv7,1843178381749
tz1YqsEWdPxBmqVKsJircrwBmCmZDtHAgHzp,914150761187658118
tz1ZLMaECyswARea2bTsBws9eMjgUm4jG8Uj,113124398936955892
tz1NySiq6aHysD6Rpu4bYhFaVe3ASya2qB8D,7613036597398301
tz1USU2xSWb7CBYGJYat2X7An9sr3cFfsLwi,4647337042565587
tz1aoYg1xYeEdnLrAJ7y2r1T3aMBCyms6ppJ,83138965530730
tz1WxCJ3UpzyWsXmmkE1YjYzbBv6jXYkbFYV,5515378840216514
tz1fq3tMpnnsZ944DVxcJqsVNGsWTPvqJzvo,4739683881625963
tz1PrecMTmNArbdvQxtZLUVUBT8rcC86dKZC,151698744554917
tz1Q1LWn8wCK77L4xetjbH3Ar7sDaSANezZx,1059926996314244
tz1dugdoeZULYPA9phfkpofrP95rFqhZNXeR,11232540652082
tz1UecmgMghaWovhh9EYfqTrK9gTtaiMtbzs,1223734728738
tz1gGwXf6Ggkv9T4jGmp58jUMU2Gh2vYjDyH,3578839605902876
tz1QjPnpmqAJYSfDtDM7uTf5bkZDNY7eBECd,12355914439904129
tz1aVZZd883FwyEx5g2o3TgQ7pwEYi2f6apg,16637721408184696
tz2MzvuRU1GEKi9udpqzLpGYfDoZTiKZ3C4C,41583850937362969
tz1SEox4m6JwzUjLL2daQMKU7XDrvsEukR7X,712861295622058
tz1XJqUrY2okTwoJFgHFJKQV98tsn2oC6Twj,3432784579832986
tz1VqXA6L6hPEFjvsgWv7Viw4xQn5GyNszzy,332263523436068638
tz1Wf1Lqz1yHm27P2RQJAVV2CMxnhYK4bBGc,12258158605637482
tz1cTS1WwovU7SC783xgJxZrzr151mcshmNi,946519726162041
tz1f4Z9FJfgStP7v6Rj7BMJnWJ9Mb1NdAGsS,13181324077360
tz1ersiy3MYVu89DFXvW7Qb8AM6LYptSsoT7,15039773913887485
tz1UFF5DSDDtk3fM1ewaLvVG6fhaAeCdgYEt,1156046268905241
tz1dcpUhXGeXexEXispSpfv7CeufoFnV7AAf,92469214633358470
tz1RKRhkvC7MQgKfPejvNaHGshWUDsyJKZdT,54583379442550537
tz1SHzbhYsbX6Uk51hJC4JkjgWM1gWaSwBqQ,3028431707393392
tz1NW1MMFL3jytxBjhx1qATMJyY47vLBMa4p,1362699056855836
tz1QRm2TJKnarZ9tbL5CNjN4Ltq9pJtytuk7,4034909396
tz1WJpBDRGfa21un4yQDKTGXZw561nsGg7Qe,83987012129461
tz1UXAsfFeufr6p2PafNr2oXNrTDSdtwwdgm,1223873377361509
tz1YPUNi7KW28VxZNEu3fNkRkJG55G9p7wsN,1752406829172
tz1YpusrSty7ULz7w9sM814trSRmM1aNbmZd,62111127990317028
tz1cuj9Cgi19KMRi83UuypS89kXM435qdhmy,148549125376526
tz1htwxBMBFikeP8SnQiEQyA9n1ryDrDFyLK,761303895743964
tz1XTyukKgkqq9P83UkV15np7EtSSEy4kAeY,779777423894930
tz1WMFtCLLeRiayH19ZiaErKq4Zu9p5N73Sr,21444962646271
tz1RFUjzPENm3vF7quaxfELQCfNTCSjAsFdA,7505285788438488
tz1cLd3gXJ9Fk5c648hRzFvTnGfT97CxcHrj,12779170855253857
tz1Te5JR7gzDBwtZLKPWSPuTGFE4JX21vVur,293680499781
tz1YDRhXyq5ZHMoHXJX67rHSrUFTqhYjFo86,879291166759771
tz1NGDuYTuuB1geX1K5b88cqa8JinFLdd3d5,3806532976633710
tz1XykUaKpskyp7hDEZjmuNTk4gFU58a46KC,436708372996846770
tz1dghYwdzvHc3tYHp8iHpNUSpmAvvs8Zjs8,188354624059223544
tz1PuipWs33aqS2KSG5k1qQtC6Dff1P1GBmM,2849296834448025
tz1ZNxMa8XsMa8JTv776X9iCETcNoo4SY629,1663096711407681354
tz1iAAJhH465Cf3BnsKQ744XHypQGY1v7Ps9,3882648664
tz1a5QW18ULwjJK71LSc7UqNGgryrFouHzf1,555947335403424
tz1Z1ZX2B98nEAvEnLXJBCnsJ6K1GqaSp9jK,2737077129633972
tz1enT2GWv7U8jyPmmoVb228u8hvi6hJh5FF,7134392464129522
tz1gVon2mQhvutR49Yd5XK6k4ypwWfFjMZtz,2984310346
tz2HSz8b961xoDjDLy3aFGogvW4HEqXXdcR6,3909271340462066
tz1eSGjgq2NmLWnaQFQxafXK8ZQF5V7Sz72y,326389039633760444
tz2EP3fw5CbUUgJdx4c3Xono8Gbc8PLXGRM9,5756451254881104
tz1ZhteLTqobRVCYsPj44oFfom5BJ2SdGxeE,5880274767609637
tz1aRF3qMDrbN95f8dGYTKPaey6J2qQQnk8j,1916071365797520689
tz2ALu8Jxf2SMgzSZaZEwfiJQbogpUDPStwz,3836970445
tz1fCHiWZ3ReGqvhxkMejVzcnXYz1rnsJpow,156322345053611423
tz1Mdpj1npkpaxPHF2wFN6oX8SovVPfHyXSy,1901434231174157
tz1L1i5BVehYJBebCGvPYU9kZYGKBELGUJGH,47532398773399142
tz1TR56EbNTEEDeRrsPzQzoyvwFgZT25q3JR,2635385947605463
tz1XbQgDFCaT228TPS2YUeHHfpVqGW7ANCDw,1159730854104
tz1S1Aew75hMrPUymqenKfHo8FspppXKpW7h,319115531056306
tz1Wb4LakUUYuFuuEgXXQrNZuBD49Trodhwx,3008297067948130
tz1RAfKUFBX6P2jFkCpzLFntju7djjbtKAKr,112513019020093651
tz1MiQ6euA3EEdnZxJ6EPwVsHzd6vQ7AHJmU,6821280791
tz1UFwr89hcJvC4sNCYK7zSLcaD4JW2KkNYD,32025974535374297
tz1TiJBTfVoXxregtdgCs1rYd55APXSAmniz,5222543105
tz1ZPSGxrrPPfrmoGJgpXDArNJfNNy3qGvE4,2624089143005351
tz1iQ5n52oSKgdtdYtqEJgKmQYbL1nn2poB8,71262003659715088
tz1gueZ7eL2KnvxqWudHjoTH3ZPiUCmwNKR6,8855351748935129
tz1QxepCwQ45EwtcxkgXZezHbnidvK7hUywy,48051596366043407
tz1WT27PugwGBtre1hsj6BHmbAK2qQsVbRDo,11866383885453550
tz1fL2TsQR271w84MXx3qFD7y4PZ1F2mpHFA,97337880025
tz1KhU89QWZuuhhnDD1paFp1jYMdpJLh55im,17653284042141384
tz1QQyhTMAmNQPcSGkM7GfDva8hmuFPAxUMB,11791145461699977
tz1htnC2n5n27PFD41q5X8bDvDcjbGMUS3f5,193228754453734014
tz1PoickddNEkRN6qp4K41u4KUW43vZ1UDvF,391876182162724
tz1b9qYttBxHzoEseqabgvQiCxafZzkAtH9G,83251011224405926
tz1MQotPcNdc9R3nWCTwXLMDqKLS46WqW7Wx,30118529757402947
tz1favSqpvTLtedjTm1UjuEmKfgm4o9kyLd1,67898892002126328
tz1XYuybht7U1RVsUip7H7S31fBDxpUgpTXP,3562901127
tz1WHUWCMqVqq5AagGN5DrytqWz88tYgedUr,3290773274188570
tz1YJvMiZyXnzvV9pxtAiuCFvaG7XoBZhbUQ,16797121063285726
tz1TmSForCvNii8rmwL6q2jgicQfqjNFtj8K,33845422202439602
tz1eoqCSmqPQtTLs53Rj6gBB14eQh2aHWVxu,679586627286612
tz1XhZUHsJAFp4FHoeeQQ7auVBk5j6xoUKbS,919943423570085
tz1Pwh2MBs6q2SeLHiko3iJpfMwsDV46bqQU,172290442386735124
tz1hLWsybqnJtQRFp8skYy5aZLGNmL9bMUpa,18444119965058744
tz1PuYitvGfsBm7C3oYAXqNc3t5wNhWZj5Dh,16332012809062790
tz1dbCAvra65bwTVk5mgkYUHUGz3hoKwovZ8,5493614691893934
tz1T5NfkdPfhkXzYx8akPkdznxSgU1Uf5jEG,13787444155293426
tz1PYqfNnkpZydtSY2Tn3Rv8mjkgUpHJpFXC,38315609151458453
tz1WidyAU8wuyG25Pd7b93bcx9hMu7W9Pea8,383276848239792
tz2Mz3ovkZR2HyC89CHHSdsrPya1mKSmLWfD,2657962390102863
tz1ae2d1BJt7YUqaaec6Xenh3mBqS7VjSZtK,2383911559702017
tz1g1vr7gbU7kwxVqmbmnovTGtdeRxFE6uBk,624399301299728
tz1L1XwcVmD2z4qPfLtBJ6RPThgAwLcXG6kW,401722910881839
tz1epFVHmqeWvvkFf2eskwhQ1AY3JwWd7Ej6,7917558266846221
tz1QRcnskFh7eaV7QdEnjoYdDfrDqHgmmrvF,20591892987040689
tz1XybkRZWjLx3hwcy1hQ7PT6FWEhpHm1FBv,2013598108598026
tz1XcuwadWbLKkc4mDVxRo25dbtwfEa7wf2c,14189551075354276
tz1hvRvzke27MGtp8CsSvsafxyyMWSVYM1ut,718179964881262
tz1a7MJ4HMNbWDhKZAqrvzX5P6u2E2mJyJiV,27472302528241362
tz1WeLuPLjUs53Yr1RCgq4EQ4d5SvV651Tqt,269674313003094
tz1Wo716Gggp5HfupfxtPgmYu23rDQNcLcD8,25556585969168512
tz1imyQrFWHyTp4avUNAw52RxdFjU3HPviRN,7035464006349676
tz1isKR8pS4pdgU934K1S4UpLsF56ECJNArh,9504629537079060
tz1ZVoeS9T3H451BgjTe18pM1q1LPd2cgB6Z,14954514709318
tz1eL4fYCgegW8tLCbQ1mYiKY3TdDxWnnKo8,15261608009970607
tz1Rhg2UDkjgLhemdSMtiGVGRmzwVLVaHArD,1895261030135007
tz1dPHDXSCFo8PienbvDMyCKr5DXjPMrZkJ1,12686407024461463
tz1fkkxXSMtSQew8F78XdsnaC26AfsXtsGiY,2668050752258649
tz1ZuiTWKXKqYfzFPaSaAG3Huf9QM1AdZ1pJ,9714618623715839
tz1RsCndtupuxe2U3syGAdcRBzpNqJZ9ANNc,202914929196823398
tz1MrZQhiNiHK14oEq595DLsVQ9wC4Nv2ZXW,1215359462842316
tz1LJQ6MPnjGekNAmhFmkm8XWtM6UGx4MyF4,46438390241571067
tz1hmxzW7MuU8HeRoCFPGZJnavGf5unqgaph,27912747680459805
tz1Z6QqrAbEAMDLsis3v6b956sfH6qLTSEex,101748881232339
tz1NnBgY2ze24nQDpdY72wb1GVsee1UfAT3d,1021057674458628
tz1dAW94vB3yYfNPE4LM2txBT8PQ21Zq4Xzf,2283911573036345
tz1eeR22tmjPN3rGDikEMvpe8jcdXww3dqTt,7613036848628509
tz1MsfyCeQEt7khed67HHsAidezZ1Th6mjzB,2640158877689798
tz1WBMWCwjuFSsiiLUWKEQHEACNEat2S3EsD,441371544576797
tz2SuPjN8dYMJQe548bTvSPL1fdStZPXv7gT,560871034880687016
tz1N33TtiYBQ67sw32rhCsMSVpZkrSHWe9aq,118895833066577688
tz1QMjzbw5Yoi2zPqUeg2yuv5GZdmXjhh9mr,7613135582100140
tz1ZutSZgCHEzxspXyoSYSREhwHh5g4PM8hN,4765760909
tz1NJS9T6FKTnKUkVNv2g44GHTAhzH77qiYw,15441283758714073
tz1URL5HNuTa1fHqqCtUKXUM3hm6g9c88NgF,24039464885543
tz2M9C5x1KoZGoQ9xEY6fQ6Xwbe2GU1RTzRx,6202473148495
tz1RCQDHtpdcwfgF1Kbbyusd6xhfjbXanhZ5,89826588890760225
tz1c8JTzmA6c7cm6ZmUwR7WES6akdiMa1kwt,12053540842023421
tz1XRTNgXgWmR4PqxZpiB6HZJ8Siz3M2JAim,3615504293362733
tz1imbraxLCQ9TUpnJVP31LS18hpTqG5wv1k,8555803485970374
tz1iDuz9LvybPBC4kDc7ceBoKVDwwzJR7zKb,233431583700395083
tz1eiyML8sHGBL139FwJQJeLGHWAFtDqPz4U,761303697805013
tz1YQDCB6Hbn2ozMyS2kf6WPJDeRvJtmtNqQ,13639762360337331
tz1eeNRXYK56vgSfXHFcXorubcaBBCVpUY1Y,4902795568
tz1TQw8erN1a2LpfRSNMExicRXMveBPbvTKE,1413112386375
tz1gaRjULm9qy4D83VCvb4ABWLKpz4XXfqjx,3689774940458344
tz1hAZNx3LrRKFgfRytoLNVGhCrzU1uVDUHS,12038900492566967
tz1gJaXdi7Gweq8TUSy9knB2wLjioTKy2tZF,1583074296597582
tz1PoXtd7RGVBwWmmZvxX18NQXYpbNdiwwtE,21068729893058613
tz1RLCvv7wrWq4hTmyKk1zZuZeuUXNViSgRD,425763899179726
tz1QFk2DJhPkzp2nCN7Thpo4askJjQ3Zw6BU,8180334730530
tz1bRDYJHp3ACUojEeM6Ja442YEwNmcb7ph9,7473121393987774
tz1MDs7ym4sp2FsQhL32vuAnEqG3ARhM9Vi4,8069819242411358
tz1Xy5UM1tC3CFcbPBVq5PjufaxcLjMwfQkE,218853310572886
tz1RAKBnmd1X43pkkGqywYCRgf1Uo6D77zMx,218837917012886
tz1cXwKRD6AMy5nhqEVUU23SBxcAMnh2aKLn,2440354496186945
tz1imrUNR1R52GxhP4y6XQCDDXtQs11GarTN,157896472615105
tz1chab75LnyqBqNwrK11459SGCFQXLg9uyx,3993763111140628
tz1USfPTFciXzVsQL7Rk8HmMWyWtFEas7fh3,8749073613387753
tz1btYY98CWBVCGEikD7s1buWjpicb9kG8aH,164345651016602
tz1fj962xSPKTA57yWHA43VeVzo8KqdpNAeF,11530544023016676
tz1ioU6W4otB7ebgRZTq1EVVra3vMyXqeqsm,2152011048347933
tz1N8oU57qMgDRr6N9pSbhaiWRRQSxJRPGoZ,1669566795004152
tz1fCEeLBcuSMSittqTnMEhcFdPCtD1HsiZc,38830984821079
tz1WsKkY3TLDvqTuK97Xu4zuVoTb2nsr7J8S,1407618598687749
tz2DsS3zeg4pqoUnRPHxvuRSuQrjDnTZcTNJ,24507565130545
tz1gSGxwMrToBdzLeaxg4Bregv6W2oEbNLC8,70767679905541368
tz1X8AQxtn4KzBwMZ6MZUVFDcACrfnyfYhDg,3136571078
tz1KxARuCbAoiGGesnQjr2pvZa7CzJR7V9D7,5553746405404118
tz1QS7N8HnRBG2RNh3Kjty58XFXuLFVdnKGY,456319270559402125
tz1RAP1j8SjwT587jyccTNArBFhC9HhGKfHq,978434901434385
tz1QiZCuJMuVz3aq7j1Bq2v3BRTQPCdTw3Fb,14942988991359893
tz1L8hBVpams2fWFC9kS1sPVxfGY6Hmg5TQ8,2125106004882034
tz1TQSPkLPqXUREhxvYzPbAib6Jz35w2a6tw,6965116493570289
tz1XD1xSVzgY8Qs1id1kNyFJDbv9e9pNMe2c,3806815998882255
tz1Tk1MJDZ96bK85RLAqtKfnptZZyXsJ2jaq,3445803554308
tz1hes6aF3Px3D8nPQx27fdwBKrXmGs1UYxT,22132136939738920
tz1c1BG1PEeuhMFwmonTVSGafehicqbBJFec,646936238864632
tz1THwbFPPPBHmBu4cmLV2SppLFrA5QfBhyF,3033807008356658
tz1QSwx2wnmrTjEGrid79c4tpFMxjCT86SAy,6510794261968676
tz1RcJYTsoYQ7adtNMANhwd8qf4zApM4i2Yd,16132538172692915
tz1cvrgSekgCqgyc1c2qFPSeMtux6AAAfDsk,98738966567976
tz1a1ZcbAeBEjxYSwuNKxSu6FbFB4dxdL3m9,89223502318323
tz1NZnfrNgCGdECyAhA93TLPTSciJcZBJqDY,369315510161627
tz1UGuKv6PzgVbofb42VgeRwDwsVN47UpuZB,12860559636962102
tz1eCzNtidHvVgeRzQ38C81FPcYnxMsCEL6Z,6950702413
tz1N3nvFqipu91tfU9s4GXGsopawpwxSoAJh,625981918995002
tz1LFeLTRQZrgKxbmvjz2ckViRhVw9BZXw7t,150887662694929933
tz1XuzzMTz1LhqbRPy9uxfRkccSxju3v8Y4j,2490953122015964
tz1MoiwNRQWHfA71aypNk8J9CsKjfmq39c2F,27274034130163290
tz1hhphPmGxL6HEmEjoVSJBy82FMWbFwzNCD,152456714349092
tz1YHLm7Lq27q3rgVXLY424zQMkvncVvNiaK,837434139909362
tz1fKtBhuuZiMYhM3Pi1hcP2sjRbstgDrmqX,245038722988431
tz1XEA7cp83PyiXfSxWu3uHjA3EF6Gdh3Vhq,823752888874836
tz1UXMLCt7dqbUiJ2BHRhE1gFkdVkmCZYcM9,268424829460149
tz1iKF8o1hCLaTNZcCJpgKQBQxkpcSiBy5V6,10752760576568031
tz1c2iwyckUCcicx2qxqtwLEartYFEHg1pvB,4894971338878859
tz1PQDUDph7dDCn8pLGXqaR79DiUWLiSZdEf,2573195003656985
tz1fUZ5pMP1gUjuJsp5V631cXmA87Kxm3cuZ,39283269154709735
tz1NVsmLrZX4jad9bNdvM1EskvcTq2LSZhLx,33930424747972937
tz1PKoh9LB2P3pgh5ahaAFnrC2QBmUxcHDJU,2366808512520608
tz1cqoo91JCc6sKmNuTVKNzwUdi6E6moHWFb,10055511986611806
tz1ZGNErBKdYeEPjZuqKXhyTixQTTPn54bx3,280392793941954
tz1QVUXNoyCfKpAyxDpq8kR3rK2AShuzQxJ5,25974684042150050
tz1UVTMhbMiSETKCxFi413yZ7imF1xeyt3fV,7766490436828775
tz1UAYfFWmaTrQTYMptaGCw6LrXK5Yv84VnQ,41342473433585
tz1hLhGe26gqt78sZboxiwne6zgKMqirRieW,292492645293981
tz1RYTr2WKdJD1MMV51kN9AoxPnxZJgJ5sqU,414849331422183
tz1R6mtcAQwBTK9YpSqRL9y2a6JZWgDkBm6M,4750550999875145
tz1Sv2XMQNxcAqyqyyv42FHjf3EGwJ3Godj1,84771926345643
tz1Vh4cX8VutUUUnnjmnY2omSV4F26T5orLH,57279461836581
tz1QGCWjNpYmcS6T9qFGYSam25e36WeFUCK4,4602417260833969
tz1LApX9pPhcDUDznHR5TTCcSXh3m6zPgFHA,421836531759123
tz1hUY7paB2J5EhD73r4oWL6uZubf1UibHrk,8216861565132381
tz1PWZTKd1zhfuxrixGJoHJ6G17SQiypwe5m,3783679188
tz1V1Hu7nMcgVuMKDEZickAKHHZavLKTB7Vh,4072974579
tz1NKHjwrYfg7GWwbWZ3bvdejkVL34De72Pz,3989231177
tz1RaZeHEiKewSd14gZ7HKfcQ3HaNHJ5tnV6,82059507262838848
tz1aiLrqvULcV2Kfvzt9dUmqnLQnoNXPPek8,74373643695015651
tz1M2h2hPZzov29kf7xcHXrunXb2jFSbfiNd,38257084457915479
tz1MToDUySbYhPabULUyDPPsfDQF1cpZPdoH,5756907628581724
tz1gMfLSQs6xTM2TcLM6Sb2njJ6h9qhSsT9Z,11527353179953486
tz1Mt4ddsTmDs4of6kkWYvMWSUtM8zbGNMq2,3555288090
tz1UNTxRbAYTSBSdHMjoUoYAtLH4MHMUiGwg,792534574095117
tz1YUJitqsUrFfFzEp1d2RiqVwV61J8aPb4E,4369883006
tz1TqqKqc4t2Y6PTvxeuhF8kNjVn8HpZkKma,5534853764362392
tz2VoUZvPNLyq9bZ82VoDLrhkH8n6eaUoS6E,1044360220240653
tz1ZvbLR47deoqaSgsaRXe7hbgDgwonBicnV,112652373530971816
tz1L8m6MGdvK2WA65wQ7DeVwXVmCS72JKWeN,1065038445539266973
tz1iCJRFVD1oY7yQBap6X59XktpKHJtgCGyS,259168260069958
tz1bnWUvcfU77EBpbLUQ41c3hCBKovGuqyGY,17422329429245103
tz1STAzkywd9GnKGvJBPL4xWte3LCniyu5ho,5020904142366177
tz1g6cLrzLxNayiVyb7BLsKK6TfwboqWaYPx,1930259696030540
tz2Q6ugZbronUHSk8fbuHibBrBEJwrzgtL8X,1530220645372449
tz2Kn9u9cxvTczP6CjirJnEE1UApmoCzuGPB,4223530577562058
tz1aHfKHR887WzmpA56K2diKDufR3QJqn9iK,281187872721640683
tz1bdbHUpDrUx7m5g4VTSkjnc3mxnquzRTcw,325934571858845
tz1NoV2nnTuxavEAuozNyHm4nqT3qtkYUNYW,4103426725
tz1TQJjDtzUWWAa5a9H61iyPZmuKRfX9hXi8,812333522907453
tz1ewd8gDnG3USrTRJVdbpsyieVv9fWDMPNk,13767366728990630
tz1PwxV2kaHhubkYaRWTnGBvsxXswz7V9GWc,27683559412844
tz1Tpms3fccT8x1pVY9BQKgnvppew71pTDDd,761447782135655
tz1bNLPqmLVxWF6puxbFZHU1yCJLiCZmHH2E,227901498608577
tz1ajJzH5YBGRuXnU7QDJzY2qVRGcysUbxJE,761307938266397
tz1YT4u9DnGFiRM8AXXACY8LWuV1rW3A2hFb,40288596751027
tz1QppHuA9TUoFN5Ek2ZSmRPdU1xQiwRSnPb,423916831048478
tz1fne8nhZuSRgzaQPyaomKQcFRfthyicBQc,761303964261294
tz1PGFWJqZhk5BabfqxfYixpVH9S8vY7NKj8,4864730385
tz1Uva3ynPUXqpAsWJ3CxcXVPG7HEXB19rzU,7779458384399307
tz1cGZNvVyHrKgbRu4b23Nw896JD6GYhZKQm,7766641685026855
tz1i9THBDe13YzhSmcdpcWKJrL4raaJ1cpN3,7753856655886648
tz1apbBneTw4Ap2kdmv7gfTv4kDPYbR5HAkn,6569603447076259
tz1MJ4C21XhL6B3YptprRWMuL8oeJquUhz4u,5129930444533426
tz1SMoz8tsJzeQPtGhPEjPnanQMvFc5KitVh,424703874384954
tz1XuNQgqT23u9KcwmRLGGQ6w2n6dCE4bmoV,633087253587342
tz1WrZ2Th2eCuq5NuZb8nHXPJUjaBE25Uwgv,5055056300
tz1idC7XEoSZ45sXLwp1ujYJ3yNFi2tkLT7A,2666002913931279
tz1d4649CmmMEzXBWzhTgTkFxy9ATNhb5HC3,85787167924172
tz2CrWArLr8eRCj6mp6yYQAKshR9MuyaK3Qu,8639885919900547
tz1WqkwtGV3ttnchD3bqmucZwByduHq8EN8f,519857665756369
tz1dVTewmwhAqfBcAgDuDuF2sPUaafuPA8mr,8087275737390241
tz1ScePe2eXYo1RBdEe12hNY8KrvHyjFhHw6,68703363657428
tz1XNmNga2NyqFiNpmEN66fpySDoGWoKpKXB,186446659282663
tz1dXpsNAWLHVYNWSqhrHCHT6wh6L1fKZfo1,5260608288
tz1N2AezxpvrXzvGaqNVW9BqXxJ6Rcup9M4p,285871673881544
tz1iFKBz9HbJDp6omQGG9LC9bTXF4zKdkJfR,388036148008817
tz1fFCF6FogyPLLjSk3FNTG7gVdDWfPCWVni,4308978714
tz1WUmNdnrv1w75V7ntFSt5kSuyQfYuo2hqK,4910408605
tz1LYQiMSoy34xAUD2NnsJLCTmb8HYYR9th9,391152072531693
tz1VYa9SB4LtsHLWZnJXc1JuL7wuX46orE2Z,13424257014237412
tz1cAxm3wHEUX9tY87sSfdVfHgCWcPCTkNTA,5532120920228060
tz1YrFGJ542U6jpYHpe7BFHxNfa2mb1wpAdH,88631235107622
tz1SPVSDCDpbqigKWVYnbgHEudxSM3BASPZj,68375695271319078
tz1f7C7HeTczoCxoo8oQ3vBDRQTiNM3tFTZu,3344601223865856
tz1P8pHeW6qWzBkgeDvi3bc8depN63r5tt5s,2593975336333075
tz1iZnkruZaYGv3dfER3wEasjJj5xpaTtMjN,11419555094036403
tz1Y1svqGfYwEN9J3ne2WLEuzUVnwzP5qoYW,1180764328797
tz1YmwJZfEerVMbc8uuJc7xUzE64ma3Xfu7L,771463036300996
tz1aQbe92zZy6MNeRFtgmgV5dV5R4BNTdqK1,732584357289795
tz1THz87Wwo5DL34CELa6psvuH8RXShPmSbc,197942430690080
tz1cgAHrLkuj5NrLmQ6LnELKFKu3i13CokzB,3570514164
tz1eQ9skdokeeUyTc4SdNQMPigjZ8JY4kzus,9851999711456132
tz1S35xPc2sh4kK5hd7KujsWU1G3SUdCnFqp,128485247884677540
tz1dYEEirVkgSnE7eGK9vFUwxWBqibkafs8W,2289077695927936
tz1VLGH7SJ4HA6kDXRiHYqVFkn2btjnoxqib,74011633577627106
tz1XYkmAHtkZFjZLdWNoL2BTqUws4oD4H1PR,34179067906098586
tz1dCyFm9jxuhxJEi8UW5sgiS7TFubaNT1J7,43163938117733
tz1XbmhVLdDgsihnVoyn6aTRMURJ87YEbG9B,4187343869828689
tz1Sk1mwyBQkcyrwWZkftmR3Mjv77BEGUw65,873628274504847
tz1QHXGKA8NaCmpZLrvrUyBpYhgEiQDyWY1r,576061536159769
tz1NS4ZXnzYBPJpspW2svbqdjGsgBsGZchzV,30484806617362
tz1LUdy3KnxyyARheKtfcnRymhUq82SKLvyx,17620702853662
tz1LxFeaR3ZNkMRstvhjNeVbpv9vz2LttLBz,3547675054
tz1YRG68NdqtAcsFEwTUw6FsSsiBb5kagEDo,382776616695802
tz1NiraRNtWgpXyyxopRTk2a7Py9oKFdrgkB,1915277882115980945
tz1VnXCALwSCihScu984A3dbY6XXLzDqJWa1,4166185088707799392
tz1ZDDHc1YycDdwQezjVDVCSfSB6A1xH3YxG,3486770761
tz2R1iMz3wHEx6Z8dpdPVgb9eTDVh5NdeqNz,4303865989074540
tz1hR6q1QMUC4wLD3izGsfeZ3HuyfJH5QajX,160332715546733
tz1akJUKXFmNjxKaCqcEHmwbx4u86xfHLYJc,233138002065023985
tz1V2FYediKBAEaTpXXJBSjuQpjkyCzrTSiE,609872466343600
tz1Z1xRcvcqPPqja34fWNd1StABUV38LnbpW,79943752432107
tz1egZ7YNcG81udp3pGXPBsYQsUNHB7xAH7V,1501644697590614
tz1TSowSJAKRqQbqjspmyfN33nps1op2GodY,7650365885345
tz1VV5912Qp7qqZaQ28MC2G3RQ89UhEdueqt,373327193450482414
tz1codeYURj5z49HKX9zmLHms2vJN2qDjrtt,235974158050256729
tz1WXSxKwhw9EectY8mAdUFXDBHFnPZE3HSG,33332179123530882
tz1aDrsGYyNbiqUX6eTHLe5otZJwN5XQh2kG,510061444587621100
tz1gu5jCJunSaHjR52rcu3n7SgDCJZDLTqJM,1670742461102093
tz1SDmZnnzpH5GAfHoeXygPWwzJtHXADpohn,509252227768115
tz2KgCQ3sTz3n3jrU21DveCfTVFgrMnzeA7x,736273185186526251
tz1XT3SAzJh47s5DxMJud63MWnvDftqWFtS3,39563535907391276
tz1bQxeuFnf9PTDRUwu94sU1GUvU425KqCeq,22314221370950
tz1Rb2U9TbEkYVQM412wBzBbMbnqX2r4CTXs,20135560622690
tz1gaTbRLDWJFA8bzcvDtkz8HxN6V1eL6gwL,318684483473360
tz1U9RY2mXmwAaSSm67rEy49N5YE1Rs7K223,332905615817446
tz1ZzEEVRzw78fhsLMM7JvV9CxZUaWGB98U8,1083684907793300
tz1RSRuULmTkaXTjrhbFuNkE4mkJLRGPWJmy,4659178397
tz1hHz9wjLaZ3p9sDo9SkqT1t5wxNsK7688s,1253910110796129
tz2BzwVtwa2mTbspW1qqdiA2UtctbGntxAGi,126258991707630424
tz1QjLLgQidRchfWMvHa23uhfgdzNKSevELK,96201893429595921
tz1WW1xr4mdTif7jorgVr7aqY3YnnJPSDXj7,905400577713086
tz1coEYWsh5bwhhCsK2Dc1SXTNQs1hWs1QtL,1310464809310941
tz1YKkEwEXk5g5MeDzNTgfDwKd589rGJS9q7,464062516066777
tz1PSiE9EmFbQFb7K1cBxPTsbPdgotHLdy9e,1420906498428954
tz1hWxyYMfK3h3y7WvL1ErggtgneuNynC1JA,1236632223409710
tz1agphvYoUaWn5BjTVHnqTTyYwURTGAZyBE,9101704535164
tz1UVjnYXp5DZaCX3JZvxQQqxKnXaVMYAYZD,5500390193339573
tz1N4Q2BLS4sYvKCoM5XxFAEL1yoEY8TSS7j,463315683757764072
tz1XH15XMCB22rJJxHLsZgVhXA6t7kJnmFa1,2452332056213485
tz1NEmMNjFtXgixkdCkkGsEn7k6QPeG1G1Qn,13678199181318862
tz1gVmWVnkT2yQr9gmed4BgK22SrSPjfpkEn,12717753146899578
tz1huGodLQWq9gKTZJ7D2Z9GeymHBJNnXvtd,911486032696
tz1RVq5ohXzWvbqHzUgsmUNWHqin9HRkrWPz,10443795246315
tz1aGLjZZLDwYYSevU3HLbEXenAxwRo6f6EM,2961255477611
tz1VLnru4Qd3CFuj33ss2v1feACiaLaAQdvA,7171480474
tz1cj6FQs2Zjuwwf1uY7e7fLQfzi3YAbNj46,3806549474084017
tz1XksiJMYSGBzqZqbj4F1dbHBH85i9jR3Zi,6599743238187297
tz1U6R3G9mF8n9qH5mhrMZjgJTMKAEYb9Uw7,128119860087020613
tz1TtLSSFGrP1796nyd1ZhGH3o1AVitoukLj,184462302343493
tz1QoX2rtnpKq3MxJ21E9NcEKxqPL4dKsEcn,31619654459547302
tz1iXbbzm9Wogk7D2W2qNwYzePbQVmYP6BXN,570271693634393
tz1aQGJFwYn3yzghyRbuWNapzDZjXCEfYHuW,81249535362613
tz1YDowtv9HFd9eUoMZMNjicREmagF38XWyJ,8412405440
tz1MtaUicPHBwrvkwnNwikGFfFWdaPxYAvJc,740089765774374
tz1enSmESCGkRYo2CtDYKhqUHFTAQkpXjYjg,751424130790947
tz1Wn4Wc6d6jieFpj2DJaNEC7HXcwKexW2By,9896948360760561
tz1c2MCGJM3pFb88Spt1cWgxGtXAX38Ur3CS,6070956043866887
tz1ZFS66zDerPgLPnYYEo8YXveudhGbzjESJ,1478810554758073
tz1ZrtiLUXfjKsYskvr7fmZk9N277YQcv8Ws,3669459267298775
tz1NqZnVNkS4N4XQqZaTigDQpSs8nc8RoMFW,1499300502784104
tz1WEjGgTyPyhUapqCRvwBnHhLCNV38Jr1GU,809957862730350
tz1f2NgqK2bX3LaPgeTrEWgFFqRJgPNzFAYv,1255163810436915
tz1WGMbfVnzVSTD8oNgZA8feaYvNvBYzSVmD,906799211363213
tz1MrpnRbw6HqHvKyBE3811uHgJYuvVj2hwN,768424627716755
tz1TkqGsSx3gB17SLAcMAnDgfs53kYeFez9Z,1594349434200479
tz1KssAq8Lofcu9MwuXqpvXh75ufZSCsLQun,1295171779459270
tz1fhd4k1jSJRRcNVbkMwVzkKEhX3kzApsfk,2203500148436662
tz1TRrpXyABLU7RfM1fR5AbFM4g3F71KpKVS,281859145727626
tz1NkGJR1x59KMwfLr2a8bAqDYSm4WeDjeui,984920350728736
tz1b4Y6E5szNCHKZadDnAvdUyBfr7eQoEM3Z,3640218910205313
tz1Y8v9LUURRffBVoJNysYTMzb2NranuM3fd,559293149970289
tz2ULsEpiuozejYYvEcwYq76vDHUEVcyYyE6,90644242287385
tz1PQkArZXKyQjY8gmX9yAF8NEtEtbuekeqP,524995376848671395
tz1bv7bDGmKDPNjX3FBJ5nPG3LWnT7yB1Wto,18096480104230004
tz1LrMXpAmdVrP5daG1dyQnTia36EtXQGhzC,345383242514092
tz1fkdpxhfX9pyAirzTZ5cKUKn7QRoPH635X,1790913448080
tz1bRxQfpDiUrzfEyjn4Hah34a7HNmoC8qyN,106918304662799037
tz1YrmdFnmRS5McKQyFsXRrTSS849k9CPdXL,489610482325249
tz1TyTnxshr1r3xEQDsiX3sX96wvfwm41tWS,24354664045129
tz1VFdHcm1vd6qTka7VHV5VmZPebpe4cJXsm,279578387636213
tz1UJd94Mz9pyLzfC8SAZvTdDHUs5qkFvucK,6820664448683766
tz1i3d4DrdmVrQRVALsNrxw9J2UsXR4a819E,103023431171067
tz1ajbUoguHiipVftY865tu8r1aRYEVWMKZz,27227892081415
tz1f94uZ7SF2fLKnMjFzGQTbznd8qpAZ12is,2822688856135979
tz1bmKAXCTFwox8xP1uSsTYiSSBt4dhtjx3e,5358210403908002
tz1b6XZn2k2tpS7uh3aHCMZ7J5xTR72ziJZv,4661995267780316
tz1gqAonCuKe1Vg9zNwFhP44fdPpHypGfZh1,1375202018079412
tz1fCCyqjcmwNw5Vv1b7yVXPvJzL42KqxWxd,1558991798082
tz1Yhe4w3qt2wiRz1LJv6QWsdHavkuLZtA3Q,10634952489189056
tz1eQpFrU6eQjmy2dcJiTeG18SK75yMPucec,1233456535036
tz1biyDVy4Zq4vZyc91eJAKi7wYbNFPJTzHD,356335473735688
tz1cd8cN3qrphyJ3n337tcbCP2G5QkMP271b,21151522606407466
tz1MT9A2Fhs6PwsUXtYgVUxGNxHeuHX93sr8,290990064243210
tz1igNamUNibU68i3pwGcdKLNr1Guf5oJ6nu,24601042578416384
tz1Yu1qh4mk9ejf2MLxRNnRwdHoidXqoSqqm,83094104049992769
tz1Yoe8QLauwLiYB6bpDo6tXNtfidrrcUyCx,262611618177392
tz1Y1kdVWiz11sFffcydfFtP6Zam6N2h3iSF,4574005593664
tz1ZPzoCDzn9kZD9kf9ZWg7bybBJdKnw9PMz,1316384338619104
tz1Z4HEApoZ8Yum7RTc94Nqt2eepRcHFSqcQ,5465988953353455
tz1aWwVu9MLbY2MiqL8H7WuzJ2g39m67oJQS,608237170703288
tz1MAE9qgpWLsc2p6NdKZbnCcpzKt2QkQSzB,5140851455376831
tz1bYyUrzvViYFF1LbXxWeFiorMBXUtEusSj,4755459207289
tz1chAZukD7QacpWDUJ33dGqeWFvknj5Xpj9,11103965423417038
tz1dDmngL167C8BFXJwX569z8KPoBS4Hrmua,503444643777
tz1TwG24jP7Sow6uq8554A6AUSxwtMQk9sp8,940935420719399
tz1Ziaxoio55wxE9UWpXnaMgRtSN3VBhgGTX,21135581327407
tz1bp3oUKqHcF3BZZQcDNYqsk1nw91Nkr4fr,207326273657858
tz1RYVLebe4eDwGTJSMppc83yugoYXN8G53H,207326273657858
tz1QKxiyYVjjff51jz4RR36SxHsM6PiiExAn,207326273657858
tz1MdzpED8Jx333i4MMnhisRxK4RZdN49AZy,207326273657858
tz1bZHuPEvBTssxpk6TTErngCiqpedPz85Ku,207326273657858
tz1PZ36aiHW5x5HmhNc7gvDNdu8m7NAuZbiG,207326273657858
tz1WUqA3SszNphCmLgiDu5jSNKoGqAuHA77B,207326273657858
tz1NXp5GJfJ6UZoiv5BYykyxkag123G6SQs3,207326273657858
tz1SKjT7gZtxGYZzvwMJPczpnbrgy9S2CGq9,207326273657858
tz1SXKgF1AcPkTDCHm1TaBSx1kkhEEiAv2ZV,207326273657858
tz1hf9kC9q6s36AFnz5VdGPWfw3U3yjM5fd3,207326273657858
tz1ZyPDo7hJ1xyUWg25q7rpZ6kZ7WjLNXPcq,207326273657858
tz1L1CRSuow6DbyfL4T1iCrZcbvULU4Ndxbk,207326273657858
tz1PHJKsafAGux2BN5RbnA9VVnJTLwHyEGKm,207326273657858
tz1iuXgS8GQHX3UrFTeQeDJNRQwTqk5Ky71W,207326273657858
tz1ZiutCQgTEedcG6bB4HyxHksneK2BGyRcX,207326273657858
tz1SevLttnimTvtKcwteXobXLXeotdFivrCE,207326273657858
tz1b7f2dYCGV3Mn9Kqd1rbCmjPLXaEwyHwQT,207326273657858
tz1dpQJYQkWUcBTqx3sW8AEFsJeNUcAa7mVd,207326273657858
tz1Xq2xFYJ6yewPo4G3AyYexq8YbDPFrMnJP,207326273657858
tz1VfGyV1Dfava6M8oBYqmDRJR8UL2FfYoVi,207326273657858
tz1fekve2hE2s2cRwLVMS82tXn4GPcugfCdY,207326273657858
tz1Va9fLvE3yNPupePTdMPX7zF449Q8fjeRc,207326273657858
tz1Wbc68JZxRJeaYQ7BV1WvnytzJfJ3LYFdY,207326273657858
tz1aKbkT7her6XEBY5a5cyzG9sSRQXNdDfeB,207326273657858
tz1LUSKkdCc4h33utT48d3dqqqWuNTHSy8Wc,207326273657858
tz1abXSECVwRTMajFVmUzWXABPaGkTy35NKW,207326273657858
tz1S6SSigi75RbYC2sR4xzTTyxZACqhpcxoZ,207326273657858
tz1fgX3sRSUFc3NYTqj81Z7s97auxMoDdaHc,207326273657858
tz1StsoAaqgEcbx65F1sWQs4F9KzXyycufcA,184739819673325
tz1ZYCUaf3AHvBhVChWL2RDQ9vww4VtQqBQX,183868130771513
tz1a3zH4CyejVgJ8bJL88F2bkb9DKTsVALu5,184310403021672
tz1RPJZCCaXzywaZbUQ1AShwDGW2eqqopqio,34937830394146612
tz1TjQAiE96rYCGCGrbWCzmwhuKgt556AgUx,258694725476312
tz1S4nxXjJiSsn5h8DcUXBJhBL6MnPoyuTdC,135612118234322
tz1QwQdgo79b1b3Uhcbviz66JeNq5NSkLMMU,130354536322750
tz1PmrFyfaJsaoNswcXgc6xRHsimmSVmpZwQ,135779075921683
tz1hkfSmFhSUdaGv6WNbtnMyfBcifEc4ZqiC,127382022965973
tz1Y97DD3qM7xfwcg1N5vNP1RFPPmYFrT76k,133818613135679
tz1QZZJyziNF4YKouMcpV7fNvZAbsxbqW9En,132111220446776
tz1h3iUBUDeP3uyFTQ3hkhHQyTdc3AQxugdc,134631824164210
tz1LK7fLAhbDFMkz3PEmmtPPdMThLCFdf2Ew,135193518742690
tz1WWRakDQcrPLDSdoMSKfxA2quuejwrcdMC,135359365667976
tz1MhPuAFdwmU7ZCFxBPAuHHdyZ87yxDmUFW,135859641181146
tz1NHrBGrp8bExPpFyq7mE8PivPK38TRHV3v,121821819159805
tz1dkSFiGuksdcLuFvwinHxDTxGcaZuMBhZo,134760316842172
tz1aGPrBTV7uHxetHTDrDXehi8axBZjoJ94K,126083200328825
tz1QX6fBCPCQdrLXeTQJy8yNpoxfXcPGrPaE,131667784402051
tz1NdwCrV7Tacpaxu3HXpePoWaYYxndWZb5W,123111415309144
tz1aBA3X3suZiyhPLADGU1vt9EazWNN9mpWs,135026593603163
tz1S4exgAjybUiCXdYy93FFq6UiVfrxk4i69,135944753148573
tz2M8wUVctsHkQq6zEugKTgieYbdzEuuhpkc,859771000877200
tz1djbv9JAQkbn8uQqXJEmM4ymxHSqmdzGy4,10425224728391013
tz1LXcSjjWHCuKHaJPAvPb18goJhMoaLgkaE,4835276637208
tz2Q7GcWsdAV2krjJDmEz4CNfcDfnoREZDeT,223795866175834
tz1h2AzE3kDAPJYZeJ7rqfojDHwZECie5kyh,12683145505496320
tz1SJsRzVgciEYuGiRAxJ9S5NFFuFnomUgco,877447649
tz1Rpm6NShycycR78Gd9iEtHVPcaUsfcTqcy,152901745058867
tz1MBkViJxtsnZ8DSDxJFCR16azpks1uGgoR,21082924349454
tz1PPvPurgxkRirjhsih7t5aPveMs1ENt74t,15181996703817
tz1UChaj24fHGPfNn1aqABNBb5WWGZ7RfMuF,201095896019500
tz1f5oxQvEXA9m18aiVGDaVs5At4oZdrR6Kt,3209007170248
tz1e9jhSiUVy9vD7qwnotAVgxy1rpjqGJjcU,60538893234770
tz1KwuJDP5WDyWWe8REH6RHTUJ1sfkJrGBL4,59948352370247
tz1cZDhWdASeB2Nk93eT4mCAdw4VvnMEw9Sa,43967715769061
tz1Li4CydFSpubMEDpKiNZ7NoWiMSgJJcqeA,45269741469020
tz1P4owaJWbeXsuqGSvggi3imzR2mJDpyxTV,1110638294969140
tz1PVV8i3pkUJC7FSNVQp5fatez52M9QLeAb,1609931816605707
tz1TXXmPc2fsvzzRwdQmT3W9iEfWygty4X2Z,1768952093583797
tz1ZZvnqtcmgdf4YKFTnVi9Cg1XEiueLCmBr,18107896587608
tz1W4jZBoLM2AGZq2ptopYBu353rRvuSh2dK,3605658009205954
tz1XpqxdnX8JwzcLtSSKkiemic12U4NkCbkG,1287349201140508
tz1Q9Yyna7X9nxjHe4dbyj8Qk1ZuznCTch3a,32166469857894
tz1Qg41X8F1dZPVZmc1n32fxRAk1WEgg3qUo,1608323465942
tz1MN2zesLxjCfB3K8LUBf6rvnXLk8Z11hm6,38281137151986
tz2SFxhkao5Kh35pbg3mQxbTvKbEbXPEhGds,257758767138171
tz1bMLmaYWNNJBYUgPGsCV2C3B4CixzmnDk4,633776380909318
tz1dHJmULw6DQSKAWYWpDXoqeecE4tG216yP,189320129786109
tz1TiKTQkyc8KupyxY5QmPA7uf9xmhQzXAkq,207642623976849032
tz1XUaLk6Y1T6PbJzfrmfvem29cDNp2dnSDM,88457792096960
tz1cLB1J9PtkoJCnH3ovrn53ZWddfMbF2PL5,482497047917427
tz1MhV6pu2sFcSKZvevrCtNRcb4yszVdVn5b,970171644264
tz1bi7iZyxPCGjMUQMiouiHRxQwveQjuTu8b,1021243378323582
tz2PBAJo8zSWvHXh7Z2VineRxPP3tn27JPQf,160832349289474
tz1duafqHy827Aw6bbFNVqUbpxphm8MSecwU,1349372119668996
tz1VokTq5w2ngWQtfwzF6pyB24Ro6C692Wez,884577921214619
tz1XkMZQCCAC1d2YCbHzSySvaiGU7fv24gx3,18455965059232977
tz1VEbcByoqdaTKar1XRpada24pn8D5xRrkw,11051486569413
tz1N6Rvgx7tFsXkNWjHNdwhDLLg4oSoFeMAU,1289875927072236
tz1hZ3dazpeour6uTQCA26yzohhuYgesjzDT,241111813546172
tz1XrThJDztPJoJEKbYXqaDxFzwp1Adbo1F8,3709412496493
tz1YtUbTURpWeX1CzHFamxS7fGdaKwKKgMzq,334929277222640
tz1NFiJUDasUpobcXVdtKyBj5eDcdmjnAPqt,150942955057
tz1SqQoCZfqRem7eo2HtKHSL6zbdoevxc1S7,2899548303466
tz1YcRfmH4JsdvLzzijq1mh4FXjoHmh2ANEQ,1608323465942
tz1ht6fhcHXknEg7jE9nFVU2gXUD15cUifUs,2570352505516185
tz1LxkEN5DUeU4usSqobNqYmvWa5VN1NC2B4,1854706248246
tz1d4cbP98Sbni6mxUmvAN9vufMZskSv3F4K,194228645523387
tz1Q4mLBtkz5CbKcpLBB6shR8QUzcMpphNrX,299235940036053
tz1TreKYWjXdKDaKCga4b8zobDq2pdHdGZuA,1404002624357694
tz1fwd9Ub1AwXaRNLUfdDCtQfWyeq8YcJvCV,1127211293888204
tz1Qor64hy8s7jH8ZQkMoaYLiS6NVmkeSBbY,2018944185430694
tz1TnjxYt7dKGzDoFj3j3sGudp4buKFEg7xF,640234149422433
tz1ZgEA1VMzNomprfSrZB1aM5CBqi1nnCqHF,237573983404588
tz1Mc61yajNASzh5KWZFtYs4i7EJbzAxQC4K,294172097215741123
tz1PqercEyjV2AgKpNXgxeWnxgbYu31fw6CC,442510333103260
tz1PzXjyPchzGUGH9yXLTgvyhhakFnyYDYge,7547147948887
tz1XrwX7i9Nzh8e6UmG3VnFkAeoyWdTqDf3U,216184561440366
tz1QFsmp3jUZXxwmwTAL6fYheo79RreoZXPV,2654540827901678
tz1PsF3NELGCZnighkMmr4mLkCzbkoVPdGSS,204521370791207
tz1SEEQNGjxP3SC8biDWMMHwgpYk1aeiQDyJ,13989117326262543
tz1U3YJZ1pFfkaUWZVWv7FvNyiUi5vKYG696,181078965974091
tz1XmqF5gnTjgE6Cxu5CzaT5H7vXiFfihe95,16083234904445
tz1USBJ4HRxuvrVUqaxALcdXaRs8AC1PdYjM,628093705694447
tz1ctD8vJYVazKJbCKa7LUVb7n1cEmfRQpe3,75471479635886
tz1Zvu2PkSnZAJr3seWbEdt6W6KYWUgaanVh,27566547468211
tz1ehz91i7CxXaMnUjFDWBhr5uVvr3bVkBxD,6096742842343896
tz1cmp13ABTtQ8dhVazH5yWtx2hGZc42ywaV,6463659368437342
tz1LfKbYRG3fWd5ccbmsq9ykYJQekZEouB3y,1816664100121236
tz1P1NgMTMvhHi1amqUZrQHS9DZSizEW3p8w,45269741469020
tz1ZD5nQNtzgTzZxHgxgFuGo9CNBuGJHVRXu,1490966934043669
tz1QDp8TCD9dJgWoszxo77K6QukSTubjqd2C,61433784423513
tz1TxrHpaBDeAG95HkTxx6D3d5RVwb91fRJY,28921876743159
tz1U3ozNjAw2sguL8Pn36V7tX38aSYziM9Fs,247392653763039
tz1amoqk71y4tqnZxRWGcttpK47XJnPx51jB,33210238284949855
tz1ZfxjoBeGkRG7zLgyH6gnYVNAL9KQwRnCB,90539482987045
tz1Zya25zMcv5a5UbYyLYVuES7SA5eWcis5b,4319049912084318
tz1YHWL72KHVVRGxPfEA2r1jtLtuCmjM4hgW,6513896161408509
tz2MBb5FxZXzhBuAPmY9z4zYTF8NeWPEkiV4,26255024733708
tz1dsvBGt2bDoMMxagnpHf45ehgNtQ6ctg3z,6940418391870912
tz1Us632Z8mVMLZqCs1FXuwyBEBe6o4KjHzG,271435432497606
tz1SWd4hwQtHrzisTLp6vydczMypKPnxBFTw,460450853397913
tz1day3KgAK3ZEP3hN1PaZiAPpbnGD3Lb8Kv,9585541310812250
tz1LCPRSFPJ2kaqvj14SWo2VnxPMTeCVVrFn,2414672589180
tz1L8VQ3oi6fCbddWYxCoL1ckjFK7wBHdT48,44697942578832
tz1Mf4iUxRSb1NhhqdB2oNbo9rRekha11MDH,7760795009516
tz1dham37JdHm31Lf63N3aBqxJJyhcnGA9GQ,147609042674215
tz1NATazbFfnypvM7q32nnFP6m7aDXrtCm1g,56395303363
