Address,Amount
tz1NRbpmTuPEFCCYCqCr7i3hkMRDRhBFgmxz,22890773844804352
tz1eqt71cHna4YgyNg3ao6x22xU7c7CZXxcf,331741529177474309
tz1SBxNvpDFC4bjW23CtQfVLqN5cBATVf68B,310473897749197467
tz1Rgo7URug42QnhBM6eLy4MWdfwn4RovHy6,49598295470099083760
tz1P6DFx1Biicriaz37h6oLAhndhBL8eMoAt,8492192128362838547
tz1R3bKH1seset2h49p4vrZJCEL8voJgSK2G,7570350079555016707
tz1bdRJkGkNQ7homh4PTnkVM7xzVWhuC4EMm,8580019955045027040
tz1Z2Ne4ZHxNPuCJeCcoykHVXTqhVdLMD9gV,12853668037964732621
tz1Qji1NnEPj4Cxa9s2WEoWi9U9KM6a9gdDL,2691193393107058346
tz1eZFb4bNMMdveGT7BPcktbYsurg2e8r1xR,8773391217234465
tz1RartAmPJhFsL9oAhZndSL2G7KCsaQqqkf,56379647826717749688
tz1MyqKoe43P4Z8MfHoXVBTrohgcbehp2zLL,32217162183386755528
tz1SRcMg9GRXi7paNeAc3ARn23mS3Z5dXa6S,350034169603255957
tz1YjtCLzjw3bqPxJh6MqdVBFrM2zrsA9kyg,85640099933590544
tz1hD7VdzRpWG3nmYpCyW2gNc8mQNs3TCgxu,11918410970493933501
tz1f38MX7YT2Q7MAq3mDdj75GTN7vgqV2TfH,228408570513
tz1aBDeNFooBEmBXnWDVgLknNMUHMYhHVcRA,14337061623397774104
tz1hD5k7QW9ChHCgb2YLthKFirKDYQiNPDJz,438329987293425041
tz1ZL7ekzieKxwngCCyjsCN5qhu1ohwJQEBy,1025753105078393828
tz1enbGpES1NDr2kTaocDhxvMqtpMy4ruhW6,408813919097487844
tz1ehGMhxarDhwppx14PX1Y3eqbZ5W9Bc2Y1,101649940602318101
tz1ed4brTwpFg8hFUJSJ4HqnsC7sEjVesMtb,2857409478705688806
tz1QJE62jTxHis7kZkbDT2zsYZyauNDNzWg7,1271343639209302946
tz1gWt7kUnJtGXoT5BYzHVa89qGp6QVvQmyp,1644821963238904139
tz1epR6pJmPaJ8vvzNi6V1T51ccocX1Y4VBb,51994723468203679
tz1TrxaPKNsRpcgw58155HdX6USrpV2fERQm,1779982533098616126
tz1W19DveaP3mW4WvFtdVdqGsWwBL5q1QDSK,938706072271569341
tz1esdEqZC5Nz3HDFseHvpH6SmQJPocxLzA2,523553921103486499
tz1XyTsb9DwkPru3eU1Cwnr5JkihEi5eisHo,85681011017949556
tz1ULQQ3S4kFLhhpPsegiMVFmXx2G6ewmbTA,964892423704922381
tz1LRrXCmELevk5znmVcYD63TChSpYh3vaE6,500772819227144683
tz3T9ZKHLVzc23dxD85p9xo6L8L5mx1hvb5x,1201925776885615047
tz1dZuKxjVojU7gtRDU1nMmG8uRdowF2Q3Sn,708924690059130122
tz1S8GvdiWQghwPMMzbNvRh66rcfmhEA6vj2,10934688840587504029
tz1N9qzry2ko1gwTK6HKWamZZK6FGx3Vr89U,948059368128517851
tz1QQ4HyGbCZDmQxeVHoLP99KLyfvGvyX21i,14124579351260808404
tz1WKygtstVY96oyc6Rmk945dMf33LeihgWT,5057425244343850101
tz1Rux3pGrp2KpZUBKvg3VQ4edRYVJsapr4z,37051915500243224608
tz1LWMmDzH79xyu6JvELrnvWLBBVjZg7TnfN,7554369063690687503
tz1esBaTjr9qFQ7FhrDQF7N7bTpNSVTkGbMU,11559863154937293
tz1LaWQ2BUAdTVNz9nb7AhKDcPDQsb99tzhD,54283955913032058
tz1czGMShkB8ZtCHKHeCPTY3CpuiCrjsGJBy,165319979928640179
tz1UQ6cQZef4MuskJjV9g8pXNZa5s8ff1oQy,910949214440099589
tz1aZsKPTRdkm9vaQhWv9Mz8ZbwxSHmf7t9T,21091318210823682
tz1dTmMLY7tan1HKfW5e3KxJcfZput6UuTH6,508758684925867
tz1daKxrqyoFUCcuQj36BeMN9C1Ytmjg5p6n,4099780331524466434
tz1YZ4VZCRPoiDyGP3U69jCq2S8duDUcRjHP,105068304157379058
tz3VvvqkW6D7bSPej9x3pghjTozTRbaB4Gn2,90379268284363143
tz2LYELYe16viwVBaRjZc8GsauKRsxTGPvB1,1368618958384456733
tz1gXcAJZUYqK8JkkGDPN63cPQGu8LiBndK1,616705029382564681
tz1gN5Ch4VeDZjiM6R1KPMBxPWFxL3HHKZyT,581831339559161579
tz2WYko4XXaV4B5mzjguTeRkkgw8LyB2jA2d,451867782259661743
tz1NkFRjmkqqcGkAhqe78fdgemDNKXvL7Bod,8850356856405500375
tz1QkQLtDkqpw8VSymi13A86jh5iaCeMriMJ,8376274162986417668
tz1VCyNit49HjTmz8SEgeL67x4BLuoTaeYMy,10871980636226825743
tz1gACjUSBkWjqWv5ZBMRk6G9Sp8xNAYgwYV,1518789576152215388
tz1bKUD8UtyPfknyWyMbtTqsfdMuWomrPdSp,295281993300305025
tz1T5GmdYXDWwbhBrU7RubT7Z2dmz3ZmKwCE,4511706182727358648
tz1gmajxhmKt22CbcsSA7WWXSATgbuVEmzTC,842485175730124
tz1cfzEz3R8YKMqC2rbKnr2XtpNjZxH6RGdy,152681039862123667
tz1hR9eQYNNTZ4VGUeipK4PHtyyDEDmQ9dSf,3332809896593121970
tz1RxeY78zE8hNJbqPypB1mTVyTsBRmPuqry,442797947331826119
tz1ecAtwNdrsABBKa7Bvn9ZEq1Ze1EvS9WTW,559034179546276512
tz1SBF19iLiCc8dNpKe1Ym9juSAKaTPyeypF,83062341919266687
tz1X6ADVxP37XjYppBHMLVRJQwmxA2YxztbQ,43394975036609014
tz1T1u1CET7ek19f5P59vCdjTNFWAscYQ5ct,3307559310014695702
tz1V9qHfFxixcXJKWuEziUqvdrQ7BWpPnWTa,2227155542610790219
tz1Lqnwap8kKynTpefqqSH158i667Wdg8HVA,654364013802049725
tz1Kp19QyYUnXuE6cxuXxsfQZbyqv5JtKPku,456636129457624881
tz1cnojsw9qgMbdpgPeCcWPf5GX4YPvd4HAh,11125263211576366201
tz1fbJACCskangcgy9xjDSiEYgh7CUmSo9oc,12787946829895001
tz1dKaw4xdNjfufDSLWRxumNBwe2VX4mxXyW,27938509797592441977
tz1iCiA1vKmgfZbY533ZgMwFKZ14S1DQNooQ,292183455278861973
tz1hNGWJUFPFV7AWLXvxGzJVEfCZ8KJ77PJA,320186260766486910
tz1NPu5aFQ12P3KGhBGgt7G79SAgVj2Skkn1,1007193141890524441
tz1Qm3DHkV7V6peZPyWe4rv6aToH3nRmWEH7,133324687533190944
tz1KsiwkQ9pyrt4Ra7QrAQp5LQJCGxHQrY1n,803443125162109863
tz1dz7eYRd5uV2DndcPWFeEHYGgw4bJZoCBN,256364603748883325
tz1eKTUc8X17nVmtVRtxBcs3hwUPXWuqP2AS,1545115854226601019
tz1hXx6tvTV3kzxpBR6E4hDYcxdgcRGHUTFj,10220616968
tz1fkZtnjNfQHtEyUpyX9Tqq4RrLKx35qBxf,568093618127434928
tz1chg2T1s4DTjLqthPc49HDcqkFHMwdSPwb,1788948551555088332
tz1Uzm53vPr2Giyi32yT9GUvBErKqHPBjvQL,1124775530359193417
tz1aR3nrJgUyU5B623U9s1MtMsMjA5Wz5c3G,3411752894222564666
tz1YaPLZuVmZaKB69BjJXKUDgNaZrxBR4Lfn,95074251604569463
tz1WNk2o2hJvzjuZRNmZQwjLQuv24wDv1zjU,10527793646356635315
tz1br5Mvr9VMEb1sb7HDtxpCxKVbZ5XnDqJi,56769413744332672
tz1PMB2EKqwkD2NDuf9tvdqhEjhBy3pBGQKX,4420353801015585
tz1QmBcwm7RH6swEYNpsZZfAWCCFaW6wugVT,8021703011611844706
tz1LxqBcvRbZhp34C2ab62CMy49wFbsQSzD7,95741125976156981
tz1S5RkjdXMREayGWMawArqqpyMqGRjohJJr,807062332283720656
tz1bZ8vsMAXmaWEV7FRnyhcuUs2fYMaQ6Hkk,232852317021
tz2Kmi3xEnXk8c7zqWSQqSSyfNpWt6ovG38D,1701550237955219140
tz1LgePVXLZYNhHoRQ6KgHfQjQ1uq7JJPZDa,2221873254026672795
tz1cWUkZFBZ72Yn9desxcgS9KdH4BVfqd2ZW,1912197015885665315
tz1a3LNYNZTNN2SLMjWSUc5jtLWFvZ1kC7BR,8907463551527366829
tz1SGPStfd9v5upQUxRiHPC9666X4FpVAmK4,3999557605852047
tz1iF629Cc91SJkmQRAWAm6nYavf7RgpAqZh,2601114004118718909
tz1WHGwmdEr4iruf4v9r6bdHgzC5v8SKYTkV,211774368420912559
tz1YqsEWdPxBmqVKsJircrwBmCmZDtHAgHzp,5177468114006690650
tz1ZLMaECyswARea2bTsBws9eMjgUm4jG8Uj,6603096495339639009
tz1NySiq6aHysD6Rpu4bYhFaVe3ASya2qB8D,1906366322059233975
tz1Rb321A5bMKjQdczUs7TyJBeXjfCtB4mYd,11622624160335088907
tz1USU2xSWb7CBYGJYat2X7An9sr3cFfsLwi,284338488807949696
tz1aoYg1xYeEdnLrAJ7y2r1T3aMBCyms6ppJ,2170060006500238251
tz1WxCJ3UpzyWsXmmkE1YjYzbBv6jXYkbFYV,193394217632266780
tz1fq3tMpnnsZ944DVxcJqsVNGsWTPvqJzvo,1844704642039441940
tz1PrecMTmNArbdvQxtZLUVUBT8rcC86dKZC,3834064487148
tz1Ty6Hq9GpzxmMs5Sv1VQ7cP2U4KuSCAN3K,98338805136675382
tz1Q1LWn8wCK77L4xetjbH3Ar7sDaSANezZx,100890199483081332
tz1dugdoeZULYPA9phfkpofrP95rFqhZNXeR,655645912910968
tz1UecmgMghaWovhh9EYfqTrK9gTtaiMtbzs,33600633339364352
tz1gGwXf6Ggkv9T4jGmp58jUMU2Gh2vYjDyH,208897669125205653
tz1QjPnpmqAJYSfDtDM7uTf5bkZDNY7eBECd,721217492437824239
tz2MzvuRU1GEKi9udpqzLpGYfDoZTiKZ3C4C,2333992943817547615
tz1SEox4m6JwzUjLL2daQMKU7XDrvsEukR7X,150161041851701720
tz1XJqUrY2okTwoJFgHFJKQV98tsn2oC6Twj,200372404550705724
tz1VqXA6L6hPEFjvsgWv7Viw4xQn5GyNszzy,19394296259223449603
tz1Wf1Lqz1yHm27P2RQJAVV2CMxnhYK4bBGc,87835629610938095
tz1cTS1WwovU7SC783xgJxZrzr151mcshmNi,1710978659311593333
tz1f4Z9FJfgStP7v6Rj7BMJnWJ9Mb1NdAGsS,222187325402
tz1ersiy3MYVu89DFXvW7Qb8AM6LYptSsoT7,877874970870217155
tz1UFF5DSDDtk3fM1ewaLvVG6fhaAeCdgYEt,111093888443656248
tz1dcpUhXGeXexEXispSpfv7CeufoFnV7AAf,5395297845065334492
tz1RKRhkvC7MQgKfPejvNaHGshWUDsyJKZdT,3186044079683998687
tz1ibTknNagJCgQPgcbPvJhpSyS5vxgdyFt4,597314314123724477
tz1SHzbhYsbX6Uk51hJC4JkjgWM1gWaSwBqQ,176770236848808114
tz1LGkz6e1mTymuFyHBVFQZsHEtHepCYYgXD,3412177093482249150
tz1NW1MMFL3jytxBjhx1qATMJyY47vLBMa4p,9829179368718581750
tz1QRm2TJKnarZ9tbL5CNjN4Ltq9pJtytuk7,4681743350407714
tz1WJpBDRGfa21un4yQDKTGXZw561nsGg7Qe,67816325363759923
tz1UXAsfFeufr6p2PafNr2oXNrTDSdtwwdgm,71437763070891554
tz1YPUNi7KW28VxZNEu3fNkRkJG55G9p7wsN,60964512447766264
tz1YpusrSty7ULz7w9sM814trSRmM1aNbmZd,2156744911995891274
tz1cuj9Cgi19KMRi83UuypS89kXM435qdhmy,8670845709475614
tz1htwxBMBFikeP8SnQiEQyA9n1ryDrDFyLK,44437478856147630
tz1XTyukKgkqq9P83UkV15np7EtSSEy4kAeY,45515782830679077
tz1WMFtCLLeRiayH19ZiaErKq4Zu9p5N73Sr,170639865909
tz1RFUjzPENm3vF7quaxfELQCfNTCSjAsFdA,438085211960147288
tz1cLd3gXJ9Fk5c648hRzFvTnGfT97CxcHrj,433641037519305217
tz1Te5JR7gzDBwtZLKPWSPuTGFE4JX21vVur,17142196529466
tz1NGDuYTuuB1geX1K5b88cqa8JinFLdd3d5,242342787170040762
tz1XykUaKpskyp7hDEZjmuNTk4gFU58a46KC,25490765514060298573
tz1dghYwdzvHc3tYHp8iHpNUSpmAvvs8Zjs8,172211486181126348
tz1PuipWs33aqS2KSG5k1qQtC6Dff1P1GBmM,216854829593
tz1ZNxMa8XsMa8JTv776X9iCETcNoo4SY629,69028774993184967764
tz1iAAJhH465Cf3BnsKQ744XHypQGY1v7Ps9,226631071910
tz1a5QW18ULwjJK71LSc7UqNGgryrFouHzf1,1866546453077236867
tz1Z1ZX2B98nEAvEnLXJBCnsJ6K1GqaSp9jK,154986478213608934
tz1enT2GWv7U8jyPmmoVb228u8hvi6hJh5FF,15465870036118050
tz1RyhUycXcivQ3jzF7ZpFZNcoLcgmXqcrSz,4344852517267245711
tz1gVon2mQhvutR49Yd5XK6k4ypwWfFjMZtz,174194863115
tz2HSz8b961xoDjDLy3aFGogvW4HEqXXdcR6,1396936902376060279
tz2EP3fw5CbUUgJdx4c3Xono8Gbc8PLXGRM9,2110957092940926640
tz1VCogGe8xeRgQCLrVhPbwo6mBSQxAXep65,263380103650412630
tz1LFFspqhK9KRQNvS1ahZ1RcpQ2PNeM8TxA,2779965599846346
tz1ZhteLTqobRVCYsPj44oFfom5BJ2SdGxeE,343232954822382042
tz1aRF3qMDrbN95f8dGYTKPaey6J2qQQnk8j,31019326147223084867
tz2ALu8Jxf2SMgzSZaZEwfiJQbogpUDPStwz,5894657833631938933
tz1gLNb49fErXUiYdreLAAV6twp4v3Lm8V4H,323229087844149017
tz1fCHiWZ3ReGqvhxkMejVzcnXYz1rnsJpow,15254892061281947
tz1PXJVTDRHBcjJGpD4h6PzDovisMJuc8zVc,1791082237770913385
tz1L1i5BVehYJBebCGvPYU9kZYGKBELGUJGH,2831522990668836151
tz1TR56EbNTEEDeRrsPzQzoyvwFgZT25q3JR,152889285821606618
tz1XbQgDFCaT228TPS2YUeHHfpVqGW7ANCDw,9282694943330637384
tz1S1Aew75hMrPUymqenKfHo8FspppXKpW7h,188859226592
tz1ip7fCgktJzFWxnoDdNBjpF4ZCWw9qfScc,13654695336049832827
tz1Wb4LakUUYuFuuEgXXQrNZuBD49Trodhwx,175594973436093499
tz1RAfKUFBX6P2jFkCpzLFntju7djjbtKAKr,6646944406271120278
tz1MiQ6euA3EEdnZxJ6EPwVsHzd6vQ7AHJmU,335506391470253589
tz1UFwr89hcJvC4sNCYK7zSLcaD4JW2KkNYD,1853508874799100489
tz1TiJBTfVoXxregtdgCs1rYd55APXSAmniz,337595543781313376
tz1ZPSGxrrPPfrmoGJgpXDArNJfNNy3qGvE4,153168670830187694
tz1iQ5n52oSKgdtdYtqEJgKmQYbL1nn2poB8,4159579109707201058
tz1gueZ7eL2KnvxqWudHjoTH3ZPiUCmwNKR6,516888864364089051
tz1QxepCwQ45EwtcxkgXZezHbnidvK7hUywy,2804782438993741438
tz1TVZgy4rejPUkEF3bsxLGNCp6H4gz4PaGf,1662547232427110053
tz1WT27PugwGBtre1hsj6BHmbAK2qQsVbRDo,444374661025951527
tz1fL2TsQR271w84MXx3qFD7y4PZ1F2mpHFA,1242666635229644525
tz1KhU89QWZuuhhnDD1paFp1jYMdpJLh55im,1030426142240642964
tz1QQyhTMAmNQPcSGkM7GfDva8hmuFPAxUMB,10444725071358493337
tz1htnC2n5n27PFD41q5X8bDvDcjbGMUS3f5,11278805662811582993
tz1PoickddNEkRN6qp4K41u4KUW43vZ1UDvF,6127605969382388793
tz1b9qYttBxHzoEseqabgvQiCxafZzkAtH9G,41655587267762004
tz1MQotPcNdc9R3nWCTwXLMDqKLS46WqW7Wx,1758025325701161661
tz1a89Pvs553YqhJdCfDdQrRuQeykHMvVSRX,29361903623191720
tz1favSqpvTLtedjTm1UjuEmKfgm4o9kyLd1,2338055561095794191
tz1XYuybht7U1RVsUip7H7S31fBDxpUgpTXP,207967336576
tz1YJvMiZyXnzvV9pxtAiuCFvaG7XoBZhbUQ,980451717463615546
tz1TmSForCvNii8rmwL6q2jgicQfqjNFtj8K,1975564872196731580
tz1Su8UYhcLvUPYABx7kYsWRVibZdiZPnmh3,14604266407742286063
tz1eoqCSmqPQtTLs53Rj6gBB14eQh2aHWVxu,445428694590179939
tz1XhZUHsJAFp4FHoeeQQ7auVBk5j6xoUKbS,53697303615921794
tz1Pwh2MBs6q2SeLHiko3iJpfMwsDV46bqQU,10056631699217938527
tz1hLWsybqnJtQRFp8skYy5aZLGNmL9bMUpa,1076587412135340949
tz1PuYitvGfsBm7C3oYAXqNc3t5wNhWZj5Dh,953303244523445012
tz1dbCAvra65bwTVk5mgkYUHUGz3hoKwovZ8,447845879390728572
tz1T5NfkdPfhkXzYx8akPkdznxSgU1Uf5jEG,804776202455187532
tz1PYqfNnkpZydtSY2Tn3Rv8mjkgUpHJpFXC,2236490685318878680
tz1WidyAU8wuyG25Pd7b93bcx9hMu7W9Pea8,656972978320468067
tz2Mz3ovkZR2HyC89CHHSdsrPya1mKSmLWfD,155145859847740029
tz1ae2d1BJt7YUqaaec6Xenh3mBqS7VjSZtK,110438927127826087
tz1L1XwcVmD2z4qPfLtBJ6RPThgAwLcXG6kW,23448656256903653
tz1VeyZaPimHfrJFy8WwsCYzxHR3VmGTMpgK,229798385118059806
tz1epFVHmqeWvvkFf2eskwhQ1AY3JwWd7Ej6,462149648835663513
tz1QRcnskFh7eaV7QdEnjoYdDfrDqHgmmrvF,1201953404330690401
tz1XybkRZWjLx3hwcy1hQ7PT6FWEhpHm1FBv,16598968515716350
tz1XcuwadWbLKkc4mDVxRo25dbtwfEa7wf2c,828247273413852457
tz1MkNbJTzf6uADvfSJKJvArvRoVvjk3tZz4,11600045150354374
tz1hvRvzke27MGtp8CsSvsafxyyMWSVYM1ut,76256332042530136
tz1a7MJ4HMNbWDhKZAqrvzX5P6u2E2mJyJiV,1603564449825153419
tz1citPWufjty33AZ9KwZDztqrTzdNjfQU7P,9368466869295080360
tz1b58mxvQAc98hbXjcrgjf5xnSwYXzi5gX6,10205027091773406
tz1WeLuPLjUs53Yr1RCgq4EQ4d5SvV651Tqt,59543643640143668435
tz1Wo716Gggp5HfupfxtPgmYu23rDQNcLcD8,1491743645328966090
tz1imyQrFWHyTp4avUNAw52RxdFjU3HPviRN,299689139611570453
tz1isKR8pS4pdgU934K1S4UpLsF56ECJNArh,554787354236148754
tz1ZVoeS9T3H451BgjTe18pM1q1LPd2cgB6Z,32464310477299809
tz1Kx4ydaiJHThd2nTgXR25JPTZtKyLG9KC1,139289182697960286
tz1eL4fYCgegW8tLCbQ1mYiKY3TdDxWnnKo8,890823476728883669
tz1Rhg2UDkjgLhemdSMtiGVGRmzwVLVaHArD,110626810691941269
tz1dPHDXSCFo8PienbvDMyCKr5DXjPMrZkJ1,641470905342779153
tz1eFe7ufhpTuqh3LHB7zYLuFgB1rFCPXnzN,3152267313795514
tz1fkkxXSMtSQew8F78XdsnaC26AfsXtsGiY,155734719805632162
tz1ZuiTWKXKqYfzFPaSaAG3Huf9QM1AdZ1pJ,567044464241247010
tz1RsCndtupuxe2U3syGAdcRBzpNqJZ9ANNc,11844189851371868557
tz1MrZQhiNiHK14oEq595DLsVQ9wC4Nv2ZXW,266624803814440259
tz1LJQ6MPnjGekNAmhFmkm8XWtM6UGx4MyF4,2710619236299509356
tz1hmxzW7MuU8HeRoCFPGZJnavGf5unqgaph,1629273331979070801
tz1Z6QqrAbEAMDLsis3v6b956sfH6qLTSEex,53363920544184962
tz1NnBgY2ze24nQDpdY72wb1GVsee1UfAT3d,59599365080514625
tz1dAW94vB3yYfNPE4LM2txBT8PQ21Zq4Xzf,133312429902823130
tz1eeR22tmjPN3rGDikEMvpe8jcdXww3dqTt,444374665469698035
tz1MsfyCeQEt7khed67HHsAidezZ1Th6mjzB,154106664841851309
tz1WBMWCwjuFSsiiLUWKEQHEACNEat2S3EsD,233523049197474846
tz2SuPjN8dYMJQe548bTvSPL1fdStZPXv7gT,21476651028491684286
tz1N33TtiYBQ67sw32rhCsMSVpZkrSHWe9aq,6939976397752447045
tz1QMjzbw5Yoi2zPqUeg2yuv5GZdmXjhh9mr,444380428564544329
tz1ZutSZgCHEzxspXyoSYSREhwHh5g4PM8hN,443576418926103029
tz1NrRkB19Su8iBGVTz1cXbG3oCw29GSmasw,355006938294889593
tz1NJS9T6FKTnKUkVNv2g44GHTAhzH77qiYw,901311190413768720
tz1URL5HNuTa1fHqqCtUKXUM3hm6g9c88NgF,1403188947983131
tz2M9C5x1KoZGoQ9xEY6fQ6Xwbe2GU1RTzRx,223170294960640967
tz1c8JTzmA6c7cm6ZmUwR7WES6akdiMa1kwt,703567877825842565
tz1XRTNgXgWmR4PqxZpiB6HZJ8Siz3M2JAim,210564411790460270
tz1LxL9L2SmaFYw7XhyATaRAiLWCgxKmycBC,1058507182150413742
tz1imbraxLCQ9TUpnJVP31LS18hpTqG5wv1k,499404165183764951
tz1iDuz9LvybPBC4kDc7ceBoKVDwwzJR7zKb,13625453807649974445
tz2HYjnnRbzPpUGMUYGKVXDnsfSKKqH3aCVT,2389153553027547492
tz1eiyML8sHGBL139FwJQJeLGHWAFtDqPz4U,44437467302406709
tz1YQDCB6Hbn2ozMyS2kf6WPJDeRvJtmtNqQ,259874666138972397
tz1eeNRXYK56vgSfXHFcXorubcaBBCVpUY1Y,12409897336958277
tz1TQw8erN1a2LpfRSNMExicRXMveBPbvTKE,162641122194
tz1gaRjULm9qy4D83VCvb4ABWLKpz4XXfqjx,215372989442450144
tz1hAZNx3LrRKFgfRytoLNVGhCrzU1uVDUHS,1031417770270560804
tz2HGysnSAQAetSyFYCa7SoH6XXVwbVqMHnM,1461180736250973074
tz1W28xB2eAvRGCXmVduC63Gx6gGDp87zqbB,2106336368083326213
tz1gJaXdi7Gweq8TUSy9knB2wLjioTKy2tZF,2173645480361071838
tz1PoXtd7RGVBwWmmZvxX18NQXYpbNdiwwtE,1229786481302266285
tz1RLCvv7wrWq4hTmyKk1zZuZeuUXNViSgRD,12699678152267252165
tz1fXXFNod2gQDT2Vf9ibBortMmsKKorUv7Q,28253464119236001
tz1QFk2DJhPkzp2nCN7Thpo4askJjQ3Zw6BU,450941645602915718
tz1bRDYJHp3ACUojEeM6Ja442YEwNmcb7ph9,436207769054213322
tz1MDs7ym4sp2FsQhL32vuAnEqG3ARhM9Vi4,439404376867536720
tz1Xy5UM1tC3CFcbPBVq5PjufaxcLjMwfQkE,12774516741014145
tz1RAKBnmd1X43pkkGqywYCRgf1Uo6D77zMx,12773618215470216
tz1ezWyS2cFiqrNyiSVz5VKEKnmDN9Ah1zSR,1162590029637433209
tz1cXwKRD6AMy5nhqEVUU23SBxcAMnh2aKLn,142444038355851129
tz1WNQE7B2s8woZp1d5U4SeRKHmssN7TvsDi,135768935351706915
tz1imrUNR1R52GxhP4y6XQCDDXtQs11GarTN,9216452460731610
tz1chab75LnyqBqNwrK11459SGCFQXLg9uyx,138101436966920515
tz1USfPTFciXzVsQL7Rk8HmMWyWtFEas7fh3,510685385795728215
tz1btYY98CWBVCGEikD7s1buWjpicb9kG8aH,9592892448045777
tz1fj962xSPKTA57yWHA43VeVzo8KqdpNAeF,43970971665832376
tz1ioU6W4otB7ebgRZTq1EVVra3vMyXqeqsm,120296379985983507
tz1N8oU57qMgDRr6N9pSbhaiWRRQSxJRPGoZ,492231058718561125
tz1fCEeLBcuSMSittqTnMEhcFdPCtD1HsiZc,47230817911109963
tz1WsKkY3TLDvqTuK97Xu4zuVoTb2nsr7J8S,82163012781618088
tz1dAekzaZ2VrjvuNxoaTZ4dY9XjgrjBvBro,253631569831875662
tz2DsS3zeg4pqoUnRPHxvuRSuQrjDnTZcTNJ,4813962854169829
tz1gSGxwMrToBdzLeaxg4Bregv6W2oEbNLC8,4130725321493336702
tz1dWwKG6Z9unqwonQUWV65gkz2YhABiwF1R,570290506763161860
tz1X8AQxtn4KzBwMZ6MZUVFDcACrfnyfYhDg,183082356131
tz1KxARuCbAoiGGesnQjr2pvZa7CzJR7V9D7,324173421208330790
tz1LGVwoTMUhi76Jc8TeaNUQhanfeLLNF4xm,257155286655694773
tz1QS7N8HnRBG2RNh3Kjty58XFXuLFVdnKGY,26635457995811649579
tz1RAP1j8SjwT587jyccTNArBFhC9HhGKfHq,57111464275535434
tz1QiZCuJMuVz3aq7j1Bq2v3BRTQPCdTw3Fb,872225613271421746
tz1L8hBVpams2fWFC9kS1sPVxfGY6Hmg5TQ8,124042913331914902
tz1TQSPkLPqXUREhxvYzPbAib6Jz35w2a6tw,404928215165293282
tz1XD1xSVzgY8Qs1id1kNyFJDbv9e9pNMe2c,222204272074350391
tz1Tk1MJDZ96bK85RLAqtKfnptZZyXsJ2jaq,107765157076756868
tz1avT6pCusXgxhnffuJzk49Vq5QppLVegHB,172647626652520910
tz1RKg4C5yKTzm28Qj9gKmfUozCDrctDpx4G,465624943893487046
tz1Kw5M75chWdw3HUBMg2bsp164TrVXRsGJR,108931885846052248
tz1hes6aF3Px3D8nPQx27fdwBKrXmGs1UYxT,226702547795804059
tz1c1BG1PEeuhMFwmonTVSGafehicqbBJFec,37761813116336856
tz1WtkHVMtif3DXVCZ9pUCqWcBsmqgFjgdkk,10046625213367446
tz1THwbFPPPBHmBu4cmLV2SppLFrA5QfBhyF,157008585953988624
tz1U1aA8tyN6QByoYLhSvNu3krJPLYqnkRVa,224927962512793401
tz1QSwx2wnmrTjEGrid79c4tpFMxjCT86SAy,380036518886096926
tz1RcJYTsoYQ7adtNMANhwd8qf4zApM4i2Yd,204851150006256498
tz1cvrgSekgCqgyc1c2qFPSeMtux6AAAfDsk,183526730782
tz1a1ZcbAeBEjxYSwuNKxSu6FbFB4dxdL3m9,5207995808122534
tz1NZnfrNgCGdECyAhA93TLPTSciJcZBJqDY,295129833026738413
tz1UGuKv6PzgVbofb42VgeRwDwsVN47UpuZB,750673745583889784
tz1eCzNtidHvVgeRzQ38C81FPcYnxMsCEL6Z,4443746516940838606
tz1N3nvFqipu91tfU9s4GXGsopawpwxSoAJh,36538704773719332
tz1LFeLTRQZrgKxbmvjz2ckViRhVw9BZXw7t,8807346656366614146
tz1XuzzMTz1LhqbRPy9uxfRkccSxju3v8Y4j,412551628495978198
tz1MoiwNRQWHfA71aypNk8J9CsKjfmq39c2F,1591991479035575771
tz1hhphPmGxL6HEmEjoVSJBy82FMWbFwzNCD,8898932552742372
tz1YHLm7Lq27q3rgVXLY424zQMkvncVvNiaK,48881218254206563
tz1fKtBhuuZiMYhM3Pi1hcP2sjRbstgDrmqX,14302965126816982
tz1XEA7cp83PyiXfSxWu3uHjA3EF6Gdh3Vhq,48082640567988011
tz1UXMLCt7dqbUiJ2BHRhE1gFkdVkmCZYcM9,15668017397893349
tz1iKF8o1hCLaTNZcCJpgKQBQxkpcSiBy5V6,627641042476890172
tz1c2iwyckUCcicx2qxqtwLEartYFEHg1pvB,285720573070642130
tz1PQDUDph7dDCn8pLGXqaR79DiUWLiSZdEf,1779296379972999774
tz1fUZ5pMP1gUjuJsp5V631cXmA87Kxm3cuZ,111767413593437730
tz1KiUXfWuF65Ck5zY4otx8t5pHToY8stYhj,141023812640707560
tz1YQXd4LjZfDaKRvSTwBEwgggREFfX95JUc,85595110951503748
tz1hM6Pz2e5vJbd1YYkYHcj5RL7tXhcn59Xr,4342189188761624
tz1NVsmLrZX4jad9bNdvM1EskvcTq2LSZhLx,908780478303247948
tz1cBNfPUb3Gi6oezs6fpXtki8EzSwjnoNGS,245765774448529402
tz1h1ybLPkwDH85opBrU6hge8wSsRQBnAghf,180921836626410376
tz1PKoh9LB2P3pgh5ahaAFnrC2QBmUxcHDJU,138151142821757368
tz1cqoo91JCc6sKmNuTVKNzwUdi6E6moHWFb,586942486162029593
tz1ZGNErBKdYeEPjZuqKXhyTixQTTPn54bx3,88729577290837598
tz1iUyniY5PPWrzE53cs6jBwNKUun4btzMcW,221512336014554780
tz1XoiGxnmjnkaKcNyG4rrHNNEoh1u5VidxY,123247857759178633
tz1QVUXNoyCfKpAyxDpq8kR3rK2AShuzQxJ5,1516148123464149017
tz2HZ2yRFd9F3uLcKnLukEXhuUz3HqhZf8mA,2678437356012971239
tz1UVTMhbMiSETKCxFi413yZ7imF1xeyt3fV,453331785772340811
tz1XisBzUGgCmvC7pNS6hxvQ5hMvXUTd1p7D,7467206709757555
tz1S5TbsJCWmCyRh3ghJ2rWwQHHbcvoh1uYV,4443746517829587907
tz1UAYfFWmaTrQTYMptaGCw6LrXK5Yv84VnQ,2413169431203956
tz1hLhGe26gqt78sZboxiwne6zgKMqirRieW,582379147326078262
tz1YfiydbiaKMGPuavawX4rQtXdn9wgpdDKS,155615971999047743
tz1RYTr2WKdJD1MMV51kN9AoxPnxZJgJ5sqU,24214848362946163
tz1R6mtcAQwBTK9YpSqRL9y2a6JZWgDkBm6M,2163125414637573211
tz1Sv2XMQNxcAqyqyyv42FHjf3EGwJ3Godj1,2502031546933218075
tz1NCsGajb5YgZdhdviKrfisN3VteMasnzQi,79020752473873224
tz1Vh4cX8VutUUUnnjmnY2omSV4F26T5orLH,358541644849247365
tz1hgSYGDwHFqC5AwW3P7vYfXfdwwsx4ALAN,98053503649657
tz1QGCWjNpYmcS6T9qFGYSam25e36WeFUCK4,267136296368128581
tz1URdfSGhAfbtpEkjWBmpTt3pyLmxdHdPYy,7120147997985385
tz1LApX9pPhcDUDznHR5TTCcSXh3m6zPgFHA,142973983122539491
tz1hUY7paB2J5EhD73r4oWL6uZubf1UibHrk,479620049372848649
tz1MgDFQvyV8Vfc48HgeqMbCD2Po7nhoWDeL,140625257843603563
tz1PWZTKd1zhfuxrixGJoHJ6G17SQiypwe5m,220854201450
tz1V1Hu7nMcgVuMKDEZickAKHHZavLKTB7Vh,237740438180
tz1NKHjwrYfg7GWwbWZ3bvdejkVL34De72Pz,232852317021
tz1RaZeHEiKewSd14gZ7HKfcQ3HaNHJ5tnV6,4789831812662443660
tz1aiLrqvULcV2Kfvzt9dUmqnLQnoNXPPek8,192414223798
tz1M2h2hPZzov29kf7xcHXrunXb2jFSbfiNd,2233074585852663577
tz1MToDUySbYhPabULUyDPPsfDQF1cpZPdoH,334624054939228692
tz1gMfLSQs6xTM2TcLM6Sb2njJ6h9qhSsT9Z,44054618940924777
tz1LSFyZ4z6k34KQ9rsoxE6gTgmik1nn2Zmy,4720742292163368157
tz1Mt4ddsTmDs4of6kkWYvMWSUtM8zbGNMq2,216226612333924
tz1UNTxRbAYTSBSdHMjoUoYAtLH4MHMUiGwg,45800251578368791
tz1YUJitqsUrFfFzEp1d2RiqVwV61J8aPb4E,2554594181572904
tz1TqqKqc4t2Y6PTvxeuhF8kNjVn8HpZkKma,302904358951733518
tz2VoUZvPNLyq9bZ82VoDLrhkH8n6eaUoS6E,57210664593230803
tz1ZvbLR47deoqaSgsaRXe7hbgDgwonBicnV,2233521012325519686
tz1L8m6MGdvK2WA65wQ7DeVwXVmCS72JKWeN,30047280047850840893
tz1iCJRFVD1oY7yQBap6X59XktpKHJtgCGyS,12651981429968447
tz1bnWUvcfU77EBpbLUQ41c3hCBKovGuqyGY,798772337911110228
tz1STAzkywd9GnKGvJBPL4xWte3LCniyu5ho,229203172839854490
tz1g6cLrzLxNayiVyb7BLsKK6TfwboqWaYPx,8726237928122431
tz2Q6ugZbronUHSk8fbuHibBrBEJwrzgtL8X,63858110753015331
tz2Kn9u9cxvTczP6CjirJnEE1UApmoCzuGPB,179712856869373501
tz1aHfKHR887WzmpA56K2diKDufR3QJqn9iK,11949593660014482269
tz1fcuYiLoHA1qD8vLJmSJPPKhGANGLJZgin,175799894192677
tz1bdbHUpDrUx7m5g4VTSkjnc3mxnquzRTcw,2232363821902204071
tz1NoV2nnTuxavEAuozNyHm4nqT3qtkYUNYW,474734264978439
tz1TQJjDtzUWWAa5a9H61iyPZmuKRfX9hXi8,20358786600933
tz1ewd8gDnG3USrTRJVdbpsyieVv9fWDMPNk,378716213086717724
tz1PwxV2kaHhubkYaRWTnGBvsxXswz7V9GWc,915042815007680145
tz1Tpms3fccT8x1pVY9BQKgnvppew71pTDDd,29411059157675884
tz1bNLPqmLVxWF6puxbFZHU1yCJLiCZmHH2E,771688035552030
tz1ajJzH5YBGRuXnU7QDJzY2qVRGcysUbxJE,30778076300188599
tz1YT4u9DnGFiRM8AXXACY8LWuV1rW3A2hFb,2435057298072262756
tz1QppHuA9TUoFN5Ek2ZSmRPdU1xQiwRSnPb,8252176676833127
tz1fne8nhZuSRgzaQPyaomKQcFRfthyicBQc,26809393975278973
tz1PGFWJqZhk5BabfqxfYixpVH9S8vY7NKj8,6739387235586221
tz1Uva3ynPUXqpAsWJ3CxcXVPG7HEXB19rzU,265870341941199284
tz1cGZNvVyHrKgbRu4b23Nw896JD6GYhZKQm,265302374654874260
tz1i9THBDe13YzhSmcdpcWKJrL4raaJ1cpN3,264822421583665197
tz1apbBneTw4Ap2kdmv7gfTv4kDPYbR5HAkn,223713438812131552
tz1MJ4C21XhL6B3YptprRWMuL8oeJquUhz4u,5640336154281042194
tz1SMoz8tsJzeQPtGhPEjPnanQMvFc5KitVh,14387140094342685
tz1XuNQgqT23u9KcwmRLGGQ6w2n6dCE4bmoV,6893392684020553705
tz1WrZ2Th2eCuq5NuZb8nHXPJUjaBE25Uwgv,42457378217039
tz1QRRG3oUJBo66xvidmpzuwPuoVBBtLxUaG,28658403179734282
tz1idC7XEoSZ45sXLwp1ujYJ3yNFi2tkLT7A,1614220945445630
tz1d4649CmmMEzXBWzhTgTkFxy9ATNhb5HC3,2827543990082833
tz2CrWArLr8eRCj6mp6yYQAKshR9MuyaK3Qu,281503926232727590
tz1UdGjnCNd5ifzEShXft78CmazG9gj4fdrN,9350547454198701
tz1WqkwtGV3ttnchD3bqmucZwByduHq8EN8f,111192802732495
tz1fvhxJtMzKYkXM3fvXrQEyAXyMLYayTtZ2,1244192619030064794
tz1dVTewmwhAqfBcAgDuDuF2sPUaafuPA8mr,259698442254297303
tz1ScePe2eXYo1RBdEe12hNY8KrvHyjFhHw6,59926182622552382
tz1XNmNga2NyqFiNpmEN66fpySDoGWoKpKXB,3440679574812696552
tz1dXpsNAWLHVYNWSqhrHCHT6wh6L1fKZfo1,43093989548521133
tz1N2AezxpvrXzvGaqNVW9BqXxJ6Rcup9M4p,369980577218759
tz1iFKBz9HbJDp6omQGG9LC9bTXF4zKdkJfR,963849811388420
tz1cp312oRvwp5honfR55EsWUF1nA7QZYxT7,456322411657603
tz1fFCF6FogyPLLjSk3FNTG7gVdDWfPCWVni,23061189308292
tz1WUmNdnrv1w75V7ntFSt5kSuyQfYuo2hqK,71600491886498747
tz1LYQiMSoy34xAUD2NnsJLCTmb8HYYR9th9,9171739550858044
tz1VYa9SB4LtsHLWZnJXc1JuL7wuX46orE2Z,1954445655985155292
tz1d9NBC61N2Xjo9LvXAQsKPqC4HaL1mFD9X,1492370775975167358
tz1cAxm3wHEUX9tY87sSfdVfHgCWcPCTkNTA,101985094971875973
tz1iNdzx7BJpGD2e2YaV2QbsteMQWMAXjjDf,637091214840350482
tz1YrFGJ542U6jpYHpe7BFHxNfa2mb1wpAdH,615421322201113
tz1SPVSDCDpbqigKWVYnbgHEudxSM3BASPZj,674199398414888576
tz1f7C7HeTczoCxoo8oQ3vBDRQTiNM3tFTZu,55231876876018686
tz1P8pHeW6qWzBkgeDvi3bc8depN63r5tt5s,24564071004733593
tz1iZnkruZaYGv3dfER3wEasjJj5xpaTtMjN,145531493804116827
tz1Y1svqGfYwEN9J3ne2WLEuzUVnwzP5qoYW,57279990038288
tz1YmwJZfEerVMbc8uuJc7xUzE64ma3Xfu7L,4028921054266408
tz1aQbe92zZy6MNeRFtgmgV5dV5R4BNTdqK1,4010229371606295
tz1THz87Wwo5DL34CELa6psvuH8RXShPmSbc,1006254346595776
tz1cgAHrLkuj5NrLmQ6LnELKFKu3i13CokzB,27472427647684
tz1eQ9skdokeeUyTc4SdNQMPigjZ8JY4kzus,2267419432858834
tz1S35xPc2sh4kK5hd7KujsWU1G3SUdCnFqp,278733556132003
tz1dYEEirVkgSnE7eGK9vFUwxWBqibkafs8W,824546233058676
tz1VLGH7SJ4HA6kDXRiHYqVFkn2btjnoxqib,486343763493678
tz1XYkmAHtkZFjZLdWNoL2BTqUws4oD4H1PR,356327997445578
tz1dCyFm9jxuhxJEi8UW5sgiS7TFubaNT1J7,5886303203279
