Address,Amount
tz1NRbpmTuPEFCCYCqCr7i3hkMRDRhBFgmxz,22474918006132
tz1RDbEW7YUkwnnDdMNieSiF6kB4XBws7QSg,124207672405112
tz1eqt71cHna4YgyNg3ao6x22xU7c7CZXxcf,855766232368
tz1SBxNvpDFC4bjW23CtQfVLqN5cBATVf68B,90799634636379
tz1Rgo7URug42QnhBM6eLy4MWdfwn4RovHy6,19538505870899892
tz1YTQ3Lys25j8FhZQY61eoYErYUteSao3ez,40930519758238
tz1R3bKH1seset2h49p4vrZJCEL8voJgSK2G,6820898661690
tz1bdRJkGkNQ7homh4PTnkVM7xzVWhuC4EMm,2440101873689310
tz1Z2Ne4ZHxNPuCJeCcoykHVXTqhVdLMD9gV,5943548938650733
tz1Qji1NnEPj4Cxa9s2WEoWi9U9KM6a9gdDL,615784493800382
tz1cmanHzitf3UgWgECzLpGUKpzEfmGZaFsw,107467708118859
tz1eZFb4bNMMdveGT7BPcktbYsurg2e8r1xR,96698345634
tz1RartAmPJhFsL9oAhZndSL2G7KCsaQqqkf,40774644808345637
tz1MyqKoe43P4Z8MfHoXVBTrohgcbehp2zLL,636598672760114
tz1SRcMg9GRXi7paNeAc3ARn23mS3Z5dXa6S,47802182072606
tz1hD7VdzRpWG3nmYpCyW2gNc8mQNs3TCgxu,703944054961
tz1f38MX7YT2Q7MAq3mDdj75GTN7vgqV2TfH,266975279600
tz1aBDeNFooBEmBXnWDVgLknNMUHMYhHVcRA,4968198221450343
tz1hD5k7QW9ChHCgb2YLthKFirKDYQiNPDJz,138029820163964
tz1ZL7ekzieKxwngCCyjsCN5qhu1ohwJQEBy,292189001502058
tz1enbGpES1NDr2kTaocDhxvMqtpMy4ruhW6,116260439310248
tz1ehGMhxarDhwppx14PX1Y3eqbZ5W9Bc2Y1,28907691735094
tz1LN3wPFYuS5fCnodwxT94xVFLPtcFHvcHk,1770711022599
tz1ed4brTwpFg8hFUJSJ4HqnsC7sEjVesMtb,812603646218739
tz1QJE62jTxHis7kZkbDT2zsYZyauNDNzWg7,361550727859431
tz1gWt7kUnJtGXoT5BYzHVa89qGp6QVvQmyp,2264729580668340
tz1epR6pJmPaJ8vvzNi6V1T51ccocX1Y4VBb,14786505815587
tz1W19DveaP3mW4WvFtdVdqGsWwBL5q1QDSK,3001156073677592
tz1esdEqZC5Nz3HDFseHvpH6SmQJPocxLzA2,148890744729216
tz1XyTsb9DwkPru3eU1Cwnr5JkihEi5eisHo,11415838342915
tz1ULQQ3S4kFLhhpPsegiMVFmXx2G6ewmbTA,1477214642780094
tz2Lqs8WFf2HDG1RoxG3EAtuHjDS27XQANWT,40898845173
tz1LRrXCmELevk5znmVcYD63TChSpYh3vaE6,320564506843
tz1S8GvdiWQghwPMMzbNvRh66rcfmhEA6vj2,3109658622030482
tz1N9qzry2ko1gwTK6HKWamZZK6FGx3Vr89U,6594346188139
tz1M5swezYMnDaim71PSeb2cPFk49ajrvDV6,186315424086413
tz1QQ4HyGbCZDmQxeVHoLP99KLyfvGvyX21i,3760917801011857
tz1WKygtstVY96oyc6Rmk945dMf33LeihgWT,597750616488084
tz1Rux3pGrp2KpZUBKvg3VQ4edRYVJsapr4z,70323264982075
tz1LWMmDzH79xyu6JvELrnvWLBBVjZg7TnfN,2148347267615886
tz1RfSFe1dxP7wh1zSffEnskgqvVVWKNKZG1,9841503665727
tz1czGMShkB8ZtCHKHeCPTY3CpuiCrjsGJBy,23628362701975
tz1UQ6cQZef4MuskJjV9g8pXNZa5s8ff1oQy,259060053762202
tz1dTmMLY7tan1HKfW5e3KxJcfZput6UuTH6,445746743227
tz1daKxrqyoFUCcuQj36BeMN9C1Ytmjg5p6n,418175962501909
tz1YZ4VZCRPoiDyGP3U69jCq2S8duDUcRjHP,29879822159398
tz1L5rXu3RqYBjZzjWXLaFANYZcwS5Pb1ZST,441379005646793
tz1NkFRjmkqqcGkAhqe78fdgemDNKXvL7Bod,336127102698415
tz1QkQLtDkqpw8VSymi13A86jh5iaCeMriMJ,2382142162650368
tz1h6J2pn9X3KMghNHZikrh3PtEpgCcRAjHZ,519201595472914
tz1VCyNit49HjTmz8SEgeL67x4BLuoTaeYMy,3105633218575940
tz1gACjUSBkWjqWv5ZBMRk6G9Sp8xNAYgwYV,190759579934277
tz1ieVZFcRity1eybQtgUyGg8NLEYWNqKtQe,88667804393596
tz1T5GmdYXDWwbhBrU7RubT7Z2dmz3ZmKwCE,1593874373694687
tz1XLpud4YtVgwiAJezLKUsAo9K2s8n2YPqx,44784796751
tz1gmajxhmKt22CbcsSA7WWXSATgbuVEmzTC,242382105882374
tz1cfzEz3R8YKMqC2rbKnr2XtpNjZxH6RGdy,43420157532559
tz1hR9eQYNNTZ4VGUeipK4PHtyyDEDmQ9dSf,948236116138096
tz1RxeY78zE8hNJbqPypB1mTVyTsBRmPuqry,125924978278927
tz1SBF19iLiCc8dNpKe1Ym9juSAKaTPyeypF,133566875495
tz1X6ADVxP37XjYppBHMLVRJQwmxA2YxztbQ,13041814108250
tz1T1u1CET7ek19f5P59vCdjTNFWAscYQ5ct,470160670384333
tz1V9qHfFxixcXJKWuEziUqvdrQ7BWpPnWTa,633369045671949
tz1Lqnwap8kKynTpefqqSH158i667Wdg8HVA,186091138680877
tz1Kp19QyYUnXuE6cxuXxsfQZbyqv5JtKPku,70137219
tz1cnojsw9qgMbdpgPeCcWPf5GX4YPvd4HAh,553942910758030
tz1fbJACCskangcgy9xjDSiEYgh7CUmSo9oc,22400479486058
tz1dKaw4xdNjfufDSLWRxumNBwe2VX4mxXyW,123020630996195
tz1RJf644pa7QAZqKzrPQGiYQPyubXarC4cv,5868370258115
tz1YSwscBZCf26kSPvqsnUdhnS4XQD6mAjcz,5546769778263263
tz1iCiA1vKmgfZbY533ZgMwFKZ14S1DQNooQ,23544932303177
tz1hNGWJUFPFV7AWLXvxGzJVEfCZ8KJ77PJA,91056085908221
tz1Qm3DHkV7V6peZPyWe4rv6aToH3nRmWEH7,37915506345110
tz1KsiwkQ9pyrt4Ra7QrAQp5LQJCGxHQrY1n,150397323076
tz1eKTUc8X17nVmtVRtxBcs3hwUPXWuqP2AS,4391781526167113
tz1hXx6tvTV3kzxpBR6E4hDYcxdgcRGHUTFj,2906587
tz1fkZtnjNfQHtEyUpyX9Tqq4RrLKx35qBxf,161557154801997
tz1chg2T1s4DTjLqthPc49HDcqkFHMwdSPwb,508749665291191
tz1Uzm53vPr2Giyi32yT9GUvBErKqHPBjvQL,420710463444
tz1aR3nrJgUyU5B623U9s1MtMsMjA5Wz5c3G,970250453252643
tz1YaPLZuVmZaKB69BjJXKUDgNaZrxBR4Lfn,27037666141706
tz1WNk2o2hJvzjuZRNmZQwjLQuv24wDv1zjU,76231828070
tz1QmBcwm7RH6swEYNpsZZfAWCCFaW6wugVT,2281249909996196
tz1LxqBcvRbZhp34C2ab62CMy49wFbsQSzD7,13148585717692
tz2Kmi3xEnXk8c7zqWSQqSSyfNpWt6ovG38D,2705359076456362
tz1LgePVXLZYNhHoRQ6KgHfQjQ1uq7JJPZDa,21071161095109
tz1gk77xzDAG3sif9eFvsqUnzaGh4MrzaCp3,1109566500792964
tz1cWUkZFBZ72Yn9desxcgS9KdH4BVfqd2ZW,543799647539886
tz1a3LNYNZTNN2SLMjWSUc5jtLWFvZ1kC7BR,11683285624283072
tz1SGPStfd9v5upQUxRiHPC9666X4FpVAmK4,1137413142217
tz1iF629Cc91SJkmQRAWAm6nYavf7RgpAqZh,1020407123345
tz1WHGwmdEr4iruf4v9r6bdHgzC5v8SKYTkV,60225398297640
tz1Uza3jMhipiQMtmeEidizjbSqnqZMQyRv7,30596025410
tz1YqsEWdPxBmqVKsJircrwBmCmZDtHAgHzp,15174537741635884
tz1ZLMaECyswARea2bTsBws9eMjgUm4jG8Uj,1877819867412792
tz1NySiq6aHysD6Rpu4bYhFaVe3ASya2qB8D,126373368683287
tz1USU2xSWb7CBYGJYat2X7An9sr3cFfsLwi,77143939867088
tz1aoYg1xYeEdnLrAJ7y2r1T3aMBCyms6ppJ,1380073641909
tz1WxCJ3UpzyWsXmmkE1YjYzbBv6jXYkbFYV,91553087218952
tz1fq3tMpnnsZ944DVxcJqsVNGsWTPvqJzvo,78676860534158
tz1PrecMTmNArbdvQxtZLUVUBT8rcC86dKZC,2518138607265
tz1Q1LWn8wCK77L4xetjbH3Ar7sDaSANezZx,17594365056430
tz1dugdoeZULYPA9phfkpofrP95rFqhZNXeR,186455691223
tz1UecmgMghaWovhh9EYfqTrK9gTtaiMtbzs,20313508028
tz1gGwXf6Ggkv9T4jGmp58jUMU2Gh2vYjDyH,59407308921866
tz1QjPnpmqAJYSfDtDM7uTf5bkZDNY7eBECd,205103247693144
tz1aVZZd883FwyEx5g2o3TgQ7pwEYi2f6apg,276179534232750
tz2MzvuRU1GEKi9udpqzLpGYfDoZTiKZ3C4C,690275326874709
tz1SEox4m6JwzUjLL2daQMKU7XDrvsEukR7X,11833212960315
tz1XJqUrY2okTwoJFgHFJKQV98tsn2oC6Twj,56982853788695
tz1VqXA6L6hPEFjvsgWv7Viw4xQn5GyNszzy,5515441862126859
tz1Wf1Lqz1yHm27P2RQJAVV2CMxnhYK4bBGc,203480539864714
tz1cTS1WwovU7SC783xgJxZrzr151mcshmNi,15711849639755
tz1f4Z9FJfgStP7v6Rj7BMJnWJ9Mb1NdAGsS,218804718202
tz1ersiy3MYVu89DFXvW7Qb8AM6LYptSsoT7,249654243667043
tz1UFF5DSDDtk3fM1ewaLvVG6fhaAeCdgYEt,19189906614297
tz1dcpUhXGeXexEXispSpfv7CeufoFnV7AAf,1534952052733981
tz1RKRhkvC7MQgKfPejvNaHGshWUDsyJKZdT,906062311145399
tz1SHzbhYsbX6Uk51hJC4JkjgWM1gWaSwBqQ,50270757508426
tz1NW1MMFL3jytxBjhx1qATMJyY47vLBMa4p,22620260406374
tz1QRm2TJKnarZ9tbL5CNjN4Ltq9pJtytuk7,66977885
tz1WJpBDRGfa21un4yQDKTGXZw561nsGg7Qe,1394150876940
tz1UXAsfFeufr6p2PafNr2oXNrTDSdtwwdgm,20315809540679
tz1YPUNi7KW28VxZNEu3fNkRkJG55G9p7wsN,29089253870
tz1YpusrSty7ULz7w9sM814trSRmM1aNbmZd,1031019932248531
tz1cuj9Cgi19KMRi83UuypS89kXM435qdhmy,2465856186111
tz1htwxBMBFikeP8SnQiEQyA9n1ryDrDFyLK,12637340785903
tz1XTyukKgkqq9P83UkV15np7EtSSEy4kAeY,12943993979282
tz1WMFtCLLeRiayH19ZiaErKq4Zu9p5N73Sr,355977819917
tz1RFUjzPENm3vF7quaxfELQCfNTCSjAsFdA,124584748264563
tz1cLd3gXJ9Fk5c648hRzFvTnGfT97CxcHrj,212129135240150
tz1Te5JR7gzDBwtZLKPWSPuTGFE4JX21vVur,4874979070
tz1YDRhXyq5ZHMoHXJX67rHSrUFTqhYjFo86,14595882388752
tz1NGDuYTuuB1geX1K5b88cqa8JinFLdd3d5,63186927989498
tz1XykUaKpskyp7hDEZjmuNTk4gFU58a46KC,7249184674439804
tz1dghYwdzvHc3tYHp8iHpNUSpmAvvs8Zjs8,3126611575409050
tz1PuipWs33aqS2KSG5k1qQtC6Dff1P1GBmM,47297190121334
tz1ZNxMa8XsMa8JTv776X9iCETcNoo4SY629,27606741564661624
tz1iAAJhH465Cf3BnsKQ744XHypQGY1v7Ps9,64450418
tz1a5QW18ULwjJK71LSc7UqNGgryrFouHzf1,9228503854748
tz1Z1ZX2B98nEAvEnLXJBCnsJ6K1GqaSp9jK,45434387815242
tz1enT2GWv7U8jyPmmoVb228u8hvi6hJh5FF,118428067127487
tz1gVon2mQhvutR49Yd5XK6k4ypwWfFjMZtz,49538360
tz2HSz8b961xoDjDLy3aFGogvW4HEqXXdcR6,64892343819817
tz1eSGjgq2NmLWnaQFQxafXK8ZQF5V7Sz72y,5417927775878174
tz2EP3fw5CbUUgJdx4c3Xono8Gbc8PLXGRM9,95554793075481
tz1ZhteLTqobRVCYsPj44oFfom5BJ2SdGxeE,97610213961156
tz1aRF3qMDrbN95f8dGYTKPaey6J2qQQnk8j,31806019849710147
tz2ALu8Jxf2SMgzSZaZEwfiJQbogpUDPStwz,63692177
tz1fCHiWZ3ReGqvhxkMejVzcnXYz1rnsJpow,2594888529978593
tz1Mdpj1npkpaxPHF2wFN6oX8SovVPfHyXSy,31563049257547
tz1L1i5BVehYJBebCGvPYU9kZYGKBELGUJGH,789018846519744
tz1TR56EbNTEEDeRrsPzQzoyvwFgZT25q3JR,43746354784806
tz1XbQgDFCaT228TPS2YUeHHfpVqGW7ANCDw,19251069257
tz1S1Aew75hMrPUymqenKfHo8FspppXKpW7h,5297190436799
tz1Wb4LakUUYuFuuEgXXQrNZuBD49Trodhwx,49936530530613
tz1RAfKUFBX6P2jFkCpzLFntju7djjbtKAKr,1867671204832398
tz1MiQ6euA3EEdnZxJ6EPwVsHzd6vQ7AHJmU,113230538
tz1UFwr89hcJvC4sNCYK7zSLcaD4JW2KkNYD,531618393741012
tz1TiJBTfVoXxregtdgCs1rYd55APXSAmniz,86692130
tz1ZPSGxrrPPfrmoGJgpXDArNJfNNy3qGvE4,43558832337697
tz1iQ5n52oSKgdtdYtqEJgKmQYbL1nn2poB8,1182920815680376
tz1gueZ7eL2KnvxqWudHjoTH3ZPiUCmwNKR6,146995304314025
tz1QxepCwQ45EwtcxkgXZezHbnidvK7hUywy,797637319313784
tz1WT27PugwGBtre1hsj6BHmbAK2qQsVbRDo,196977235891170
tz1fL2TsQR271w84MXx3qFD7y4PZ1F2mpHFA,1615769954
tz1KhU89QWZuuhhnDD1paFp1jYMdpJLh55im,293037468582605
tz1QQyhTMAmNQPcSGkM7GfDva8hmuFPAxUMB,195728308089167
tz1htnC2n5n27PFD41q5X8bDvDcjbGMUS3f5,3207520194391177
tz1PoickddNEkRN6qp4K41u4KUW43vZ1UDvF,6504988201892
tz1b9qYttBxHzoEseqabgvQiCxafZzkAtH9G,1381933555700195
tz1MQotPcNdc9R3nWCTwXLMDqKLS46WqW7Wx,499955571805812
tz1favSqpvTLtedjTm1UjuEmKfgm4o9kyLd1,1127094504590164
tz1XYuybht7U1RVsUip7H7S31fBDxpUgpTXP,59142736
tz1WHUWCMqVqq5AagGN5DrytqWz88tYgedUr,54625522800489
tz1YJvMiZyXnzvV9pxtAiuCFvaG7XoBZhbUQ,278825504881171
tz1TmSForCvNii8rmwL6q2jgicQfqjNFtj8K,561820498760259
tz1eoqCSmqPQtTLs53Rj6gBB14eQh2aHWVxu,11280866747924
tz1XhZUHsJAFp4FHoeeQQ7auVBk5j6xoUKbS,15270693624974
tz1Pwh2MBs6q2SeLHiko3iJpfMwsDV46bqQU,2859952571853694
tz1hLWsybqnJtQRFp8skYy5aZLGNmL9bMUpa,306165029231529
tz1PuYitvGfsBm7C3oYAXqNc3t5wNhWZj5Dh,271104893514527
tz1dbCAvra65bwTVk5mgkYUHUGz3hoKwovZ8,91191811044214
tz1T5NfkdPfhkXzYx8akPkdznxSgU1Uf5jEG,228866069556604
tz1PYqfNnkpZydtSY2Tn3Rv8mjkgUpHJpFXC,636023817786025
tz1WidyAU8wuyG25Pd7b93bcx9hMu7W9Pea8,6362242691297
tz2Mz3ovkZR2HyC89CHHSdsrPya1mKSmLWfD,44121114718609
tz1ae2d1BJt7YUqaaec6Xenh3mBqS7VjSZtK,39571980324582
tz1g1vr7gbU7kwxVqmbmnovTGtdeRxFE6uBk,10364779165215
tz1L1XwcVmD2z4qPfLtBJ6RPThgAwLcXG6kW,6668439968191
tz1epFVHmqeWvvkFf2eskwhQ1AY3JwWd7Ej6,131428306842699
tz1QRcnskFh7eaV7QdEnjoYdDfrDqHgmmrvF,341817204087446
tz1XybkRZWjLx3hwcy1hQ7PT6FWEhpHm1FBv,33424924851246
tz1XcuwadWbLKkc4mDVxRo25dbtwfEa7wf2c,235540883923885
tz1hvRvzke27MGtp8CsSvsafxyyMWSVYM1ut,11921500747008
tz1a7MJ4HMNbWDhKZAqrvzX5P6u2E2mJyJiV,456029256074600
tz1WeLuPLjUs53Yr1RCgq4EQ4d5SvV651Tqt,4476485952162
tz1Wo716Gggp5HfupfxtPgmYu23rDQNcLcD8,424229125874894
tz1imyQrFWHyTp4avUNAw52RxdFjU3HPviRN,116785894216805
tz1isKR8pS4pdgU934K1S4UpLsF56ECJNArh,157773056430312
tz1ZVoeS9T3H451BgjTe18pM1q1LPd2cgB6Z,248238974903
tz1eL4fYCgegW8tLCbQ1mYiKY3TdDxWnnKo8,253336601114321
tz1Rhg2UDkjgLhemdSMtiGVGRmzwVLVaHArD,31460576584403
tz1dPHDXSCFo8PienbvDMyCKr5DXjPMrZkJ1,210589292676775
tz1fkkxXSMtSQew8F78XdsnaC26AfsXtsGiY,44288577503506
tz1ZuiTWKXKqYfzFPaSaAG3Huf9QM1AdZ1pJ,161258791448857
tz1RsCndtupuxe2U3syGAdcRBzpNqJZ9ANNc,3368306828775346
tz1MrZQhiNiHK14oEq595DLsVQ9wC4Nv2ZXW,20174481958090
tz1LJQ6MPnjGekNAmhFmkm8XWtM6UGx4MyF4,770858741577832
tz1hmxzW7MuU8HeRoCFPGZJnavGf5unqgaph,463340469792539
tz1Z6QqrAbEAMDLsis3v6b956sfH6qLTSEex,1688990814188
tz1NnBgY2ze24nQDpdY72wb1GVsee1UfAT3d,16949149828776
tz1dAW94vB3yYfNPE4LM2txBT8PQ21Zq4Xzf,37912020462108
tz1eeR22tmjPN3rGDikEMvpe8jcdXww3dqTt,126373372853608
tz1MsfyCeQEt7khed67HHsAidezZ1Th6mjzB,43825583519034
tz1WBMWCwjuFSsiiLUWKEQHEACNEat2S3EsD,7326591461306
tz2SuPjN8dYMJQe548bTvSPL1fdStZPXv7gT,9310235300717778
tz1N33TtiYBQ67sw32rhCsMSVpZkrSHWe9aq,1973623370228378
tz1QMjzbw5Yoi2zPqUeg2yuv5GZdmXjhh9mr,126375011789827
tz1ZutSZgCHEzxspXyoSYSREhwHh5g4PM8hN,79109728
tz1NJS9T6FKTnKUkVNv2g44GHTAhzH77qiYw,256319146823765
tz1URL5HNuTa1fHqqCtUKXUM3hm6g9c88NgF,399045521463
tz2M9C5x1KoZGoQ9xEY6fQ6Xwbe2GU1RTzRx,102958578474
tz1RCQDHtpdcwfgF1Kbbyusd6xhfjbXanhZ5,1491085520242144
tz1c8JTzmA6c7cm6ZmUwR7WES6akdiMa1kwt,200083966664319
tz1XRTNgXgWmR4PqxZpiB6HZJ8Siz3M2JAim,60015928098556
tz1imbraxLCQ9TUpnJVP31LS18hpTqG5wv1k,142022922717039
tz1iDuz9LvybPBC4kDc7ceBoKVDwwzJR7zKb,3874871112451363
tz1eiyML8sHGBL139FwJQJeLGHWAFtDqPz4U,12637337500195
tz1YQDCB6Hbn2ozMyS2kf6WPJDeRvJtmtNqQ,226414610709266
tz1eeNRXYK56vgSfXHFcXorubcaBBCVpUY1Y,81384449
tz1TQw8erN1a2LpfRSNMExicRXMveBPbvTKE,23457101553
tz1gaRjULm9qy4D83VCvb4ABWLKpz4XXfqjx,61248791194337
tz1hAZNx3LrRKFgfRytoLNVGhCrzU1uVDUHS,199840942707211
tz1gJaXdi7Gweq8TUSy9knB2wLjioTKy2tZF,26278401420706
tz1PoXtd7RGVBwWmmZvxX18NQXYpbNdiwwtE,349732506392257
tz1RLCvv7wrWq4hTmyKk1zZuZeuUXNViSgRD,7067510777691
tz1QFk2DJhPkzp2nCN7Thpo4askJjQ3Zw6BU,135790291249
tz1bRDYJHp3ACUojEeM6Ja442YEwNmcb7ph9,124050832155479
tz1MDs7ym4sp2FsQhL32vuAnEqG3ARhM9Vi4,133955778260313
tz1Xy5UM1tC3CFcbPBVq5PjufaxcLjMwfQkE,3632877597624
tz1RAKBnmd1X43pkkGqywYCRgf1Uo6D77zMx,3632622070673
tz1cXwKRD6AMy5nhqEVUU23SBxcAMnh2aKLn,40508910540367
tz1imrUNR1R52GxhP4y6XQCDDXtQs11GarTN,2621018419167
tz1chab75LnyqBqNwrK11459SGCFQXLg9uyx,66294873487192
tz1USfPTFciXzVsQL7Rk8HmMWyWtFEas7fh3,145231129686112
tz1btYY98CWBVCGEikD7s1buWjpicb9kG8aH,2728072206366
tz1fj962xSPKTA57yWHA43VeVzo8KqdpNAeF,191402428229168
tz1ioU6W4otB7ebgRZTq1EVVra3vMyXqeqsm,35722524401934
tz1N8oU57qMgDRr6N9pSbhaiWRRQSxJRPGoZ,27714142369752
tz1fCEeLBcuSMSittqTnMEhcFdPCtD1HsiZc,644578848183
tz1WsKkY3TLDvqTuK97Xu4zuVoTb2nsr7J8S,23365906870618
tz2DsS3zeg4pqoUnRPHxvuRSuQrjDnTZcTNJ,406815798682
tz1gSGxwMrToBdzLeaxg4Bregv6W2oEbNLC8,1174715238676260
tz1X8AQxtn4KzBwMZ6MZUVFDcACrfnyfYhDg,52065827
tz1KxARuCbAoiGGesnQjr2pvZa7CzJR7V9D7,92189973486199
tz1QS7N8HnRBG2RNh3Kjty58XFXuLFVdnKGY,7574717746056710
tz1RAP1j8SjwT587jyccTNArBFhC9HhGKfHq,16241628809957
tz1QiZCuJMuVz3aq7j1Bq2v3BRTQPCdTw3Fb,248047652585930
tz1L8hBVpams2fWFC9kS1sPVxfGY6Hmg5TQ8,35275911419866
tz1TQSPkLPqXUREhxvYzPbAib6Jz35w2a6tw,115618153584708
tz1XD1xSVzgY8Qs1id1kNyFJDbv9e9pNMe2c,63191626045852
tz1Tk1MJDZ96bK85RLAqtKfnptZZyXsJ2jaq,57198963568
tz1hes6aF3Px3D8nPQx27fdwBKrXmGs1UYxT,367384638895661
tz1c1BG1PEeuhMFwmonTVSGafehicqbBJFec,10738883332908
tz1THwbFPPPBHmBu4cmLV2SppLFrA5QfBhyF,50359985358801
tz1QSwx2wnmrTjEGrid79c4tpFMxjCT86SAy,108076585888209
tz1RcJYTsoYQ7adtNMANhwd8qf4zApM4i2Yd,267793694173445
tz1cvrgSekgCqgyc1c2qFPSeMtux6AAAfDsk,1639027432203
tz1a1ZcbAeBEjxYSwuNKxSu6FbFB4dxdL3m9,1481074523868
tz1NZnfrNgCGdECyAhA93TLPTSciJcZBJqDY,6130490052032
tz1UGuKv6PzgVbofb42VgeRwDwsVN47UpuZB,213480156529213
tz1eCzNtidHvVgeRzQ38C81FPcYnxMsCEL6Z,115378885
tz1N3nvFqipu91tfU9s4GXGsopawpwxSoAJh,10391049987236
tz1LFeLTRQZrgKxbmvjz2ckViRhVw9BZXw7t,2504674972142167
tz1XuzzMTz1LhqbRPy9uxfRkccSxju3v8Y4j,41348827532089
tz1MoiwNRQWHfA71aypNk8J9CsKjfmq39c2F,452738079807678
tz1hhphPmGxL6HEmEjoVSJBy82FMWbFwzNCD,2530720603295
tz1YHLm7Lq27q3rgVXLY424zQMkvncVvNiaK,13901072450762
tz1fKtBhuuZiMYhM3Pi1hcP2sjRbstgDrmqX,4067544991505
tz1XEA7cp83PyiXfSxWu3uHjA3EF6Gdh3Vhq,13673969144622
tz1UXMLCt7dqbUiJ2BHRhE1gFkdVkmCZYcM9,4455745024095
tz1iKF8o1hCLaTNZcCJpgKQBQxkpcSiBy5V6,178491533479575
tz1c2iwyckUCcicx2qxqtwLEartYFEHg1pvB,81254570339733
tz1PQDUDph7dDCn8pLGXqaR79DiUWLiSZdEf,42714009939511
tz1fUZ5pMP1gUjuJsp5V631cXmA87Kxm3cuZ,652086587587071
tz1NVsmLrZX4jad9bNdvM1EskvcTq2LSZhLx,563231507086342
tz1PKoh9LB2P3pgh5ahaAFnrC2QBmUxcHDJU,39288076568254
tz1cqoo91JCc6sKmNuTVKNzwUdi6E6moHWFb,166917485201316
tz1ZGNErBKdYeEPjZuqKXhyTixQTTPn54bx3,4654408457339
tz1QVUXNoyCfKpAyxDpq8kR3rK2AShuzQxJ5,431169386997601
tz1UVTMhbMiSETKCxFi413yZ7imF1xeyt3fV,128920641164919
tz1UAYfFWmaTrQTYMptaGCw6LrXK5Yv84VnQ,686268556660
tz1hLhGe26gqt78sZboxiwne6zgKMqirRieW,4855261159984
tz1RYTr2WKdJD1MMV51kN9AoxPnxZJgJ5sqU,6886333309595
tz1R6mtcAQwBTK9YpSqRL9y2a6JZWgDkBm6M,78857250359356
tz1Sv2XMQNxcAqyqyyv42FHjf3EGwJ3Godj1,1407180139621
tz1Vh4cX8VutUUUnnjmnY2omSV4F26T5orLH,950816202713
tz1QGCWjNpYmcS6T9qFGYSam25e36WeFUCK4,76398289420605
tz1LApX9pPhcDUDznHR5TTCcSXh3m6zPgFHA,7002318046164
tz1hUY7paB2J5EhD73r4oWL6uZubf1UibHrk,136396622123801
tz1PWZTKd1zhfuxrixGJoHJ6G17SQiypwe5m,62807564
tz1V1Hu7nMcgVuMKDEZickAKHHZavLKTB7Vh,67609752
tz1NKHjwrYfg7GWwbWZ3bvdejkVL34De72Pz,66219645
tz1RaZeHEiKewSd14gZ7HKfcQ3HaNHJ5tnV6,1362155065541068
tz1aiLrqvULcV2Kfvzt9dUmqnLQnoNXPPek8,1234572798218473
tz1M2h2hPZzov29kf7xcHXrunXb2jFSbfiNd,635052331234035
tz1MToDUySbYhPabULUyDPPsfDQF1cpZPdoH,95562368696744
tz1gMfLSQs6xTM2TcLM6Sb2njJ6h9qhSsT9Z,191349461507982
tz1Mt4ddsTmDs4of6kkWYvMWSUtM8zbGNMq2,59016363
tz1UNTxRbAYTSBSdHMjoUoYAtLH4MHMUiGwg,13155757580437
tz1YUJitqsUrFfFzEp1d2RiqVwV61J8aPb4E,72538313
tz1TqqKqc4t2Y6PTvxeuhF8kNjVn8HpZkKma,91876363186127
tz2VoUZvPNLyq9bZ82VoDLrhkH8n6eaUoS6E,17335962787271
tz1ZvbLR47deoqaSgsaRXe7hbgDgwonBicnV,1869984434087975
tz1L8m6MGdvK2WA65wQ7DeVwXVmCS72JKWeN,17679213073270278
tz1iCJRFVD1oY7yQBap6X59XktpKHJtgCGyS,4302089667087
tz1bnWUvcfU77EBpbLUQ41c3hCBKovGuqyGY,289203714196789
tz1STAzkywd9GnKGvJBPL4xWte3LCniyu5ho,83345004610055
tz1g6cLrzLxNayiVyb7BLsKK6TfwboqWaYPx,32041540468138
tz2Q6ugZbronUHSk8fbuHibBrBEJwrzgtL8X,25401051907528
tz2Kn9u9cxvTczP6CjirJnEE1UApmoCzuGPB,70108921715388
tz1aHfKHR887WzmpA56K2diKDufR3QJqn9iK,4667606447716920
tz1bdbHUpDrUx7m5g4VTSkjnc3mxnquzRTcw,5410383792220
tz1NoV2nnTuxavEAuozNyHm4nqT3qtkYUNYW,68115245
tz1TQJjDtzUWWAa5a9H61iyPZmuKRfX9hXi8,13484412227738
tz1ewd8gDnG3USrTRJVdbpsyieVv9fWDMPNk,228532792294119
tz1PwxV2kaHhubkYaRWTnGBvsxXswz7V9GWc,459536036033
tz1Tpms3fccT8x1pVY9BQKgnvppew71pTDDd,12639729242571
tz1bNLPqmLVxWF6puxbFZHU1yCJLiCZmHH2E,3783073907326
tz1ajJzH5YBGRuXnU7QDJzY2qVRGcysUbxJE,12637407890161
tz1YT4u9DnGFiRM8AXXACY8LWuV1rW3A2hFb,668774624397
tz1QppHuA9TUoFN5Ek2ZSmRPdU1xQiwRSnPb,7036850183992
tz1fne8nhZuSRgzaQPyaomKQcFRfthyicBQc,12637341923263
tz1PGFWJqZhk5BabfqxfYixpVH9S8vY7NKj8,80752582
tz1Uva3ynPUXqpAsWJ3CxcXVPG7HEXB19rzU,129135903918281
tz1cGZNvVyHrKgbRu4b23Nw896JD6GYhZKQm,128923151824635
tz1i9THBDe13YzhSmcdpcWKJrL4raaJ1cpN3,128710925444203
tz1apbBneTw4Ap2kdmv7gfTv4kDPYbR5HAkn,109052794886614
tz1MJ4C21XhL6B3YptprRWMuL8oeJquUhz4u,85154797706895
tz1SMoz8tsJzeQPtGhPEjPnanQMvFc5KitVh,7049914789219
tz1XuNQgqT23u9KcwmRLGGQ6w2n6dCE4bmoV,10508995705291
tz1WrZ2Th2eCuq5NuZb8nHXPJUjaBE25Uwgv,83911916
tz1idC7XEoSZ45sXLwp1ujYJ3yNFi2tkLT7A,44254584204690
tz1d4649CmmMEzXBWzhTgTkFxy9ATNhb5HC3,1424032744579
tz2CrWArLr8eRCj6mp6yYQAKshR9MuyaK3Qu,143418657557782
tz1WqkwtGV3ttnchD3bqmucZwByduHq8EN8f,8629429744225
tz1dVTewmwhAqfBcAgDuDuF2sPUaafuPA8mr,134245549108996
tz1ScePe2eXYo1RBdEe12hNY8KrvHyjFhHw6,1140448412953
tz1XNmNga2NyqFiNpmEN66fpySDoGWoKpKXB,3094940121704
tz1dXpsNAWLHVYNWSqhrHCHT6wh6L1fKZfo1,87323997
tz1N2AezxpvrXzvGaqNVW9BqXxJ6Rcup9M4p,4745355677376
tz1iFKBz9HbJDp6omQGG9LC9bTXF4zKdkJfR,6441245167732
tz1fFCF6FogyPLLjSk3FNTG7gVdDWfPCWVni,71527326
tz1WUmNdnrv1w75V7ntFSt5kSuyQfYuo2hqK,81510822
tz1LYQiMSoy34xAUD2NnsJLCTmb8HYYR9th9,6492968271053
tz1VYa9SB4LtsHLWZnJXc1JuL7wuX46orE2Z,222837307985513
tz1cAxm3wHEUX9tY87sSfdVfHgCWcPCTkNTA,91830999064345
tz1YrFGJ542U6jpYHpe7BFHxNfa2mb1wpAdH,1471243124581
tz1SPVSDCDpbqigKWVYnbgHEudxSM3BASPZj,1135009248537104
tz1f7C7HeTczoCxoo8oQ3vBDRQTiNM3tFTZu,55519045279070
tz1P8pHeW6qWzBkgeDvi3bc8depN63r5tt5s,43058955167219
tz1iZnkruZaYGv3dfER3wEasjJj5xpaTtMjN,189560056310638
tz1Y1svqGfYwEN9J3ne2WLEuzUVnwzP5qoYW,19600216541
tz1YmwJZfEerVMbc8uuJc7xUzE64ma3Xfu7L,12805978464008
tz1aQbe92zZy6MNeRFtgmgV5dV5R4BNTdqK1,12160607911307
tz1THz87Wwo5DL34CELa6psvuH8RXShPmSbc,3285765338394
tz1cgAHrLkuj5NrLmQ6LnELKFKu3i13CokzB,59269109
tz1eQ9skdokeeUyTc4SdNQMPigjZ8JY4kzus,163539262668061
tz1S35xPc2sh4kK5hd7KujsWU1G3SUdCnFqp,2132803828480588
tz1dYEEirVkgSnE7eGK9vFUwxWBqibkafs8W,37997776039990
tz1VLGH7SJ4HA6kDXRiHYqVFkn2btjnoxqib,1228563574770440
tz1XYkmAHtkZFjZLdWNoL2BTqUws4oD4H1PR,567358884262373
tz1dCyFm9jxuhxJEi8UW5sgiS7TFubaNT1J7,716504143358
tz1XbmhVLdDgsihnVoyn6aTRMURJ87YEbG9B,69508236811366
tz1Sk1mwyBQkcyrwWZkftmR3Mjv77BEGUw65,14501880637730
tz1QHXGKA8NaCmpZLrvrUyBpYhgEiQDyWY1r,9562391558482
tz1NS4ZXnzYBPJpspW2svbqdjGsgBsGZchzV,506035621477
tz1LUdy3KnxyyARheKtfcnRymhUq82SKLvyx,292496633859
tz1LxFeaR3ZNkMRstvhjNeVbpv9vz2LttLBz,58889989
tz1YRG68NdqtAcsFEwTUw6FsSsiBb5kagEDo,6353939047340
tz1NiraRNtWgpXyyxopRTk2a7Py9oKFdrgkB,31792848337324976
tz1VnXCALwSCihScu984A3dbY6XXLzDqJWa1,69157009490537715
tz1ZDDHc1YycDdwQezjVDVCSfSB6A1xH3YxG,57879002
tz2R1iMz3wHEx6Z8dpdPVgb9eTDVh5NdeqNz,71442457479667
tz1hR6q1QMUC4wLD3izGsfeZ3HuyfJH5QajX,2661459079377
tz1akJUKXFmNjxKaCqcEHmwbx4u86xfHLYJc,3869997774490782
tz1V2FYediKBAEaTpXXJBSjuQpjkyCzrTSiE,10123639503501
tz1Z1xRcvcqPPqja34fWNd1StABUV38LnbpW,1327034379879
tz1egZ7YNcG81udp3pGXPBsYQsUNHB7xAH7V,24926702580777
tz1TSowSJAKRqQbqjspmyfN33nps1op2GodY,126993019962
tz1VV5912Qp7qqZaQ28MC2G3RQ89UhEdueqt,6197082393316974
tz1codeYURj5z49HKX9zmLHms2vJN2qDjrtt,3917076831760468
tz1WXSxKwhw9EectY8mAdUFXDBHFnPZE3HSG,553300868517414
tz1aDrsGYyNbiqUX6eTHLe5otZJwN5XQh2kG,8466816383101288
tz1gu5jCJunSaHjR52rcu3n7SgDCJZDLTqJM,27733657957697
tz1SDmZnnzpH5GAfHoeXygPWwzJtHXADpohn,8453383706905
tz2KgCQ3sTz3n3jrU21DveCfTVFgrMnzeA7x,12221840981953612
tz1XT3SAzJh47s5DxMJud63MWnvDftqWFtS3,656738903809798
tz1bQxeuFnf9PTDRUwu94sU1GUvU425KqCeq,370407167772
tz1Rb2U9TbEkYVQM412wBzBbMbnqX2r4CTXs,334242268989
tz1gaTbRLDWJFA8bzcvDtkz8HxN6V1eL6gwL,5290035218980
tz1U9RY2mXmwAaSSm67rEy49N5YE1Rs7K223,5526100339358
tz1ZzEEVRzw78fhsLMM7JvV9CxZUaWGB98U8,17988736903731
tz1RSRuULmTkaXTjrhbFuNkE4mkJLRGPWJmy,77340501
tz1hHz9wjLaZ3p9sDo9SkqT1t5wxNsK7688s,20814407326177
tz2BzwVtwa2mTbspW1qqdiA2UtctbGntxAGi,2095848864578068
tz1QjLLgQidRchfWMvHa23uhfgdzNKSevELK,1596913030808670
tz1WW1xr4mdTif7jorgVr7aqY3YnnJPSDXj7,15029288188697
tz1coEYWsh5bwhhCsK2Dc1SXTNQs1hWs1QtL,21753192747046
tz1YKkEwEXk5g5MeDzNTgfDwKd589rGJS9q7,7703252530671
tz1PSiE9EmFbQFb7K1cBxPTsbPdgotHLdy9e,23586480702300
tz1hWxyYMfK3h3y7WvL1ErggtgneuNynC1JA,20527601292235
tz1agphvYoUaWn5BjTVHnqTTyYwURTGAZyBE,151084662230
tz1UVjnYXp5DZaCX3JZvxQQqxKnXaVMYAYZD,91304281663690
tz1N4Q2BLS4sYvKCoM5XxFAEL1yoEY8TSS7j,7690855412448511
tz1XH15XMCB22rJJxHLsZgVhXA6t7kJnmFa1,40707733255823
tz1NEmMNjFtXgixkdCkkGsEn7k6QPeG1G1Qn,227052646595048
tz1gVmWVnkT2yQr9gmed4BgK22SrSPjfpkEn,211109625797073
tz1huGodLQWq9gKTZJ7D2Z9GeymHBJNnXvtd,15130304312
tz1RVq5ohXzWvbqHzUgsmUNWHqin9HRkrWPz,173362832324
tz1aGLjZZLDwYYSevU3HLbEXenAxwRo6f6EM,49155658908
tz1VLnru4Qd3CFuj33ss2v1feACiaLaAQdvA,119043713
tz1cj6FQs2Zjuwwf1uY7e7fLQfzi3YAbNj46,63187201840588
tz1XksiJMYSGBzqZqbj4F1dbHBH85i9jR3Zi,109553103388403
tz1U6R3G9mF8n9qH5mhrMZjgJTMKAEYb9Uw7,2126738536888341
tz1TtLSSFGrP1796nyd1ZhGH3o1AVitoukLj,3062000588594
tz1QoX2rtnpKq3MxJ21E9NcEKxqPL4dKsEcn,524873642669744
tz1iXbbzm9Wogk7D2W2qNwYzePbQVmYP6BXN,9466282483645
tz1aQGJFwYn3yzghyRbuWNapzDZjXCEfYHuW,1348709855307
tz1YDowtv9HFd9eUoMZMNjicREmagF38XWyJ,139642572
tz1MtaUicPHBwrvkwnNwikGFfFWdaPxYAvJc,12285194696278
tz1enSmESCGkRYo2CtDYKhqUHFTAQkpXjYjg,12473340631308
tz1Wn4Wc6d6jieFpj2DJaNEC7HXcwKexW2By,164285392304730
tz1c2MCGJM3pFb88Spt1cWgxGtXAX38Ur3CS,100775447034342
tz1ZFS66zDerPgLPnYYEo8YXveudhGbzjESJ,24547664924275
tz1ZrtiLUXfjKsYskvr7fmZk9N277YQcv8Ws,60911559129129
tz1NqZnVNkS4N4XQqZaTigDQpSs8nc8RoMFW,24887789882702
tz1WEjGgTyPyhUapqCRvwBnHhLCNV38Jr1GU,13444977217071
tz1f2NgqK2bX3LaPgeTrEWgFFqRJgPNzFAYv,20835218239785
tz1WGMbfVnzVSTD8oNgZA8feaYvNvBYzSVmD,15052504949008
tz1MrpnRbw6HqHvKyBE3811uHgJYuvVj2hwN,12755542094327
tz1TkqGsSx3gB17SLAcMAnDgfs53kYeFez9Z,26465564204310
tz1KssAq8Lofcu9MwuXqpvXh75ufZSCsLQun,21499334555902
tz1fhd4k1jSJRRcNVbkMwVzkKEhX3kzApsfk,36577222910924
tz1TRrpXyABLU7RfM1fR5AbFM4g3F71KpKVS,4678749311669
tz1NkGJR1x59KMwfLr2a8bAqDYSm4WeDjeui,16349284679499
tz1b4Y6E5szNCHKZadDnAvdUyBfr7eQoEM3Z,60426180873012
tz1Y8v9LUURRffBVoJNysYTMzb2NranuM3fd,9284043041036
tz2ULsEpiuozejYYvEcwYq76vDHUEVcyYyE6,1504658240250
tz1PQkArZXKyQjY8gmX9yAF8NEtEtbuekeqP,8714713697579180
tz1bv7bDGmKDPNjX3FBJ5nPG3LWnT7yB1Wto,300394346306330
tz1LrMXpAmdVrP5daG1dyQnTia36EtXQGhzC,5733223961931
tz1fkdpxhfX9pyAirzTZ5cKUKn7QRoPH635X,29728448373
tz1bRxQfpDiUrzfEyjn4Hah34a7HNmoC8qyN,1774801179697658
tz1YrmdFnmRS5McKQyFsXRrTSS849k9CPdXL,8127338572789
tz1TyTnxshr1r3xEQDsiX3sX96wvfwm41tWS,404277701697
tz1VFdHcm1vd6qTka7VHV5VmZPebpe4cJXsm,4640889637743
tz1UJd94Mz9pyLzfC8SAZvTdDHUs5qkFvucK,113220307299333
tz1i3d4DrdmVrQRVALsNrxw9J2UsXR4a819E,1710147834419
tz1ajbUoguHiipVftY865tu8r1aRYEVWMKZz,451972140216
tz1f94uZ7SF2fLKnMjFzGQTbznd8qpAZ12is,46855508302243
tz1bmKAXCTFwox8xP1uSsTYiSSBt4dhtjx3e,88944153911869
tz1b6XZn2k2tpS7uh3aHCMZ7J5xTR72ziJZv,77387260554649
tz1gqAonCuKe1Vg9zNwFhP44fdPpHypGfZh1,22827804571981
tz1fCCyqjcmwNw5Vv1b7yVXPvJzL42KqxWxd,25878641558
tz1Yhe4w3qt2wiRz1LJv6QWsdHavkuLZtA3Q,176535966253574
tz1eQpFrU6eQjmy2dcJiTeG18SK75yMPucec,20474886132
tz1biyDVy4Zq4vZyc91eJAKi7wYbNFPJTzHD,5915026628497
tz1cd8cN3qrphyJ3n337tcbCP2G5QkMP271b,351106832386158
tz1MT9A2Fhs6PwsUXtYgVUxGNxHeuHX93sr8,4830318914314
tz1igNamUNibU68i3pwGcdKLNr1Guf5oJ6nu,408367487004845
tz1Yu1qh4mk9ejf2MLxRNnRwdHoidXqoSqqm,1379328959236289
tz1Yoe8QLauwLiYB6bpDo6tXNtfidrrcUyCx,4359248037213
tz1Y1kdVWiz11sFffcydfFtP6Zam6N2h3iSF,75926667086
tz1ZPzoCDzn9kZD9kf9ZWg7bybBJdKnw9PMz,21851454570712
tz1Z4HEApoZ8Yum7RTc94Nqt2eepRcHFSqcQ,90733234811582
tz1aWwVu9MLbY2MiqL8H7WuzJ2g39m67oJQS,10096494248620
tz1MAE9qgpWLsc2p6NdKZbnCcpzKt2QkQSzB,85336082127645
tz1bYyUrzvViYFF1LbXxWeFiorMBXUtEusSj,78938724643
tz1chAZukD7QacpWDUJ33dGqeWFvknj5Xpj9,184321393749703
tz1dDmngL167C8BFXJwX569z8KPoBS4Hrmua,8356980130
tz1TwG24jP7Sow6uq8554A6AUSxwtMQk9sp8,15619152398449
tz1Ziaxoio55wxE9UWpXnaMgRtSN3VBhgGTX,350842213517
tz1bp3oUKqHcF3BZZQcDNYqsk1nw91Nkr4fr,3441533385988
tz1RYVLebe4eDwGTJSMppc83yugoYXN8G53H,3441533385988
tz1QKxiyYVjjff51jz4RR36SxHsM6PiiExAn,3441533385988
tz1MdzpED8Jx333i4MMnhisRxK4RZdN49AZy,3441533385988
tz1bZHuPEvBTssxpk6TTErngCiqpedPz85Ku,3441533385988
tz1PZ36aiHW5x5HmhNc7gvDNdu8m7NAuZbiG,3441533385988
tz1WUqA3SszNphCmLgiDu5jSNKoGqAuHA77B,3441533385988
tz1NXp5GJfJ6UZoiv5BYykyxkag123G6SQs3,3441533385988
tz1SKjT7gZtxGYZzvwMJPczpnbrgy9S2CGq9,3441533385988
tz1SXKgF1AcPkTDCHm1TaBSx1kkhEEiAv2ZV,3441533385988
tz1hf9kC9q6s36AFnz5VdGPWfw3U3yjM5fd3,3441533385988
tz1ZyPDo7hJ1xyUWg25q7rpZ6kZ7WjLNXPcq,3441533385988
tz1L1CRSuow6DbyfL4T1iCrZcbvULU4Ndxbk,3441533385988
tz1PHJKsafAGux2BN5RbnA9VVnJTLwHyEGKm,3441533385988
tz1iuXgS8GQHX3UrFTeQeDJNRQwTqk5Ky71W,3441533385988
tz1ZiutCQgTEedcG6bB4HyxHksneK2BGyRcX,3441533385988
tz1SevLttnimTvtKcwteXobXLXeotdFivrCE,3441533385988
tz1b7f2dYCGV3Mn9Kqd1rbCmjPLXaEwyHwQT,3441533385988
tz1dpQJYQkWUcBTqx3sW8AEFsJeNUcAa7mVd,3441533385988
tz1Xq2xFYJ6yewPo4G3AyYexq8YbDPFrMnJP,3441533385988
tz1VfGyV1Dfava6M8oBYqmDRJR8UL2FfYoVi,3441533385988
tz1fekve2hE2s2cRwLVMS82tXn4GPcugfCdY,3441533385988
tz1Va9fLvE3yNPupePTdMPX7zF449Q8fjeRc,3441533385988
tz1Wbc68JZxRJeaYQ7BV1WvnytzJfJ3LYFdY,3441533385988
tz1aKbkT7her6XEBY5a5cyzG9sSRQXNdDfeB,3441533385988
tz1LUSKkdCc4h33utT48d3dqqqWuNTHSy8Wc,3441533385988
tz1abXSECVwRTMajFVmUzWXABPaGkTy35NKW,3441533385988
tz1S6SSigi75RbYC2sR4xzTTyxZACqhpcxoZ,3441533385988
tz1fgX3sRSUFc3NYTqj81Z7s97auxMoDdaHc,3441533385988
tz1StsoAaqgEcbx65F1sWQs4F9KzXyycufcA,3066607265495
tz1ZYCUaf3AHvBhVChWL2RDQ9vww4VtQqBQX,3052137577669
tz1a3zH4CyejVgJ8bJL88F2bkb9DKTsVALu5,3059479120484
tz1RPJZCCaXzywaZbUQ1AShwDGW2eqqopqio,579954038694956
tz1TjQAiE96rYCGCGrbWCzmwhuKgt556AgUx,4294229181850
tz1S4nxXjJiSsn5h8DcUXBJhBL6MnPoyuTdC,2251107031510
tz1QwQdgo79b1b3Uhcbviz66JeNq5NSkLMMU,2163833270404
tz1PmrFyfaJsaoNswcXgc6xRHsimmSVmpZwQ,2253878462477
tz1hkfSmFhSUdaGv6WNbtnMyfBcifEc4ZqiC,2114490735195
tz1Y97DD3qM7xfwcg1N5vNP1RFPPmYFrT76k,2221335562771
tz1QZZJyziNF4YKouMcpV7fNvZAbsxbqW9En,2192993525661
tz1h3iUBUDeP3uyFTQ3hkhHQyTdc3AQxugdc,2234834541242
tz1LK7fLAhbDFMkz3PEmmtPPdMThLCFdf2Ew,2244158447038
tz1WWRakDQcrPLDSdoMSKfxA2quuejwrcdMC,2246911439798
tz1MhPuAFdwmU7ZCFxBPAuHHdyZ87yxDmUFW,2255215813625
tz1NHrBGrp8bExPpFyq7mE8PivPK38TRHV3v,2022193571434
tz1dkSFiGuksdcLuFvwinHxDTxGcaZuMBhZo,2236967468407
tz1aGPrBTV7uHxetHTDrDXehi8axBZjoJ94K,2092930797859
tz1QX6fBCPCQdrLXeTQJy8yNpoxfXcPGrPaE,2185632664321
tz1NdwCrV7Tacpaxu3HXpePoWaYYxndWZb5W,2043600352755
tz1aBA3X3suZiyhPLADGU1vt9EazWNN9mpWs,2241387556352
tz1S4exgAjybUiCXdYy93FFq6UiVfrxk4i69,2256628638311
tz2M8wUVctsHkQq6zEugKTgieYbdzEuuhpkc,14271855426806
tz1djbv9JAQkbn8uQqXJEmM4ymxHSqmdzGy4,173054569139641
tz1LXcSjjWHCuKHaJPAvPb18goJhMoaLgkaE,80263662119
tz2Q7GcWsdAV2krjJDmEz4CNfcDfnoREZDeT,3714922047754
tz1h2AzE3kDAPJYZeJ7rqfojDHwZECie5kyh,210535152763828
tz1SJsRzVgciEYuGiRAxJ9S5NFFuFnomUgco,14565280
tz1Rpm6NShycycR78Gd9iEtHVPcaUsfcTqcy,2538107935438
tz1MBkViJxtsnZ8DSDxJFCR16azpks1uGgoR,349968128702
tz1PPvPurgxkRirjhsih7t5aPveMs1ENt74t,252015085209
tz1UChaj24fHGPfNn1aqABNBb5WWGZ7RfMuF,3338111604120
tz1f5oxQvEXA9m18aiVGDaVs5At4oZdrR6Kt,53268238112
tz1e9jhSiUVy9vD7qwnotAVgxy1rpjqGJjcU,1004921462882
tz1KwuJDP5WDyWWe8REH6RHTUJ1sfkJrGBL4,995118720252
tz1cZDhWdASeB2Nk93eT4mCAdw4VvnMEw9Sa,729846531533
tz1Li4CydFSpubMEDpKiNZ7NoWiMSgJJcqeA,751459638433
tz1P4owaJWbeXsuqGSvggi3imzR2mJDpyxTV,18436152372087
tz1PVV8i3pkUJC7FSNVQp5fatez52M9QLeAb,26724225532344
tz1TXXmPc2fsvzzRwdQmT3W9iEfWygty4X2Z,29363898655358
tz1ZZvnqtcmgdf4YKFTnVi9Cg1XEiueLCmBr,300583855373
tz1W4jZBoLM2AGZq2ptopYBu353rRvuSh2dK,59852483711814
tz1XpqxdnX8JwzcLtSSKkiemic12U4NkCbkG,21369482878285
tz1Q9Yyna7X9nxjHe4dbyj8Qk1ZuznCTch3a,533950560014
tz1Qg41X8F1dZPVZmc1n32fxRAk1WEgg3qUo,26697527553
tz1MN2zesLxjCfB3K8LUBf6rvnXLk8Z11hm6,635451596354
tz2SFxhkao5Kh35pbg3mQxbTvKbEbXPEhGds,4278692647035
tz1bMLmaYWNNJBYUgPGsCV2C3B4CixzmnDk4,10520434943762
tz1dHJmULw6DQSKAWYWpDXoqeecE4tG216yP,3142638585082
tz1TiKTQkyc8KupyxY5QmPA7uf9xmhQzXAkq,3446784675008531
tz1XUaLk6Y1T6PbJzfrmfvem29cDNp2dnSDM,1468364039836
tz1cLB1J9PtkoJCnH3ovrn53ZWddfMbF2PL5,8009258401030
tz1MhV6pu2sFcSKZvevrCtNRcb4yszVdVn5b,16104462039
tz1bi7iZyxPCGjMUQMiouiHRxQwveQjuTu8b,16952232438808
tz2PBAJo8zSWvHXh7Z2VineRxPP3tn27JPQf,2669752800072
tz1duafqHy827Aw6bbFNVqUbpxphm8MSecwU,22399038568677
tz1VokTq5w2ngWQtfwzF6pyB24Ro6C692Wez,14683640402431
tz1XkMZQCCAC1d2YCbHzSySvaiGU7fv24gx3,306361653066711
tz1VEbcByoqdaTKar1XRpada24pn8D5xRrkw,183450265720
tz1N6Rvgx7tFsXkNWjHNdwhDLLg4oSoFeMAU,21411425520179
tz1hZ3dazpeour6uTQCA26yzohhuYgesjzDT,4002359862236
tz1XrThJDztPJoJEKbYXqaDxFzwp1Adbo1F8,61574766785
tz1YtUbTURpWeX1CzHFamxS7fGdaKwKKgMzq,5559692310916
tz1NFiJUDasUpobcXVdtKyBj5eDcdmjnAPqt,2505592803
tz1SqQoCZfqRem7eo2HtKHSL6zbdoevxc1S7,48131344448
tz1YcRfmH4JsdvLzzijq1mh4FXjoHmh2ANEQ,26697527553
tz1ht6fhcHXknEg7jE9nFVU2gXUD15cUifUs,42666825604991
tz1LxkEN5DUeU4usSqobNqYmvWa5VN1NC2B4,30787383392
tz1d4cbP98Sbni6mxUmvAN9vufMZskSv3F4K,3224117987029
tz1Q4mLBtkz5CbKcpLBB6shR8QUzcMpphNrX,4967197161036
tz1TreKYWjXdKDaKCga4b8zobDq2pdHdGZuA,23305883140098
tz1fwd9Ub1AwXaRNLUfdDCtQfWyeq8YcJvCV,18711257538835
tz1Qor64hy8s7jH8ZQkMoaYLiS6NVmkeSBbY,33513667592719
tz1TnjxYt7dKGzDoFj3j3sGudp4buKFEg7xF,10627631323385
tz1ZgEA1VMzNomprfSrZB1aM5CBqi1nnCqHF,3943633294053
tz1Mc61yajNASzh5KWZFtYs4i7EJbzAxQC4K,4883139391512341
tz1PqercEyjV2AgKpNXgxeWnxgbYu31fw6CC,7345494896285
tz1PzXjyPchzGUGH9yXLTgvyhhakFnyYDYge,125279643418
tz1XrwX7i9Nzh8e6UmG3VnFkAeoyWdTqDf3U,3588577427287
tz1QFsmp3jUZXxwmwTAL6fYheo79RreoZXPV,44064318151826
tz1PsF3NELGCZnighkMmr4mLkCzbkoVPdGSS,3394973118011
tz1SEEQNGjxP3SC8biDWMMHwgpYk1aeiQDyJ,232213763694462
tz1U3YJZ1pFfkaUWZVWv7FvNyiUi5vKYG696,3005838555360
tz1XmqF5gnTjgE6Cxu5CzaT5H7vXiFfihe95,266975279600
tz1USBJ4HRxuvrVUqaxALcdXaRs8AC1PdYjM,10426104803502
tz1ctD8vJYVazKJbCKa7LUVb7n1cEmfRQpe3,1252796436622
tz1Zvu2PkSnZAJr3seWbEdt6W6KYWUgaanVh,457593684459
tz1ehz91i7CxXaMnUjFDWBhr5uVvr3bVkBxD,101203497595955
tz1cmp13ABTtQ8dhVazH5yWtx2hGZc42ywaV,107294165470039
tz1LfKbYRG3fWd5ccbmsq9ykYJQekZEouB3y,30155898919068
tz1P1NgMTMvhHi1amqUZrQHS9DZSizEW3p8w,751459638433
tz1ZD5nQNtzgTzZxHgxgFuGo9CNBuGJHVRXu,24749455968053
tz1QDp8TCD9dJgWoszxo77K6QukSTubjqd2C,1019776299409
tz1TxrHpaBDeAG95HkTxx6D3d5RVwb91fRJY,480091609427
tz1U3ozNjAw2sguL8Pn36V7tX38aSYziM9Fs,4106619302765
tz1amoqk71y4tqnZxRWGcttpK47XJnPx51jB,551276699271096
tz1ZfxjoBeGkRG7zLgyH6gnYVNAL9KQwRnCB,1502919277680
tz1Zya25zMcv5a5UbYyLYVuES7SA5eWcis5b,71694504540787
tz1YHWL72KHVVRGxPfEA2r1jtLtuCmjM4hgW,108128076180750
tz2MBb5FxZXzhBuAPmY9z4zYTF8NeWPEkiV4,435822930576
tz1dsvBGt2bDoMMxagnpHf45ehgNtQ6ctg3z,115208174955038
tz1Us632Z8mVMLZqCs1FXuwyBEBe6o4KjHzG,4505719832799
tz1SWd4hwQtHrzisTLp6vydczMypKPnxBFTw,7643300372005
tz1day3KgAK3ZEP3hN1PaZiAPpbnGD3Lb8Kv,159116159577392
tz1LCPRSFPJ2kaqvj14SWo2VnxPMTeCVVrFn,40082601135
tz1L8VQ3oi6fCbddWYxCoL1ckjFK7wBHdT48,741968005096
tz1Mf4iUxRSb1NhhqdB2oNbo9rRekha11MDH,128826099344
tz1dham37JdHm31Lf63N3aBqxJJyhcnGA9GQ,2450251188498
tz1NATazbFfnypvM7q32nnFP6m7aDXrtCm1g,936139524
