Address,Amount
tz1NRbpmTuPEFCCYCqCr7i3hkMRDRhBFgmxz,234743325436667
tz1eqt71cHna4YgyNg3ao6x22xU7c7CZXxcf,3401986768666673
tz1SBxNvpDFC4bjW23CtQfVLqN5cBATVf68B,3183888658070545
tz1Rgo7URug42QnhBM6eLy4MWdfwn4RovHy6,508627139194951493
tz1P6DFx1Biicriaz37h6oLAhndhBL8eMoAt,87086851408977421
tz1R3bKH1seset2h49p4vrZJCEL8voJgSK2G,77633424035502431
tz1bdRJkGkNQ7homh4PTnkVM7xzVWhuC4EMm,87987519784849378
tz1Z2Ne4ZHxNPuCJeCcoykHVXTqhVdLMD9gV,131813489563425243
tz1Qji1NnEPj4Cxa9s2WEoWi9U9KM6a9gdDL,27598004802032021
tz1eZFb4bNMMdveGT7BPcktbYsurg2e8r1xR,89970528897515
tz1RartAmPJhFsL9oAhZndSL2G7KCsaQqqkf,578169445363502653
tz1MyqKoe43P4Z8MfHoXVBTrohgcbehp2zLL,330384802118746015
tz1SRcMg9GRXi7paNeAc3ARn23mS3Z5dXa6S,3589576549321461
tz1YjtCLzjw3bqPxJh6MqdVBFrM2zrsA9kyg,878233387190733
tz1hD7VdzRpWG3nmYpCyW2gNc8mQNs3TCgxu,122222492087991599
tz1f38MX7YT2Q7MAq3mDdj75GTN7vgqV2TfH,2342314321
tz1aBDeNFooBEmBXnWDVgLknNMUHMYhHVcRA,147025589667022664
tz1hD5k7QW9ChHCgb2YLthKFirKDYQiNPDJz,4495044141079811
tz1ZL7ekzieKxwngCCyjsCN5qhu1ohwJQEBy,10519028172467953
tz1enbGpES1NDr2kTaocDhxvMqtpMy4ruhW6,4192358873683208
tz1ehGMhxarDhwppx14PX1Y3eqbZ5W9Bc2Y1,1042413211943198
tz1ed4brTwpFg8hFUJSJ4HqnsC7sEjVesMtb,29302539429783125
tz1QJE62jTxHis7kZkbDT2zsYZyauNDNzWg7,13037542359385329
tz1gWt7kUnJtGXoT5BYzHVa89qGp6QVvQmyp,16867537114286161
tz1epR6pJmPaJ8vvzNi6V1T51ccocX1Y4VBb,533202344963815
tz1TrxaPKNsRpcgw58155HdX6USrpV2fERQm,18253599545023306
tz1W19DveaP3mW4WvFtdVdqGsWwBL5q1QDSK,9626366784565305
tz1esdEqZC5Nz3HDFseHvpH6SmQJPocxLzA2,5369009773041575
tz1XyTsb9DwkPru3eU1Cwnr5JkihEi5eisHo,878652927572144
tz1ULQQ3S4kFLhhpPsegiMVFmXx2G6ewmbTA,9894906033530616
tz1LRrXCmELevk5znmVcYD63TChSpYh3vaE6,5135391126165738
tz3T9ZKHLVzc23dxD85p9xo6L8L5mx1hvb5x,12325666913100847
tz1dZuKxjVojU7gtRDU1nMmG8uRdowF2Q3Sn,7269974372946383
tz1S8GvdiWQghwPMMzbNvRh66rcfmhEA6vj2,112134488700885036
tz1N9qzry2ko1gwTK6HKWamZZK6FGx3Vr89U,9722284196014087
tz1QQ4HyGbCZDmQxeVHoLP99KLyfvGvyX21i,144846598450039777
tz1WKygtstVY96oyc6Rmk945dMf33LeihgWT,51863551143077259
tz1Rux3pGrp2KpZUBKvg3VQ4edRYVJsapr4z,379964867823796265
tz1LWMmDzH79xyu6JvELrnvWLBBVjZg7TnfN,77469539807154238
tz1esBaTjr9qFQ7FhrDQF7N7bTpNSVTkGbMU,118545608679747
tz1LaWQ2BUAdTVNz9nb7AhKDcPDQsb99tzhD,556678267640781
tz1czGMShkB8ZtCHKHeCPTY3CpuiCrjsGJBy,1695345125188090
tz1UQ6cQZef4MuskJjV9g8pXNZa5s8ff1oQy,9341722099540342
tz1aZsKPTRdkm9vaQhWv9Mz8ZbwxSHmf7t9T,216290030569475
tz1dTmMLY7tan1HKfW5e3KxJcfZput6UuTH6,5217285634552
tz1daKxrqyoFUCcuQj36BeMN9C1Ytmjg5p6n,42042967839653732
tz1YZ4VZCRPoiDyGP3U69jCq2S8duDUcRjHP,1077468297188761
tz3VvvqkW6D7bSPej9x3pghjTozTRbaB4Gn2,926833235584109
tz2LYELYe16viwVBaRjZc8GsauKRsxTGPvB1,14035094126787537
tz1gXcAJZUYqK8JkkGDPN63cPQGu8LiBndK1,6324268038829959
tz1gN5Ch4VeDZjiM6R1KPMBxPWFxL3HHKZyT,5966640726844147
tz2WYko4XXaV4B5mzjguTeRkkgw8LyB2jA2d,4633873305659386
tz1NkFRjmkqqcGkAhqe78fdgemDNKXvL7Bod,90759806280878243
tz1QkQLtDkqpw8VSymi13A86jh5iaCeMriMJ,85898120575550846
tz1VCyNit49HjTmz8SEgeL67x4BLuoTaeYMy,111491420339649668
tz1gACjUSBkWjqWv5ZBMRk6G9Sp8xNAYgwYV,15575083575666899
tz1bKUD8UtyPfknyWyMbtTqsfdMuWomrPdSp,3028096713498145
tz1T5GmdYXDWwbhBrU7RubT7Z2dmz3ZmKwCE,46267239364954070
tz1gmajxhmKt22CbcsSA7WWXSATgbuVEmzTC,8639628049397
tz1cfzEz3R8YKMqC2rbKnr2XtpNjZxH6RGdy,1565733656335008
tz1hR9eQYNNTZ4VGUeipK4PHtyyDEDmQ9dSf,34177738309711216
tz1RxeY78zE8hNJbqPypB1mTVyTsBRmPuqry,4540862766716640
tz1ecAtwNdrsABBKa7Bvn9ZEq1Ze1EvS9WTW,5732857404872656
tz1SBF19iLiCc8dNpKe1Ym9juSAKaTPyeypF,851798654465838
tz1X6ADVxP37XjYppBHMLVRJQwmxA2YxztbQ,445012510996734
tz1T1u1CET7ek19f5P59vCdjTNFWAscYQ5ct,33918795265547087
tz1V9qHfFxixcXJKWuEziUqvdrQ7BWpPnWTa,22839328276174792
tz1Lqnwap8kKynTpefqqSH158i667Wdg8HVA,6710458357039934
tz1Kp19QyYUnXuE6cxuXxsfQZbyqv5JtKPku,4682772381141735
tz1cnojsw9qgMbdpgPeCcWPf5GX4YPvd4HAh,114088815884938740
tz1fbJACCskangcgy9xjDSiEYgh7CUmSo9oc,131139523054533
tz1dKaw4xdNjfufDSLWRxumNBwe2VX4mxXyW,286507513555307646
tz1iCiA1vKmgfZbY533ZgMwFKZ14S1DQNooQ,2996321417299035
tz1hNGWJUFPFV7AWLXvxGzJVEfCZ8KJ77PJA,3283488278772932
tz1NPu5aFQ12P3KGhBGgt7G79SAgVj2Skkn1,10328697015109920
tz1Qm3DHkV7V6peZPyWe4rv6aToH3nRmWEH7,1367235582620965
tz1KsiwkQ9pyrt4Ra7QrAQp5LQJCGxHQrY1n,8239254482110510
tz1dz7eYRd5uV2DndcPWFeEHYGgw4bJZoCBN,2629001536438916
tz1eKTUc8X17nVmtVRtxBcs3hwUPXWuqP2AS,15845057762797947
tz1hXx6tvTV3kzxpBR6E4hDYcxdgcRGHUTFj,104811730
tz1fkZtnjNfQHtEyUpyX9Tqq4RrLKx35qBxf,5825761329988891
tz1chg2T1s4DTjLqthPc49HDcqkFHMwdSPwb,18345545453128835
tz1Uzm53vPr2Giyi32yT9GUvBErKqHPBjvQL,11534496393892666
tz1aR3nrJgUyU5B623U9s1MtMsMjA5Wz5c3G,34987293369278610
tz1YaPLZuVmZaKB69BjJXKUDgNaZrxBR4Lfn,974979969500887
tz1WNk2o2hJvzjuZRNmZQwjLQuv24wDv1zjU,107961806219919779
tz1br5Mvr9VMEb1sb7HDtxpCxKVbZ5XnDqJi,582166468280382
tz1PMB2EKqwkD2NDuf9tvdqhEjhBy3pBGQKX,45330426917503
tz1QmBcwm7RH6swEYNpsZZfAWCCFaW6wugVT,82262017587426346
tz1LxqBcvRbZhp34C2ab62CMy49wFbsQSzD7,981818720724252
tz1S5RkjdXMREayGWMawArqqpyMqGRjohJJr,8276369204440608
tz1bZ8vsMAXmaWEV7FRnyhcuUs2fYMaQ6Hkk,2387884638
tz2Kmi3xEnXk8c7zqWSQqSSyfNpWt6ovG38D,17449281704638450
tz1LgePVXLZYNhHoRQ6KgHfQjQ1uq7JJPZDa,22785158766810070
tz1cWUkZFBZ72Yn9desxcgS9KdH4BVfqd2ZW,19609450053649317
tz1a3LNYNZTNN2SLMjWSUc5jtLWFvZ1kC7BR,91345431546694565
tz1SGPStfd9v5upQUxRiHPC9666X4FpVAmK4,41015190619531
tz1iF629Cc91SJkmQRAWAm6nYavf7RgpAqZh,26674246808187464
tz1WHGwmdEr4iruf4v9r6bdHgzC5v8SKYTkV,2171731712628777
tz1YqsEWdPxBmqVKsJircrwBmCmZDtHAgHzp,53094582588788372
tz1ZLMaECyswARea2bTsBws9eMjgUm4jG8Uj,67714304461884797
tz1NySiq6aHysD6Rpu4bYhFaVe3ASya2qB8D,19549656685906522
tz1Rb321A5bMKjQdczUs7TyJBeXjfCtB4mYd,119189218512019799
tz1USU2xSWb7CBYGJYat2X7An9sr3cFfsLwi,2915871820889297
tz1aoYg1xYeEdnLrAJ7y2r1T3aMBCyms6ppJ,22253817445258850
tz1WxCJ3UpzyWsXmmkE1YjYzbBv6jXYkbFYV,1983244519167932
tz1fq3tMpnnsZ944DVxcJqsVNGsWTPvqJzvo,18917320360450967
tz1PrecMTmNArbdvQxtZLUVUBT8rcC86dKZC,39318069968
tz1Ty6Hq9GpzxmMs5Sv1VQ7cP2U4KuSCAN3K,1008457743445453
tz1Q1LWn8wCK77L4xetjbH3Ar7sDaSANezZx,1034622118552920
tz1dugdoeZULYPA9phfkpofrP95rFqhZNXeR,6723604145021
tz1UecmgMghaWovhh9EYfqTrK9gTtaiMtbzs,344572204519456
tz1gGwXf6Ggkv9T4jGmp58jUMU2Gh2vYjDyH,2142231357440530
tz1QjPnpmqAJYSfDtDM7uTf5bkZDNY7eBECd,7396036223405204
tz2MzvuRU1GEKi9udpqzLpGYfDoZTiKZ3C4C,23934938543015031
tz1SEox4m6JwzUjLL2daQMKU7XDrvsEukR7X,1539891248512937
tz1XJqUrY2okTwoJFgHFJKQV98tsn2oC6Twj,2054805350350789
tz1VqXA6L6hPEFjvsgWv7Viw4xQn5GyNszzy,198887186132738808
tz1Wf1Lqz1yHm27P2RQJAVV2CMxnhYK4bBGc,900748394374399
tz1cTS1WwovU7SC783xgJxZrzr151mcshmNi,17545969522962938
tz1f4Z9FJfgStP7v6Rj7BMJnWJ9Mb1NdAGsS,2278515876
tz1ersiy3MYVu89DFXvW7Qb8AM6LYptSsoT7,9002547986225743
tz1UFF5DSDDtk3fM1ewaLvVG6fhaAeCdgYEt,1139260253312634
tz1dcpUhXGeXexEXispSpfv7CeufoFnV7AAf,55328411632505353
tz1RKRhkvC7MQgKfPejvNaHGshWUDsyJKZdT,32672664861550069
tz1ibTknNagJCgQPgcbPvJhpSyS5vxgdyFt4,6125417575612052
tz1SHzbhYsbX6Uk51hJC4JkjgWM1gWaSwBqQ,1812766729401550
tz1LGkz6e1mTymuFyHBVFQZsHEtHepCYYgXD,34991643503771276
tz1NW1MMFL3jytxBjhx1qATMJyY47vLBMa4p,100797564423545786
tz1QRm2TJKnarZ9tbL5CNjN4Ltq9pJtytuk7,48010958928990
tz1WJpBDRGfa21un4yQDKTGXZw561nsGg7Qe,695451793928641
tz1UXAsfFeufr6p2PafNr2oXNrTDSdtwwdgm,732589390761209
tz1YPUNi7KW28VxZNEu3fNkRkJG55G9p7wsN,625186919526620
tz1YpusrSty7ULz7w9sM814trSRmM1aNbmZd,22117272058735653
tz1cuj9Cgi19KMRi83UuypS89kXM435qdhmy,88918931705428
tz1htwxBMBFikeP8SnQiEQyA9n1ryDrDFyLK,455703316604185
tz1XTyukKgkqq9P83UkV15np7EtSSEy4kAeY,466761250360782
tz1WMFtCLLeRiayH19ZiaErKq4Zu9p5N73Sr,1749900193
tz1RFUjzPENm3vF7quaxfELQCfNTCSjAsFdA,4492533986722074
tz1cLd3gXJ9Fk5c648hRzFvTnGfT97CxcHrj,4446959280766876
tz1Te5JR7gzDBwtZLKPWSPuTGFE4JX21vVur,175792056917
tz1NGDuYTuuB1geX1K5b88cqa8JinFLdd3d5,2485208763215236
tz1XykUaKpskyp7hDEZjmuNTk4gFU58a46KC,261406062777340756
tz1dghYwdzvHc3tYHp8iHpNUSpmAvvs8Zjs8,1766017052050160
tz1PuipWs33aqS2KSG5k1qQtC6Dff1P1GBmM,2223831495
tz1ZNxMa8XsMa8JTv776X9iCETcNoo4SY629,707885382232179712
tz1iAAJhH465Cf3BnsKQ744XHypQGY1v7Ps9,2324086194
tz1a5QW18ULwjJK71LSc7UqNGgryrFouHzf1,19141306643803946
tz1Z1ZX2B98nEAvEnLXJBCnsJ6K1GqaSp9jK,1589375769480069
tz1enT2GWv7U8jyPmmoVb228u8hvi6hJh5FF,158601442994628
tz1RyhUycXcivQ3jzF7ZpFZNcoLcgmXqcrSz,44556166399183878
tz1gVon2mQhvutR49Yd5XK6k4ypwWfFjMZtz,1786356447
tz2HSz8b961xoDjDLy3aFGogvW4HEqXXdcR6,14325492712138426
tz2EP3fw5CbUUgJdx4c3Xono8Gbc8PLXGRM9,21647721095438079
tz1VCogGe8xeRgQCLrVhPbwo6mBSQxAXep65,2700945009719939
tz1LFFspqhK9KRQNvS1ahZ1RcpQ2PNeM8TxA,28508357731016
tz1ZhteLTqobRVCYsPj44oFfom5BJ2SdGxeE,3519830555346087
tz1aRF3qMDrbN95f8dGYTKPaey6J2qQQnk8j,318101075217972924
tz2ALu8Jxf2SMgzSZaZEwfiJQbogpUDPStwz,60449314276552372
tz1gLNb49fErXUiYdreLAAV6twp4v3Lm8V4H,3314692263041086
tz1fCHiWZ3ReGqvhxkMejVzcnXYz1rnsJpow,156437878243925
tz1PXJVTDRHBcjJGpD4h6PzDovisMJuc8zVc,18367426259830127
tz1L1i5BVehYJBebCGvPYU9kZYGKBELGUJGH,29037075259508839
tz1TR56EbNTEEDeRrsPzQzoyvwFgZT25q3JR,1567869204454490
tz1XbQgDFCaT228TPS2YUeHHfpVqGW7ANCDw,95193403892117108
tz1S1Aew75hMrPUymqenKfHo8FspppXKpW7h,1936738495
tz1ip7fCgktJzFWxnoDdNBjpF4ZCWw9qfScc,140027969903535049
tz1Wb4LakUUYuFuuEgXXQrNZuBD49Trodhwx,1800714483215592
tz1RAfKUFBX6P2jFkCpzLFntju7djjbtKAKr,68163961799609226
tz1MiQ6euA3EEdnZxJ6EPwVsHzd6vQ7AHJmU,3440595174848569
tz1UFwr89hcJvC4sNCYK7zSLcaD4JW2KkNYD,19007607167263739
tz1TiJBTfVoXxregtdgCs1rYd55APXSAmniz,3462019289392131
tz1ZPSGxrrPPfrmoGJgpXDArNJfNNy3qGvE4,1570734278673305
tz1iQ5n52oSKgdtdYtqEJgKmQYbL1nn2poB8,42656200233754332
tz1gueZ7eL2KnvxqWudHjoTH3ZPiUCmwNKR6,5300660070500376
tz1QxepCwQ45EwtcxkgXZezHbnidvK7hUywy,28762852724841339
tz1TVZgy4rejPUkEF3bsxLGNCp6H4gz4PaGf,17049308541574276
tz1WT27PugwGBtre1hsj6BHmbAK2qQsVbRDo,4557031858173744
tz1fL2TsQR271w84MXx3qFD7y4PZ1F2mpHFA,12743461638332139
tz1KhU89QWZuuhhnDD1paFp1jYMdpJLh55im,10566949850030831
tz1QQyhTMAmNQPcSGkM7GfDva8hmuFPAxUMB,107109943645654950
tz1htnC2n5n27PFD41q5X8bDvDcjbGMUS3f5,115663383256187005
tz1PoickddNEkRN6qp4K41u4KUW43vZ1UDvF,62838181529842918
tz1b9qYttBxHzoEseqabgvQiCxafZzkAtH9G,427175207991983
tz1MQotPcNdc9R3nWCTwXLMDqKLS46WqW7Wx,18028429879867973
tz1a89Pvs553YqhJdCfDdQrRuQeykHMvVSRX,301104320211673
tz1favSqpvTLtedjTm1UjuEmKfgm4o9kyLd1,23976600406276527
tz1XYuybht7U1RVsUip7H7S31fBDxpUgpTXP,2132690860
tz1YJvMiZyXnzvV9pxtAiuCFvaG7XoBZhbUQ,10054465530432056
tz1TmSForCvNii8rmwL6q2jgicQfqjNFtj8K,20259283100670963
tz1Su8UYhcLvUPYABx7kYsWRVibZdiZPnmh3,149765756516552535
tz1eoqCSmqPQtTLs53Rj6gBB14eQh2aHWVxu,4567840900527067
tz1XhZUHsJAFp4FHoeeQQ7auVBk5j6xoUKbS,550662188322869
tz1Pwh2MBs6q2SeLHiko3iJpfMwsDV46bqQU,103130072568606065
tz1hLWsybqnJtQRFp8skYy5aZLGNmL9bMUpa,11040330526233722
tz1PuYitvGfsBm7C3oYAXqNc3t5wNhWZj5Dh,9776059790997017
tz1dbCAvra65bwTVk5mgkYUHUGz3hoKwovZ8,4592628965890115
tz1T5NfkdPfhkXzYx8akPkdznxSgU1Uf5jEG,8252925098882262
tz1PYqfNnkpZydtSY2Tn3Rv8mjkgUpHJpFXC,22935059528319416
tz1WidyAU8wuyG25Pd7b93bcx9hMu7W9Pea8,6737213110337136
tz2Mz3ovkZR2HyC89CHHSdsrPya1mKSmLWfD,1591010217273889
tz1ae2d1BJt7YUqaaec6Xenh3mBqS7VjSZtK,1132543669664010
tz1L1XwcVmD2z4qPfLtBJ6RPThgAwLcXG6kW,240464371544881
tz1VeyZaPimHfrJFy8WwsCYzxHR3VmGTMpgK,2356566775257064
tz1epFVHmqeWvvkFf2eskwhQ1AY3JwWd7Ej6,4739313146536351
tz1QRcnskFh7eaV7QdEnjoYdDfrDqHgmmrvF,12325950230666880
tz1XybkRZWjLx3hwcy1hQ7PT6FWEhpHm1FBv,170221290665636
tz1XcuwadWbLKkc4mDVxRo25dbtwfEa7wf2c,8493619331665814
tz1MkNbJTzf6uADvfSJKJvArvRoVvjk3tZz4,118957672303758
tz1hvRvzke27MGtp8CsSvsafxyyMWSVYM1ut,782003487109250
tz1a7MJ4HMNbWDhKZAqrvzX5P6u2E2mJyJiV,16444444126532494
tz1citPWufjty33AZ9KwZDztqrTzdNjfQU7P,96072989146268356
tz1b58mxvQAc98hbXjcrgjf5xnSwYXzi5gX6,104651857203941
tz1WeLuPLjUs53Yr1RCgq4EQ4d5SvV651Tqt,610616006757488671
tz1Wo716Gggp5HfupfxtPgmYu23rDQNcLcD8,15297729398651139
tz1imyQrFWHyTp4avUNAw52RxdFjU3HPviRN,3073291698508545
tz1isKR8pS4pdgU934K1S4UpLsF56ECJNArh,5689306500800697
tz1ZVoeS9T3H451BgjTe18pM1q1LPd2cgB6Z,332919291026045
tz1Kx4ydaiJHThd2nTgXR25JPTZtKyLG9KC1,1428401073967894
tz1eL4fYCgegW8tLCbQ1mYiKY3TdDxWnnKo8,9135334031175877
tz1Rhg2UDkjgLhemdSMtiGVGRmzwVLVaHArD,1134470402806992
tz1dPHDXSCFo8PienbvDMyCKr5DXjPMrZkJ1,6578240408644460
tz1eFe7ufhpTuqh3LHB7zYLuFgB1rFCPXnzN,32326286429745
tz1fkkxXSMtSQew8F78XdsnaC26AfsXtsGiY,1597048936002634
tz1ZuiTWKXKqYfzFPaSaAG3Huf9QM1AdZ1pJ,5815002328401251
tz1RsCndtupuxe2U3syGAdcRBzpNqJZ9ANNc,121461359570652123
tz1MrZQhiNiHK14oEq595DLsVQ9wC4Nv2ZXW,2734219188728161
tz1LJQ6MPnjGekNAmhFmkm8XWtM6UGx4MyF4,27797215499814623
tz1hmxzW7MuU8HeRoCFPGZJnavGf5unqgaph,16708086960583723
tz1Z6QqrAbEAMDLsis3v6b956sfH6qLTSEex,547243367647151
tz1NnBgY2ze24nQDpdY72wb1GVsee1UfAT3d,611187426330259
tz1dAW94vB3yYfNPE4LM2txBT8PQ21Zq4Xzf,1367109881457080
tz1eeR22tmjPN3rGDikEMvpe8jcdXww3dqTt,4557031903744061
tz1MsfyCeQEt7khed67HHsAidezZ1Th6mjzB,1580353343324874
tz1WBMWCwjuFSsiiLUWKEQHEACNEat2S3EsD,2394762951501007
tz2SuPjN8dYMJQe548bTvSPL1fdStZPXv7gT,220241592348581081
tz1N33TtiYBQ67sw32rhCsMSVpZkrSHWe9aq,71168984897824357
tz1QMjzbw5Yoi2zPqUeg2yuv5GZdmXjhh9mr,4557091003888871
tz1ZutSZgCHEzxspXyoSYSREhwHh5g4PM8hN,4548845939851698
tz1NrRkB19Su8iBGVTz1cXbG3oCw29GSmasw,3640571953287080
tz1NJS9T6FKTnKUkVNv2g44GHTAhzH77qiYw,9242884820122943
tz1URL5HNuTa1fHqqCtUKXUM3hm6g9c88NgF,14389607013670
tz2M9C5x1KoZGoQ9xEY6fQ6Xwbe2GU1RTzRx,2288596162494242
tz1c8JTzmA6c7cm6ZmUwR7WES6akdiMa1kwt,7215040628639300
tz1XRTNgXgWmR4PqxZpiB6HZJ8Siz3M2JAim,2159323689859771
tz1LxL9L2SmaFYw7XhyATaRAiLWCgxKmycBC,10854919000171011
tz1imbraxLCQ9TUpnJVP31LS18hpTqG5wv1k,5121355672244716
tz1iDuz9LvybPBC4kDc7ceBoKVDwwzJR7zKb,139728100023033323
tz2HYjnnRbzPpUGMUYGKVXDnsfSKKqH3aCVT,24500606830459444
tz1eiyML8sHGBL139FwJQJeLGHWAFtDqPz4U,455703198121360
tz1YQDCB6Hbn2ozMyS2kf6WPJDeRvJtmtNqQ,2664996986987073
tz1eeNRXYK56vgSfXHFcXorubcaBBCVpUY1Y,127262651274082
tz1TQw8erN1a2LpfRSNMExicRXMveBPbvTKE,1667873621
tz1gaRjULm9qy4D83VCvb4ABWLKpz4XXfqjx,2208635325905869
tz1hAZNx3LrRKFgfRytoLNVGhCrzU1uVDUHS,10577118927883652
tz2HGysnSAQAetSyFYCa7SoH6XXVwbVqMHnM,14984308849366606
tz1W28xB2eAvRGCXmVduC63Gx6gGDp87zqbB,21600335876993522
tz1gJaXdi7Gweq8TUSy9knB2wLjioTKy2tZF,22290586235299094
tz1PoXtd7RGVBwWmmZvxX18NQXYpbNdiwwtE,12611376537778180
tz1RLCvv7wrWq4hTmyKk1zZuZeuUXNViSgRD,130234333782265682
tz1fXXFNod2gQDT2Vf9ibBortMmsKKorUv7Q,289737348655008
tz1QFk2DJhPkzp2nCN7Thpo4askJjQ3Zw6BU,4624375837374245
tz1bRDYJHp3ACUojEeM6Ja442YEwNmcb7ph9,4473280937696978
tz1MDs7ym4sp2FsQhL32vuAnEqG3ARhM9Vi4,4506061932926926
tz1Xy5UM1tC3CFcbPBVq5PjufaxcLjMwfQkE,131001798408518
tz1RAKBnmd1X43pkkGqywYCRgf1Uo6D77zMx,130992584090312
tz1ezWyS2cFiqrNyiSVz5VKEKnmDN9Ah1zSR,11922281506378554
tz1cXwKRD6AMy5nhqEVUU23SBxcAMnh2aKLn,1460753903689903
tz1WNQE7B2s8woZp1d5U4SeRKHmssN7TvsDi,1392301177388527
tz1imrUNR1R52GxhP4y6XQCDDXtQs11GarTN,94514091748460
tz1chab75LnyqBqNwrK11459SGCFQXLg9uyx,1416220822458364
tz1USfPTFciXzVsQL7Rk8HmMWyWtFEas7fh3,5237043820639839
tz1btYY98CWBVCGEikD7s1buWjpicb9kG8aH,98374458158463
tz1fj962xSPKTA57yWHA43VeVzo8KqdpNAeF,450919317166806
tz1ioU6W4otB7ebgRZTq1EVVra3vMyXqeqsm,1233631176794499
tz1N8oU57qMgDRr6N9pSbhaiWRRQSxJRPGoZ,5047795954396409
tz1fCEeLBcuSMSittqTnMEhcFdPCtD1HsiZc,484348818205819
tz1WsKkY3TLDvqTuK97Xu4zuVoTb2nsr7J8S,842576095461716
tz1dAekzaZ2VrjvuNxoaTZ4dY9XjgrjBvBro,2600974459916329
tz2DsS3zeg4pqoUnRPHxvuRSuQrjDnTZcTNJ,49366860927373
tz1gSGxwMrToBdzLeaxg4Bregv6W2oEbNLC8,42360306602429797
tz1dWwKG6Z9unqwonQUWV65gkz2YhABiwF1R,5848290273198106
tz1X8AQxtn4KzBwMZ6MZUVFDcACrfnyfYhDg,1877497082
tz1KxARuCbAoiGGesnQjr2pvZa7CzJR7V9D7,3324376337320608
tz1LGVwoTMUhi76Jc8TeaNUQhanfeLLNF4xm,2637109935751637
tz1QS7N8HnRBG2RNh3Kjty58XFXuLFVdnKGY,273144806150127792
tz1RAP1j8SjwT587jyccTNArBFhC9HhGKfHq,585674173162109
tz1QiZCuJMuVz3aq7j1Bq2v3BRTQPCdTw3Fb,8944614209136632
tz1L8hBVpams2fWFC9kS1sPVxfGY6Hmg5TQ8,1272051620875856
tz1TQSPkLPqXUREhxvYzPbAib6Jz35w2a6tw,4152511244726238
tz1XD1xSVzgY8Qs1id1kNyFJDbv9e9pNMe2c,2278689663643953
tz1Tk1MJDZ96bK85RLAqtKfnptZZyXsJ2jaq,1105124340046920
tz1avT6pCusXgxhnffuJzk49Vq5QppLVegHB,1770489642854945
tz1RKg4C5yKTzm28Qj9gKmfUozCDrctDpx4G,4774952060462028
tz1Kw5M75chWdw3HUBMg2bsp164TrVXRsGJR,1117089064046375
tz1hes6aF3Px3D8nPQx27fdwBKrXmGs1UYxT,2324819174544028
tz1c1BG1PEeuhMFwmonTVSGafehicqbBJFec,387244819486907
tz1WtkHVMtif3DXVCZ9pUCqWcBsmqgFjgdkk,103027456738297
tz1THwbFPPPBHmBu4cmLV2SppLFrA5QfBhyF,1610112346521378
tz1U1aA8tyN6QByoYLhSvNu3krJPLYqnkRVa,2306620923430755
tz1QSwx2wnmrTjEGrid79c4tpFMxjCT86SAy,3897248596117076
tz1RcJYTsoYQ7adtNMANhwd8qf4zApM4i2Yd,2100734579705304
tz1cvrgSekgCqgyc1c2qFPSeMtux6AAAfDsk,1882054114
tz1a1ZcbAeBEjxYSwuNKxSu6FbFB4dxdL3m9,53407642011036
tz1NZnfrNgCGdECyAhA93TLPTSciJcZBJqDY,3026536320264672
tz1UGuKv6PzgVbofb42VgeRwDwsVN47UpuZB,7698108091542645
tz1eCzNtidHvVgeRzQ38C81FPcYnxMsCEL6Z,45570317624760775
tz1N3nvFqipu91tfU9s4GXGsopawpwxSoAJh,374701926806128
tz1LFeLTRQZrgKxbmvjz2ckViRhVw9BZXw7t,90318739611255099
tz1XuzzMTz1LhqbRPy9uxfRkccSxju3v8Y4j,4230688828785039
tz1MoiwNRQWHfA71aypNk8J9CsKjfmq39c2F,16325764099952987
tz1hhphPmGxL6HEmEjoVSJBy82FMWbFwzNCD,91257946735667
tz1YHLm7Lq27q3rgVXLY424zQMkvncVvNiaK,501273561225297
tz1fKtBhuuZiMYhM3Pi1hcP2sjRbstgDrmqX,146675932418762
tz1XEA7cp83PyiXfSxWu3uHjA3EF6Gdh3Vhq,493084201487902
tz1UXMLCt7dqbUiJ2BHRhE1gFkdVkmCZYcM9,160674450410327
tz1iKF8o1hCLaTNZcCJpgKQBQxkpcSiBy5V6,6436416107662659
tz1c2iwyckUCcicx2qxqtwLEartYFEHg1pvB,2930045000793904
tz1PQDUDph7dDCn8pLGXqaR79DiUWLiSZdEf,18246563091491505
tz1fUZ5pMP1gUjuJsp5V631cXmA87Kxm3cuZ,1146167207813030
tz1KiUXfWuF65Ck5zY4otx8t5pHToY8stYhj,1446189585790308
tz1YQXd4LjZfDaKRvSTwBEwgggREFfX95JUc,877772028246091
tz1hM6Pz2e5vJbd1YYkYHcj5RL7tXhcn59Xr,44528854146903
tz1NVsmLrZX4jad9bNdvM1EskvcTq2LSZhLx,9319481858288088
tz1cBNfPUb3Gi6oezs6fpXtki8EzSwjnoNGS,2520311264429376
tz1h1ybLPkwDH85opBrU6hge8wSsRQBnAghf,1855341102128477
tz1PKoh9LB2P3pgh5ahaAFnrC2QBmUxcHDJU,1416730552611533
tz1cqoo91JCc6sKmNuTVKNzwUdi6E6moHWFb,6019055186856991
tz1ZGNErBKdYeEPjZuqKXhyTixQTTPn54bx3,909915766896130
tz1iUyniY5PPWrzE53cs6jBwNKUun4btzMcW,2271593906516335
tz1XoiGxnmjnkaKcNyG4rrHNNEoh1u5VidxY,1263898380172138
tz1QVUXNoyCfKpAyxDpq8kR3rK2AShuzQxJ5,15547995658404501
tz2HZ2yRFd9F3uLcKnLukEXhuUz3HqhZf8mA,27467192511143081
tz1UVTMhbMiSETKCxFi413yZ7imF1xeyt3fV,4648886561888609
tz1XisBzUGgCmvC7pNS6hxvQ5hMvXUTd1p7D,76575695808962
tz1S5TbsJCWmCyRh3ghJ2rWwQHHbcvoh1uYV,45570317633874838
tz1UAYfFWmaTrQTYMptaGCw6LrXK5Yv84VnQ,24746888024124
tz1hLhGe26gqt78sZboxiwne6zgKMqirRieW,5972258458152747
tz1YfiydbiaKMGPuavawX4rQtXdn9wgpdDKS,1595831185340515
tz1RYTr2WKdJD1MMV51kN9AoxPnxZJgJ5sqU,248321619365123
tz1R6mtcAQwBTK9YpSqRL9y2a6JZWgDkBm6M,22182703678401312
tz1Sv2XMQNxcAqyqyyv42FHjf3EGwJ3Godj1,25658162963672094
tz1NCsGajb5YgZdhdviKrfisN3VteMasnzQi,810352430196896
tz1Vh4cX8VutUUUnnjmnY2omSV4F26T5orLH,3676820128059951
tz1hgSYGDwHFqC5AwW3P7vYfXfdwwsx4ALAN,1005531996143
tz1QGCWjNpYmcS6T9qFGYSam25e36WeFUCK4,2739464510000519
tz1URdfSGhAfbtpEkjWBmpTt3pyLmxdHdPYy,73016632376877
tz1LApX9pPhcDUDznHR5TTCcSXh3m6zPgFHA,1466188451148788
tz1hUY7paB2J5EhD73r4oWL6uZubf1UibHrk,4918470913181284
tz1MgDFQvyV8Vfc48HgeqMbCD2Po7nhoWDeL,1442102433513358
tz1PWZTKd1zhfuxrixGJoHJ6G17SQiypwe5m,2264844781
tz1V1Hu7nMcgVuMKDEZickAKHHZavLKTB7Vh,2438011988
tz1NKHjwrYfg7GWwbWZ3bvdejkVL34De72Pz,2387884638
tz1RaZeHEiKewSd14gZ7HKfcQ3HaNHJ5tnV6,49119398741599549
tz1aiLrqvULcV2Kfvzt9dUmqnLQnoNXPPek8,1973194749
tz1M2h2hPZzov29kf7xcHXrunXb2jFSbfiNd,22900027661150637
tz1MToDUySbYhPabULUyDPPsfDQF1cpZPdoH,3431546873867078
tz1gMfLSQs6xTM2TcLM6Sb2njJ6h9qhSsT9Z,451777114271091
tz1LSFyZ4z6k34KQ9rsoxE6gTgmik1nn2Zmy,48410890418345158
tz1Mt4ddsTmDs4of6kkWYvMWSUtM8zbGNMq2,2217389170471
tz1UNTxRbAYTSBSdHMjoUoYAtLH4MHMUiGwg,469678457977625
tz1YUJitqsUrFfFzEp1d2RiqVwV61J8aPb4E,26197189198987
tz1TqqKqc4t2Y6PTvxeuhF8kNjVn8HpZkKma,3106263553677586
tz2VoUZvPNLyq9bZ82VoDLrhkH8n6eaUoS6E,586691465658119
tz1ZvbLR47deoqaSgsaRXe7hbgDgwonBicnV,22904605734199268
tz1L8m6MGdvK2WA65wQ7DeVwXVmCS72JKWeN,308132808728101789
tz1iCJRFVD1oY7yQBap6X59XktpKHJtgCGyS,129745207146322
tz1bnWUvcfU77EBpbLUQ41c3hCBKovGuqyGY,8191355877234130
tz1STAzkywd9GnKGvJBPL4xWte3LCniyu5ho,2350462913916511
tz1g6cLrzLxNayiVyb7BLsKK6TfwboqWaYPx,89486975131859
tz2Q6ugZbronUHSk8fbuHibBrBEJwrzgtL8X,654860572905806
tz2Kn9u9cxvTczP6CjirJnEE1UApmoCzuGPB,1842943097129757
tz1aHfKHR887WzmpA56K2diKDufR3QJqn9iK,122542268443467418
tz1fcuYiLoHA1qD8vLJmSJPPKhGANGLJZgin,1802815931606
tz1bdbHUpDrUx7m5g4VTSkjnc3mxnquzRTcw,22892738825287657
tz1NoV2nnTuxavEAuozNyHm4nqT3qtkYUNYW,4868367527254
tz1TQJjDtzUWWAa5a9H61iyPZmuKRfX9hXi8,208777968842
tz1ewd8gDnG3USrTRJVdbpsyieVv9fWDMPNk,3883708950142638
tz1PwxV2kaHhubkYaRWTnGBvsxXswz7V9GWc,9383701694321992
tz1Tpms3fccT8x1pVY9BQKgnvppew71pTDDd,301608406867137
tz1bNLPqmLVxWF6puxbFZHU1yCJLiCZmHH2E,7913608202734
tz1ajJzH5YBGRuXnU7QDJzY2qVRGcysUbxJE,315627074481347
tz1YT4u9DnGFiRM8AXXACY8LWuV1rW3A2hFb,24971346606879855
tz1QppHuA9TUoFN5Ek2ZSmRPdU1xQiwRSnPb,84625509314111
tz1fne8nhZuSRgzaQPyaomKQcFRfthyicBQc,274928507763278
tz1PGFWJqZhk5BabfqxfYixpVH9S8vY7NKj8,69111956712901
tz1Uva3ynPUXqpAsWJ3CxcXVPG7HEXB19rzU,2726482233645711
tz1cGZNvVyHrKgbRu4b23Nw896JD6GYhZKQm,2720657767839744
tz1i9THBDe13YzhSmcdpcWKJrL4raaJ1cpN3,2715735881810333
tz1apbBneTw4Ap2kdmv7gfTv4kDPYbR5HAkn,2294166065668062
tz1MJ4C21XhL6B3YptprRWMuL8oeJquUhz4u,57841262790559562
tz1SMoz8tsJzeQPtGhPEjPnanQMvFc5KitVh,147539140972980
tz1XuNQgqT23u9KcwmRLGGQ6w2n6dCE4bmoV,70691272088866768
tz1WrZ2Th2eCuq5NuZb8nHXPJUjaBE25Uwgv,435397519523
tz1QRRG3oUJBo66xvidmpzuwPuoVBBtLxUaG,293889971117885
tz1idC7XEoSZ45sXLwp1ujYJ3yNFi2tkLT7A,16553725762724
tz1d4649CmmMEzXBWzhTgTkFxy9ATNhb5HC3,28996270879726
tz2CrWArLr8eRCj6mp6yYQAKshR9MuyaK3Qu,2886803574897386
tz1UdGjnCNd5ifzEShXft78CmazG9gj4fdrN,95889226765925
tz1WqkwtGV3ttnchD3bqmucZwByduHq8EN8f,1140274612602
tz1fvhxJtMzKYkXM3fvXrQEyAXyMLYayTtZ2,12759110498187283
tz1dVTewmwhAqfBcAgDuDuF2sPUaafuPA8mr,2663189823061971
tz1ScePe2eXYo1RBdEe12hNY8KrvHyjFhHw6,614538917946450
tz1XNmNga2NyqFiNpmEN66fpySDoGWoKpKXB,35283934506953084
tz1dXpsNAWLHVYNWSqhrHCHT6wh6L1fKZfo1,441925925332967
tz1N2AezxpvrXzvGaqNVW9BqXxJ6Rcup9M4p,3794125599778
tz1iFKBz9HbJDp6omQGG9LC9bTXF4zKdkJfR,9884214115294
tz1cp312oRvwp5honfR55EsWUF1nA7QZYxT7,4679555226486
tz1fFCF6FogyPLLjSk3FNTG7gVdDWfPCWVni,236490924398
tz1WUmNdnrv1w75V7ntFSt5kSuyQfYuo2hqK,734258163672906
tz1LYQiMSoy34xAUD2NnsJLCTmb8HYYR9th9,94055563905547
tz1VYa9SB4LtsHLWZnJXc1JuL7wuX46orE2Z,20042706978005426
tz1d9NBC61N2Xjo9LvXAQsKPqC4HaL1mFD9X,15304160580679786
tz1cAxm3wHEUX9tY87sSfdVfHgCWcPCTkNTA,1045850197157331
tz1iNdzx7BJpGD2e2YaV2QbsteMQWMAXjjDf,6533326981082165
tz1YrFGJ542U6jpYHpe7BFHxNfa2mb1wpAdH,6311103709187
tz1SPVSDCDpbqigKWVYnbgHEudxSM3BASPZj,6913868874172361
tz1f7C7HeTczoCxoo8oQ3vBDRQTiNM3tFTZu,566399132501499
tz1P8pHeW6qWzBkgeDvi3bc8depN63r5tt5s,251902873752010
tz1iZnkruZaYGv3dfER3wEasjJj5xpaTtMjN,1492415548856519
tz1Y1svqGfYwEN9J3ne2WLEuzUVnwzP5qoYW,587402393371
tz1YmwJZfEerVMbc8uuJc7xUzE64ma3Xfu7L,41316310781470
tz1aQbe92zZy6MNeRFtgmgV5dV5R4BNTdqK1,41124628849903
tz1THz87Wwo5DL34CELa6psvuH8RXShPmSbc,10319069733354
tz1cgAHrLkuj5NrLmQ6LnELKFKu3i13CokzB,281727872878
tz1eQ9skdokeeUyTc4SdNQMPigjZ8JY4kzus,23252231726094
tz1S35xPc2sh4kK5hd7KujsWU1G3SUdCnFqp,2858393618355
tz1dYEEirVkgSnE7eGK9vFUwxWBqibkafs8W,8455665415103
tz1VLGH7SJ4HA6kDXRiHYqVFkn2btjnoxqib,4987422143170
tz1XYkmAHtkZFjZLdWNoL2BTqUws4oD4H1PR,3654119324827
tz1dCyFm9jxuhxJEi8UW5sgiS7TFubaNT1J7,60363638111
