Address,Amount
tz1NRbpmTuPEFCCYCqCr7i3hkMRDRhBFgmxz,9882779
tz1foujP81wtDKMCX95CBY35TUYzWapuuuLg,25539255205
tz1NBpWeS2gVpwPpT9NUn9ifBRfriwicJT4y,1962877582
tz1RDbEW7YUkwnnDdMNieSiF6kB4XBws7QSg,1399565739
tz1XwT7cC7UnvMi4GooA3qUNEA22cPcUXxLp,2181853002
tz1WdQ1dak79v48jXAQjYtt5ZMGnPiwn1ktL,3806450
tz1eqt71cHna4YgyNg3ao6x22xU7c7CZXxcf,564946611
tz1SBxNvpDFC4bjW23CtQfVLqN5cBATVf68B,147713462
tz1Rgo7URug42QnhBM6eLy4MWdfwn4RovHy6,5059912556
tz1ek9wEDD2edxuV1JniLuh2ckh5DeM4FjQo,692451532
tz1S4Sp3WtEz3MfdBjiaRWEAG3ZDSngAR5L6,541361
tz1V3fPD3AKPNwZf42PKGzFaWU3vZ83Gjvfq,458728405
tz1P6DFx1Biicriaz37h6oLAhndhBL8eMoAt,5876950182
tz2UD7tXJyBrfDBHnFzhnaeL8ZGHxcDZuDa3,2429954216
tz1drEV5soQL85qJMNts3JfkgZxD1oL88gsh,114751302250
tz1YTQ3Lys25j8FhZQY61eoYErYUteSao3ez,32756727
tz1R3bKH1seset2h49p4vrZJCEL8voJgSK2G,3457752376
tz1Z6nhkXDgJjDzSpDEX5g2o1ris8Ga4xjDY,610660077
tz1bdRJkGkNQ7homh4PTnkVM7xzVWhuC4EMm,3881005720
tz1Z2Ne4ZHxNPuCJeCcoykHVXTqhVdLMD9gV,4683862845
tz1Qji1NnEPj4Cxa9s2WEoWi9U9KM6a9gdDL,1224645151
tz1VjYmQHw4QE6tYTQLLfWNjqkUNwMC7YPoF,848230702
tz1czaureyspHk1etv1dKV1WmHCs9pb4fXBr,379185987
tz1cmanHzitf3UgWgECzLpGUKpzEfmGZaFsw,3535408874
tz1eZFb4bNMMdveGT7BPcktbYsurg2e8r1xR,12422859
tz1RartAmPJhFsL9oAhZndSL2G7KCsaQqqkf,24818929844
tz1bEi1SEPrZh28Vqa2gKi7veuJ7AksFC5GL,45515103
tz1YrfZhjFnhgERznXtYee6c29n3PBeam8A9,104082510
tz1MyqKoe43P4Z8MfHoXVBTrohgcbehp2zLL,13254547866
tz1SRcMg9GRXi7paNeAc3ARn23mS3Z5dXa6S,110953609
tz1YjtCLzjw3bqPxJh6MqdVBFrM2zrsA9kyg,43213479
tz1hD7VdzRpWG3nmYpCyW2gNc8mQNs3TCgxu,1379374385
tz1MstraWa1kkCRoGRYpYEtMncugi99rUx2H,5176664
tz1f38MX7YT2Q7MAq3mDdj75GTN7vgqV2TfH,3649957438
tz1U1Pfo6gY5UKitBztSaAbmbwFxgmmN2oaP,135378071
tz1aBDeNFooBEmBXnWDVgLknNMUHMYhHVcRA,1748768780
tz1hD5k7QW9ChHCgb2YLthKFirKDYQiNPDJz,198612441
tz1cjTb6ijvnPrJBfaTEFphxDovW9xQbkmDK,13214533
tz1ZL7ekzieKxwngCCyjsCN5qhu1ohwJQEBy,464793167
tz1enbGpES1NDr2kTaocDhxvMqtpMy4ruhW6,185243325
tz1SKobyM2ZGQYYWKiWYnc58GhJ4TBnQN7gy,640201
tz1ehGMhxarDhwppx14PX1Y3eqbZ5W9Bc2Y1,46060009
tz1LN3wPFYuS5fCnodwxT94xVFLPtcFHvcHk,2393806832
tz1SRqikWtR2KNpugCApreA9QeZuqh8swQMa,19464892
tz1dPPVGVRxY45ZvnRMU3vebaBVMuhPq5bxh,10145741
tz1deYjddv6VT4o656x2FsaaN1owykAT7Nmx,91499715
tz1ed4brTwpFg8hFUJSJ4HqnsC7sEjVesMtb,1294186598
tz1QJE62jTxHis7kZkbDT2zsYZyauNDNzWg7,575563228
tz1UcwKfokzWm6g2jpnVVqjRBd9iFJQHhH2m,216984719
tz1gWt7kUnJtGXoT5BYzHVa89qGp6QVvQmyp,574208340
tz1TJspN7PEXSA4tsGJZ1EAE3iJGDBoXJz2Z,278359458
tz1epR6pJmPaJ8vvzNi6V1T51ccocX1Y4VBb,23492477
tz1TrxaPKNsRpcgw58155HdX6USrpV2fERQm,615226446
tz1W19DveaP3mW4WvFtdVdqGsWwBL5q1QDSK,424785308
tz1esdEqZC5Nz3HDFseHvpH6SmQJPocxLzA2,237068291
tz1ZLGi9hMam6Gf6kixB1XK1yJED6CYu1tGg,4772280757
tz1XyTsb9DwkPru3eU1Cwnr5JkihEi5eisHo,931262162
tz1ULQQ3S4kFLhhpPsegiMVFmXx2G6ewmbTA,34291106
tz2Lqs8WFf2HDG1RoxG3EAtuHjDS27XQANWT,10982198
tz1LRrXCmELevk5znmVcYD63TChSpYh3vaE6,515864193
tz1dNTV2DXUpqC7SEiJ4BTB5RvL53bPPHZfM,393228430
tz3T9ZKHLVzc23dxD85p9xo6L8L5mx1hvb5x,1203973044
tz1dZuKxjVojU7gtRDU1nMmG8uRdowF2Q3Sn,975001881
tz1iPeVakaABzkhWFmG8mjYMpcN3JCpHBvZ2,40249
tz1S8GvdiWQghwPMMzbNvRh66rcfmhEA6vj2,4948434521
tz1N9qzry2ko1gwTK6HKWamZZK6FGx3Vr89U,428741923
tz1M5swezYMnDaim71PSeb2cPFk49ajrvDV6,811624298
tz1QQ4HyGbCZDmQxeVHoLP99KLyfvGvyX21i,6387628036
tz1WKygtstVY96oyc6Rmk945dMf33LeihgWT,2287459752
tz1Rux3pGrp2KpZUBKvg3VQ4edRYVJsapr4z,16461757146
tz1d9Y652aoNq7351TAYiNeWy4FdWuuw1JxD,37747679
tz1LWMmDzH79xyu6JvELrnvWLBBVjZg7TnfN,3419421253
tz1esBaTjr9qFQ7FhrDQF7N7bTpNSVTkGbMU,120031175
tz1LaWQ2BUAdTVNz9nb7AhKDcPDQsb99tzhD,24611620
tz1RfSFe1dxP7wh1zSffEnskgqvVVWKNKZG1,150672571
tz1czGMShkB8ZtCHKHeCPTY3CpuiCrjsGJBy,232910331
tz1UQ6cQZef4MuskJjV9g8pXNZa5s8ff1oQy,411896782
tz1aZsKPTRdkm9vaQhWv9Mz8ZbwxSHmf7t9T,96252387
tz1KyRUKbkuBTK5uaidmF8FbWHYrMjdw6GuP,49869620
tz1dTmMLY7tan1HKfW5e3KxJcfZput6UuTH6,7836409
tz1daKxrqyoFUCcuQj36BeMN9C1Ytmjg5p6n,2158224395
tz1YZ4VZCRPoiDyGP3U69jCq2S8duDUcRjHP,48251122
tz3VvvqkW6D7bSPej9x3pghjTozTRbaB4Gn2,259919980
tz1Y2QaG5AtmfN7rwBG1coLQKFTTSw55g3Kk,839955
tz2LYELYe16viwVBaRjZc8GsauKRsxTGPvB1,1185070774
tz1gXcAJZUYqK8JkkGDPN63cPQGu8LiBndK1,1638004908
tz1gN5Ch4VeDZjiM6R1KPMBxPWFxL3HHKZyT,265512200
tz1L5rXu3RqYBjZzjWXLaFANYZcwS5Pb1ZST,39502344
tz1Md6npfDk8cL8rjnPNZU15tHvyCZkcGDuu,118251404
tz2WYko4XXaV4B5mzjguTeRkkgw8LyB2jA2d,229029386
tz1NkFRjmkqqcGkAhqe78fdgemDNKXvL7Bod,7002955814
tz1TgtGGP3TDUMnUw4UzRTZHrsmzsSKraau7,648186
tz1QkQLtDkqpw8VSymi13A86jh5iaCeMriMJ,3241305137
tz1h6J2pn9X3KMghNHZikrh3PtEpgCcRAjHZ,8986513095
tz1VCyNit49HjTmz8SEgeL67x4BLuoTaeYMy,4884444143
tz1gACjUSBkWjqWv5ZBMRk6G9Sp8xNAYgwYV,423798930
tz1ieVZFcRity1eybQtgUyGg8NLEYWNqKtQe,78536150
tz1bKUD8UtyPfknyWyMbtTqsfdMuWomrPdSp,140138728
tz1T5GmdYXDWwbhBrU7RubT7Z2dmz3ZmKwCE,2015990914
tz1XLpud4YtVgwiAJezLKUsAo9K2s8n2YPqx,273046569
tz1gmajxhmKt22CbcsSA7WWXSATgbuVEmzTC,120141565
tz1cfzEz3R8YKMqC2rbKnr2XtpNjZxH6RGdy,68574385
tz1MNGNi6vfbqGdhikvLBGbcz3FncMpuvU6J,1381912
tz1hR9eQYNNTZ4VGUeipK4PHtyyDEDmQ9dSf,1495618271
tz1RxeY78zE8hNJbqPypB1mTVyTsBRmPuqry,198666567
tz1UnGY1PRznh3CJzSFaW2V9EZdK36AYneHi,11384576408
tz1ecAtwNdrsABBKa7Bvn9ZEq1Ze1EvS9WTW,1072980924
tz1SBF19iLiCc8dNpKe1Ym9juSAKaTPyeypF,38661402
tz1X6ADVxP37XjYppBHMLVRJQwmxA2YxztbQ,378695875
tz1T1u1CET7ek19f5P59vCdjTNFWAscYQ5ct,1482777719
tz1c6Brwut7ZqXQfkjxDXvyAUL2Mr43p2JZZ,2727921
tz1V9qHfFxixcXJKWuEziUqvdrQ7BWpPnWTa,998233364
tz1Lqnwap8kKynTpefqqSH158i667Wdg8HVA,293175450
tz1Kp19QyYUnXuE6cxuXxsfQZbyqv5JtKPku,204566831
tz1cnojsw9qgMbdpgPeCcWPf5GX4YPvd4HAh,4982975781
tz1fbJACCskangcgy9xjDSiEYgh7CUmSo9oc,70048830
tz1dKaw4xdNjfufDSLWRxumNBwe2VX4mxXyW,3095034435
tz1RJf644pa7QAZqKzrPQGiYQPyubXarC4cv,54072760
tz1PTR7wFs8pTFarkpsZ7zrtVBJhusyNRRM5,187090513
tz1awQgCgLpgnkxRvbnKemRws9uqp6WASwRD,2500882
tz1PaJwmmL2nrRt5K6HvwFEc6fUfxNe6Dyp5,133021471
tz1YSwscBZCf26kSPvqsnUdhnS4XQD6mAjcz,1417172467
tz1iCiA1vKmgfZbY533ZgMwFKZ14S1DQNooQ,130758849
tz1hNGWJUFPFV7AWLXvxGzJVEfCZ8KJ77PJA,143044449
tz1MqSihmFMUS3qAmWPhdQWhzrhJJSBMaVCB,9742460
tz1NPu5aFQ12P3KGhBGgt7G79SAgVj2Skkn1,449923048
tz1Qm3DHkV7V6peZPyWe4rv6aToH3nRmWEH7,24462431
tz1KsiwkQ9pyrt4Ra7QrAQp5LQJCGxHQrY1n,358799776
tz1dz7eYRd5uV2DndcPWFeEHYGgw4bJZoCBN,618054707
tz1eKTUc8X17nVmtVRtxBcs3hwUPXWuqP2AS,577253482
tz1hXx6tvTV3kzxpBR6E4hDYcxdgcRGHUTFj,28699441
tz1fkZtnjNfQHtEyUpyX9Tqq4RrLKx35qBxf,253471750
tz1chg2T1s4DTjLqthPc49HDcqkFHMwdSPwb,894282974
tz1Uzm53vPr2Giyi32yT9GUvBErKqHPBjvQL,501599272
tz1aR3nrJgUyU5B623U9s1MtMsMjA5Wz5c3G,1130617859
tz1YaPLZuVmZaKB69BjJXKUDgNaZrxBR4Lfn,43785756
tz1WNk2o2hJvzjuZRNmZQwjLQuv24wDv1zjU,4685513482
tz1br5Mvr9VMEb1sb7HDtxpCxKVbZ5XnDqJi,197695396
tz1PMB2EKqwkD2NDuf9tvdqhEjhBy3pBGQKX,197616856
tz1QmBcwm7RH6swEYNpsZZfAWCCFaW6wugVT,3567313557
tz1LxqBcvRbZhp34C2ab62CMy49wFbsQSzD7,42337903
tz1S5RkjdXMREayGWMawArqqpyMqGRjohJJr,358694340
tz1bZ8vsMAXmaWEV7FRnyhcuUs2fYMaQ6Hkk,60468400
tz2Kmi3xEnXk8c7zqWSQqSSyfNpWt6ovG38D,1054826794
tz1LgePVXLZYNhHoRQ6KgHfQjQ1uq7JJPZDa,801374576
tz1gk77xzDAG3sif9eFvsqUnzaGh4MrzaCp3,254745874
tz1cWUkZFBZ72Yn9desxcgS9KdH4BVfqd2ZW,849195762
tz1a3LNYNZTNN2SLMjWSUc5jtLWFvZ1kC7BR,1967103060
tz1MiKQQw6u5CWaBZHtn7Xmbr6f7fCQZyZKa,4111274
tz1SGPStfd9v5upQUxRiHPC9666X4FpVAmK4,5798972
tz1iF629Cc91SJkmQRAWAm6nYavf7RgpAqZh,905979519
tz1hJso9uzj2UFHr4rGA2o6s41UK8NLnGpUd,132843200
tz1WHGwmdEr4iruf4v9r6bdHgzC5v8SKYTkV,57464516
tz1Uza3jMhipiQMtmeEidizjbSqnqZMQyRv7,11283774
tz1YqsEWdPxBmqVKsJircrwBmCmZDtHAgHzp,1324607049
tz1ZLMaECyswARea2bTsBws9eMjgUm4jG8Uj,2925279675
tz1hKW9ZbV7U1hb1zPfrE6HG5UWsKt6eppMa,2293233644
tz2H21wDMLHDJ4jcJwPr8cmhFatSv276Jama,430981966
tz1NySiq6aHysD6Rpu4bYhFaVe3ASya2qB8D,1884522746
tz1Rb321A5bMKjQdczUs7TyJBeXjfCtB4mYd,5143993831
tz1USU2xSWb7CBYGJYat2X7An9sr3cFfsLwi,125777907
tz1aoYg1xYeEdnLrAJ7y2r1T3aMBCyms6ppJ,1007984460
tz1Z5RUwr1F7BZiHjeHkPSpWBwb1EgwiqXk8,95377185
tz1WxCJ3UpzyWsXmmkE1YjYzbBv6jXYkbFYV,59052047
tz1Y9QxwVevgnxVtG56YS6s53W6MBKVdCPCB,444515359
tz1fq3tMpnnsZ944DVxcJqsVNGsWTPvqJzvo,606842976
tz1PrecMTmNArbdvQxtZLUVUBT8rcC86dKZC,55901524
tz1Ty6Hq9GpzxmMs5Sv1VQ7cP2U4KuSCAN3K,148845462
tz1gV6MqrjtV5MtVaATuemVsXDQZJgiaFiaU,213252717
tz1Q1LWn8wCK77L4xetjbH3Ar7sDaSANezZx,44383232
tz1dugdoeZULYPA9phfkpofrP95rFqhZNXeR,12730442
tz1UecmgMghaWovhh9EYfqTrK9gTtaiMtbzs,14758287
tz1gGwXf6Ggkv9T4jGmp58jUMU2Gh2vYjDyH,91607741
tz1QjPnpmqAJYSfDtDM7uTf5bkZDNY7eBECd,315310023
tz1aVZZd883FwyEx5g2o3TgQ7pwEYi2f6apg,54607393
tz2MzvuRU1GEKi9udpqzLpGYfDoZTiKZ3C4C,883147631
tz1SEox4m6JwzUjLL2daQMKU7XDrvsEukR7X,182274926
tz1XJqUrY2okTwoJFgHFJKQV98tsn2oC6Twj,78469409
tz1VqXA6L6hPEFjvsgWv7Viw4xQn5GyNszzy,8440527592
tz1Wf1Lqz1yHm27P2RQJAVV2CMxnhYK4bBGc,378402363
tz1f6qSGVtbzq9kMbuefmSX62cRJgPUKo54w,1934231
tz1iuQgH6htUbmdLALotF4HHbbKxjN7MkGd8,38349449
tz1cTS1WwovU7SC783xgJxZrzr151mcshmNi,746047258
tz1f4Z9FJfgStP7v6Rj7BMJnWJ9Mb1NdAGsS,1349751
tz1ersiy3MYVu89DFXvW7Qb8AM6LYptSsoT7,382474452
tz1UFF5DSDDtk3fM1ewaLvVG6fhaAeCdgYEt,48415194
tz1dcpUhXGeXexEXispSpfv7CeufoFnV7AAf,2344952211
tz1RKRhkvC7MQgKfPejvNaHGshWUDsyJKZdT,1133723182
tz1ibTknNagJCgQPgcbPvJhpSyS5vxgdyFt4,387021191
tz1SHzbhYsbX6Uk51hJC4JkjgWM1gWaSwBqQ,76391702
tz1LGkz6e1mTymuFyHBVFQZsHEtHepCYYgXD,1885591860
tz1NW1MMFL3jytxBjhx1qATMJyY47vLBMa4p,3083712412
tz1QRm2TJKnarZ9tbL5CNjN4Ltq9pJtytuk7,1287663
tz1WJpBDRGfa21un4yQDKTGXZw561nsGg7Qe,38327147
tz1UXAsfFeufr6p2PafNr2oXNrTDSdtwwdgm,30643039
tz1dpa4iDvAySDpgrcDCQky5Qk4kzLxHm8gf,293636165
tz1YPUNi7KW28VxZNEu3fNkRkJG55G9p7wsN,25344648
tz1YpusrSty7ULz7w9sM814trSRmM1aNbmZd,849449899
tz1cuj9Cgi19KMRi83UuypS89kXM435qdhmy,3717452
tz1N5jTEgaMoMWi1i5bU69wRCNrLvLL9iYpY,74503976
tz1htwxBMBFikeP8SnQiEQyA9n1ryDrDFyLK,19003464
tz1XTyukKgkqq9P83UkV15np7EtSSEy4kAeY,19442886
tz1WMFtCLLeRiayH19ZiaErKq4Zu9p5N73Sr,116740
tz1RFUjzPENm3vF7quaxfELQCfNTCSjAsFdA,186432652
tz1UvkN6NDmGtkBB84svr5MRWsqQxMmM5chq,9624287
tz1YjsPAFc2RmuKa784bkeQhdVLzbnRVtB7c,97646842
tz1cLd3gXJ9Fk5c648hRzFvTnGfT97CxcHrj,182922810
tz1Te5JR7gzDBwtZLKPWSPuTGFE4JX21vVur,23995879
tz1YDRhXyq5ZHMoHXJX67rHSrUFTqhYjFo86,95689909
tz1NGDuYTuuB1geX1K5b88cqa8JinFLdd3d5,122711722
tz1gqVB5kR6VTTDZc5BU5cdADzxJhot3JoQq,3152
tz1XykUaKpskyp7hDEZjmuNTk4gFU58a46KC,10647104388
tz1dghYwdzvHc3tYHp8iHpNUSpmAvvs8Zjs8,71826223
tz1RwqsGoUqGfTegy7fnWg5b1ArKevJSudE8,18146445
tz1PuipWs33aqS2KSG5k1qQtC6Dff1P1GBmM,3419016
tz1ZNxMa8XsMa8JTv776X9iCETcNoo4SY629,23543483319
tz1iAAJhH465Cf3BnsKQ744XHypQGY1v7Ps9,54222
tz1a5QW18ULwjJK71LSc7UqNGgryrFouHzf1,912555743
tz1Z1ZX2B98nEAvEnLXJBCnsJ6K1GqaSp9jK,63635322
tz1enT2GWv7U8jyPmmoVb228u8hvi6hJh5FF,6340155
tz1RyhUycXcivQ3jzF7ZpFZNcoLcgmXqcrSz,713725332
tz1gVon2mQhvutR49Yd5XK6k4ypwWfFjMZtz,48996
tz2HSz8b961xoDjDLy3aFGogvW4HEqXXdcR6,570817251
tz1eSGjgq2NmLWnaQFQxafXK8ZQF5V7Sz72y,1062020750
tz2EP3fw5CbUUgJdx4c3Xono8Gbc8PLXGRM9,2970592156
tz1e5b7RDRhmUWsiXur9MhyRBBTpCoNeUuwa,1325882
tz1VCogGe8xeRgQCLrVhPbwo6mBSQxAXep65,106691194
tz1LFFspqhK9KRQNvS1ahZ1RcpQ2PNeM8TxA,211539
tz1ZhteLTqobRVCYsPj44oFfom5BJ2SdGxeE,133824859
tz1aRF3qMDrbN95f8dGYTKPaey6J2qQQnk8j,12379447238
tz2ALu8Jxf2SMgzSZaZEwfiJQbogpUDPStwz,1899573027
tz1gLNb49fErXUiYdreLAAV6twp4v3Lm8V4H,285729259
tz1fCHiWZ3ReGqvhxkMejVzcnXYz1rnsJpow,6069211
tz1Mdpj1npkpaxPHF2wFN6oX8SovVPfHyXSy,18355642
tz1PXJVTDRHBcjJGpD4h6PzDovisMJuc8zVc,706557759
tz1L1i5BVehYJBebCGvPYU9kZYGKBELGUJGH,828749290
tz1TR56EbNTEEDeRrsPzQzoyvwFgZT25q3JR,60420311
tz1XbQgDFCaT228TPS2YUeHHfpVqGW7ANCDw,3588426740
tz1cJPtF6fU9DQFVhTifFCPxDNjKiCm5TKHB,54659265
tz1S1Aew75hMrPUymqenKfHo8FspppXKpW7h,9038145
tz1ip7fCgktJzFWxnoDdNBjpF4ZCWw9qfScc,7666538219
tz1Wb4LakUUYuFuuEgXXQrNZuBD49Trodhwx,67060728
tz1WzQh4yDUuTpZBDdRwMrnkV9bs1upnSANF,171348
tz1RAfKUFBX6P2jFkCpzLFntju7djjbtKAKr,2575262684
tz1MiQ6euA3EEdnZxJ6EPwVsHzd6vQ7AHJmU,126535775
tz1UFwr89hcJvC4sNCYK7zSLcaD4JW2KkNYD,697729566
tz1Rm5QmNUnQetDKSVW8srM29hjPRiQCgqJx,1002325
tz1TiJBTfVoXxregtdgCs1rYd55APXSAmniz,141689259
tz1UNdZnQnfmxaG5Uh2v5TsoYFPox7pyQkZ4,775560
tz1ZPSGxrrPPfrmoGJgpXDArNJfNNy3qGvE4,57010280
tz1ZU7vwEU4aoKard1acgnpGi8fFc4VkKzbP,9185043
tz1iQ5n52oSKgdtdYtqEJgKmQYbL1nn2poB8,1532159591
tz1gueZ7eL2KnvxqWudHjoTH3ZPiUCmwNKR6,188622099
tz1QxepCwQ45EwtcxkgXZezHbnidvK7hUywy,1021210004
tz1TVZgy4rejPUkEF3bsxLGNCp6H4gz4PaGf,29307106
tz1WT27PugwGBtre1hsj6BHmbAK2qQsVbRDo,158578798
tz1fL2TsQR271w84MXx3qFD7y4PZ1F2mpHFA,432732691
tz1KhU89QWZuuhhnDD1paFp1jYMdpJLh55im,358495000
tz1QQyhTMAmNQPcSGkM7GfDva8hmuFPAxUMB,1262998865
tz1htnC2n5n27PFD41q5X8bDvDcjbGMUS3f5,3843345549
tz1PoickddNEkRN6qp4K41u4KUW43vZ1UDvF,2051670620
tz1b9qYttBxHzoEseqabgvQiCxafZzkAtH9G,571070263
tz1MQotPcNdc9R3nWCTwXLMDqKLS46WqW7Wx,574435163
tz1a89Pvs553YqhJdCfDdQrRuQeykHMvVSRX,13229501
tz1favSqpvTLtedjTm1UjuEmKfgm4o9kyLd1,343455903
tz1XYuybht7U1RVsUip7H7S31fBDxpUgpTXP,92559
tz1WHUWCMqVqq5AagGN5DrytqWz88tYgedUr,6925708
tz1YJvMiZyXnzvV9pxtAiuCFvaG7XoBZhbUQ,320899612
tz1TmSForCvNii8rmwL6q2jgicQfqjNFtj8K,646238469
tz1RSYHrs9rpGHn2CcgKGGUQL4RvMqXxtLdA,140619274
tz1Su8UYhcLvUPYABx7kYsWRVibZdiZPnmh3,11415603870
tz1eoqCSmqPQtTLs53Rj6gBB14eQh2aHWVxu,145121694
tz1XhZUHsJAFp4FHoeeQQ7auVBk5j6xoUKbS,17492307
tz1Pwh2MBs6q2SeLHiko3iJpfMwsDV46bqQU,3272880371
tz1ZWbokP5pGwT3tTtLPP2KhXX5ssg1EtDPs,4789299
tz1hLWsybqnJtQRFp8skYy5aZLGNmL9bMUpa,326220256
tz1PuYitvGfsBm7C3oYAXqNc3t5wNhWZj5Dh,309909837
tz1NsE7vEgP3M9bDdkNGF4rCaTUENp5h56ZU,1855216
tz1eRrQnioaBfZkWnXxYth5ZHYJqr48E854Q,758971436
tz1dbCAvra65bwTVk5mgkYUHUGz3hoKwovZ8,145451953
tz1T5NfkdPfhkXzYx8akPkdznxSgU1Uf5jEG,261305682
tz1PYqfNnkpZydtSY2Tn3Rv8mjkgUpHJpFXC,725977944
tz1WidyAU8wuyG25Pd7b93bcx9hMu7W9Pea8,699018248
tz1VRQHQLw8Yq8tjxYLuybyHfhdqZpj3yXMw,221685
tz2CCSPbBJLu3mrEWzP4RJn9jNMz6JDboRCJ,1022431
tz2Mz3ovkZR2HyC89CHHSdsrPya1mKSmLWfD,50286640
tz1ae2d1BJt7YUqaaec6Xenh3mBqS7VjSZtK,67950244
tz1MA5sPsCo8ySkTpMbyAEbKf5v4WwBr6XLg,132987494
tz1g1vr7gbU7kwxVqmbmnovTGtdeRxFE6uBk,119313470
tz1L1XwcVmD2z4qPfLtBJ6RPThgAwLcXG6kW,7571604
tz1VeyZaPimHfrJFy8WwsCYzxHR3VmGTMpgK,73796979
tz1epFVHmqeWvvkFf2eskwhQ1AY3JwWd7Ej6,148230200
tz1QRcnskFh7eaV7QdEnjoYdDfrDqHgmmrvF,384931851
tz1XybkRZWjLx3hwcy1hQ7PT6FWEhpHm1FBv,5313709
tz1XcuwadWbLKkc4mDVxRo25dbtwfEa7wf2c,265067852
tz1MkNbJTzf6uADvfSJKJvArvRoVvjk3tZz4,52306348
tz1hvRvzke27MGtp8CsSvsafxyyMWSVYM1ut,24337482
tz1a7MJ4HMNbWDhKZAqrvzX5P6u2E2mJyJiV,511572114
tz1citPWufjty33AZ9KwZDztqrTzdNjfQU7P,2987924003
tz1WntXgznbivRjyhE7Y5jEzoebAhMPB2iJa,216751472
tz1b58mxvQAc98hbXjcrgjf5xnSwYXzi5gX6,173291832
tz1WeLuPLjUs53Yr1RCgq4EQ4d5SvV651Tqt,17498029595
tz1Wo716Gggp5HfupfxtPgmYu23rDQNcLcD8,471622646
tz1imyQrFWHyTp4avUNAw52RxdFjU3HPviRN,46938651
tz1isKR8pS4pdgU934K1S4UpLsF56ECJNArh,170518944
tz1ZVoeS9T3H451BgjTe18pM1q1LPd2cgB6Z,7514060
tz1Kx4ydaiJHThd2nTgXR25JPTZtKyLG9KC1,88883985
tz1eL4fYCgegW8tLCbQ1mYiKY3TdDxWnnKo8,226711767
tz1Rhg2UDkjgLhemdSMtiGVGRmzwVLVaHArD,39175300
tz1dPHDXSCFo8PienbvDMyCKr5DXjPMrZkJ1,206227051
tz1a7by2HMBv9QA8WT3t5fhu3E4XPofzcukg,32223644
tz1eFe7ufhpTuqh3LHB7zYLuFgB1rFCPXnzN,105949635
tz1fkkxXSMtSQew8F78XdsnaC26AfsXtsGiY,48618044
tz1ZuiTWKXKqYfzFPaSaAG3Huf9QM1AdZ1pJ,110015109
tz1RsCndtupuxe2U3syGAdcRBzpNqJZ9ANNc,3686881888
tz1MrZQhiNiHK14oEq595DLsVQ9wC4Nv2ZXW,82536297
tz1LJQ6MPnjGekNAmhFmkm8XWtM6UGx4MyF4,838028952
tz1cGtKd7EeDGW1v3d6B5tuiy81LfzMp1FfU,44047952
tz1hmxzW7MuU8HeRoCFPGZJnavGf5unqgaph,500444184
tz1Z6QqrAbEAMDLsis3v6b956sfH6qLTSEex,47345872
tz1NnBgY2ze24nQDpdY72wb1GVsee1UfAT3d,18090560
tz1dAW94vB3yYfNPE4LM2txBT8PQ21Zq4Xzf,19182010
tz1eeR22tmjPN3rGDikEMvpe8jcdXww3dqTt,134828752
tz1MsfyCeQEt7khed67HHsAidezZ1Th6mjzB,46737712
tz1WBMWCwjuFSsiiLUWKEQHEACNEat2S3EsD,447806479
tz2SuPjN8dYMJQe548bTvSPL1fdStZPXv7gT,7091180667
tz1N33TtiYBQ67sw32rhCsMSVpZkrSHWe9aq,2092736601
tz1QMjzbw5Yoi2zPqUeg2yuv5GZdmXjhh9mr,132232572
tz1ZutSZgCHEzxspXyoSYSREhwHh5g4PM8hN,128220555
tz1dDw2YD657qFqQq5tCtbkLxrgnEAECm2Fj,196687357
tz1NrRkB19Su8iBGVTz1cXbG3oCw29GSmasw,209715502
tz1NJS9T6FKTnKUkVNv2g44GHTAhzH77qiYw,266801980
tz1URL5HNuTa1fHqqCtUKXUM3hm6g9c88NgF,414641
tz1YPBTsfVCgRSzri3cUfNzBRbQ84G5RQ6DF,487898090
tz1VLGEhMhsb2HDhUaa2oeHQ8qM7Y7s72d3s,1109228187
tz2M9C5x1KoZGoQ9xEY6fQ6Xwbe2GU1RTzRx,90179279
tz1RCQDHtpdcwfgF1Kbbyusd6xhfjbXanhZ5,171348297
tz1c8JTzmA6c7cm6ZmUwR7WES6akdiMa1kwt,202198107
tz1XRTNgXgWmR4PqxZpiB6HZJ8Siz3M2JAim,60477793
tz1LxL9L2SmaFYw7XhyATaRAiLWCgxKmycBC,586552140
tz1imbraxLCQ9TUpnJVP31LS18hpTqG5wv1k,141783043
tz1iDuz9LvybPBC4kDc7ceBoKVDwwzJR7zKb,3865393072
tz1eJiCVNV3YVn2im3wzJZQLj4TdFJ5KabzE,255677966
tz2HYjnnRbzPpUGMUYGKVXDnsfSKKqH3aCVT,1693405721
tz1eiyML8sHGBL139FwJQJeLGHWAFtDqPz4U,12434037
tz1YQDCB6Hbn2ozMyS2kf6WPJDeRvJtmtNqQ,53694033
tz1eeNRXYK56vgSfXHFcXorubcaBBCVpUY1Y,3482990
tz1TQw8erN1a2LpfRSNMExicRXMveBPbvTKE,69099
tz1gaRjULm9qy4D83VCvb4ABWLKpz4XXfqjx,59258156
tz1hAZNx3LrRKFgfRytoLNVGhCrzU1uVDUHS,195248576
tz2HGysnSAQAetSyFYCa7SoH6XXVwbVqMHnM,266930926
tz1W28xB2eAvRGCXmVduC63Gx6gGDp87zqbB,518225509
tz1gJaXdi7Gweq8TUSy9knB2wLjioTKy2tZF,561391883
tz1PoXtd7RGVBwWmmZvxX18NQXYpbNdiwwtE,333993456
tz1RLCvv7wrWq4hTmyKk1zZuZeuUXNViSgRD,1631912156
tz1fXXFNod2gQDT2Vf9ibBortMmsKKorUv7Q,17322203
tz1QFk2DJhPkzp2nCN7Thpo4askJjQ3Zw6BU,139272395
tz1bRDYJHp3ACUojEeM6Ja442YEwNmcb7ph9,100611794
tz1MDs7ym4sp2FsQhL32vuAnEqG3ARhM9Vi4,39591469
tz1Xy5UM1tC3CFcbPBVq5PjufaxcLjMwfQkE,3414895
tz1RAKBnmd1X43pkkGqywYCRgf1Uo6D77zMx,3409232
tz1ezWyS2cFiqrNyiSVz5VKEKnmDN9Ah1zSR,275868669
tz1KgzP46kFAohMo8NHXkFU7STZDkAv8LVYq,25501844
tz1cXwKRD6AMy5nhqEVUU23SBxcAMnh2aKLn,37543575
tz1WNQE7B2s8woZp1d5U4SeRKHmssN7TvsDi,148711681
tz1imrUNR1R52GxhP4y6XQCDDXtQs11GarTN,2427728
tz1c19XDWSTDVAZJXdxdGAPuGpoemUnGtXYb,52045
tz1chab75LnyqBqNwrK11459SGCFQXLg9uyx,4716142
tz1USfPTFciXzVsQL7Rk8HmMWyWtFEas7fh3,118392513
tz1btYY98CWBVCGEikD7s1buWjpicb9kG8aH,2391675
tz1fj962xSPKTA57yWHA43VeVzo8KqdpNAeF,5691371
tz1ioU6W4otB7ebgRZTq1EVVra3vMyXqeqsm,29849972
tz1N8oU57qMgDRr6N9pSbhaiWRRQSxJRPGoZ,5306325
tz1fCEeLBcuSMSittqTnMEhcFdPCtD1HsiZc,11580368
tz1WsKkY3TLDvqTuK97Xu4zuVoTb2nsr7J8S,19744705
tz1dAekzaZ2VrjvuNxoaTZ4dY9XjgrjBvBro,177391304
tz2DsS3zeg4pqoUnRPHxvuRSuQrjDnTZcTNJ,971877
tz1gSGxwMrToBdzLeaxg4Bregv6W2oEbNLC8,944496033
tz1dWwKG6Z9unqwonQUWV65gkz2YhABiwF1R,128482446
tz1X8AQxtn4KzBwMZ6MZUVFDcACrfnyfYhDg,42449
tz1KxARuCbAoiGGesnQjr2pvZa7CzJR7V9D7,71298802
tz1LGVwoTMUhi76Jc8TeaNUQhanfeLLNF4xm,55942171
tz1QS7N8HnRBG2RNh3Kjty58XFXuLFVdnKGY,5773509220
tz1RAP1j8SjwT587jyccTNArBFhC9HhGKfHq,12303749
tz1QiZCuJMuVz3aq7j1Bq2v3BRTQPCdTw3Fb,187123676
tz1L8hBVpams2fWFC9kS1sPVxfGY6Hmg5TQ8,26595749
tz1TQSPkLPqXUREhxvYzPbAib6Jz35w2a6tw,54180921
tz1XD1xSVzgY8Qs1id1kNyFJDbv9e9pNMe2c,46300424
tz1Tk1MJDZ96bK85RLAqtKfnptZZyXsJ2jaq,120990062
tz1avT6pCusXgxhnffuJzk49Vq5QppLVegHB,41487151
tz1RKg4C5yKTzm28Qj9gKmfUozCDrctDpx4G,55242175
tz1Kw5M75chWdw3HUBMg2bsp164TrVXRsGJR,38765240
tz1XAFvpynqgRBizrYs12fBt563NSHm9FWve,32230234
tz1hes6aF3Px3D8nPQx27fdwBKrXmGs1UYxT,45913806
tz1c1BG1PEeuhMFwmonTVSGafehicqbBJFec,7644412
tz1UZ78ecNwH3T583wmY6nUrjpyrXP7do4hL,48692376
tz1bF5LgAwDooVGC1cT6eSnsvmPt7WaByJD5,14493579
tz1e826sMLNdz1CQLzthLDBJCFsinxqGDzv2,31528639
tz1WtkHVMtif3DXVCZ9pUCqWcBsmqgFjgdkk,3957297
tz1ivMszr6h94yTACLXjJzK3tuvRoDHqfpwN,3502222
tz1THwbFPPPBHmBu4cmLV2SppLFrA5QfBhyF,29906478
tz1U1aA8tyN6QByoYLhSvNu3krJPLYqnkRVa,42649446
tz1QSwx2wnmrTjEGrid79c4tpFMxjCT86SAy,70170689
tz1RcJYTsoYQ7adtNMANhwd8qf4zApM4i2Yd,35843023
tz1cvrgSekgCqgyc1c2qFPSeMtux6AAAfDsk,809529
tz1a1ZcbAeBEjxYSwuNKxSu6FbFB4dxdL3m9,999360
tz1NZnfrNgCGdECyAhA93TLPTSciJcZBJqDY,52916221
tz1UGuKv6PzgVbofb42VgeRwDwsVN47UpuZB,130582232
tz1eCzNtidHvVgeRzQ38C81FPcYnxMsCEL6Z,764481506
tz1N3nvFqipu91tfU9s4GXGsopawpwxSoAJh,6241058
tz1LFeLTRQZrgKxbmvjz2ckViRhVw9BZXw7t,1478733044
tz1XuzzMTz1LhqbRPy9uxfRkccSxju3v8Y4j,68283003
tz1MoiwNRQWHfA71aypNk8J9CsKjfmq39c2F,262928310
tz1hhphPmGxL6HEmEjoVSJBy82FMWbFwzNCD,1401351
tz1YHLm7Lq27q3rgVXLY424zQMkvncVvNiaK,7204528
tz1fKtBhuuZiMYhM3Pi1hcP2sjRbstgDrmqX,2077531
tz1aoz4qrvkwo1ezDQaNCFZb5kg5tAvC25xR,14598327
tz1XEA7cp83PyiXfSxWu3uHjA3EF6Gdh3Vhq,6416743
tz1UXMLCt7dqbUiJ2BHRhE1gFkdVkmCZYcM9,2010788
tz1iKF8o1hCLaTNZcCJpgKQBQxkpcSiBy5V6,75547530
tz1c2iwyckUCcicx2qxqtwLEartYFEHg1pvB,33997670
tz1YQs3qHgQGGQm14vX8vMDWwzY1DFXHCzJB,34993650
tz1PQDUDph7dDCn8pLGXqaR79DiUWLiSZdEf,179878270
tz1XYkHggnKNoYbm965gwKattMWK6bomgVSX,26179170
tz1fUZ5pMP1gUjuJsp5V631cXmA87Kxm3cuZ,207622383
tz1KiUXfWuF65Ck5zY4otx8t5pHToY8stYhj,5069027
tz1YQXd4LjZfDaKRvSTwBEwgggREFfX95JUc,17959520
tz1hM6Pz2e5vJbd1YYkYHcj5RL7tXhcn59Xr,83680779
tz1NVsmLrZX4jad9bNdvM1EskvcTq2LSZhLx,104456373
tz1cBNfPUb3Gi6oezs6fpXtki8EzSwjnoNGS,167069118
tz1h1ybLPkwDH85opBrU6hge8wSsRQBnAghf,1607610771
tz1PKoh9LB2P3pgh5ahaAFnrC2QBmUxcHDJU,12431424
tz1cqoo91JCc6sKmNuTVKNzwUdi6E6moHWFb,50464381
tz2HdbFWnzRZ7B9fM2xZCYdZv8rM5frGKDCo,37809948
tz1ZGNErBKdYeEPjZuqKXhyTixQTTPn54bx3,7402005
tz1iUyniY5PPWrzE53cs6jBwNKUun4btzMcW,315605963
tz1gi68wGST7UtzkNpnnc354mpqCcVNQVcSw,30922240
tz1XoiGxnmjnkaKcNyG4rrHNNEoh1u5VidxY,73102946
tz1QVUXNoyCfKpAyxDpq8kR3rK2AShuzQxJ5,119898981
tz2HZ2yRFd9F3uLcKnLukEXhuUz3HqhZf8mA,779809086
tz1UVTMhbMiSETKCxFi413yZ7imF1xeyt3fV,34074716
tz1XisBzUGgCmvC7pNS6hxvQ5hMvXUTd1p7D,84895329
tz1S5TbsJCWmCyRh3ghJ2rWwQHHbcvoh1uYV,329787478
tz1UAYfFWmaTrQTYMptaGCw6LrXK5Yv84VnQ,152824442
tz1XgakycyAAuhtzXcbb3Eh57ZQ8cBBHT8YG,16795270
tz1hLhGe26gqt78sZboxiwne6zgKMqirRieW,39913709
tz1YfiydbiaKMGPuavawX4rQtXdn9wgpdDKS,16366176
tz1RYTr2WKdJD1MMV51kN9AoxPnxZJgJ5sqU,1644189
tz1R6mtcAQwBTK9YpSqRL9y2a6JZWgDkBm6M,162814519
tz1Sv2XMQNxcAqyqyyv42FHjf3EGwJ3Godj1,164408582
tz1NCsGajb5YgZdhdviKrfisN3VteMasnzQi,7973975
tz1Vh4cX8VutUUUnnjmnY2omSV4F26T5orLH,172271787
tz1hgSYGDwHFqC5AwW3P7vYfXfdwwsx4ALAN,64412
tz1QGCWjNpYmcS6T9qFGYSam25e36WeFUCK4,14516903
tz1URdfSGhAfbtpEkjWBmpTt3pyLmxdHdPYy,4292185
tz1LApX9pPhcDUDznHR5TTCcSXh3m6zPgFHA,6370162
tz1hUY7paB2J5EhD73r4oWL6uZubf1UibHrk,18742720
tz1MgDFQvyV8Vfc48HgeqMbCD2Po7nhoWDeL,309004
tz1PWZTKd1zhfuxrixGJoHJ6G17SQiypwe5m,108900
tz1V1Hu7nMcgVuMKDEZickAKHHZavLKTB7Vh,39977
tz1NKHjwrYfg7GWwbWZ3bvdejkVL34De72Pz,59699
tz1RaZeHEiKewSd14gZ7HKfcQ3HaNHJ5tnV6,124396832
tz1aiLrqvULcV2Kfvzt9dUmqnLQnoNXPPek8,11643896
tz1M2h2hPZzov29kf7xcHXrunXb2jFSbfiNd,5858828
tz1MToDUySbYhPabULUyDPPsfDQF1cpZPdoH,536510
