Address,Amount
tz1NRbpmTuPEFCCYCqCr7i3hkMRDRhBFgmxz,37581628992956858
tz1SBxNvpDFC4bjW23CtQfVLqN5cBATVf68B,147641641276849176
tz1Rgo7URug42QnhBM6eLy4MWdfwn4RovHy6,25170634352689944999
tz1V3fPD3AKPNwZf42PKGzFaWU3vZ83Gjvfq,5285411000783213
tz1YTQ3Lys25j8FhZQY61eoYErYUteSao3ez,79389690800556038
tz1R3bKH1seset2h49p4vrZJCEL8voJgSK2G,1471180311587568
tz1bdRJkGkNQ7homh4PTnkVM7xzVWhuC4EMm,4080111846871803255
tz1Z2Ne4ZHxNPuCJeCcoykHVXTqhVdLMD9gV,7548818630393279711
tz1Qji1NnEPj4Cxa9s2WEoWi9U9KM6a9gdDL,1279760432140115091
tz1cmanHzitf3UgWgECzLpGUKpzEfmGZaFsw,635933553808775914
tz1RartAmPJhFsL9oAhZndSL2G7KCsaQqqkf,32721023103083966673
tz1YrfZhjFnhgERznXtYee6c29n3PBeam8A9,74821267649965
tz1MyqKoe43P4Z8MfHoXVBTrohgcbehp2zLL,2067705064552980784
tz1SRcMg9GRXi7paNeAc3ARn23mS3Z5dXa6S,72845265289874846
tz1YjtCLzjw3bqPxJh6MqdVBFrM2zrsA9kyg,37010867477469612
tz1hD7VdzRpWG3nmYpCyW2gNc8mQNs3TCgxu,364749172721797253
tz1f38MX7YT2Q7MAq3mDdj75GTN7vgqV2TfH,4495401883353054
tz1aBDeNFooBEmBXnWDVgLknNMUHMYhHVcRA,5977588878283640621
tz1hD5k7QW9ChHCgb2YLthKFirKDYQiNPDJz,208441866495132758
tz1cjTb6ijvnPrJBfaTEFphxDovW9xQbkmDK,81887958910035
tz1ZL7ekzieKxwngCCyjsCN5qhu1ohwJQEBy,487782944319962119
tz1enbGpES1NDr2kTaocDhxvMqtpMy4ruhW6,194405901526483986
tz1ehGMhxarDhwppx14PX1Y3eqbZ5W9Bc2Y1,48338247353546706
tz1ed4brTwpFg8hFUJSJ4HqnsC7sEjVesMtb,1358802231989643628
tz1QJE62jTxHis7kZkbDT2zsYZyauNDNzWg7,604570184097639029
tz1gWt7kUnJtGXoT5BYzHVa89qGp6QVvQmyp,974365859696629736
tz1epR6pJmPaJ8vvzNi6V1T51ccocX1Y4VBb,24725383892924511
tz1W19DveaP3mW4WvFtdVdqGsWwBL5q1QDSK,446388911246492507
tz1esdEqZC5Nz3HDFseHvpH6SmQJPocxLzA2,248968949625165566
tz1ULQQ3S4kFLhhpPsegiMVFmXx2G6ewmbTA,1396946576773816164
tz2Lqs8WFf2HDG1RoxG3EAtuHjDS27XQANWT,79760474174097
tz1LRrXCmELevk5znmVcYD63TChSpYh3vaE6,21852476628392337
tz1S8GvdiWQghwPMMzbNvRh66rcfmhEA6vj2,5199842624387444631
tz1N9qzry2ko1gwTK6HKWamZZK6FGx3Vr89U,53791320653275493
tz1M5swezYMnDaim71PSeb2cPFk49ajrvDV6,137475961641377766
tz1QQ4HyGbCZDmQxeVHoLP99KLyfvGvyX21i,6596723543410934508
tz1WKygtstVY96oyc6Rmk945dMf33LeihgWT,1775708690409047012
tz1Rux3pGrp2KpZUBKvg3VQ4edRYVJsapr4z,3766485355677652338
tz1LWMmDzH79xyu6JvELrnvWLBBVjZg7TnfN,3592377508898750803
tz1esBaTjr9qFQ7FhrDQF7N7bTpNSVTkGbMU,164129931636718067
tz1RfSFe1dxP7wh1zSffEnskgqvVVWKNKZG1,11933354469737697
tz1czGMShkB8ZtCHKHeCPTY3CpuiCrjsGJBy,126578478107
tz1UQ6cQZef4MuskJjV9g8pXNZa5s8ff1oQy,433189514850738810
tz1dTmMLY7tan1HKfW5e3KxJcfZput6UuTH6,19486326810037376
tz1daKxrqyoFUCcuQj36BeMN9C1Ytmjg5p6n,387815360951179579
tz1YZ4VZCRPoiDyGP3U69jCq2S8duDUcRjHP,49963803670547816
tz2LYELYe16viwVBaRjZc8GsauKRsxTGPvB1,104533633252057488
tz1gN5Ch4VeDZjiM6R1KPMBxPWFxL3HHKZyT,11886394240052645
tz2WYko4XXaV4B5mzjguTeRkkgw8LyB2jA2d,162159308328240081
tz1NkFRjmkqqcGkAhqe78fdgemDNKXvL7Bod,516487246157657111
tz1QkQLtDkqpw8VSymi13A86jh5iaCeMriMJ,3983223305320124723
tz1h6J2pn9X3KMghNHZikrh3PtEpgCcRAjHZ,1588587568322999
tz1VCyNit49HjTmz8SEgeL67x4BLuoTaeYMy,5170022590302603293
tz1gACjUSBkWjqWv5ZBMRk6G9Sp8xNAYgwYV,722239735458929767
tz1ieVZFcRity1eybQtgUyGg8NLEYWNqKtQe,123875106977375449
tz1T5GmdYXDWwbhBrU7RubT7Z2dmz3ZmKwCE,2399846160864950080
tz1gmajxhmKt22CbcsSA7WWXSATgbuVEmzTC,12536002071733960
tz1cfzEz3R8YKMqC2rbKnr2XtpNjZxH6RGdy,72605392854344195
tz1hR9eQYNNTZ4VGUeipK4PHtyyDEDmQ9dSf,1584872437792579049
tz1RxeY78zE8hNJbqPypB1mTVyTsBRmPuqry,210566544150842752
tz1SBF19iLiCc8dNpKe1Ym9juSAKaTPyeypF,1133747913544663
tz1X6ADVxP37XjYppBHMLVRJQwmxA2YxztbQ,20635890437232139
tz1T1u1CET7ek19f5P59vCdjTNFWAscYQ5ct,1572864864619218230
tz1V9qHfFxixcXJKWuEziUqvdrQ7BWpPnWTa,1059093540789416094
tz1Lqnwap8kKynTpefqqSH158i667Wdg8HVA,311173910884723113
tz1Kp19QyYUnXuE6cxuXxsfQZbyqv5JtKPku,4916531918378843
tz1cnojsw9qgMbdpgPeCcWPf5GX4YPvd4HAh,5290467675710850097
tz1fbJACCskangcgy9xjDSiEYgh7CUmSo9oc,13364976170474637
tz1dKaw4xdNjfufDSLWRxumNBwe2VX4mxXyW,3463592358279647919
tz1RJf644pa7QAZqKzrPQGiYQPyubXarC4cv,177862374031120
tz1iCiA1vKmgfZbY533ZgMwFKZ14S1DQNooQ,55198080216204590
tz1hNGWJUFPFV7AWLXvxGzJVEfCZ8KJ77PJA,152260223473113342
tz1NPu5aFQ12P3KGhBGgt7G79SAgVj2Skkn1,462350242538395328
tz1Qm3DHkV7V6peZPyWe4rv6aToH3nRmWEH7,63400742648016258
tz1KsiwkQ9pyrt4Ra7QrAQp5LQJCGxHQrY1n,300459394009143091
tz1eKTUc8X17nVmtVRtxBcs3hwUPXWuqP2AS,2801832394142017618
tz1hXx6tvTV3kzxpBR6E4hDYcxdgcRGHUTFj,4860275453
tz1fkZtnjNfQHtEyUpyX9Tqq4RrLKx35qBxf,270149197041331290
tz1chg2T1s4DTjLqthPc49HDcqkFHMwdSPwb,850710163483036309
tz1Uzm53vPr2Giyi32yT9GUvBErKqHPBjvQL,230077509122092174
tz1aR3nrJgUyU5B623U9s1MtMsMjA5Wz5c3G,1622412707109326984
tz1YaPLZuVmZaKB69BjJXKUDgNaZrxBR4Lfn,45211267845150214
tz1WNk2o2hJvzjuZRNmZQwjLQuv24wDv1zjU,4583277480204003145
tz1QmBcwm7RH6swEYNpsZZfAWCCFaW6wugVT,3814611814570418356
tz1LxqBcvRbZhp34C2ab62CMy49wFbsQSzD7,69267887209850043
tz1S5RkjdXMREayGWMawArqqpyMqGRjohJJr,167098952446274833
tz1bZ8vsMAXmaWEV7FRnyhcuUs2fYMaQ6Hkk,87623817919890
tz2Kmi3xEnXk8c7zqWSQqSSyfNpWt6ovG38D,1010103538687838871
tz1LgePVXLZYNhHoRQ6KgHfQjQ1uq7JJPZDa,60155108221599688
tz1gk77xzDAG3sif9eFvsqUnzaGh4MrzaCp3,129335688355309222
tz1cWUkZFBZ72Yn9desxcgS9KdH4BVfqd2ZW,909319295170225377
tz1a3LNYNZTNN2SLMjWSUc5jtLWFvZ1kC7BR,2402824216937451393
tz1SGPStfd9v5upQUxRiHPC9666X4FpVAmK4,1901935246699263
tz1iF629Cc91SJkmQRAWAm6nYavf7RgpAqZh,746181193031329063
tz1WHGwmdEr4iruf4v9r6bdHgzC5v8SKYTkV,100706421894729115
tz1YqsEWdPxBmqVKsJircrwBmCmZDtHAgHzp,8231021087456221376
tz1ZLMaECyswARea2bTsBws9eMjgUm4jG8Uj,3140012771279336780
tz1NySiq6aHysD6Rpu4bYhFaVe3ASya2qB8D,211316324052867694
tz1Rb321A5bMKjQdczUs7TyJBeXjfCtB4mYd,1900174764925669865
tz1USU2xSWb7CBYGJYat2X7An9sr3cFfsLwi,135213302857738276
tz1aoYg1xYeEdnLrAJ7y2r1T3aMBCyms6ppJ,1287244991793482223
tz1WxCJ3UpzyWsXmmkE1YjYzbBv6jXYkbFYV,141542839058338495
tz1fq3tMpnnsZ944DVxcJqsVNGsWTPvqJzvo,66345865307953180
tz1PrecMTmNArbdvQxtZLUVUBT8rcC86dKZC,1636321889007913
tz1Q1LWn8wCK77L4xetjbH3Ar7sDaSANezZx,17193495532489763
tz1dugdoeZULYPA9phfkpofrP95rFqhZNXeR,311783500578942
tz1UecmgMghaWovhh9EYfqTrK9gTtaiMtbzs,3778210154858746
tz1gGwXf6Ggkv9T4jGmp58jUMU2Gh2vYjDyH,99338446652503711
tz1QjPnpmqAJYSfDtDM7uTf5bkZDNY7eBECd,342965173797349186
tz1aVZZd883FwyEx5g2o3TgQ7pwEYi2f6apg,2266866624594374
tz2MzvuRU1GEKi9udpqzLpGYfDoZTiKZ3C4C,66634150662955856
tz1SEox4m6JwzUjLL2daQMKU7XDrvsEukR7X,2096680544643847
tz1XJqUrY2okTwoJFgHFJKQV98tsn2oC6Twj,95284372982467460
tz1VqXA6L6hPEFjvsgWv7Viw4xQn5GyNszzy,9222693926541552370
tz1Wf1Lqz1yHm27P2RQJAVV2CMxnhYK4bBGc,211618571089592262
tz1cTS1WwovU7SC783xgJxZrzr151mcshmNi,401951951397154658
tz1f4Z9FJfgStP7v6Rj7BMJnWJ9Mb1NdAGsS,105658162026
tz1ersiy3MYVu89DFXvW7Qb8AM6LYptSsoT7,417461507955317470
tz1UFF5DSDDtk3fM1ewaLvVG6fhaAeCdgYEt,13027119533190283
tz1dcpUhXGeXexEXispSpfv7CeufoFnV7AAf,2562264596103953038
tz1RKRhkvC7MQgKfPejvNaHGshWUDsyJKZdT,1515079948797885402
tz1ibTknNagJCgQPgcbPvJhpSyS5vxgdyFt4,68053732079792
tz1SHzbhYsbX6Uk51hJC4JkjgWM1gWaSwBqQ,84060682996088854
tz1NW1MMFL3jytxBjhx1qATMJyY47vLBMa4p,12326410734215057
tz1QRm2TJKnarZ9tbL5CNjN4Ltq9pJtytuk7,332251373651280
tz1WJpBDRGfa21un4yQDKTGXZw561nsGg7Qe,2331241475634912
tz1UXAsfFeufr6p2PafNr2oXNrTDSdtwwdgm,33971257053799709
tz1YPUNi7KW28VxZNEu3fNkRkJG55G9p7wsN,21821426193238103
tz1YpusrSty7ULz7w9sM814trSRmM1aNbmZd,1708104311481791201
tz1cuj9Cgi19KMRi83UuypS89kXM435qdhmy,4123302799642887
tz1htwxBMBFikeP8SnQiEQyA9n1ryDrDFyLK,21131638956092815
tz1XTyukKgkqq9P83UkV15np7EtSSEy4kAeY,21644411751968161
tz1WMFtCLLeRiayH19ZiaErKq4Zu9p5N73Sr,56424324606459
tz1RFUjzPENm3vF7quaxfELQCfNTCSjAsFdA,208325466913038393
tz1cLd3gXJ9Fk5c648hRzFvTnGfT97CxcHrj,128740488950639566
tz1Te5JR7gzDBwtZLKPWSPuTGFE4JX21vVur,8151738516663
tz1NGDuYTuuB1geX1K5b88cqa8JinFLdd3d5,105658569444306621
tz1XykUaKpskyp7hDEZjmuNTk4gFU58a46KC,12121787001042333580
tz1dghYwdzvHc3tYHp8iHpNUSpmAvvs8Zjs8,2513167202116927692
tz1PuipWs33aqS2KSG5k1qQtC6Dff1P1GBmM,29230241434291580
tz1ZNxMa8XsMa8JTv776X9iCETcNoo4SY629,40205058951741455087
tz1iAAJhH465Cf3BnsKQ744XHypQGY1v7Ps9,107771325266
tz1a5QW18ULwjJK71LSc7UqNGgryrFouHzf1,34215503539658414
tz1Z1ZX2B98nEAvEnLXJBCnsJ6K1GqaSp9jK,73701712720662999
tz1enT2GWv7U8jyPmmoVb228u8hvi6hJh5FF,7354584241898041
tz1RyhUycXcivQ3jzF7ZpFZNcoLcgmXqcrSz,171878373124152241
tz1gVon2mQhvutR49Yd5XK6k4ypwWfFjMZtz,82835999028
tz2HSz8b961xoDjDLy3aFGogvW4HEqXXdcR6,664294352994549885
tz1eSGjgq2NmLWnaQFQxafXK8ZQF5V7Sz72y,1939034089937362955
tz2EP3fw5CbUUgJdx4c3Xono8Gbc8PLXGRM9,159782775664929666
tz1VCogGe8xeRgQCLrVhPbwo6mBSQxAXep65,85169413423903890
tz1LFFspqhK9KRQNvS1ahZ1RcpQ2PNeM8TxA,200549163788861564
tz1ZhteLTqobRVCYsPj44oFfom5BJ2SdGxeE,163219765518629974
tz1aRF3qMDrbN95f8dGYTKPaey6J2qQQnk8j,6817351805131739763
tz2ALu8Jxf2SMgzSZaZEwfiJQbogpUDPStwz,302402043499486808
tz1fCHiWZ3ReGqvhxkMejVzcnXYz1rnsJpow,737419251585790700
tz1PXJVTDRHBcjJGpD4h6PzDovisMJuc8zVc,76276112285179458
tz1L1i5BVehYJBebCGvPYU9kZYGKBELGUJGH,1332232331378569905
tz1TR56EbNTEEDeRrsPzQzoyvwFgZT25q3JR,72704421389336118
tz1XbQgDFCaT228TPS2YUeHHfpVqGW7ANCDw,39253907113538592
tz1S1Aew75hMrPUymqenKfHo8FspppXKpW7h,89809437722
tz1Wb4LakUUYuFuuEgXXQrNZuBD49Trodhwx,83501802457519440
tz1RAfKUFBX6P2jFkCpzLFntju7djjbtKAKr,3123042597160480207
tz1MiQ6euA3EEdnZxJ6EPwVsHzd6vQ7AHJmU,65236277818483138
tz1UFwr89hcJvC4sNCYK7zSLcaD4JW2KkNYD,881410947523856723
tz1TiJBTfVoXxregtdgCs1rYd55APXSAmniz,144962998300
tz1ZPSGxrrPPfrmoGJgpXDArNJfNNy3qGvE4,72837279132013017
tz1iQ5n52oSKgdtdYtqEJgKmQYbL1nn2poB8,1978031297414127557
tz1gueZ7eL2KnvxqWudHjoTH3ZPiUCmwNKR6,245799472502155126
tz1QxepCwQ45EwtcxkgXZezHbnidvK7hUywy,1333776158703152949
tz1TVZgy4rejPUkEF3bsxLGNCp6H4gz4PaGf,23780701576949398
tz1WT27PugwGBtre1hsj6BHmbAK2qQsVbRDo,137297871023242376
tz1fL2TsQR271w84MXx3qFD7y4PZ1F2mpHFA,355202183212553563
tz1KhU89QWZuuhhnDD1paFp1jYMdpJLh55im,490005143613957215
tz1QQyhTMAmNQPcSGkM7GfDva8hmuFPAxUMB,3376588022096397089
tz1htnC2n5n27PFD41q5X8bDvDcjbGMUS3f5,5363482701033044295
tz1PoickddNEkRN6qp4K41u4KUW43vZ1UDvF,1601871446097936656
tz1b9qYttBxHzoEseqabgvQiCxafZzkAtH9G,1509723291910583935
tz1MQotPcNdc9R3nWCTwXLMDqKLS46WqW7Wx,836005043820009078
tz1a89Pvs553YqhJdCfDdQrRuQeykHMvVSRX,12179893196655
tz1favSqpvTLtedjTm1UjuEmKfgm4o9kyLd1,1471964181597962782
tz1XYuybht7U1RVsUip7H7S31fBDxpUgpTXP,98896039656
tz1WHUWCMqVqq5AagGN5DrytqWz88tYgedUr,46536843762591012
tz1YJvMiZyXnzvV9pxtAiuCFvaG7XoBZhbUQ,466240485298278124
tz1TmSForCvNii8rmwL6q2jgicQfqjNFtj8K,939453017772306994
tz1eoqCSmqPQtTLs53Rj6gBB14eQh2aHWVxu,158971439116934604
tz1XhZUHsJAFp4FHoeeQQ7auVBk5j6xoUKbS,25535022736114937
tz1Pwh2MBs6q2SeLHiko3iJpfMwsDV46bqQU,4782294487727714335
tz1ZWbokP5pGwT3tTtLPP2KhXX5ssg1EtDPs,97140032144962532
tz1hLWsybqnJtQRFp8skYy5aZLGNmL9bMUpa,511956507964020147
tz1PuYitvGfsBm7C3oYAXqNc3t5wNhWZj5Dh,453330398066775051
tz1dbCAvra65bwTVk5mgkYUHUGz3hoKwovZ8,212967019616359753
tz1T5NfkdPfhkXzYx8akPkdznxSgU1Uf5jEG,382700382390973073
tz1PYqfNnkpZydtSY2Tn3Rv8mjkgUpHJpFXC,1063532740995834586
tz2Mz3ovkZR2HyC89CHHSdsrPya1mKSmLWfD,73777504490029421
tz1ae2d1BJt7YUqaaec6Xenh3mBqS7VjSZtK,63949106170989408
tz1L1XwcVmD2z4qPfLtBJ6RPThgAwLcXG6kW,11150689705652921
tz1VeyZaPimHfrJFy8WwsCYzxHR3VmGTMpgK,43171012978066755
tz1epFVHmqeWvvkFf2eskwhQ1AY3JwWd7Ej6,219768982720523151
tz1QRcnskFh7eaV7QdEnjoYdDfrDqHgmmrvF,571572601240157404
tz1XybkRZWjLx3hwcy1hQ7PT6FWEhpHm1FBv,87758346221142769
tz1XcuwadWbLKkc4mDVxRo25dbtwfEa7wf2c,393861731103327546
tz1hvRvzke27MGtp8CsSvsafxyyMWSVYM1ut,36262662021289471
tz1a7MJ4HMNbWDhKZAqrvzX5P6u2E2mJyJiV,762553274145588894
tz1citPWufjty33AZ9KwZDztqrTzdNjfQU7P,2922978400707458957
tz1WeLuPLjUs53Yr1RCgq4EQ4d5SvV651Tqt,8077367450666250626
tz1Wo716Gggp5HfupfxtPgmYu23rDQNcLcD8,709378410737099837
tz1imyQrFWHyTp4avUNAw52RxdFjU3HPviRN,195284545503977552
tz1isKR8pS4pdgU934K1S4UpLsF56ECJNArh,263821584142422327
tz1ZVoeS9T3H451BgjTe18pM1q1LPd2cgB6Z,178445124541700770
tz1eL4fYCgegW8tLCbQ1mYiKY3TdDxWnnKo8,423618993885425303
tz1Rhg2UDkjgLhemdSMtiGVGRmzwVLVaHArD,52607075886860813
tz1dPHDXSCFo8PienbvDMyCKr5DXjPMrZkJ1,272118240581858081
tz1fkkxXSMtSQew8F78XdsnaC26AfsXtsGiY,74057528837633810
tz1ZuiTWKXKqYfzFPaSaAG3Huf9QM1AdZ1pJ,269650286173681164
tz1RsCndtupuxe2U3syGAdcRBzpNqJZ9ANNc,5632343465677584867
tz1MrZQhiNiHK14oEq595DLsVQ9wC4Nv2ZXW,22390707661613830
tz1LJQ6MPnjGekNAmhFmkm8XWtM6UGx4MyF4,1288998127781882091
tz1hmxzW7MuU8HeRoCFPGZJnavGf5unqgaph,774778783549486185
tz1Z6QqrAbEAMDLsis3v6b956sfH6qLTSEex,356541234712499
tz1NnBgY2ze24nQDpdY72wb1GVsee1UfAT3d,28341667828879687
tz1dAW94vB3yYfNPE4LM2txBT8PQ21Zq4Xzf,63394913698533584
tz1eeR22tmjPN3rGDikEMvpe8jcdXww3dqTt,211316331026306388
tz1MsfyCeQEt7khed67HHsAidezZ1Th6mjzB,73283329432517643
tz1WBMWCwjuFSsiiLUWKEQHEACNEat2S3EsD,12251223430789664
tz2SuPjN8dYMJQe548bTvSPL1fdStZPXv7gT,9439534688226715275
tz1N33TtiYBQ67sw32rhCsMSVpZkrSHWe9aq,3300211429092400313
tz1QMjzbw5Yoi2zPqUeg2yuv5GZdmXjhh9mr,211319071587713029
tz1ZutSZgCHEzxspXyoSYSREhwHh5g4PM8hN,132284018857
tz1NJS9T6FKTnKUkVNv2g44GHTAhzH77qiYw,428606283551009125
tz1URL5HNuTa1fHqqCtUKXUM3hm6g9c88NgF,667267428288342
tz2M9C5x1KoZGoQ9xEY6fQ6Xwbe2GU1RTzRx,243867798614157
tz1RCQDHtpdcwfgF1Kbbyusd6xhfjbXanhZ5,249584359301786132
tz1c8JTzmA6c7cm6ZmUwR7WES6akdiMa1kwt,334572139509739514
tz1XRTNgXgWmR4PqxZpiB6HZJ8Siz3M2JAim,100131043468108245
tz1imbraxLCQ9TUpnJVP31LS18hpTqG5wv1k,237484861506095306
tz1iDuz9LvybPBC4kDc7ceBoKVDwwzJR7zKb,6479399324346377112
tz1eiyML8sHGBL139FwJQJeLGHWAFtDqPz4U,21131633461868389
tz1YQDCB6Hbn2ozMyS2kf6WPJDeRvJtmtNqQ,287359774258240610
tz1eeNRXYK56vgSfXHFcXorubcaBBCVpUY1Y,136087712690
tz1TQw8erN1a2LpfRSNMExicRXMveBPbvTKE,77341774603
tz1gaRjULm9qy4D83VCvb4ABWLKpz4XXfqjx,102417697199368002
tz1hAZNx3LrRKFgfRytoLNVGhCrzU1uVDUHS,83249193757638572
tz1W28xB2eAvRGCXmVduC63Gx6gGDp87zqbB,5810891760011123
tz1gJaXdi7Gweq8TUSy9knB2wLjioTKy2tZF,42244242727730298
tz1PoXtd7RGVBwWmmZvxX18NQXYpbNdiwwtE,584808242611812649
tz1RLCvv7wrWq4hTmyKk1zZuZeuUXNViSgRD,9934849644571585
tz1QFk2DJhPkzp2nCN7Thpo4askJjQ3Zw6BU,67535046449410979
tz1bRDYJHp3ACUojEeM6Ja442YEwNmcb7ph9,207432674462384192
tz1MDs7ym4sp2FsQhL32vuAnEqG3ARhM9Vi4,223995315963702875
tz1Xy5UM1tC3CFcbPBVq5PjufaxcLjMwfQkE,6074747770537144
tz1RAKBnmd1X43pkkGqywYCRgf1Uo6D77zMx,6074320488929910
tz1cXwKRD6AMy5nhqEVUU23SBxcAMnh2aKLn,67737325956944084
tz1imrUNR1R52GxhP4y6XQCDDXtQs11GarTN,4382758672845590
tz1chab75LnyqBqNwrK11459SGCFQXLg9uyx,110855547452982807
tz1USfPTFciXzVsQL7Rk8HmMWyWtFEas7fh3,242849492603366936
tz1btYY98CWBVCGEikD7s1buWjpicb9kG8aH,4561769591226227
tz1fj962xSPKTA57yWHA43VeVzo8KqdpNAeF,225384711914698942
tz1ioU6W4otB7ebgRZTq1EVVra3vMyXqeqsm,57205308109802364
tz1N8oU57qMgDRr6N9pSbhaiWRRQSxJRPGoZ,52062761306986459
tz1fCEeLBcuSMSittqTnMEhcFdPCtD1HsiZc,5753833819122371
tz1WsKkY3TLDvqTuK97Xu4zuVoTb2nsr7J8S,39071503747242751
tz2DsS3zeg4pqoUnRPHxvuRSuQrjDnTZcTNJ,12316794249867697
tz1gSGxwMrToBdzLeaxg4Bregv6W2oEbNLC8,1964310270687459513
tz1X8AQxtn4KzBwMZ6MZUVFDcACrfnyfYhDg,87062325509
tz1KxARuCbAoiGGesnQjr2pvZa7CzJR7V9D7,154156263417004178
tz1LGVwoTMUhi76Jc8TeaNUQhanfeLLNF4xm,55360726927687343
tz1QS7N8HnRBG2RNh3Kjty58XFXuLFVdnKGY,12666129948994633831
tz1RAP1j8SjwT587jyccTNArBFhC9HhGKfHq,27158580423323155
tz1QiZCuJMuVz3aq7j1Bq2v3BRTQPCdTw3Fb,414775032750500837
tz1L8hBVpams2fWFC9kS1sPVxfGY6Hmg5TQ8,58986921109483868
tz1TQSPkLPqXUREhxvYzPbAib6Jz35w2a6tw,192558107846486632
tz1XD1xSVzgY8Qs1id1kNyFJDbv9e9pNMe2c,105670232639008814
tz1Tk1MJDZ96bK85RLAqtKfnptZZyXsJ2jaq,12160654586384266
tz1RKg4C5yKTzm28Qj9gKmfUozCDrctDpx4G,128107366447775958
tz1hes6aF3Px3D8nPQx27fdwBKrXmGs1UYxT,290480745700919608
tz1c1BG1PEeuhMFwmonTVSGafehicqbBJFec,17957116867161936
tz1e826sMLNdz1CQLzthLDBJCFsinxqGDzv2,7034416139444002
tz1THwbFPPPBHmBu4cmLV2SppLFrA5QfBhyF,74663298566663639
tz1U1aA8tyN6QByoYLhSvNu3krJPLYqnkRVa,10481483338364835
tz1QSwx2wnmrTjEGrid79c4tpFMxjCT86SAy,180721200075920630
tz1RcJYTsoYQ7adtNMANhwd8qf4zApM4i2Yd,163818291907284725
tz1cvrgSekgCqgyc1c2qFPSeMtux6AAAfDsk,3720526655032816
tz1a1ZcbAeBEjxYSwuNKxSu6FbFB4dxdL3m9,2476591605440844
tz1NZnfrNgCGdECyAhA93TLPTSciJcZBJqDY,14974857858565919
tz1UGuKv6PzgVbofb42VgeRwDwsVN47UpuZB,356972694532198822
tz1eCzNtidHvVgeRzQ38C81FPcYnxMsCEL6Z,741128421919430423
tz1N3nvFqipu91tfU9s4GXGsopawpwxSoAJh,17375484322614398
tz1LFeLTRQZrgKxbmvjz2ckViRhVw9BZXw7t,4188213969248234026
tz1XuzzMTz1LhqbRPy9uxfRkccSxju3v8Y4j,196183318417918773
tz1MoiwNRQWHfA71aypNk8J9CsKjfmq39c2F,757049905217607270
tz1hhphPmGxL6HEmEjoVSJBy82FMWbFwzNCD,4231766397187446
tz1YHLm7Lq27q3rgVXLY424zQMkvncVvNiaK,23244798815560307
tz1fKtBhuuZiMYhM3Pi1hcP2sjRbstgDrmqX,6801580621616861
tz1XEA7cp83PyiXfSxWu3uHjA3EF6Gdh3Vhq,22865046053298731
tz1UXMLCt7dqbUiJ2BHRhE1gFkdVkmCZYcM9,7450712671658663
tz1iKF8o1hCLaTNZcCJpgKQBQxkpcSiBy5V6,298466165161674059
tz1c2iwyckUCcicx2qxqtwLEartYFEHg1pvB,135870534239848376
tz1PQDUDph7dDCn8pLGXqaR79DiUWLiSZdEf,78650558543702630
tz1fUZ5pMP1gUjuJsp5V631cXmA87Kxm3cuZ,280668039715346139
tz1NVsmLrZX4jad9bNdvM1EskvcTq2LSZhLx,733921793943846303
tz1PKoh9LB2P3pgh5ahaAFnrC2QBmUxcHDJU,65695897846308986
tz1cqoo91JCc6sKmNuTVKNzwUdi6E6moHWFb,279112519990580695
tz1ZGNErBKdYeEPjZuqKXhyTixQTTPn54bx3,141581937115
tz1XoiGxnmjnkaKcNyG4rrHNNEoh1u5VidxY,43208039106222631
tz1QVUXNoyCfKpAyxDpq8kR3rK2AShuzQxJ5,720983628542862062
tz1UVTMhbMiSETKCxFi413yZ7imF1xeyt3fV,215575767816914289
tz1S5TbsJCWmCyRh3ghJ2rWwQHHbcvoh1uYV,155025132845181972
tz1UAYfFWmaTrQTYMptaGCw6LrXK5Yv84VnQ,1147549916707913
tz1hLhGe26gqt78sZboxiwne6zgKMqirRieW,70525073447739256
tz1RYTr2WKdJD1MMV51kN9AoxPnxZJgJ5sqU,11515041945533848
tz1R6mtcAQwBTK9YpSqRL9y2a6JZWgDkBm6M,141057169799042732
tz1Sv2XMQNxcAqyqyyv42FHjf3EGwJ3Godj1,797198349596833890
tz1NCsGajb5YgZdhdviKrfisN3VteMasnzQi,52830224639831073
tz1Vh4cX8VutUUUnnjmnY2omSV4F26T5orLH,11645287853282427
tz1QGCWjNpYmcS6T9qFGYSam25e36WeFUCK4,127033034101531826
tz1LApX9pPhcDUDznHR5TTCcSXh3m6zPgFHA,67989333986305545
tz1hUY7paB2J5EhD73r4oWL6uZubf1UibHrk,228076794191223922
tz1MgDFQvyV8Vfc48HgeqMbCD2Po7nhoWDeL,314917449535166997
tz1PWZTKd1zhfuxrixGJoHJ6G17SQiypwe5m,105024213054
tz1V1Hu7nMcgVuMKDEZickAKHHZavLKTB7Vh,113054233368
tz1NKHjwrYfg7GWwbWZ3bvdejkVL34De72Pz,110729753803
tz1RaZeHEiKewSd14gZ7HKfcQ3HaNHJ5tnV6,2277739402211555844
tz1aiLrqvULcV2Kfvzt9dUmqnLQnoNXPPek8,363694779349052122
tz1M2h2hPZzov29kf7xcHXrunXb2jFSbfiNd,1061908261335504525
tz1MToDUySbYhPabULUyDPPsfDQF1cpZPdoH,159125920214560056
tz1gMfLSQs6xTM2TcLM6Sb2njJ6h9qhSsT9Z,159544180905911781
tz1Mt4ddsTmDs4of6kkWYvMWSUtM8zbGNMq2,98684723332
tz1UNTxRbAYTSBSdHMjoUoYAtLH4MHMUiGwg,21998514093550904
tz1YUJitqsUrFfFzEp1d2RiqVwV61J8aPb4E,121295570006
tz1TqqKqc4t2Y6PTvxeuhF8kNjVn8HpZkKma,153631857234857073
tz2VoUZvPNLyq9bZ82VoDLrhkH8n6eaUoS6E,28988480470948685
tz1ZvbLR47deoqaSgsaRXe7hbgDgwonBicnV,1181858417950589313
tz1L8m6MGdvK2WA65wQ7DeVwXVmCS72JKWeN,9380742223520634759
tz1iCJRFVD1oY7yQBap6X59XktpKHJtgCGyS,7193776534303966
tz1bnWUvcfU77EBpbLUQ41c3hCBKovGuqyGY,483594497980521834
tz1STAzkywd9GnKGvJBPL4xWte3LCniyu5ho,139366072028239744
tz1g6cLrzLxNayiVyb7BLsKK6TfwboqWaYPx,5433506483351801
tz2Q6ugZbronUHSk8fbuHibBrBEJwrzgtL8X,42474589164646720
tz2Kn9u9cxvTczP6CjirJnEE1UApmoCzuGPB,117233241264110680
tz1aHfKHR887WzmpA56K2diKDufR3QJqn9iK,7804978587924947132
tz1fcuYiLoHA1qD8vLJmSJPPKhGANGLJZgin,81726599479512
tz1bdbHUpDrUx7m5g4VTSkjnc3mxnquzRTcw,868032138061580278
tz1NoV2nnTuxavEAuozNyHm4nqT3qtkYUNYW,113899498664
tz1TQJjDtzUWWAa5a9H61iyPZmuKRfX9hXi8,3927377119038818
tz1ewd8gDnG3USrTRJVdbpsyieVv9fWDMPNk,412759505137948883
tz1Tpms3fccT8x1pVY9BQKgnvppew71pTDDd,21135632834617414
tz1bNLPqmLVxWF6puxbFZHU1yCJLiCZmHH2E,298856798409784
tz1ajJzH5YBGRuXnU7QDJzY2qVRGcysUbxJE,21131751165060887
tz1YT4u9DnGFiRM8AXXACY8LWuV1rW3A2hFb,5996625348511197
tz1QppHuA9TUoFN5Ek2ZSmRPdU1xQiwRSnPb,11766730041980692
tz1fne8nhZuSRgzaQPyaomKQcFRfthyicBQc,21131640857939731
tz1PGFWJqZhk5BabfqxfYixpVH9S8vY7NKj8,135031131069
tz1Uva3ynPUXqpAsWJ3CxcXVPG7HEXB19rzU,215935721296193731
tz1cGZNvVyHrKgbRu4b23Nw896JD6GYhZKQm,215579966038324247
tz1i9THBDe13YzhSmcdpcWKJrL4raaJ1cpN3,215225089856362824
tz1apbBneTw4Ap2kdmv7gfTv4kDPYbR5HAkn,182353576415964223
tz1MJ4C21XhL6B3YptprRWMuL8oeJquUhz4u,42022768388175652
tz1SMoz8tsJzeQPtGhPEjPnanQMvFc5KitVh,11788576134877602
tz1XuNQgqT23u9KcwmRLGGQ6w2n6dCE4bmoV,24559629080396865
tz1WrZ2Th2eCuq5NuZb8nHXPJUjaBE25Uwgv,72960453843541
tz1idC7XEoSZ45sXLwp1ujYJ3yNFi2tkLT7A,17652964794637112
tz1d4649CmmMEzXBWzhTgTkFxy9ATNhb5HC3,2381208699671481
tz2CrWArLr8eRCj6mp6yYQAKshR9MuyaK3Qu,239818751620535897
tz1UdGjnCNd5ifzEShXft78CmazG9gj4fdrN,1110053058093126
tz1WqkwtGV3ttnchD3bqmucZwByduHq8EN8f,12498406711198729
tz1fvhxJtMzKYkXM3fvXrQEyAXyMLYayTtZ2,7199275192170960
tz1dVTewmwhAqfBcAgDuDuF2sPUaafuPA8mr,224479858800531675
tz1ScePe2eXYo1RBdEe12hNY8KrvHyjFhHw6,2631361385031935
tz1XNmNga2NyqFiNpmEN66fpySDoGWoKpKXB,13802695223931947
tz1dXpsNAWLHVYNWSqhrHCHT6wh6L1fKZfo1,3330250427737901
tz1N2AezxpvrXzvGaqNVW9BqXxJ6Rcup9M4p,97839458036
tz1iFKBz9HbJDp6omQGG9LC9bTXF4zKdkJfR,9273900251340082
tz1fFCF6FogyPLLjSk3FNTG7gVdDWfPCWVni,119605039413
tz1WUmNdnrv1w75V7ntFSt5kSuyQfYuo2hqK,7263307496411564
tz1LYQiMSoy34xAUD2NnsJLCTmb8HYYR9th9,10857273186011682
tz1VYa9SB4LtsHLWZnJXc1JuL7wuX46orE2Z,54475703502381961
tz1d9NBC61N2Xjo9LvXAQsKPqC4HaL1mFD9X,79150990932965737
tz1cAxm3wHEUX9tY87sSfdVfHgCWcPCTkNTA,153556001225328139
tz1iNdzx7BJpGD2e2YaV2QbsteMQWMAXjjDf,6782464402296295
tz1YrFGJ542U6jpYHpe7BFHxNfa2mb1wpAdH,811097494900042
tz1SPVSDCDpbqigKWVYnbgHEudxSM3BASPZj,1476027180811057268
tz1f7C7HeTczoCxoo8oQ3vBDRQTiNM3tFTZu,92836652892432987
tz1P8pHeW6qWzBkgeDvi3bc8depN63r5tt5s,25772243350480608
tz1iZnkruZaYGv3dfER3wEasjJj5xpaTtMjN,316974491573525966
tz1Y1svqGfYwEN9J3ne2WLEuzUVnwzP5qoYW,99741304952
tz1YmwJZfEerVMbc8uuJc7xUzE64ma3Xfu7L,21413627911561923
tz1aQbe92zZy6MNeRFtgmgV5dV5R4BNTdqK1,21410967439042098
tz1THz87Wwo5DL34CELa6psvuH8RXShPmSbc,5494320996934652
tz1cgAHrLkuj5NrLmQ6LnELKFKu3i13CokzB,99107355980
tz1eQ9skdokeeUyTc4SdNQMPigjZ8JY4kzus,34667890465708356
tz1S35xPc2sh4kK5hd7KujsWU1G3SUdCnFqp,1545588198323091543
tz1dYEEirVkgSnE7eGK9vFUwxWBqibkafs8W,63538310631556295
tz1VLGH7SJ4HA6kDXRiHYqVFkn2btjnoxqib,1294129090687520902
tz1XYkmAHtkZFjZLdWNoL2BTqUws4oD4H1PR,312946256960227462
tz1dCyFm9jxuhxJEi8UW5sgiS7TFubaNT1J7,1198108615135506
tz1XbmhVLdDgsihnVoyn6aTRMURJ87YEbG9B,88711029953040745
tz1Sk1mwyBQkcyrwWZkftmR3Mjv77BEGUw65,24101822310795651
tz1QHXGKA8NaCmpZLrvrUyBpYhgEiQDyWY1r,1384913192672979
tz1NS4ZXnzYBPJpspW2svbqdjGsgBsGZchzV,2193240667099171
tz1LUdy3KnxyyARheKtfcnRymhUq82SKLvyx,13153206209816049
tz1LxFeaR3ZNkMRstvhjNeVbpv9vz2LttLBz,270618898870421
tz1SFJ5pW5FVR8cRfAqY3NqQBuQQq8TNsjvv,16407312345611042
tz1YRG68NdqtAcsFEwTUw6FsSsiBb5kagEDo,163562834468670601
tz1XUmPaRxfbi6Mjj6vUWf9zhjwHdfL9gEdk,814392997329127
tz1NiraRNtWgpXyyxopRTk2a7Py9oKFdrgkB,13602670482312738203
tz1VnXCALwSCihScu984A3dbY6XXLzDqJWa1,2143196808057463162
tz1ZDDHc1YycDdwQezjVDVCSfSB6A1xH3YxG,861653825220237
tz1dx37ewvwHWAaRxdjd5sayKBR8LnJUT1XE,14705223381995
tz2R1iMz3wHEx6Z8dpdPVgb9eTDVh5NdeqNz,113508950809660546
tz1hR6q1QMUC4wLD3izGsfeZ3HuyfJH5QajX,3342030710275779
tz1akJUKXFmNjxKaCqcEHmwbx4u86xfHLYJc,2547074076403515676
tz1V2FYediKBAEaTpXXJBSjuQpjkyCzrTSiE,13095746272912912
tz1Z1xRcvcqPPqja34fWNd1StABUV38LnbpW,773886339771454
tz1egZ7YNcG81udp3pGXPBsYQsUNHB7xAH7V,39893411566934544
tz1TSowSJAKRqQbqjspmyfN33nps1op2GodY,5935838117723414
tz1VV5912Qp7qqZaQ28MC2G3RQ89UhEdueqt,72197007413112826
tz2RJZQGhhkdVX3kq5agHahLmh8TByJWaedL,38727701129170580
tz1codeYURj5z49HKX9zmLHms2vJN2qDjrtt,5649714927861181509
tz1WXSxKwhw9EectY8mAdUFXDBHFnPZE3HSG,611394291555866001
tz1aDrsGYyNbiqUX6eTHLe5otZJwN5XQh2kG,2059515381579092695
tz1gu5jCJunSaHjR52rcu3n7SgDCJZDLTqJM,12550718308644351
tz1SDmZnnzpH5GAfHoeXygPWwzJtHXADpohn,959790484436871
tz2KgCQ3sTz3n3jrU21DveCfTVFgrMnzeA7x,6815216453462789339
tz1XT3SAzJh47s5DxMJud63MWnvDftqWFtS3,407972322219082553
tz2RjcKqwtC4vVKN878Bx7L9oNHR4mPTHDc4,35037925044218473
tz1bQxeuFnf9PTDRUwu94sU1GUvU425KqCeq,514767125486901
tz1Rb2U9TbEkYVQM412wBzBbMbnqX2r4CTXs,429597615037288
tz1gaTbRLDWJFA8bzcvDtkz8HxN6V1eL6gwL,17900529650991863
tz1U9RY2mXmwAaSSm67rEy49N5YE1Rs7K223,306117520076000
tz1ZzEEVRzw78fhsLMM7JvV9CxZUaWGB98U8,12503321488853418
tz1RSRuULmTkaXTjrhbFuNkE4mkJLRGPWJmy,11277356396365485
tz1hHz9wjLaZ3p9sDo9SkqT1t5wxNsK7688s,27030033363379107
tz2BzwVtwa2mTbspW1qqdiA2UtctbGntxAGi,219415460089638453
tz1QjLLgQidRchfWMvHa23uhfgdzNKSevELK,2044688301502619090
tz1WW1xr4mdTif7jorgVr7aqY3YnnJPSDXj7,79108378263895
tz1coEYWsh5bwhhCsK2Dc1SXTNQs1hWs1QtL,27369318259939251
tz1YKkEwEXk5g5MeDzNTgfDwKd589rGJS9q7,17731417231662303
tz1PSiE9EmFbQFb7K1cBxPTsbPdgotHLdy9e,43883874345772521
tz1hWxyYMfK3h3y7WvL1ErggtgneuNynC1JA,1020266348524908698
tz1agphvYoUaWn5BjTVHnqTTyYwURTGAZyBE,322974288348928
tz1VXAAqokxhhf5iwfvkJ8tRukgVLN8BVyce,893753444509353
tz1UVjnYXp5DZaCX3JZvxQQqxKnXaVMYAYZD,12507533572162535
tz1N4Q2BLS4sYvKCoM5XxFAEL1yoEY8TSS7j,2245183451011483830
tz1XH15XMCB22rJJxHLsZgVhXA6t7kJnmFa1,44560966108804196
tz1NEmMNjFtXgixkdCkkGsEn7k6QPeG1G1Qn,44145238180210282
tz1gVmWVnkT2yQr9gmed4BgK22SrSPjfpkEn,95553776401190407
tz1huGodLQWq9gKTZJ7D2Z9GeymHBJNnXvtd,15139052159885
tz1RVq5ohXzWvbqHzUgsmUNWHqin9HRkrWPz,1239122421258529
tz1az9uytyQ2tv3aKXJuNBjrX29vBsYuWDuR,57377912431484105
tz1LovFrdT3D2uY5ijGnb16172szCqFazDCE,2340619928366089
tz1aGLjZZLDwYYSevU3HLbEXenAxwRo6f6EM,245638402560077
tz1VLnru4Qd3CFuj33ss2v1feACiaLaAQdvA,4801903947268
tz1cj6FQs2Zjuwwf1uY7e7fLQfzi3YAbNj46,52424418855627860
tz1XksiJMYSGBzqZqbj4F1dbHBH85i9jR3Zi,92140612212249919
tz1U6R3G9mF8n9qH5mhrMZjgJTMKAEYb9Uw7,542344987742667349
tz1TtLSSFGrP1796nyd1ZhGH3o1AVitoukLj,2980721982874041
tz1QoX2rtnpKq3MxJ21E9NcEKxqPL4dKsEcn,96375470785303926
tz1iXbbzm9Wogk7D2W2qNwYzePbQVmYP6BXN,434589183921250
tz1aQGJFwYn3yzghyRbuWNapzDZjXCEfYHuW,3329699983342544
tz1YDowtv9HFd9eUoMZMNjicREmagF38XWyJ,384545799389781
tz1MtaUicPHBwrvkwnNwikGFfFWdaPxYAvJc,8593983045133960
tz1enSmESCGkRYo2CtDYKhqUHFTAQkpXjYjg,8007896967786682
tz1Wn4Wc6d6jieFpj2DJaNEC7HXcwKexW2By,100083479824229602
tz1c2MCGJM3pFb88Spt1cWgxGtXAX38Ur3CS,59682444018751451
tz1ZFS66zDerPgLPnYYEo8YXveudhGbzjESJ,36186440681770252
tz1eAR5bUqFqx85oRxGDSqriJbYzsC6Ff6Dj,716079904717665
tz1ZrtiLUXfjKsYskvr7fmZk9N277YQcv8Ws,2782387347104994
tz1NqZnVNkS4N4XQqZaTigDQpSs8nc8RoMFW,11851573497379256
tz1WEjGgTyPyhUapqCRvwBnHhLCNV38Jr1GU,1472472162515354
tz1f2NgqK2bX3LaPgeTrEWgFFqRJgPNzFAYv,9820637649947020
tz1WGMbfVnzVSTD8oNgZA8feaYvNvBYzSVmD,13368789839937509
tz2WnujX4qC7yfQF1SAHQuLMUcB3pA5GJhfU,4788431541267868
tz1MrpnRbw6HqHvKyBE3811uHgJYuvVj2hwN,5554322266426303
tz1TkqGsSx3gB17SLAcMAnDgfs53kYeFez9Z,6823816095069396
tz1KssAq8Lofcu9MwuXqpvXh75ufZSCsLQun,8721672643894868
tz1fhd4k1jSJRRcNVbkMwVzkKEhX3kzApsfk,31456900609573126
tz1XFukdhsw2szhabNoSDMBPCwqsyPLAkSfB,1377888845294
tz1TRrpXyABLU7RfM1fR5AbFM4g3F71KpKVS,21602860897144587
tz1NkGJR1x59KMwfLr2a8bAqDYSm4WeDjeui,404467052429178
tz1USgVdDHovucdwWXcd943nkjN9Dc2kZ36s,93433615843118
tz1cVcDkvek2UNAo8ihaycH6GqEZknuxjz9L,46041052813512
tz1Z4eLXZquq6x1kMujWqCN3eQbTzwkMb5A6,46070702999332
tz1VYfSekJV2Jcjbgt4VaaDUDH1knN1ytNUU,91513795168898
tz1Z6ikQVtLws398W5w6qMLQ7pjv8eEutu9u,90561149727472
tz1iAafYqNNj9ZqP2Z3iPwokaUfMmrNd4UkY,224856926227151
tz1ceVRLF5yAKvGcFXu2ngFtqXbqkKd1kAZe,89265249580282
tz1gSHNQkhh8qNCXgLn4MWnH9DZ34NGUn8Hz,89129022562381
tz1bxpnJwhqrdhf5Dmsp8QusjL9zN4qbDCWs,87789740617992
tz1b4Y6E5szNCHKZadDnAvdUyBfr7eQoEM3Z,2097120739140637
tz1Y8v9LUURRffBVoJNysYTMzb2NranuM3fd,405598798708044
tz2ULsEpiuozejYYvEcwYq76vDHUEVcyYyE6,8938047557415
tz1PQkArZXKyQjY8gmX9yAF8NEtEtbuekeqP,479570434169703195
tz1bv7bDGmKDPNjX3FBJ5nPG3LWnT7yB1Wto,398308028632588
