Address,Amount
tz1NRbpmTuPEFCCYCqCr7i3hkMRDRhBFgmxz,3255274953305123
tz1SBxNvpDFC4bjW23CtQfVLqN5cBATVf68B,12788539235578600
tz1Rgo7URug42QnhBM6eLy4MWdfwn4RovHy6,2180249706112231485
tz1V3fPD3AKPNwZf42PKGzFaWU3vZ83Gjvfq,457815866683092
tz1YTQ3Lys25j8FhZQY61eoYErYUteSao3ez,6876638371958847
tz1R3bKH1seset2h49p4vrZJCEL8voJgSK2G,127431847645671
tz1bdRJkGkNQ7homh4PTnkVM7xzVWhuC4EMm,353414321244415438
tz1Z2Ne4ZHxNPuCJeCcoykHVXTqhVdLMD9gV,653869480196497826
tz1Qji1NnEPj4Cxa9s2WEoWi9U9KM6a9gdDL,110851290713273756
tz1cmanHzitf3UgWgECzLpGUKpzEfmGZaFsw,55083790276041186
tz1RartAmPJhFsL9oAhZndSL2G7KCsaQqqkf,2834255188191805125
tz1YrfZhjFnhgERznXtYee6c29n3PBeam8A9,6480927120032
tz1MyqKoe43P4Z8MfHoXVBTrohgcbehp2zLL,179102095567036601
tz1SRcMg9GRXi7paNeAc3ARn23mS3Z5dXa6S,6309768201092009
tz1YjtCLzjw3bqPxJh6MqdVBFrM2zrsA9kyg,3205836285651193
tz1hD7VdzRpWG3nmYpCyW2gNc8mQNs3TCgxu,31594129313089463
tz1f38MX7YT2Q7MAq3mDdj75GTN7vgqV2TfH,389386238650335
tz1aBDeNFooBEmBXnWDVgLknNMUHMYhHVcRA,517771471808173723
tz1hD5k7QW9ChHCgb2YLthKFirKDYQiNPDJz,18054980728720938
tz1cjTb6ijvnPrJBfaTEFphxDovW9xQbkmDK,7093035314330
tz1ZL7ekzieKxwngCCyjsCN5qhu1ohwJQEBy,42251164833535594
tz1enbGpES1NDr2kTaocDhxvMqtpMy4ruhW6,16839202529844211
tz1ehGMhxarDhwppx14PX1Y3eqbZ5W9Bc2Y1,4187000141110379
tz1ed4brTwpFg8hFUJSJ4HqnsC7sEjVesMtb,117697795194560287
tz1QJE62jTxHis7kZkbDT2zsYZyauNDNzWg7,52367133371917997
tz1gWt7kUnJtGXoT5BYzHVa89qGp6QVvQmyp,84398384620860449
tz1epR6pJmPaJ8vvzNi6V1T51ccocX1Y4VBb,2141682653313811
tz1W19DveaP3mW4WvFtdVdqGsWwBL5q1QDSK,38665664079813537
tz1esdEqZC5Nz3HDFseHvpH6SmQJPocxLzA2,21565387333725599
tz1ULQQ3S4kFLhhpPsegiMVFmXx2G6ewmbTA,121001811904677415
tz2Lqs8WFf2HDG1RoxG3EAtuHjDS27XQANWT,6908755176401
tz1LRrXCmELevk5znmVcYD63TChSpYh3vaE6,1892834923398947
tz1S8GvdiWQghwPMMzbNvRh66rcfmhEA6vj2,450404038086510066
tz1N9qzry2ko1gwTK6HKWamZZK6FGx3Vr89U,4659338712024130
tz1M5swezYMnDaim71PSeb2cPFk49ajrvDV6,11908000440762765
tz1QQ4HyGbCZDmQxeVHoLP99KLyfvGvyX21i,571400162796782802
tz1WKygtstVY96oyc6Rmk945dMf33LeihgWT,153809725101009243
tz1Rux3pGrp2KpZUBKvg3VQ4edRYVJsapr4z,326248376370960829
tz1LWMmDzH79xyu6JvELrnvWLBBVjZg7TnfN,311167366633478134
tz1esBaTjr9qFQ7FhrDQF7N7bTpNSVTkGbMU,14216734874500013
tz1RfSFe1dxP7wh1zSffEnskgqvVVWKNKZG1,1033652637077787
tz1czGMShkB8ZtCHKHeCPTY3CpuiCrjsGJBy,10964073683
tz1UQ6cQZef4MuskJjV9g8pXNZa5s8ff1oQy,37522348432322698
tz1dTmMLY7tan1HKfW5e3KxJcfZput6UuTH6,1687881906569850
tz1daKxrqyoFUCcuQj36BeMN9C1Ytmjg5p6n,33592094457852126
tz1YZ4VZCRPoiDyGP3U69jCq2S8duDUcRjHP,4327803850415059
tz2LYELYe16viwVBaRjZc8GsauKRsxTGPvB1,9054576058083566
tz1gN5Ch4VeDZjiM6R1KPMBxPWFxL3HHKZyT,1029584999149589
tz2WYko4XXaV4B5mzjguTeRkkgw8LyB2jA2d,14046041882461539
tz1NkFRjmkqqcGkAhqe78fdgemDNKXvL7Bod,44737496515482386
tz1QkQLtDkqpw8VSymi13A86jh5iaCeMriMJ,345021953722652331
tz1h6J2pn9X3KMghNHZikrh3PtEpgCcRAjHZ,137601521298156
tz1VCyNit49HjTmz8SEgeL67x4BLuoTaeYMy,447821063035554150
tz1gACjUSBkWjqWv5ZBMRk6G9Sp8xNAYgwYV,62559526665589409
tz1ieVZFcRity1eybQtgUyGg8NLEYWNqKtQe,10729910966792189
tz1T5GmdYXDWwbhBrU7RubT7Z2dmz3ZmKwCE,207871752997008231
tz1gmajxhmKt22CbcsSA7WWXSATgbuVEmzTC,1085853238728542
tz1cfzEz3R8YKMqC2rbKnr2XtpNjZxH6RGdy,6288990742735492
tz1hR9eQYNNTZ4VGUeipK4PHtyyDEDmQ9dSf,137279721214231990
tz1RxeY78zE8hNJbqPypB1mTVyTsBRmPuqry,18239017720778307
tz1SBF19iLiCc8dNpKe1Ym9juSAKaTPyeypF,98203864101142
tz1X6ADVxP37XjYppBHMLVRJQwmxA2YxztbQ,1787455708534076
tz1T1u1CET7ek19f5P59vCdjTNFWAscYQ5ct,136239639843396643
tz1V9qHfFxixcXJKWuEziUqvdrQ7BWpPnWTa,91737393213720040
tz1Lqnwap8kKynTpefqqSH158i667Wdg8HVA,26953505352705099
tz1Kp19QyYUnXuE6cxuXxsfQZbyqv5JtKPku,425864009620851
tz1cnojsw9qgMbdpgPeCcWPf5GX4YPvd4HAh,458253869709571447
tz1fbJACCskangcgy9xjDSiEYgh7CUmSo9oc,1157657966008324
tz1dKaw4xdNjfufDSLWRxumNBwe2VX4mxXyW,300012153663690123
tz1RJf644pa7QAZqKzrPQGiYQPyubXarC4cv,15406222317489
tz1iCiA1vKmgfZbY533ZgMwFKZ14S1DQNooQ,4781190512843721
tz1hNGWJUFPFV7AWLXvxGzJVEfCZ8KJ77PJA,13188595202979517
tz1NPu5aFQ12P3KGhBGgt7G79SAgVj2Skkn1,40048215165762314
tz1Qm3DHkV7V6peZPyWe4rv6aToH3nRmWEH7,5491695147161132
tz1KsiwkQ9pyrt4Ra7QrAQp5LQJCGxHQrY1n,26025426944279075
tz1eKTUc8X17nVmtVRtxBcs3hwUPXWuqP2AS,242691311164791425
tz1hXx6tvTV3kzxpBR6E4hDYcxdgcRGHUTFj,420991143
tz1fkZtnjNfQHtEyUpyX9Tqq4RrLKx35qBxf,23399994581100939
tz1chg2T1s4DTjLqthPc49HDcqkFHMwdSPwb,73687478747326963
tz1Uzm53vPr2Giyi32yT9GUvBErKqHPBjvQL,19929033754879034
tz1aR3nrJgUyU5B623U9s1MtMsMjA5Wz5c3G,140531413642733174
tz1YaPLZuVmZaKB69BjJXKUDgNaZrxBR4Lfn,3916144982727299
tz1WNk2o2hJvzjuZRNmZQwjLQuv24wDv1zjU,396997915874046462
tz1QmBcwm7RH6swEYNpsZZfAWCCFaW6wugVT,330417031653419455
tz1LxqBcvRbZhp34C2ab62CMy49wFbsQSzD7,5999900066728010
tz1S5RkjdXMREayGWMawArqqpyMqGRjohJJr,14473907842680906
tz1bZ8vsMAXmaWEV7FRnyhcuUs2fYMaQ6Hkk,7589868439205
tz2Kmi3xEnXk8c7zqWSQqSSyfNpWt6ovG38D,87493938869750092
tz1LgePVXLZYNhHoRQ6KgHfQjQ1uq7JJPZDa,5210562244223935
tz1gk77xzDAG3sif9eFvsqUnzaGh4MrzaCp3,11202899878300083
tz1cWUkZFBZ72Yn9desxcgS9KdH4BVfqd2ZW,78764130386137613
tz1a3LNYNZTNN2SLMjWSUc5jtLWFvZ1kC7BR,208129708588666287
tz1SGPStfd9v5upQUxRiHPC9666X4FpVAmK4,164743315744738
tz1iF629Cc91SJkmQRAWAm6nYavf7RgpAqZh,64633306575333466
tz1WHGwmdEr4iruf4v9r6bdHgzC5v8SKYTkV,8723067669374529
tz1YqsEWdPxBmqVKsJircrwBmCmZDtHAgHzp,712961026546880838
tz1ZLMaECyswARea2bTsBws9eMjgUm4jG8Uj,271984083747925301
tz1NySiq6aHysD6Rpu4bYhFaVe3ASya2qB8D,18303962743145772
tz1Rb321A5bMKjQdczUs7TyJBeXjfCtB4mYd,164590824956635628
tz1USU2xSWb7CBYGJYat2X7An9sr3cFfsLwi,11712011691375722
tz1aoYg1xYeEdnLrAJ7y2r1T3aMBCyms6ppJ,111499594159106032
tz1WxCJ3UpzyWsXmmkE1YjYzbBv6jXYkbFYV,12260268411799241
tz1fq3tMpnnsZ944DVxcJqsVNGsWTPvqJzvo,5746798086714411
tz1PrecMTmNArbdvQxtZLUVUBT8rcC86dKZC,141736210046420
tz1Q1LWn8wCK77L4xetjbH3Ar7sDaSANezZx,1489279652491026
tz1dugdoeZULYPA9phfkpofrP95rFqhZNXeR,27006307269933
tz1UecmgMghaWovhh9EYfqTrK9gTtaiMtbzs,327263964202821
tz1gGwXf6Ggkv9T4jGmp58jUMU2Gh2vYjDyH,8604575319200128
tz1QjPnpmqAJYSfDtDM7uTf5bkZDNY7eBECd,29707225845044710
tz1aVZZd883FwyEx5g2o3TgQ7pwEYi2f6apg,196353227448132
tz2MzvuRU1GEKi9udpqzLpGYfDoZTiKZ3C4C,5771769013220039
tz1SEox4m6JwzUjLL2daQMKU7XDrvsEukR7X,181611916379153
tz1XJqUrY2okTwoJFgHFJKQV98tsn2oC6Twj,8253416393135586
tz1VqXA6L6hPEFjvsgWv7Viw4xQn5GyNszzy,798858520653707573
tz1Wf1Lqz1yHm27P2RQJAVV2CMxnhYK4bBGc,18330143013525871
tz1cTS1WwovU7SC783xgJxZrzr151mcshmNi,34816588713078249
tz1f4Z9FJfgStP7v6Rj7BMJnWJ9Mb1NdAGsS,9151981371
tz1ersiy3MYVu89DFXvW7Qb8AM6LYptSsoT7,36160007621559266
tz1UFF5DSDDtk3fM1ewaLvVG6fhaAeCdgYEt,1128393235377149
tz1dcpUhXGeXexEXispSpfv7CeufoFnV7AAf,221940240137031432
tz1RKRhkvC7MQgKfPejvNaHGshWUDsyJKZdT,131234380779525769
tz1ibTknNagJCgQPgcbPvJhpSyS5vxgdyFt4,5894731427416
tz1SHzbhYsbX6Uk51hJC4JkjgWM1gWaSwBqQ,7281234029695006
tz1NW1MMFL3jytxBjhx1qATMJyY47vLBMa4p,1067698692219053
tz1QRm2TJKnarZ9tbL5CNjN4Ltq9pJtytuk7,28779209518856
tz1WJpBDRGfa21un4yQDKTGXZw561nsGg7Qe,201929298678421
tz1UXAsfFeufr6p2PafNr2oXNrTDSdtwwdgm,2942548931028215
tz1YPUNi7KW28VxZNEu3fNkRkJG55G9p7wsN,1890145372505192
tz1YpusrSty7ULz7w9sM814trSRmM1aNbmZd,147953916096644694
tz1cuj9Cgi19KMRi83UuypS89kXM435qdhmy,357155468994861
tz1htwxBMBFikeP8SnQiEQyA9n1ryDrDFyLK,1830396841737422
tz1XTyukKgkqq9P83UkV15np7EtSSEy4kAeY,1874812597091243
tz1WMFtCLLeRiayH19ZiaErKq4Zu9p5N73Sr,4887406309156
tz1RFUjzPENm3vF7quaxfELQCfNTCSjAsFdA,18044898338619168
tz1cLd3gXJ9Fk5c648hRzFvTnGfT97CxcHrj,11151344430434682
tz1Te5JR7gzDBwtZLKPWSPuTGFE4JX21vVur,706093666779
tz1NGDuYTuuB1geX1K5b88cqa8JinFLdd3d5,9152016661613055
tz1XykUaKpskyp7hDEZjmuNTk4gFU58a46KC,1049974433550707956
tz1dghYwdzvHc3tYHp8iHpNUSpmAvvs8Zjs8,217687483638677676
tz1PuipWs33aqS2KSG5k1qQtC6Dff1P1GBmM,2531887929550458
tz1ZNxMa8XsMa8JTv776X9iCETcNoo4SY629,3482513262697786556
tz1iAAJhH465Cf3BnsKQ744XHypQGY1v7Ps9,9335020999
tz1a5QW18ULwjJK71LSc7UqNGgryrFouHzf1,2963705264299390
tz1Z1ZX2B98nEAvEnLXJBCnsJ6K1GqaSp9jK,6383952634949032
tz1enT2GWv7U8jyPmmoVb228u8hvi6hJh5FF,637045133916628
tz1RyhUycXcivQ3jzF7ZpFZNcoLcgmXqcrSz,14887895443562143
tz1gVon2mQhvutR49Yd5XK6k4ypwWfFjMZtz,7175153395
tz2HSz8b961xoDjDLy3aFGogvW4HEqXXdcR6,57540368176442161
tz1eSGjgq2NmLWnaQFQxafXK8ZQF5V7Sz72y,167956772383678098
tz2EP3fw5CbUUgJdx4c3Xono8Gbc8PLXGRM9,13840189516241976
tz1VCogGe8xeRgQCLrVhPbwo6mBSQxAXep65,7377270909637330
tz1LFFspqhK9KRQNvS1ahZ1RcpQ2PNeM8TxA,17371324428499804
tz1ZhteLTqobRVCYsPj44oFfom5BJ2SdGxeE,14137897393343611
tz1aRF3qMDrbN95f8dGYTKPaey6J2qQQnk8j,590510714244820972
tz2ALu8Jxf2SMgzSZaZEwfiJQbogpUDPStwz,26193696878244737
tz1fCHiWZ3ReGqvhxkMejVzcnXYz1rnsJpow,63874357873686379
tz1PXJVTDRHBcjJGpD4h6PzDovisMJuc8zVc,6606943991277429
tz1L1i5BVehYJBebCGvPYU9kZYGKBELGUJGH,115396342748546192
tz1TR56EbNTEEDeRrsPzQzoyvwFgZT25q3JR,6297568473883924
tz1XbQgDFCaT228TPS2YUeHHfpVqGW7ANCDw,3400125648359084
tz1S1Aew75hMrPUymqenKfHo8FspppXKpW7h,7779184165
tz1Wb4LakUUYuFuuEgXXQrNZuBD49Trodhwx,7232824477798370
tz1RAfKUFBX6P2jFkCpzLFntju7djjbtKAKr,270514147924422450
tz1MiQ6euA3EEdnZxJ6EPwVsHzd6vQ7AHJmU,5650686969134876
tz1UFwr89hcJvC4sNCYK7zSLcaD4JW2KkNYD,76346743287287217
tz1TiJBTfVoXxregtdgCs1rYd55APXSAmniz,12556518441
tz1ZPSGxrrPPfrmoGJgpXDArNJfNNy3qGvE4,6309076449819981
tz1iQ5n52oSKgdtdYtqEJgKmQYbL1nn2poB8,171334663021993592
tz1gueZ7eL2KnvxqWudHjoTH3ZPiUCmwNKR6,21290851083699208
tz1QxepCwQ45EwtcxkgXZezHbnidvK7hUywy,115530067192020558
tz1TVZgy4rejPUkEF3bsxLGNCp6H4gz4PaGf,2059855421114792
tz1WT27PugwGBtre1hsj6BHmbAK2qQsVbRDo,11892574448218818
tz1fL2TsQR271w84MXx3qFD7y4PZ1F2mpHFA,30767180703843917
tz1KhU89QWZuuhhnDD1paFp1jYMdpJLh55im,42443649031183074
tz1QQyhTMAmNQPcSGkM7GfDva8hmuFPAxUMB,292475943978384737
tz1htnC2n5n27PFD41q5X8bDvDcjbGMUS3f5,464578342318005273
tz1PoickddNEkRN6qp4K41u4KUW43vZ1UDvF,138752154619868211
tz1b9qYttBxHzoEseqabgvQiCxafZzkAtH9G,130770393680883776
tz1MQotPcNdc9R3nWCTwXLMDqKLS46WqW7Wx,72413739183419865
tz1a89Pvs553YqhJdCfDdQrRuQeykHMvVSRX,1055007521479
tz1favSqpvTLtedjTm1UjuEmKfgm4o9kyLd1,127499745511726540
tz1XYuybht7U1RVsUip7H7S31fBDxpUgpTXP,8566254563
tz1WHUWCMqVqq5AagGN5DrytqWz88tYgedUr,4030964755003753
tz1YJvMiZyXnzvV9pxtAiuCFvaG7XoBZhbUQ,40385183257829222
tz1TmSForCvNii8rmwL6q2jgicQfqjNFtj8K,81374276754587592
tz1eoqCSmqPQtTLs53Rj6gBB14eQh2aHWVxu,13769912532136674
tz1XhZUHsJAFp4FHoeeQQ7auVBk5j6xoUKbS,2211812584295639
tz1Pwh2MBs6q2SeLHiko3iJpfMwsDV46bqQU,414236526792032173
tz1ZWbokP5pGwT3tTtLPP2KhXX5ssg1EtDPs,8414151330800833
tz1hLWsybqnJtQRFp8skYy5aZLGNmL9bMUpa,44345049488651980
tz1PuYitvGfsBm7C3oYAXqNc3t5wNhWZj5Dh,39266927217954733
tz1dbCAvra65bwTVk5mgkYUHUGz3hoKwovZ8,18446943983378191
tz1T5NfkdPfhkXzYx8akPkdznxSgU1Uf5jEG,33149041241695545
tz1PYqfNnkpZydtSY2Tn3Rv8mjkgUpHJpFXC,92121911331531518
tz2Mz3ovkZR2HyC89CHHSdsrPya1mKSmLWfD,6390517625746303
tz1ae2d1BJt7YUqaaec6Xenh3mBqS7VjSZtK,5539193727969729
tz1L1XwcVmD2z4qPfLtBJ6RPThgAwLcXG6kW,965859167991146
tz1VeyZaPimHfrJFy8WwsCYzxHR3VmGTMpgK,3739420589848524
tz1epFVHmqeWvvkFf2eskwhQ1AY3JwWd7Ej6,19036121747078597
tz1QRcnskFh7eaV7QdEnjoYdDfrDqHgmmrvF,49508922914470789
tz1XybkRZWjLx3hwcy1hQ7PT6FWEhpHm1FBv,7601521116892086
tz1XcuwadWbLKkc4mDVxRo25dbtwfEa7wf2c,34115823679871418
tz1hvRvzke27MGtp8CsSvsafxyyMWSVYM1ut,3141027639866150
tz1a7MJ4HMNbWDhKZAqrvzX5P6u2E2mJyJiV,66051436310867760
tz1citPWufjty33AZ9KwZDztqrTzdNjfQU7P,253184830776177260
tz1WeLuPLjUs53Yr1RCgq4EQ4d5SvV651Tqt,699651735578669382
tz1Wo716Gggp5HfupfxtPgmYu23rDQNcLcD8,61445494374941677
tz1imyQrFWHyTp4avUNAw52RxdFjU3HPviRN,16915309601555850
tz1isKR8pS4pdgU934K1S4UpLsF56ECJNArh,22851904454728581
tz1ZVoeS9T3H451BgjTe18pM1q1LPd2cgB6Z,15456699457303346
tz1eL4fYCgegW8tLCbQ1mYiKY3TdDxWnnKo8,36693361556998446
tz1Rhg2UDkjgLhemdSMtiGVGRmzwVLVaHArD,4556760871999823
tz1dPHDXSCFo8PienbvDMyCKr5DXjPMrZkJ1,23570550735562614
tz1fkkxXSMtSQew8F78XdsnaC26AfsXtsGiY,6414772993847643
tz1ZuiTWKXKqYfzFPaSaAG3Huf9QM1AdZ1pJ,23356779529095142
tz1RsCndtupuxe2U3syGAdcRBzpNqJZ9ANNc,487866734453371735
tz1MrZQhiNiHK14oEq595DLsVQ9wC4Nv2ZXW,1939455840280060
tz1LJQ6MPnjGekNAmhFmkm8XWtM6UGx4MyF4,111651448664237926
tz1hmxzW7MuU8HeRoCFPGZJnavGf5unqgaph,67110395052687108
tz1Z6QqrAbEAMDLsis3v6b956sfH6qLTSEex,30883167714672
tz1NnBgY2ze24nQDpdY72wb1GVsee1UfAT3d,2454920765556384
tz1dAW94vB3yYfNPE4LM2txBT8PQ21Zq4Xzf,5491190250652825
tz1eeR22tmjPN3rGDikEMvpe8jcdXww3dqTt,18303963347176543
tz1MsfyCeQEt7khed67HHsAidezZ1Th6mjzB,6347712783849543
tz1WBMWCwjuFSsiiLUWKEQHEACNEat2S3EsD,1061186059525747
tz2SuPjN8dYMJQe548bTvSPL1fdStZPXv7gT,817641003459378500
tz1N33TtiYBQ67sw32rhCsMSVpZkrSHWe9aq,285860296469563739
tz1QMjzbw5Yoi2zPqUeg2yuv5GZdmXjhh9mr,18304200731269358
tz1ZutSZgCHEzxspXyoSYSREhwHh5g4PM8hN,11458280677
tz1NJS9T6FKTnKUkVNv2g44GHTAhzH77qiYw,37125354516545119
tz1URL5HNuTa1fHqqCtUKXUM3hm6g9c88NgF,57797892339111
tz2M9C5x1KoZGoQ9xEY6fQ6Xwbe2GU1RTzRx,21123531843047
tz1RCQDHtpdcwfgF1Kbbyusd6xhfjbXanhZ5,21618693370744377
tz1c8JTzmA6c7cm6ZmUwR7WES6akdiMa1kwt,28980231432327602
tz1XRTNgXgWmR4PqxZpiB6HZJ8Siz3M2JAim,8673229090498609
tz1imbraxLCQ9TUpnJVP31LS18hpTqG5wv1k,20570649601027411
tz1iDuz9LvybPBC4kDc7ceBoKVDwwzJR7zKb,561237681766263529
tz1eiyML8sHGBL139FwJQJeLGHWAFtDqPz4U,1830396365834390
tz1YQDCB6Hbn2ozMyS2kf6WPJDeRvJtmtNqQ,24890753828301967
tz1eeNRXYK56vgSfXHFcXorubcaBBCVpUY1Y,11787752006
tz1TQw8erN1a2LpfRSNMExicRXMveBPbvTKE,6699250363
tz1gaRjULm9qy4D83VCvb4ABWLKpz4XXfqjx,8871296253038227
tz1hAZNx3LrRKFgfRytoLNVGhCrzU1uVDUHS,7210943819728352
tz1W28xB2eAvRGCXmVduC63Gx6gGDp87zqbB,503332370352450
tz1gJaXdi7Gweq8TUSy9knB2wLjioTKy2tZF,3659144878969840
tz1PoXtd7RGVBwWmmZvxX18NQXYpbNdiwwtE,50655378057651332
tz1RLCvv7wrWq4hTmyKk1zZuZeuUXNViSgRD,860544582005403
tz1QFk2DJhPkzp2nCN7Thpo4askJjQ3Zw6BU,5849803509535648
tz1bRDYJHp3ACUojEeM6Ja442YEwNmcb7ph9,17967565743386024
tz1MDs7ym4sp2FsQhL32vuAnEqG3ARhM9Vi4,19402201587668320
tz1Xy5UM1tC3CFcbPBVq5PjufaxcLjMwfQkE,526187256778617
tz1RAKBnmd1X43pkkGqywYCRgf1Uo6D77zMx,526150246165950
tz1cXwKRD6AMy5nhqEVUU23SBxcAMnh2aKLn,5867324714232837
tz1imrUNR1R52GxhP4y6XQCDDXtQs11GarTN,379629220882597
tz1chab75LnyqBqNwrK11459SGCFQXLg9uyx,9602172570173901
tz1USfPTFciXzVsQL7Rk8HmMWyWtFEas7fh3,21035327416029601
tz1btYY98CWBVCGEikD7s1buWjpicb9kG8aH,395134928713459
tz1fj962xSPKTA57yWHA43VeVzo8KqdpNAeF,19522549373559897
tz1ioU6W4otB7ebgRZTq1EVVra3vMyXqeqsm,4955054149484612
tz1N8oU57qMgDRr6N9pSbhaiWRRQSxJRPGoZ,4509613005713456
tz1fCEeLBcuSMSittqTnMEhcFdPCtD1HsiZc,498390080972255
tz1WsKkY3TLDvqTuK97Xu4zuVoTb2nsr7J8S,3384326090819610
tz2DsS3zeg4pqoUnRPHxvuRSuQrjDnTZcTNJ,1066865724051529
tz1gSGxwMrToBdzLeaxg4Bregv6W2oEbNLC8,170146164390246591
tz1X8AQxtn4KzBwMZ6MZUVFDcACrfnyfYhDg,7541232650
tz1KxARuCbAoiGGesnQjr2pvZa7CzJR7V9D7,13352827874771647
tz1LGVwoTMUhi76Jc8TeaNUQhanfeLLNF4xm,4795278772994086
tz1QS7N8HnRBG2RNh3Kjty58XFXuLFVdnKGY,1097124757045452798
tz1RAP1j8SjwT587jyccTNArBFhC9HhGKfHq,2352443174720694
tz1QiZCuJMuVz3aq7j1Bq2v3BRTQPCdTw3Fb,35927308409703554
tz1L8hBVpams2fWFC9kS1sPVxfGY6Hmg5TQ8,5109375298667180
tz1TQSPkLPqXUREhxvYzPbAib6Jz35w2a6tw,16679148890697856
tz1XD1xSVzgY8Qs1id1kNyFJDbv9e9pNMe2c,9153026913339947
tz1Tk1MJDZ96bK85RLAqtKfnptZZyXsJ2jaq,1053341096477500
tz1RKg4C5yKTzm28Qj9gKmfUozCDrctDpx4G,11096504129969473
tz1hes6aF3Px3D8nPQx27fdwBKrXmGs1UYxT,25161088575346528
tz1c1BG1PEeuhMFwmonTVSGafehicqbBJFec,1555423602904501
tz1e826sMLNdz1CQLzthLDBJCFsinxqGDzv2,609312562639284
tz1THwbFPPPBHmBu4cmLV2SppLFrA5QfBhyF,6467244030341319
tz1U1aA8tyN6QByoYLhSvNu3krJPLYqnkRVa,907893327116247
tz1QSwx2wnmrTjEGrid79c4tpFMxjCT86SAy,15653850349292756
tz1RcJYTsoYQ7adtNMANhwd8qf4zApM4i2Yd,14189741020511691
tz1cvrgSekgCqgyc1c2qFPSeMtux6AAAfDsk,322267489669013
tz1a1ZcbAeBEjxYSwuNKxSu6FbFB4dxdL3m9,214519349979964
tz1NZnfrNgCGdECyAhA93TLPTSciJcZBJqDY,1297103958038373
tz1UGuKv6PzgVbofb42VgeRwDwsVN47UpuZB,30920540239016396
tz1eCzNtidHvVgeRzQ38C81FPcYnxMsCEL6Z,64195641692620962
tz1N3nvFqipu91tfU9s4GXGsopawpwxSoAJh,1505043299947235
tz1LFeLTRQZrgKxbmvjz2ckViRhVw9BZXw7t,362777995486345456
tz1XuzzMTz1LhqbRPy9uxfRkccSxju3v8Y4j,16993160217238588
tz1MoiwNRQWHfA71aypNk8J9CsKjfmq39c2F,65574741193862224
tz1hhphPmGxL6HEmEjoVSJBy82FMWbFwzNCD,366550453775812
tz1YHLm7Lq27q3rgVXLY424zQMkvncVvNiaK,2013436176305476
tz1fKtBhuuZiMYhM3Pi1hcP2sjRbstgDrmqX,589144633527841
tz1XEA7cp83PyiXfSxWu3uHjA3EF6Gdh3Vhq,1980542454331098
tz1UXMLCt7dqbUiJ2BHRhE1gFkdVkmCZYcM9,645371661480373
tz1iKF8o1hCLaTNZcCJpgKQBQxkpcSiBy5V6,25852775887972091
tz1c2iwyckUCcicx2qxqtwLEartYFEHg1pvB,11768940273612274
tz1PQDUDph7dDCn8pLGXqaR79DiUWLiSZdEf,6812615635654210
tz1fUZ5pMP1gUjuJsp5V631cXmA87Kxm3cuZ,24311123928391735
tz1NVsmLrZX4jad9bNdvM1EskvcTq2LSZhLx,63571412350377614
tz1PKoh9LB2P3pgh5ahaAFnrC2QBmUxcHDJU,5690498696425869
tz1cqoo91JCc6sKmNuTVKNzwUdi6E6moHWFb,24176386703447334
tz1ZGNErBKdYeEPjZuqKXhyTixQTTPn54bx3,12263655037
tz1XoiGxnmjnkaKcNyG4rrHNNEoh1u5VidxY,3742627747995561
tz1QVUXNoyCfKpAyxDpq8kR3rK2AShuzQxJ5,62450724213643676
tz1UVTMhbMiSETKCxFi413yZ7imF1xeyt3fV,18672910576745831
tz1S5TbsJCWmCyRh3ghJ2rWwQHHbcvoh1uYV,13428088286920620
tz1UAYfFWmaTrQTYMptaGCw6LrXK5Yv84VnQ,99399376813249
tz1hLhGe26gqt78sZboxiwne6zgKMqirRieW,6108796008216007
tz1RYTr2WKdJD1MMV51kN9AoxPnxZJgJ5sqU,997418915464766
tz1R6mtcAQwBTK9YpSqRL9y2a6JZWgDkBm6M,12218200331789403
tz1Sv2XMQNxcAqyqyyv42FHjf3EGwJ3Godj1,69052350571208628
tz1NCsGajb5YgZdhdviKrfisN3VteMasnzQi,4576089745331564
tz1Vh4cX8VutUUUnnjmnY2omSV4F26T5orLH,1008700657438854
tz1QGCWjNpYmcS6T9qFGYSam25e36WeFUCK4,11003446769978253
tz1LApX9pPhcDUDznHR5TTCcSXh3m6zPgFHA,5889153342953691
tz1hUY7paB2J5EhD73r4oWL6uZubf1UibHrk,19755734263141207
tz1MgDFQvyV8Vfc48HgeqMbCD2Po7nhoWDeL,27277766113402924
tz1PWZTKd1zhfuxrixGJoHJ6G17SQiypwe5m,9097069483
tz1V1Hu7nMcgVuMKDEZickAKHHZavLKTB7Vh,9792620067
tz1NKHjwrYfg7GWwbWZ3bvdejkVL34De72Pz,9591276477
tz1RaZeHEiKewSd14gZ7HKfcQ3HaNHJ5tnV6,197295014209337227
tz1aiLrqvULcV2Kfvzt9dUmqnLQnoNXPPek8,31502799042709981
tz1M2h2hPZzov29kf7xcHXrunXb2jFSbfiNd,91981200880917015
tz1MToDUySbYhPabULUyDPPsfDQF1cpZPdoH,13783293496755144
tz1gMfLSQs6xTM2TcLM6Sb2njJ6h9qhSsT9Z,13819522728669613
tz1Mt4ddsTmDs4of6kkWYvMWSUtM8zbGNMq2,8547950601
tz1UNTxRbAYTSBSdHMjoUoYAtLH4MHMUiGwg,1905484510852007
tz1YUJitqsUrFfFzEp1d2RiqVwV61J8aPb4E,10506474614
tz1TqqKqc4t2Y6PTvxeuhF8kNjVn8HpZkKma,13307404449660890
tz2VoUZvPNLyq9bZ82VoDLrhkH8n6eaUoS6E,2510946889213847
tz1ZvbLR47deoqaSgsaRXe7hbgDgwonBicnV,102371137425373090
tz1L8m6MGdvK2WA65wQ7DeVwXVmCS72JKWeN,812548471737652259
tz1iCJRFVD1oY7yQBap6X59XktpKHJtgCGyS,623116166044386
tz1bnWUvcfU77EBpbLUQ41c3hCBKovGuqyGY,41888366710426090
tz1STAzkywd9GnKGvJBPL4xWte3LCniyu5ho,12071719501543413
tz1g6cLrzLxNayiVyb7BLsKK6TfwboqWaYPx,470643717098876
tz2Q6ugZbronUHSk8fbuHibBrBEJwrzgtL8X,3679097206922884
tz2Kn9u9cxvTczP6CjirJnEE1UApmoCzuGPB,10154600644196570
tz1aHfKHR887WzmpA56K2diKDufR3QJqn9iK,676057743881097987
tz1fcuYiLoHA1qD8vLJmSJPPKhGANGLJZgin,7079058556889
tz1bdbHUpDrUx7m5g4VTSkjnc3mxnquzRTcw,75187887098383003
tz1NoV2nnTuxavEAuozNyHm4nqT3qtkYUNYW,9865835918
tz1TQJjDtzUWWAa5a9H61iyPZmuKRfX9hXi8,340184625051422
tz1ewd8gDnG3USrTRJVdbpsyieVv9fWDMPNk,35752725861510529
tz1Tpms3fccT8x1pVY9BQKgnvppew71pTDDd,1830742786633267
tz1bNLPqmLVxWF6puxbFZHU1yCJLiCZmHH2E,25886612064385
tz1ajJzH5YBGRuXnU7QDJzY2qVRGcysUbxJE,1830406561141638
tz1YT4u9DnGFiRM8AXXACY8LWuV1rW3A2hFb,519420387685202
tz1QppHuA9TUoFN5Ek2ZSmRPdU1xQiwRSnPb,1019219831986027
tz1fne8nhZuSRgzaQPyaomKQcFRfthyicBQc,1830397006473086
tz1PGFWJqZhk5BabfqxfYixpVH9S8vY7NKj8,11696232192
tz1Uva3ynPUXqpAsWJ3CxcXVPG7HEXB19rzU,18704089308930989
tz1cGZNvVyHrKgbRu4b23Nw896JD6GYhZKQm,18673274221573649
tz1i9THBDe13YzhSmcdpcWKJrL4raaJ1cpN3,18642535278701319
tz1apbBneTw4Ap2kdmv7gfTv4kDPYbR5HAkn,15795244800691008
tz1MJ4C21XhL6B3YptprRWMuL8oeJquUhz4u,3639961041289809
tz1SMoz8tsJzeQPtGhPEjPnanQMvFc5KitVh,1021112113958376
tz1XuNQgqT23u9KcwmRLGGQ6w2n6dCE4bmoV,2127325173234590
tz1WrZ2Th2eCuq5NuZb8nHXPJUjaBE25Uwgv,6319745693385
tz1idC7XEoSZ45sXLwp1ujYJ3yNFi2tkLT7A,1529078320642482
tz1d4649CmmMEzXBWzhTgTkFxy9ATNhb5HC3,206257398796777
tz2CrWArLr8eRCj6mp6yYQAKshR9MuyaK3Qu,20772808321574856
tz1UdGjnCNd5ifzEShXft78CmazG9gj4fdrN,96151444566905
tz1WqkwtGV3ttnchD3bqmucZwByduHq8EN8f,1082596774365761
tz1fvhxJtMzKYkXM3fvXrQEyAXyMLYayTtZ2,623592453095024
tz1dVTewmwhAqfBcAgDuDuF2sPUaafuPA8mr,19444172098335322
tz1ScePe2eXYo1RBdEe12hNY8KrvHyjFhHw6,227925319878870
tz1XNmNga2NyqFiNpmEN66fpySDoGWoKpKXB,1195572657560706
tz1dXpsNAWLHVYNWSqhrHCHT6wh6L1fKZfo1,288462237964207
tz1N2AezxpvrXzvGaqNVW9BqXxJ6Rcup9M4p,8474734750
tz1iFKBz9HbJDp6omQGG9LC9bTXF4zKdkJfR,803293950171643
tz1fFCF6FogyPLLjSk3FNTG7gVdDWfPCWVni,10360042912
tz1WUmNdnrv1w75V7ntFSt5kSuyQfYuo2hqK,629138853338502
tz1LYQiMSoy34xAUD2NnsJLCTmb8HYYR9th9,940443786250958
tz1VYa9SB4LtsHLWZnJXc1JuL7wuX46orE2Z,4718619121279019
tz1d9NBC61N2Xjo9LvXAQsKPqC4HaL1mFD9X,6855962480009896
tz1cAxm3wHEUX9tY87sSfdVfHgCWcPCTkNTA,13300833894458946
tz1iNdzx7BJpGD2e2YaV2QbsteMQWMAXjjDf,587488809881458
tz1YrFGJ542U6jpYHpe7BFHxNfa2mb1wpAdH,70256277617222
tz1SPVSDCDpbqigKWVYnbgHEudxSM3BASPZj,127851677557465260
tz1f7C7HeTczoCxoo8oQ3vBDRQTiNM3tFTZu,8041397858673329
tz1P8pHeW6qWzBkgeDvi3bc8depN63r5tt5s,2232360345131044
tz1iZnkruZaYGv3dfER3wEasjJj5xpaTtMjN,27455944590621690
tz1Y1svqGfYwEN9J3ne2WLEuzUVnwzP5qoYW,8639470414
tz1YmwJZfEerVMbc8uuJc7xUzE64ma3Xfu7L,1854822381780385
tz1aQbe92zZy6MNeRFtgmgV5dV5R4BNTdqK1,1854591934889449
tz1THz87Wwo5DL34CELa6psvuH8RXShPmSbc,475911396232763
tz1cgAHrLkuj5NrLmQ6LnELKFKu3i13CokzB,8584558526
tz1eQ9skdokeeUyTc4SdNQMPigjZ8JY4kzus,3002890469119784
tz1S35xPc2sh4kK5hd7KujsWU1G3SUdCnFqp,133876968214125759
tz1dYEEirVkgSnE7eGK9vFUwxWBqibkafs8W,5503611118426734
tz1VLGH7SJ4HA6kDXRiHYqVFkn2btjnoxqib,112095886424937281
tz1XYkmAHtkZFjZLdWNoL2BTqUws4oD4H1PR,27107023812196548
tz1dCyFm9jxuhxJEi8UW5sgiS7TFubaNT1J7,103778709723323
tz1XbmhVLdDgsihnVoyn6aTRMURJ87YEbG9B,7684041421997805
tz1Sk1mwyBQkcyrwWZkftmR3Mjv77BEGUw65,2087670508163642
tz1QHXGKA8NaCmpZLrvrUyBpYhgEiQDyWY1r,119959494822725
tz1NS4ZXnzYBPJpspW2svbqdjGsgBsGZchzV,189975836638592
tz1LUdy3KnxyyARheKtfcnRymhUq82SKLvyx,1139314709814626
tz1LxFeaR3ZNkMRstvhjNeVbpv9vz2LttLBz,23440679581744
tz1SFJ5pW5FVR8cRfAqY3NqQBuQQq8TNsjvv,1421181421905132
tz1YRG68NdqtAcsFEwTUw6FsSsiBb5kagEDo,14167613608160516
tz1XUmPaRxfbi6Mjj6vUWf9zhjwHdfL9gEdk,70541730025844
tz1NiraRNtWgpXyyxopRTk2a7Py9oKFdrgkB,1178246757942135638
tz1VnXCALwSCihScu984A3dbY6XXLzDqJWa1,185641098489382819
tz1ZDDHc1YycDdwQezjVDVCSfSB6A1xH3YxG,74635405404716
tz1dx37ewvwHWAaRxdjd5sayKBR8LnJUT1XE,1273748547917
tz2R1iMz3wHEx6Z8dpdPVgb9eTDVh5NdeqNz,9832007138803896
tz1hR6q1QMUC4wLD3izGsfeZ3HuyfJH5QajX,289482631696889
tz1akJUKXFmNjxKaCqcEHmwbx4u86xfHLYJc,220624455812786492
tz1V2FYediKBAEaTpXXJBSjuQpjkyCzrTSiE,1134337600029036
tz1Z1xRcvcqPPqja34fWNd1StABUV38LnbpW,67033092659052
tz1egZ7YNcG81udp3pGXPBsYQsUNHB7xAH7V,3455518745610325
tz1TSowSJAKRqQbqjspmyfN33nps1op2GodY,514155071753811
tz1VV5912Qp7qqZaQ28MC2G3RQ89UhEdueqt,6253616892964795
tz2RJZQGhhkdVX3kq5agHahLmh8TByJWaedL,3354546326570945
tz1codeYURj5z49HKX9zmLHms2vJN2qDjrtt,489371429360533611
tz1WXSxKwhw9EectY8mAdUFXDBHFnPZE3HSG,52958229252609920
tz1aDrsGYyNbiqUX6eTHLe5otZJwN5XQh2kG,178392715197563963
tz1gu5jCJunSaHjR52rcu3n7SgDCJZDLTqJM,1087127941254882
tz1SDmZnnzpH5GAfHoeXygPWwzJtHXADpohn,83135883359219
tz2KgCQ3sTz3n3jrU21DveCfTVFgrMnzeA7x,590325752682730747
tz1XT3SAzJh47s5DxMJud63MWnvDftqWFtS3,35338065904764211
tz2RjcKqwtC4vVKN878Bx7L9oNHR4mPTHDc4,3034942413848059
tz1bQxeuFnf9PTDRUwu94sU1GUvU425KqCeq,44588501756973
tz1Rb2U9TbEkYVQM412wBzBbMbnqX2r4CTXs,37211222443087
tz1gaTbRLDWJFA8bzcvDtkz8HxN6V1eL6gwL,1550522087126400
tz1U9RY2mXmwAaSSm67rEy49N5YE1Rs7K223,26515526936260
tz1ZzEEVRzw78fhsLMM7JvV9CxZUaWGB98U8,1083022486423197
tz1RSRuULmTkaXTjrhbFuNkE4mkJLRGPWJmy,976830882542740
tz1hHz9wjLaZ3p9sDo9SkqT1t5wxNsK7688s,2341308584875339
tz2BzwVtwa2mTbspW1qqdiA2UtctbGntxAGi,19005500047152786
tz1QjLLgQidRchfWMvHa23uhfgdzNKSevELK,177108411571112872
tz1WW1xr4mdTif7jorgVr7aqY3YnnJPSDXj7,6852271422489
tz1coEYWsh5bwhhCsK2Dc1SXTNQs1hWs1QtL,2370697029586290
tz1YKkEwEXk5g5MeDzNTgfDwKd589rGJS9q7,1535873775233387
tz1PSiE9EmFbQFb7K1cBxPTsbPdgotHLdy9e,3801167773716108
tz1hWxyYMfK3h3y7WvL1ErggtgneuNynC1JA,88374229086121936
tz1agphvYoUaWn5BjTVHnqTTyYwURTGAZyBE,27975639683443
tz1VXAAqokxhhf5iwfvkJ8tRukgVLN8BVyce,77415835351009
tz1UVjnYXp5DZaCX3JZvxQQqxKnXaVMYAYZD,1083387331951845
tz1N4Q2BLS4sYvKCoM5XxFAEL1yoEY8TSS7j,194475057348433735
tz1XH15XMCB22rJJxHLsZgVhXA6t7kJnmFa1,3859816637971015
tz1NEmMNjFtXgixkdCkkGsEn7k6QPeG1G1Qn,3823806790883365
tz1gVmWVnkT2yQr9gmed4BgK22SrSPjfpkEn,8276751789306623
tz1huGodLQWq9gKTZJ7D2Z9GeymHBJNnXvtd,1311326268536
tz1RVq5ohXzWvbqHzUgsmUNWHqin9HRkrWPz,107331275681467
tz1az9uytyQ2tv3aKXJuNBjrX29vBsYuWDuR,4970004925708498
tz1LovFrdT3D2uY5ijGnb16172szCqFazDCE,202741648837119
tz1aGLjZZLDwYYSevU3HLbEXenAxwRo6f6EM,21276899401395
tz1VLnru4Qd3CFuj33ss2v1feACiaLaAQdvA,415935074305
tz1cj6FQs2Zjuwwf1uY7e7fLQfzi3YAbNj46,4540939342312296
tz1XksiJMYSGBzqZqbj4F1dbHBH85i9jR3Zi,7981107662282267
tz1U6R3G9mF8n9qH5mhrMZjgJTMKAEYb9Uw7,46977262613606955
tz1TtLSSFGrP1796nyd1ZhGH3o1AVitoukLj,258186509569191
tz1QoX2rtnpKq3MxJ21E9NcEKxqPL4dKsEcn,8347925956567374
tz1iXbbzm9Wogk7D2W2qNwYzePbQVmYP6BXN,37643586063320
tz1aQGJFwYn3yzghyRbuWNapzDZjXCEfYHuW,288414559140765
tz1YDowtv9HFd9eUoMZMNjicREmagF38XWyJ,33308889015610
tz1MtaUicPHBwrvkwnNwikGFfFWdaPxYAvJc,744400349468523
tz1enSmESCGkRYo2CtDYKhqUHFTAQkpXjYjg,693634286921660
tz1Wn4Wc6d6jieFpj2DJaNEC7HXcwKexW2By,8669109185567530
tz1c2MCGJM3pFb88Spt1cWgxGtXAX38Ur3CS,5169620646371852
tz1ZFS66zDerPgLPnYYEo8YXveudhGbzjESJ,3134425440225182
tz1eAR5bUqFqx85oRxGDSqriJbYzsC6Ff6Dj,62025969625462
tz1ZrtiLUXfjKsYskvr7fmZk9N277YQcv8Ws,241007004861908
tz1NqZnVNkS4N4XQqZaTigDQpSs8nc8RoMFW,1026568868808315
tz1WEjGgTyPyhUapqCRvwBnHhLCNV38Jr1GU,127543746200399
tz1f2NgqK2bX3LaPgeTrEWgFFqRJgPNzFAYv,850651678067203
tz1WGMbfVnzVSTD8oNgZA8feaYvNvBYzSVmD,1157988301414621
tz2WnujX4qC7yfQF1SAHQuLMUcB3pA5GJhfU,414768110898727
tz1MrpnRbw6HqHvKyBE3811uHgJYuvVj2hwN,481108633153475
tz1TkqGsSx3gB17SLAcMAnDgfs53kYeFez9Z,591070643169905
tz1KssAq8Lofcu9MwuXqpvXh75ufZSCsLQun,755460667070026
tz1fhd4k1jSJRRcNVbkMwVzkKEhX3kzApsfk,2724758436685725
tz1XFukdhsw2szhabNoSDMBPCwqsyPLAkSfB,119351054403
tz1TRrpXyABLU7RfM1fR5AbFM4g3F71KpKVS,1871213512628434
tz1NkGJR1x59KMwfLr2a8bAqDYSm4WeDjeui,35034443702709
tz1USgVdDHovucdwWXcd943nkjN9Dc2kZ36s,8093106062747
tz1cVcDkvek2UNAo8ihaycH6GqEZknuxjz9L,3988019946546
tz1Z4eLXZquq6x1kMujWqCN3eQbTzwkMb5A6,3990588209547
tz1VYfSekJV2Jcjbgt4VaaDUDH1knN1ytNUU,7926813533044
tz1Z6ikQVtLws398W5w6qMLQ7pjv8eEutu9u,7844296544612
tz1iAafYqNNj9ZqP2Z3iPwokaUfMmrNd4UkY,19476833219805
tz1ceVRLF5yAKvGcFXu2ngFtqXbqkKd1kAZe,7732047251429
tz1gSHNQkhh8qNCXgLn4MWnH9DZ34NGUn8Hz,7720247432974
tz1bxpnJwhqrdhf5Dmsp8QusjL9zN4qbDCWs,7604240461329
tz1b4Y6E5szNCHKZadDnAvdUyBfr7eQoEM3Z,181650045490594
tz1Y8v9LUURRffBVoJNysYTMzb2NranuM3fd,35132474187651
tz2ULsEpiuozejYYvEcwYq76vDHUEVcyYyE6,774202798674
tz1PQkArZXKyQjY8gmX9yAF8NEtEtbuekeqP,41539807201834420
tz1bv7bDGmKDPNjX3FBJ5nPG3LWnT7yB1Wto,34500956559147
