Address,Amount
tz1NRbpmTuPEFCCYCqCr7i3hkMRDRhBFgmxz,24706
tz1foujP81wtDKMCX95CBY35TUYzWapuuuLg,63847571
tz1NBpWeS2gVpwPpT9NUn9ifBRfriwicJT4y,4907150
tz1RDbEW7YUkwnnDdMNieSiF6kB4XBws7QSg,3498883
tz1XwT7cC7UnvMi4GooA3qUNEA22cPcUXxLp,5454584
tz1WdQ1dak79v48jXAQjYtt5ZMGnPiwn1ktL,9516
tz1eqt71cHna4YgyNg3ao6x22xU7c7CZXxcf,1412353
tz1SBxNvpDFC4bjW23CtQfVLqN5cBATVf68B,369280
tz1Rgo7URug42QnhBM6eLy4MWdfwn4RovHy6,12649669
tz1ek9wEDD2edxuV1JniLuh2ckh5DeM4FjQo,1731113
tz1S4Sp3WtEz3MfdBjiaRWEAG3ZDSngAR5L6,1353
tz1V3fPD3AKPNwZf42PKGzFaWU3vZ83Gjvfq,1146810
tz1P6DFx1Biicriaz37h6oLAhndhBL8eMoAt,14692245
tz2UD7tXJyBrfDBHnFzhnaeL8ZGHxcDZuDa3,6074831
tz1drEV5soQL85qJMNts3JfkgZxD1oL88gsh,286875709
tz1YTQ3Lys25j8FhZQY61eoYErYUteSao3ez,81891
tz1R3bKH1seset2h49p4vrZJCEL8voJgSK2G,8644304
tz1Z6nhkXDgJjDzSpDEX5g2o1ris8Ga4xjDY,1526636
tz1bdRJkGkNQ7homh4PTnkVM7xzVWhuC4EMm,9702428
tz1Z2Ne4ZHxNPuCJeCcoykHVXTqhVdLMD9gV,11709553
tz1Qji1NnEPj4Cxa9s2WEoWi9U9KM6a9gdDL,3061585
tz1VjYmQHw4QE6tYTQLLfWNjqkUNwMC7YPoF,2120557
tz1czaureyspHk1etv1dKV1WmHCs9pb4fXBr,947956
tz1cmanHzitf3UgWgECzLpGUKpzEfmGZaFsw,8838443
tz1eZFb4bNMMdveGT7BPcktbYsurg2e8r1xR,31056
tz1RartAmPJhFsL9oAhZndSL2G7KCsaQqqkf,62046773
tz1bEi1SEPrZh28Vqa2gKi7veuJ7AksFC5GL,113786
tz1YrfZhjFnhgERznXtYee6c29n3PBeam8A9,260203
tz1MyqKoe43P4Z8MfHoXVBTrohgcbehp2zLL,33136075
tz1SRcMg9GRXi7paNeAc3ARn23mS3Z5dXa6S,277381
tz1YjtCLzjw3bqPxJh6MqdVBFrM2zrsA9kyg,108032
tz1hD7VdzRpWG3nmYpCyW2gNc8mQNs3TCgxu,3448405
tz1MstraWa1kkCRoGRYpYEtMncugi99rUx2H,12941
tz1f38MX7YT2Q7MAq3mDdj75GTN7vgqV2TfH,9124812
tz1U1Pfo6gY5UKitBztSaAbmbwFxgmmN2oaP,338442
tz1aBDeNFooBEmBXnWDVgLknNMUHMYhHVcRA,4371883
tz1hD5k7QW9ChHCgb2YLthKFirKDYQiNPDJz,496526
tz1cjTb6ijvnPrJBfaTEFphxDovW9xQbkmDK,33036
tz1ZL7ekzieKxwngCCyjsCN5qhu1ohwJQEBy,1161972
tz1enbGpES1NDr2kTaocDhxvMqtpMy4ruhW6,463104
tz1SKobyM2ZGQYYWKiWYnc58GhJ4TBnQN7gy,1600
tz1ehGMhxarDhwppx14PX1Y3eqbZ5W9Bc2Y1,115149
tz1LN3wPFYuS5fCnodwxT94xVFLPtcFHvcHk,5984463
tz1SRqikWtR2KNpugCApreA9QeZuqh8swQMa,48661
tz1dPPVGVRxY45ZvnRMU3vebaBVMuhPq5bxh,25364
tz1deYjddv6VT4o656x2FsaaN1owykAT7Nmx,228747
tz1ed4brTwpFg8hFUJSJ4HqnsC7sEjVesMtb,3235437
tz1QJE62jTxHis7kZkbDT2zsYZyauNDNzWg7,1438895
tz1UcwKfokzWm6g2jpnVVqjRBd9iFJQHhH2m,542456
tz1gWt7kUnJtGXoT5BYzHVa89qGp6QVvQmyp,1435508
tz1TJspN7PEXSA4tsGJZ1EAE3iJGDBoXJz2Z,695892
tz1epR6pJmPaJ8vvzNi6V1T51ccocX1Y4VBb,58730
tz1TrxaPKNsRpcgw58155HdX6USrpV2fERQm,1538052
tz1W19DveaP3mW4WvFtdVdqGsWwBL5q1QDSK,1061953
tz1esdEqZC5Nz3HDFseHvpH6SmQJPocxLzA2,592665
tz1ZLGi9hMam6Gf6kixB1XK1yJED6CYu1tGg,11930595
tz1XyTsb9DwkPru3eU1Cwnr5JkihEi5eisHo,2328134
tz1ULQQ3S4kFLhhpPsegiMVFmXx2G6ewmbTA,85727
tz2Lqs8WFf2HDG1RoxG3EAtuHjDS27XQANWT,27455
tz1LRrXCmELevk5znmVcYD63TChSpYh3vaE6,1289649
tz1dNTV2DXUpqC7SEiJ4BTB5RvL53bPPHZfM,983062
tz3T9ZKHLVzc23dxD85p9xo6L8L5mx1hvb5x,3009905
tz1dZuKxjVojU7gtRDU1nMmG8uRdowF2Q3Sn,2437483
tz1iPeVakaABzkhWFmG8mjYMpcN3JCpHBvZ2,100
tz1S8GvdiWQghwPMMzbNvRh66rcfmhEA6vj2,12370976
tz1N9qzry2ko1gwTK6HKWamZZK6FGx3Vr89U,1071845
tz1M5swezYMnDaim71PSeb2cPFk49ajrvDV6,2029042
tz1QQ4HyGbCZDmQxeVHoLP99KLyfvGvyX21i,15968928
tz1WKygtstVY96oyc6Rmk945dMf33LeihgWT,5718598
tz1Rux3pGrp2KpZUBKvg3VQ4edRYVJsapr4z,41154027
tz1d9Y652aoNq7351TAYiNeWy4FdWuuw1JxD,94368
tz1LWMmDzH79xyu6JvELrnvWLBBVjZg7TnfN,8548477
tz1esBaTjr9qFQ7FhrDQF7N7bTpNSVTkGbMU,300075
tz1LaWQ2BUAdTVNz9nb7AhKDcPDQsb99tzhD,61528
tz1RfSFe1dxP7wh1zSffEnskgqvVVWKNKZG1,376678
tz1czGMShkB8ZtCHKHeCPTY3CpuiCrjsGJBy,582270
tz1UQ6cQZef4MuskJjV9g8pXNZa5s8ff1oQy,1029732
tz1aZsKPTRdkm9vaQhWv9Mz8ZbwxSHmf7t9T,240628
tz1KyRUKbkuBTK5uaidmF8FbWHYrMjdw6GuP,124672
tz1dTmMLY7tan1HKfW5e3KxJcfZput6UuTH6,19590
tz1daKxrqyoFUCcuQj36BeMN9C1Ytmjg5p6n,5395513
tz1YZ4VZCRPoiDyGP3U69jCq2S8duDUcRjHP,120626
tz3VvvqkW6D7bSPej9x3pghjTozTRbaB4Gn2,649794
tz1Y2QaG5AtmfN7rwBG1coLQKFTTSw55g3Kk,2099
tz2LYELYe16viwVBaRjZc8GsauKRsxTGPvB1,2962650
tz1gXcAJZUYqK8JkkGDPN63cPQGu8LiBndK1,4094975
tz1gN5Ch4VeDZjiM6R1KPMBxPWFxL3HHKZyT,663774
tz1L5rXu3RqYBjZzjWXLaFANYZcwS5Pb1ZST,98754
tz1Md6npfDk8cL8rjnPNZU15tHvyCZkcGDuu,295625
tz2WYko4XXaV4B5mzjguTeRkkgw8LyB2jA2d,572568
tz1NkFRjmkqqcGkAhqe78fdgemDNKXvL7Bod,17507234
tz1TgtGGP3TDUMnUw4UzRTZHrsmzsSKraau7,1620
tz1QkQLtDkqpw8VSymi13A86jh5iaCeMriMJ,8103190
tz1h6J2pn9X3KMghNHZikrh3PtEpgCcRAjHZ,22466083
tz1VCyNit49HjTmz8SEgeL67x4BLuoTaeYMy,12211001
tz1gACjUSBkWjqWv5ZBMRk6G9Sp8xNAYgwYV,1059487
tz1ieVZFcRity1eybQtgUyGg8NLEYWNqKtQe,196338
tz1bKUD8UtyPfknyWyMbtTqsfdMuWomrPdSp,350343
tz1T5GmdYXDWwbhBrU7RubT7Z2dmz3ZmKwCE,5039932
tz1XLpud4YtVgwiAJezLKUsAo9K2s8n2YPqx,682610
tz1gmajxhmKt22CbcsSA7WWXSATgbuVEmzTC,300351
tz1cfzEz3R8YKMqC2rbKnr2XtpNjZxH6RGdy,171434
tz1MNGNi6vfbqGdhikvLBGbcz3FncMpuvU6J,3454
tz1hR9eQYNNTZ4VGUeipK4PHtyyDEDmQ9dSf,3739012
tz1RxeY78zE8hNJbqPypB1mTVyTsBRmPuqry,496662
tz1UnGY1PRznh3CJzSFaW2V9EZdK36AYneHi,28461188
tz1ecAtwNdrsABBKa7Bvn9ZEq1Ze1EvS9WTW,2682428
tz1SBF19iLiCc8dNpKe1Ym9juSAKaTPyeypF,96652
tz1X6ADVxP37XjYppBHMLVRJQwmxA2YxztbQ,946731
tz1T1u1CET7ek19f5P59vCdjTNFWAscYQ5ct,3706911
tz1c6Brwut7ZqXQfkjxDXvyAUL2Mr43p2JZZ,6819
tz1V9qHfFxixcXJKWuEziUqvdrQ7BWpPnWTa,2495561
tz1Lqnwap8kKynTpefqqSH158i667Wdg8HVA,732932
tz1Kp19QyYUnXuE6cxuXxsfQZbyqv5JtKPku,511412
tz1cnojsw9qgMbdpgPeCcWPf5GX4YPvd4HAh,12457328
tz1fbJACCskangcgy9xjDSiEYgh7CUmSo9oc,175120
tz1dKaw4xdNjfufDSLWRxumNBwe2VX4mxXyW,7737517
tz1RJf644pa7QAZqKzrPQGiYQPyubXarC4cv,135180
tz1PTR7wFs8pTFarkpsZ7zrtVBJhusyNRRM5,467722
tz1awQgCgLpgnkxRvbnKemRws9uqp6WASwRD,6252
tz1PaJwmmL2nrRt5K6HvwFEc6fUfxNe6Dyp5,332550
tz1YSwscBZCf26kSPvqsnUdhnS4XQD6mAjcz,3542899
tz1iCiA1vKmgfZbY533ZgMwFKZ14S1DQNooQ,326894
tz1hNGWJUFPFV7AWLXvxGzJVEfCZ8KJ77PJA,357607
tz1MqSihmFMUS3qAmWPhdQWhzrhJJSBMaVCB,24355
tz1NPu5aFQ12P3KGhBGgt7G79SAgVj2Skkn1,1124797
tz1Qm3DHkV7V6peZPyWe4rv6aToH3nRmWEH7,61155
tz1KsiwkQ9pyrt4Ra7QrAQp5LQJCGxHQrY1n,896991
tz1dz7eYRd5uV2DndcPWFeEHYGgw4bJZoCBN,1545123
tz1eKTUc8X17nVmtVRtxBcs3hwUPXWuqP2AS,1443120
tz1hXx6tvTV3kzxpBR6E4hDYcxdgcRGHUTFj,71747
tz1fkZtnjNfQHtEyUpyX9Tqq4RrLKx35qBxf,633673
tz1chg2T1s4DTjLqthPc49HDcqkFHMwdSPwb,2235687
tz1Uzm53vPr2Giyi32yT9GUvBErKqHPBjvQL,1253987
tz1aR3nrJgUyU5B623U9s1MtMsMjA5Wz5c3G,2826519
tz1YaPLZuVmZaKB69BjJXKUDgNaZrxBR4Lfn,109463
tz1WNk2o2hJvzjuZRNmZQwjLQuv24wDv1zjU,11713679
tz1br5Mvr9VMEb1sb7HDtxpCxKVbZ5XnDqJi,494234
tz1PMB2EKqwkD2NDuf9tvdqhEjhBy3pBGQKX,494037
tz1QmBcwm7RH6swEYNpsZZfAWCCFaW6wugVT,8918204
tz1LxqBcvRbZhp34C2ab62CMy49wFbsQSzD7,105843
tz1S5RkjdXMREayGWMawArqqpyMqGRjohJJr,896727
tz1bZ8vsMAXmaWEV7FRnyhcuUs2fYMaQ6Hkk,151169
tz2Kmi3xEnXk8c7zqWSQqSSyfNpWt6ovG38D,2637043
tz1LgePVXLZYNhHoRQ6KgHfQjQ1uq7JJPZDa,2003418
tz1gk77xzDAG3sif9eFvsqUnzaGh4MrzaCp3,636859
tz1cWUkZFBZ72Yn9desxcgS9KdH4BVfqd2ZW,2122970
tz1a3LNYNZTNN2SLMjWSUc5jtLWFvZ1kC7BR,4917714
tz1MiKQQw6u5CWaBZHtn7Xmbr6f7fCQZyZKa,10278
tz1SGPStfd9v5upQUxRiHPC9666X4FpVAmK4,14497
tz1iF629Cc91SJkmQRAWAm6nYavf7RgpAqZh,2264928
tz1hJso9uzj2UFHr4rGA2o6s41UK8NLnGpUd,332105
tz1WHGwmdEr4iruf4v9r6bdHgzC5v8SKYTkV,143660
tz1Uza3jMhipiQMtmeEidizjbSqnqZMQyRv7,28209
tz1YqsEWdPxBmqVKsJircrwBmCmZDtHAgHzp,3311488
tz1ZLMaECyswARea2bTsBws9eMjgUm4jG8Uj,7313134
tz1hKW9ZbV7U1hb1zPfrE6HG5UWsKt6eppMa,5733033
tz2H21wDMLHDJ4jcJwPr8cmhFatSv276Jama,1077445
tz1NySiq6aHysD6Rpu4bYhFaVe3ASya2qB8D,4711265
tz1Rb321A5bMKjQdczUs7TyJBeXjfCtB4mYd,12859870
tz1USU2xSWb7CBYGJYat2X7An9sr3cFfsLwi,314441
tz1aoYg1xYeEdnLrAJ7y2r1T3aMBCyms6ppJ,2519938
tz1Z5RUwr1F7BZiHjeHkPSpWBwb1EgwiqXk8,238440
tz1WxCJ3UpzyWsXmmkE1YjYzbBv6jXYkbFYV,147628
tz1Y9QxwVevgnxVtG56YS6s53W6MBKVdCPCB,1111278
tz1fq3tMpnnsZ944DVxcJqsVNGsWTPvqJzvo,1517093
tz1PrecMTmNArbdvQxtZLUVUBT8rcC86dKZC,139752
tz1Ty6Hq9GpzxmMs5Sv1VQ7cP2U4KuSCAN3K,372110
tz1gV6MqrjtV5MtVaATuemVsXDQZJgiaFiaU,533127
tz1Q1LWn8wCK77L4xetjbH3Ar7sDaSANezZx,110957
tz1dugdoeZULYPA9phfkpofrP95rFqhZNXeR,31825
tz1UecmgMghaWovhh9EYfqTrK9gTtaiMtbzs,36895
tz1gGwXf6Ggkv9T4jGmp58jUMU2Gh2vYjDyH,229017
tz1QjPnpmqAJYSfDtDM7uTf5bkZDNY7eBECd,788268
tz1aVZZd883FwyEx5g2o3TgQ7pwEYi2f6apg,136517
tz2MzvuRU1GEKi9udpqzLpGYfDoZTiKZ3C4C,2207849
tz1SEox4m6JwzUjLL2daQMKU7XDrvsEukR7X,455683
tz1XJqUrY2okTwoJFgHFJKQV98tsn2oC6Twj,196171
tz1VqXA6L6hPEFjvsgWv7Viw4xQn5GyNszzy,21101131
tz1Wf1Lqz1yHm27P2RQJAVV2CMxnhYK4bBGc,945997
tz1f6qSGVtbzq9kMbuefmSX62cRJgPUKo54w,4835
tz1iuQgH6htUbmdLALotF4HHbbKxjN7MkGd8,95872
tz1cTS1WwovU7SC783xgJxZrzr151mcshmNi,1865101
tz1f4Z9FJfgStP7v6Rj7BMJnWJ9Mb1NdAGsS,3374
tz1ersiy3MYVu89DFXvW7Qb8AM6LYptSsoT7,956177
tz1UFF5DSDDtk3fM1ewaLvVG6fhaAeCdgYEt,121036
tz1dcpUhXGeXexEXispSpfv7CeufoFnV7AAf,5862328
tz1RKRhkvC7MQgKfPejvNaHGshWUDsyJKZdT,2834282
tz1ibTknNagJCgQPgcbPvJhpSyS5vxgdyFt4,967544
tz1SHzbhYsbX6Uk51hJC4JkjgWM1gWaSwBqQ,190977
tz1LGkz6e1mTymuFyHBVFQZsHEtHepCYYgXD,4713937
tz1NW1MMFL3jytxBjhx1qATMJyY47vLBMa4p,7709212
tz1QRm2TJKnarZ9tbL5CNjN4Ltq9pJtytuk7,3219
tz1WJpBDRGfa21un4yQDKTGXZw561nsGg7Qe,95817
tz1UXAsfFeufr6p2PafNr2oXNrTDSdtwwdgm,76606
tz1dpa4iDvAySDpgrcDCQky5Qk4kzLxHm8gf,734083
tz1YPUNi7KW28VxZNEu3fNkRkJG55G9p7wsN,63361
tz1YpusrSty7ULz7w9sM814trSRmM1aNbmZd,2123605
tz1cuj9Cgi19KMRi83UuypS89kXM435qdhmy,9293
tz1N5jTEgaMoMWi1i5bU69wRCNrLvLL9iYpY,186258
tz1htwxBMBFikeP8SnQiEQyA9n1ryDrDFyLK,47508
tz1XTyukKgkqq9P83UkV15np7EtSSEy4kAeY,48606
tz1WMFtCLLeRiayH19ZiaErKq4Zu9p5N73Sr,291
tz1RFUjzPENm3vF7quaxfELQCfNTCSjAsFdA,466077
tz1UvkN6NDmGtkBB84svr5MRWsqQxMmM5chq,24060
tz1YjsPAFc2RmuKa784bkeQhdVLzbnRVtB7c,244114
tz1cLd3gXJ9Fk5c648hRzFvTnGfT97CxcHrj,457302
tz1Te5JR7gzDBwtZLKPWSPuTGFE4JX21vVur,59989
tz1YDRhXyq5ZHMoHXJX67rHSrUFTqhYjFo86,239222
tz1NGDuYTuuB1geX1K5b88cqa8JinFLdd3d5,306776
tz1gqVB5kR6VTTDZc5BU5cdADzxJhot3JoQq,7
tz1XykUaKpskyp7hDEZjmuNTk4gFU58a46KC,26617524
tz1dghYwdzvHc3tYHp8iHpNUSpmAvvs8Zjs8,179563
tz1RwqsGoUqGfTegy7fnWg5b1ArKevJSudE8,45365
tz1PuipWs33aqS2KSG5k1qQtC6Dff1P1GBmM,8547
tz1ZNxMa8XsMa8JTv776X9iCETcNoo4SY629,58858185
tz1iAAJhH465Cf3BnsKQ744XHypQGY1v7Ps9,135
tz1a5QW18ULwjJK71LSc7UqNGgryrFouHzf1,2281369
tz1Z1ZX2B98nEAvEnLXJBCnsJ6K1GqaSp9jK,159086
tz1enT2GWv7U8jyPmmoVb228u8hvi6hJh5FF,15850
tz1RyhUycXcivQ3jzF7ZpFZNcoLcgmXqcrSz,1784297
tz1gVon2mQhvutR49Yd5XK6k4ypwWfFjMZtz,122
tz2HSz8b961xoDjDLy3aFGogvW4HEqXXdcR6,1427030
tz1eSGjgq2NmLWnaQFQxafXK8ZQF5V7Sz72y,2655028
tz2EP3fw5CbUUgJdx4c3Xono8Gbc8PLXGRM9,7426414
tz1e5b7RDRhmUWsiXur9MhyRBBTpCoNeUuwa,3314
tz1VCogGe8xeRgQCLrVhPbwo6mBSQxAXep65,266725
tz1LFFspqhK9KRQNvS1ahZ1RcpQ2PNeM8TxA,528
tz1ZhteLTqobRVCYsPj44oFfom5BJ2SdGxeE,334559
tz1aRF3qMDrbN95f8dGYTKPaey6J2qQQnk8j,30948343
tz2ALu8Jxf2SMgzSZaZEwfiJQbogpUDPStwz,4748890
tz1gLNb49fErXUiYdreLAAV6twp4v3Lm8V4H,714316
tz1fCHiWZ3ReGqvhxkMejVzcnXYz1rnsJpow,15172
tz1Mdpj1npkpaxPHF2wFN6oX8SovVPfHyXSy,45888
tz1PXJVTDRHBcjJGpD4h6PzDovisMJuc8zVc,1766378
tz1L1i5BVehYJBebCGvPYU9kZYGKBELGUJGH,2071854
tz1TR56EbNTEEDeRrsPzQzoyvwFgZT25q3JR,151049
tz1XbQgDFCaT228TPS2YUeHHfpVqGW7ANCDw,8970987
tz1cJPtF6fU9DQFVhTifFCPxDNjKiCm5TKHB,136646
tz1S1Aew75hMrPUymqenKfHo8FspppXKpW7h,22595
tz1ip7fCgktJzFWxnoDdNBjpF4ZCWw9qfScc,19166175
tz1Wb4LakUUYuFuuEgXXQrNZuBD49Trodhwx,167650
tz1WzQh4yDUuTpZBDdRwMrnkV9bs1upnSANF,428
tz1RAfKUFBX6P2jFkCpzLFntju7djjbtKAKr,6438099
tz1MiQ6euA3EEdnZxJ6EPwVsHzd6vQ7AHJmU,316336
tz1UFwr89hcJvC4sNCYK7zSLcaD4JW2KkNYD,1744308
tz1Rm5QmNUnQetDKSVW8srM29hjPRiQCgqJx,2505
tz1TiJBTfVoXxregtdgCs1rYd55APXSAmniz,354220
tz1UNdZnQnfmxaG5Uh2v5TsoYFPox7pyQkZ4,1938
tz1ZPSGxrrPPfrmoGJgpXDArNJfNNy3qGvE4,142524
tz1ZU7vwEU4aoKard1acgnpGi8fFc4VkKzbP,22962
tz1iQ5n52oSKgdtdYtqEJgKmQYbL1nn2poB8,3830364
tz1gueZ7eL2KnvxqWudHjoTH3ZPiUCmwNKR6,471551
tz1QxepCwQ45EwtcxkgXZezHbnidvK7hUywy,2553002
tz1TVZgy4rejPUkEF3bsxLGNCp6H4gz4PaGf,73267
tz1WT27PugwGBtre1hsj6BHmbAK2qQsVbRDo,396443
tz1fL2TsQR271w84MXx3qFD7y4PZ1F2mpHFA,1081822
tz1KhU89QWZuuhhnDD1paFp1jYMdpJLh55im,896229
tz1QQyhTMAmNQPcSGkM7GfDva8hmuFPAxUMB,3157469
tz1htnC2n5n27PFD41q5X8bDvDcjbGMUS3f5,9608278
tz1PoickddNEkRN6qp4K41u4KUW43vZ1UDvF,5129131
tz1b9qYttBxHzoEseqabgvQiCxafZzkAtH9G,1427662
tz1MQotPcNdc9R3nWCTwXLMDqKLS46WqW7Wx,1436075
tz1a89Pvs553YqhJdCfDdQrRuQeykHMvVSRX,33073
tz1favSqpvTLtedjTm1UjuEmKfgm4o9kyLd1,858632
tz1XYuybht7U1RVsUip7H7S31fBDxpUgpTXP,231
tz1WHUWCMqVqq5AagGN5DrytqWz88tYgedUr,17314
tz1YJvMiZyXnzvV9pxtAiuCFvaG7XoBZhbUQ,802241
tz1TmSForCvNii8rmwL6q2jgicQfqjNFtj8K,1615581
tz1RSYHrs9rpGHn2CcgKGGUQL4RvMqXxtLdA,351545
tz1Su8UYhcLvUPYABx7kYsWRVibZdiZPnmh3,28538756
tz1eoqCSmqPQtTLs53Rj6gBB14eQh2aHWVxu,362801
tz1XhZUHsJAFp4FHoeeQQ7auVBk5j6xoUKbS,43730
tz1Pwh2MBs6q2SeLHiko3iJpfMwsDV46bqQU,8182128
tz1ZWbokP5pGwT3tTtLPP2KhXX5ssg1EtDPs,11973
tz1hLWsybqnJtQRFp8skYy5aZLGNmL9bMUpa,815543
tz1PuYitvGfsBm7C3oYAXqNc3t5wNhWZj5Dh,774767
tz1NsE7vEgP3M9bDdkNGF4rCaTUENp5h56ZU,4637
tz1eRrQnioaBfZkWnXxYth5ZHYJqr48E854Q,1897411
tz1dbCAvra65bwTVk5mgkYUHUGz3hoKwovZ8,363626
tz1T5NfkdPfhkXzYx8akPkdznxSgU1Uf5jEG,653258
tz1PYqfNnkpZydtSY2Tn3Rv8mjkgUpHJpFXC,1814928
tz1WidyAU8wuyG25Pd7b93bcx9hMu7W9Pea8,1747530
tz1VRQHQLw8Yq8tjxYLuybyHfhdqZpj3yXMw,554
tz2CCSPbBJLu3mrEWzP4RJn9jNMz6JDboRCJ,2556
tz2Mz3ovkZR2HyC89CHHSdsrPya1mKSmLWfD,125715
tz1ae2d1BJt7YUqaaec6Xenh3mBqS7VjSZtK,169874
tz1MA5sPsCo8ySkTpMbyAEbKf5v4WwBr6XLg,332465
tz1g1vr7gbU7kwxVqmbmnovTGtdeRxFE6uBk,298281
tz1L1XwcVmD2z4qPfLtBJ6RPThgAwLcXG6kW,18928
tz1VeyZaPimHfrJFy8WwsCYzxHR3VmGTMpgK,184490
tz1epFVHmqeWvvkFf2eskwhQ1AY3JwWd7Ej6,370572
tz1QRcnskFh7eaV7QdEnjoYdDfrDqHgmmrvF,962321
tz1XybkRZWjLx3hwcy1hQ7PT6FWEhpHm1FBv,13284
tz1XcuwadWbLKkc4mDVxRo25dbtwfEa7wf2c,662663
tz1MkNbJTzf6uADvfSJKJvArvRoVvjk3tZz4,130764
tz1hvRvzke27MGtp8CsSvsafxyyMWSVYM1ut,60843
tz1a7MJ4HMNbWDhKZAqrvzX5P6u2E2mJyJiV,1278918
tz1citPWufjty33AZ9KwZDztqrTzdNjfQU7P,7469743
tz1WntXgznbivRjyhE7Y5jEzoebAhMPB2iJa,541873
tz1b58mxvQAc98hbXjcrgjf5xnSwYXzi5gX6,433225
tz1WeLuPLjUs53Yr1RCgq4EQ4d5SvV651Tqt,43744685
tz1Wo716Gggp5HfupfxtPgmYu23rDQNcLcD8,1179046
tz1imyQrFWHyTp4avUNAw52RxdFjU3HPviRN,117345
tz1isKR8pS4pdgU934K1S4UpLsF56ECJNArh,426293
tz1ZVoeS9T3H451BgjTe18pM1q1LPd2cgB6Z,18784
tz1Kx4ydaiJHThd2nTgXR25JPTZtKyLG9KC1,222207
tz1eL4fYCgegW8tLCbQ1mYiKY3TdDxWnnKo8,566774
tz1Rhg2UDkjgLhemdSMtiGVGRmzwVLVaHArD,97937
tz1dPHDXSCFo8PienbvDMyCKr5DXjPMrZkJ1,515563
tz1a7by2HMBv9QA8WT3t5fhu3E4XPofzcukg,80558
tz1eFe7ufhpTuqh3LHB7zYLuFgB1rFCPXnzN,264871
tz1fkkxXSMtSQew8F78XdsnaC26AfsXtsGiY,121544
tz1ZuiTWKXKqYfzFPaSaAG3Huf9QM1AdZ1pJ,275035
tz1RsCndtupuxe2U3syGAdcRBzpNqJZ9ANNc,9217122
tz1MrZQhiNiHK14oEq595DLsVQ9wC4Nv2ZXW,206338
tz1LJQ6MPnjGekNAmhFmkm8XWtM6UGx4MyF4,2095053
tz1cGtKd7EeDGW1v3d6B5tuiy81LfzMp1FfU,110118
tz1hmxzW7MuU8HeRoCFPGZJnavGf5unqgaph,1251099
tz1Z6QqrAbEAMDLsis3v6b956sfH6qLTSEex,118363
tz1NnBgY2ze24nQDpdY72wb1GVsee1UfAT3d,45226
tz1dAW94vB3yYfNPE4LM2txBT8PQ21Zq4Xzf,47954
tz1eeR22tmjPN3rGDikEMvpe8jcdXww3dqTt,337068
tz1MsfyCeQEt7khed67HHsAidezZ1Th6mjzB,116843
tz1WBMWCwjuFSsiiLUWKEQHEACNEat2S3EsD,1119506
tz2SuPjN8dYMJQe548bTvSPL1fdStZPXv7gT,17727794
tz1N33TtiYBQ67sw32rhCsMSVpZkrSHWe9aq,5231795
tz1QMjzbw5Yoi2zPqUeg2yuv5GZdmXjhh9mr,330578
tz1ZutSZgCHEzxspXyoSYSREhwHh5g4PM8hN,320548
tz1dDw2YD657qFqQq5tCtbkLxrgnEAECm2Fj,491714
tz1NrRkB19Su8iBGVTz1cXbG3oCw29GSmasw,524284
tz1NJS9T6FKTnKUkVNv2g44GHTAhzH77qiYw,666999
tz1URL5HNuTa1fHqqCtUKXUM3hm6g9c88NgF,1036
tz1YPBTsfVCgRSzri3cUfNzBRbQ84G5RQ6DF,1219734
tz1VLGEhMhsb2HDhUaa2oeHQ8qM7Y7s72d3s,2773045
tz2M9C5x1KoZGoQ9xEY6fQ6Xwbe2GU1RTzRx,225446
tz1RCQDHtpdcwfgF1Kbbyusd6xhfjbXanhZ5,428366
tz1c8JTzmA6c7cm6ZmUwR7WES6akdiMa1kwt,505490
tz1XRTNgXgWmR4PqxZpiB6HZJ8Siz3M2JAim,151193
tz1LxL9L2SmaFYw7XhyATaRAiLWCgxKmycBC,1466367
tz1imbraxLCQ9TUpnJVP31LS18hpTqG5wv1k,354454
tz1iDuz9LvybPBC4kDc7ceBoKVDwwzJR7zKb,9663396
tz1eJiCVNV3YVn2im3wzJZQLj4TdFJ5KabzE,639189
tz2HYjnnRbzPpUGMUYGKVXDnsfSKKqH3aCVT,4233476
tz1eiyML8sHGBL139FwJQJeLGHWAFtDqPz4U,31084
tz1YQDCB6Hbn2ozMyS2kf6WPJDeRvJtmtNqQ,134233
tz1eeNRXYK56vgSfXHFcXorubcaBBCVpUY1Y,8707
tz1TQw8erN1a2LpfRSNMExicRXMveBPbvTKE,172
tz1gaRjULm9qy4D83VCvb4ABWLKpz4XXfqjx,148144
tz1hAZNx3LrRKFgfRytoLNVGhCrzU1uVDUHS,488117
tz2HGysnSAQAetSyFYCa7SoH6XXVwbVqMHnM,667321
tz1W28xB2eAvRGCXmVduC63Gx6gGDp87zqbB,1295552
tz1gJaXdi7Gweq8TUSy9knB2wLjioTKy2tZF,1403467
tz1PoXtd7RGVBwWmmZvxX18NQXYpbNdiwwtE,834976
tz1RLCvv7wrWq4hTmyKk1zZuZeuUXNViSgRD,4079744
tz1fXXFNod2gQDT2Vf9ibBortMmsKKorUv7Q,43305
tz1QFk2DJhPkzp2nCN7Thpo4askJjQ3Zw6BU,348177
tz1bRDYJHp3ACUojEeM6Ja442YEwNmcb7ph9,251527
tz1MDs7ym4sp2FsQhL32vuAnEqG3ARhM9Vi4,98977
tz1Xy5UM1tC3CFcbPBVq5PjufaxcLjMwfQkE,8537
tz1RAKBnmd1X43pkkGqywYCRgf1Uo6D77zMx,8523
tz1ezWyS2cFiqrNyiSVz5VKEKnmDN9Ah1zSR,689665
tz1KgzP46kFAohMo8NHXkFU7STZDkAv8LVYq,63754
tz1cXwKRD6AMy5nhqEVUU23SBxcAMnh2aKLn,93858
tz1WNQE7B2s8woZp1d5U4SeRKHmssN7TvsDi,371775
tz1imrUNR1R52GxhP4y6XQCDDXtQs11GarTN,6069
tz1c19XDWSTDVAZJXdxdGAPuGpoemUnGtXYb,130
tz1chab75LnyqBqNwrK11459SGCFQXLg9uyx,11790
tz1USfPTFciXzVsQL7Rk8HmMWyWtFEas7fh3,295978
tz1btYY98CWBVCGEikD7s1buWjpicb9kG8aH,5979
tz1fj962xSPKTA57yWHA43VeVzo8KqdpNAeF,14228
tz1ioU6W4otB7ebgRZTq1EVVra3vMyXqeqsm,74624
tz1N8oU57qMgDRr6N9pSbhaiWRRQSxJRPGoZ,13265
tz1fCEeLBcuSMSittqTnMEhcFdPCtD1HsiZc,28950
tz1WsKkY3TLDvqTuK97Xu4zuVoTb2nsr7J8S,49361
tz1dAekzaZ2VrjvuNxoaTZ4dY9XjgrjBvBro,443474
tz2DsS3zeg4pqoUnRPHxvuRSuQrjDnTZcTNJ,2429
tz1gSGxwMrToBdzLeaxg4Bregv6W2oEbNLC8,2361219
tz1dWwKG6Z9unqwonQUWV65gkz2YhABiwF1R,321203
tz1X8AQxtn4KzBwMZ6MZUVFDcACrfnyfYhDg,106
tz1KxARuCbAoiGGesnQjr2pvZa7CzJR7V9D7,178245
tz1LGVwoTMUhi76Jc8TeaNUQhanfeLLNF4xm,139854
tz1QS7N8HnRBG2RNh3Kjty58XFXuLFVdnKGY,14433644
tz1RAP1j8SjwT587jyccTNArBFhC9HhGKfHq,30759
tz1QiZCuJMuVz3aq7j1Bq2v3BRTQPCdTw3Fb,467805
tz1L8hBVpams2fWFC9kS1sPVxfGY6Hmg5TQ8,66488
tz1TQSPkLPqXUREhxvYzPbAib6Jz35w2a6tw,135451
tz1XD1xSVzgY8Qs1id1kNyFJDbv9e9pNMe2c,115750
tz1Tk1MJDZ96bK85RLAqtKfnptZZyXsJ2jaq,302472
tz1avT6pCusXgxhnffuJzk49Vq5QppLVegHB,103716
tz1RKg4C5yKTzm28Qj9gKmfUozCDrctDpx4G,138104
tz1Kw5M75chWdw3HUBMg2bsp164TrVXRsGJR,96912
tz1XAFvpynqgRBizrYs12fBt563NSHm9FWve,80574
tz1hes6aF3Px3D8nPQx27fdwBKrXmGs1UYxT,114783
tz1c1BG1PEeuhMFwmonTVSGafehicqbBJFec,19110
tz1UZ78ecNwH3T583wmY6nUrjpyrXP7do4hL,121729
tz1bF5LgAwDooVGC1cT6eSnsvmPt7WaByJD5,36233
tz1e826sMLNdz1CQLzthLDBJCFsinxqGDzv2,78820
tz1WtkHVMtif3DXVCZ9pUCqWcBsmqgFjgdkk,9893
tz1ivMszr6h94yTACLXjJzK3tuvRoDHqfpwN,8755
tz1THwbFPPPBHmBu4cmLV2SppLFrA5QfBhyF,74765
tz1U1aA8tyN6QByoYLhSvNu3krJPLYqnkRVa,106622
tz1QSwx2wnmrTjEGrid79c4tpFMxjCT86SAy,175425
tz1RcJYTsoYQ7adtNMANhwd8qf4zApM4i2Yd,89606
tz1cvrgSekgCqgyc1c2qFPSeMtux6AAAfDsk,2023
tz1a1ZcbAeBEjxYSwuNKxSu6FbFB4dxdL3m9,2498
tz1NZnfrNgCGdECyAhA93TLPTSciJcZBJqDY,132289
tz1UGuKv6PzgVbofb42VgeRwDwsVN47UpuZB,326452
tz1eCzNtidHvVgeRzQ38C81FPcYnxMsCEL6Z,1911186
tz1N3nvFqipu91tfU9s4GXGsopawpwxSoAJh,15602
tz1LFeLTRQZrgKxbmvjz2ckViRhVw9BZXw7t,3696799
tz1XuzzMTz1LhqbRPy9uxfRkccSxju3v8Y4j,170705
tz1MoiwNRQWHfA71aypNk8J9CsKjfmq39c2F,657314
tz1hhphPmGxL6HEmEjoVSJBy82FMWbFwzNCD,3503
tz1YHLm7Lq27q3rgVXLY424zQMkvncVvNiaK,18011
tz1fKtBhuuZiMYhM3Pi1hcP2sjRbstgDrmqX,5193
tz1aoz4qrvkwo1ezDQaNCFZb5kg5tAvC25xR,36495
tz1XEA7cp83PyiXfSxWu3uHjA3EF6Gdh3Vhq,16041
tz1UXMLCt7dqbUiJ2BHRhE1gFkdVkmCZYcM9,5026
tz1iKF8o1hCLaTNZcCJpgKQBQxkpcSiBy5V6,188867
tz1c2iwyckUCcicx2qxqtwLEartYFEHg1pvB,84993
tz1YQs3qHgQGGQm14vX8vMDWwzY1DFXHCzJB,87483
tz1PQDUDph7dDCn8pLGXqaR79DiUWLiSZdEf,449691
tz1XYkHggnKNoYbm965gwKattMWK6bomgVSX,65447
tz1fUZ5pMP1gUjuJsp5V631cXmA87Kxm3cuZ,519051
tz1KiUXfWuF65Ck5zY4otx8t5pHToY8stYhj,12672
tz1YQXd4LjZfDaKRvSTwBEwgggREFfX95JUc,44898
tz1hM6Pz2e5vJbd1YYkYHcj5RL7tXhcn59Xr,209200
tz1NVsmLrZX4jad9bNdvM1EskvcTq2LSZhLx,261138
tz1cBNfPUb3Gi6oezs6fpXtki8EzSwjnoNGS,417669
tz1h1ybLPkwDH85opBrU6hge8wSsRQBnAghf,4018991
tz1PKoh9LB2P3pgh5ahaAFnrC2QBmUxcHDJU,31078
tz1cqoo91JCc6sKmNuTVKNzwUdi6E6moHWFb,126159
tz2HdbFWnzRZ7B9fM2xZCYdZv8rM5frGKDCo,94524
tz1ZGNErBKdYeEPjZuqKXhyTixQTTPn54bx3,18504
tz1iUyniY5PPWrzE53cs6jBwNKUun4btzMcW,789007
tz1gi68wGST7UtzkNpnnc354mpqCcVNQVcSw,77304
tz1XoiGxnmjnkaKcNyG4rrHNNEoh1u5VidxY,182755
tz1QVUXNoyCfKpAyxDpq8kR3rK2AShuzQxJ5,299744
tz2HZ2yRFd9F3uLcKnLukEXhuUz3HqhZf8mA,1949505
tz1UVTMhbMiSETKCxFi413yZ7imF1xeyt3fV,85186
tz1XisBzUGgCmvC7pNS6hxvQ5hMvXUTd1p7D,212236
tz1S5TbsJCWmCyRh3ghJ2rWwQHHbcvoh1uYV,824461
tz1UAYfFWmaTrQTYMptaGCw6LrXK5Yv84VnQ,382057
tz1XgakycyAAuhtzXcbb3Eh57ZQ8cBBHT8YG,41987
tz1hLhGe26gqt78sZboxiwne6zgKMqirRieW,99783
tz1YfiydbiaKMGPuavawX4rQtXdn9wgpdDKS,40915
tz1RYTr2WKdJD1MMV51kN9AoxPnxZJgJ5sqU,4110
tz1R6mtcAQwBTK9YpSqRL9y2a6JZWgDkBm6M,407032
tz1Sv2XMQNxcAqyqyyv42FHjf3EGwJ3Godj1,411017
tz1NCsGajb5YgZdhdviKrfisN3VteMasnzQi,19934
tz1Vh4cX8VutUUUnnjmnY2omSV4F26T5orLH,430675
tz1hgSYGDwHFqC5AwW3P7vYfXfdwwsx4ALAN,161
tz1QGCWjNpYmcS6T9qFGYSam25e36WeFUCK4,36291
tz1URdfSGhAfbtpEkjWBmpTt3pyLmxdHdPYy,10730
tz1LApX9pPhcDUDznHR5TTCcSXh3m6zPgFHA,15925
tz1hUY7paB2J5EhD73r4oWL6uZubf1UibHrk,46856
tz1MgDFQvyV8Vfc48HgeqMbCD2Po7nhoWDeL,772
tz1PWZTKd1zhfuxrixGJoHJ6G17SQiypwe5m,272
tz1V1Hu7nMcgVuMKDEZickAKHHZavLKTB7Vh,99
tz1NKHjwrYfg7GWwbWZ3bvdejkVL34De72Pz,149
tz1RaZeHEiKewSd14gZ7HKfcQ3HaNHJ5tnV6,310989
tz1aiLrqvULcV2Kfvzt9dUmqnLQnoNXPPek8,29109
tz1M2h2hPZzov29kf7xcHXrunXb2jFSbfiNd,14646
tz1MToDUySbYhPabULUyDPPsfDQF1cpZPdoH,1341
