Address,Amount
tz1NRbpmTuPEFCCYCqCr7i3hkMRDRhBFgmxz,1221073920522277
tz1RDbEW7YUkwnnDdMNieSiF6kB4XBws7QSg,6748267088728660
tz1eqt71cHna4YgyNg3ao6x22xU7c7CZXxcf,46494222053381
tz1SBxNvpDFC4bjW23CtQfVLqN5cBATVf68B,4933191116300545
tz1Rgo7URug42QnhBM6eLy4MWdfwn4RovHy6,1061537130343154553
tz1YTQ3Lys25j8FhZQY61eoYErYUteSao3ez,2223776309954495
tz1R3bKH1seset2h49p4vrZJCEL8voJgSK2G,370582952429177
tz1bdRJkGkNQ7homh4PTnkVM7xzVWhuC4EMm,132571996950850010
tz1Z2Ne4ZHxNPuCJeCcoykHVXTqhVdLMD9gV,322916088163440111
tz1Qji1NnEPj4Cxa9s2WEoWi9U9KM6a9gdDL,33455890065383164
tz1cmanHzitf3UgWgECzLpGUKpzEfmGZaFsw,5838776170237187
tz1eZFb4bNMMdveGT7BPcktbYsurg2e8r1xR,5253671135953
tz1RartAmPJhFsL9oAhZndSL2G7KCsaQqqkf,2215307543299834514
tz1MyqKoe43P4Z8MfHoXVBTrohgcbehp2zLL,34586735174489997
tz1SRcMg9GRXi7paNeAc3ARn23mS3Z5dXa6S,2597117277891326
tz1hD7VdzRpWG3nmYpCyW2gNc8mQNs3TCgxu,38245644624177
tz1f38MX7YT2Q7MAq3mDdj75GTN7vgqV2TfH,14504905034821
tz1aBDeNFooBEmBXnWDVgLknNMUHMYhHVcRA,269924779193541216
tz1hD5k7QW9ChHCgb2YLthKFirKDYQiNPDJz,7499231526033154
tz1ZL7ekzieKxwngCCyjsCN5qhu1ohwJQEBy,15874779587639015
tz1enbGpES1NDr2kTaocDhxvMqtpMy4ruhW6,6316489803943822
tz1ehGMhxarDhwppx14PX1Y3eqbZ5W9Bc2Y1,1570569844597013
tz1LN3wPFYuS5fCnodwxT94xVFLPtcFHvcHk,96203645765807
tz1ed4brTwpFg8hFUJSJ4HqnsC7sEjVesMtb,44149176421835352
tz1QJE62jTxHis7kZkbDT2zsYZyauNDNzWg7,19643238058289836
tz1gWt7kUnJtGXoT5BYzHVa89qGp6QVvQmyp,123043929558939173
tz1epR6pJmPaJ8vvzNi6V1T51ccocX1Y4VBb,803358509345346
tz1W19DveaP3mW4WvFtdVdqGsWwBL5q1QDSK,163054361843939134
tz1esdEqZC5Nz3HDFseHvpH6SmQJPocxLzA2,8089311175523775
tz1XyTsb9DwkPru3eU1Cwnr5JkihEi5eisHo,620228402062667
tz1ULQQ3S4kFLhhpPsegiMVFmXx2G6ewmbTA,80257835637943112
tz2Lqs8WFf2HDG1RoxG3EAtuHjDS27XQANWT,2222055413399
tz1LRrXCmELevk5znmVcYD63TChSpYh3vaE6,17416435470209
tz1S8GvdiWQghwPMMzbNvRh66rcfmhEA6vj2,168949361419366829
tz1N9qzry2ko1gwTK6HKWamZZK6FGx3Vr89U,358274239355879
tz1M5swezYMnDaim71PSeb2cPFk49ajrvDV6,10122613363078492
tz1QQ4HyGbCZDmQxeVHoLP99KLyfvGvyX21i,204332609480068549
tz1WKygtstVY96oyc6Rmk945dMf33LeihgWT,32476100182904518
tz1Rux3pGrp2KpZUBKvg3VQ4edRYVJsapr4z,3820699361490888
tz1LWMmDzH79xyu6JvELrnvWLBBVjZg7TnfN,116720818291541600
tz1RfSFe1dxP7wh1zSffEnskgqvVVWKNKZG1,534693984719539
tz1czGMShkB8ZtCHKHeCPTY3CpuiCrjsGJBy,1283741167471722
tz1UQ6cQZef4MuskJjV9g8pXNZa5s8ff1oQy,14074866720840283
tz1dTmMLY7tan1HKfW5e3KxJcfZput6UuTH6,24217651123992
tz1daKxrqyoFUCcuQj36BeMN9C1Ytmjg5p6n,22719716346064610
tz1YZ4VZCRPoiDyGP3U69jCq2S8duDUcRjHP,1623386193388128
tz1L5rXu3RqYBjZzjWXLaFANYZcwS5Pb1ZST,23980349682001169
tz1NkFRjmkqqcGkAhqe78fdgemDNKXvL7Bod,18261959352811080
tz1QkQLtDkqpw8VSymi13A86jh5iaCeMriMJ,129423015870191575
tz1h6J2pn9X3KMghNHZikrh3PtEpgCcRAjHZ,28208491241327483
tz1VCyNit49HjTmz8SEgeL67x4BLuoTaeYMy,168730659167524146
tz1gACjUSBkWjqWv5ZBMRk6G9Sp8xNAYgwYV,10364066649051910
tz1ieVZFcRity1eybQtgUyGg8NLEYWNqKtQe,4817367676511657
tz1T5GmdYXDWwbhBrU7RubT7Z2dmz3ZmKwCE,86596019161286264
tz1XLpud4YtVgwiAJezLKUsAo9K2s8n2YPqx,2433181172647
tz1gmajxhmKt22CbcsSA7WWXSATgbuVEmzTC,13168745185788163
tz1cfzEz3R8YKMqC2rbKnr2XtpNjZxH6RGdy,2359039618009353
tz1hR9eQYNNTZ4VGUeipK4PHtyyDEDmQ9dSf,51518158669039123
tz1RxeY78zE8hNJbqPypB1mTVyTsBRmPuqry,6841569205136979
tz1SBF19iLiCc8dNpKe1Ym9juSAKaTPyeypF,7256757433728
tz1X6ADVxP37XjYppBHMLVRJQwmxA2YxztbQ,708568506436329
tz1T1u1CET7ek19f5P59vCdjTNFWAscYQ5ct,25544072414633032
tz1V9qHfFxixcXJKWuEziUqvdrQ7BWpPnWTa,34411267864251332
tz1Lqnwap8kKynTpefqqSH158i667Wdg8HVA,10110427820983164
tz1Kp19QyYUnXuE6cxuXxsfQZbyqv5JtKPku,3810591420
tz1cnojsw9qgMbdpgPeCcWPf5GX4YPvd4HAh,30096004870864316
tz1fbJACCskangcgy9xjDSiEYgh7CUmSo9oc,1217029637223018
tz1dKaw4xdNjfufDSLWRxumNBwe2VX4mxXyW,6683774514979883
tz1RJf644pa7QAZqKzrPQGiYQPyubXarC4cv,318831591563435
tz1YSwscBZCf26kSPvqsnUdhnS4XQD6mAjcz,301358871143841954
tz1iCiA1vKmgfZbY533ZgMwFKZ14S1DQNooQ,1279208350750300
tz1hNGWJUFPFV7AWLXvxGzJVEfCZ8KJ77PJA,4947124246550245
tz1Qm3DHkV7V6peZPyWe4rv6aToH3nRmWEH7,2059969071690474
tz1KsiwkQ9pyrt4Ra7QrAQp5LQJCGxHQrY1n,8171164356398
tz1eKTUc8X17nVmtVRtxBcs3hwUPXWuqP2AS,238607761984760015
tz1hXx6tvTV3kzxpBR6E4hDYcxdgcRGHUTFj,157916401
tz1fkZtnjNfQHtEyUpyX9Tqq4RrLKx35qBxf,8777483786533697
tz1chg2T1s4DTjLqthPc49HDcqkFHMwdSPwb,27640632468248125
tz1Uzm53vPr2Giyi32yT9GUvBErKqHPBjvQL,22857417093251
tz1aR3nrJgUyU5B623U9s1MtMsMjA5Wz5c3G,52714208991484121
tz1YaPLZuVmZaKB69BjJXKUDgNaZrxBR4Lfn,1468970386829333
tz1WNk2o2hJvzjuZRNmZQwjLQuv24wDv1zjU,4141714650326
tz1QmBcwm7RH6swEYNpsZZfAWCCFaW6wugVT,123941487596533819
tz1LxqBcvRbZhp34C2ab62CMy49wFbsQSzD7,714369463205411
tz2Kmi3xEnXk8c7zqWSQqSSyfNpWt6ovG38D,146983557982626033
tz1LgePVXLZYNhHoRQ6KgHfQjQ1uq7JJPZDa,1144807081447023
tz1gk77xzDAG3sif9eFvsqUnzaGh4MrzaCp3,60283321916181408
tz1cWUkZFBZ72Yn9desxcgS9KdH4BVfqd2ZW,29544916133575525
tz1a3LNYNZTNN2SLMjWSUc5jtLWFvZ1kC7BR,634758951197616275
tz1SGPStfd9v5upQUxRiHPC9666X4FpVAmK4,61796244348583
tz1iF629Cc91SJkmQRAWAm6nYavf7RgpAqZh,55439246821373
tz1WHGwmdEr4iruf4v9r6bdHgzC5v8SKYTkV,3272077041360103
tz1Uza3jMhipiQMtmeEidizjbSqnqZMQyRv7,1662297886485
tz1YqsEWdPxBmqVKsJircrwBmCmZDtHAgHzp,824440484598740866
tz1ZLMaECyswARea2bTsBws9eMjgUm4jG8Uj,102022924707032838
tz1NySiq6aHysD6Rpu4bYhFaVe3ASya2qB8D,6865930487737741
tz1USU2xSWb7CBYGJYat2X7An9sr3cFfsLwi,4191270156017434
tz1aoYg1xYeEdnLrAJ7y2r1T3aMBCyms6ppJ,74980114814041
tz1WxCJ3UpzyWsXmmkE1YjYzbBv6jXYkbFYV,4974126584838350
tz1fq3tMpnnsZ944DVxcJqsVNGsWTPvqJzvo,4274554528769238
tz1PrecMTmNArbdvQxtZLUVUBT8rcC86dKZC,136811773050859
tz1Q1LWn8wCK77L4xetjbH3Ar7sDaSANezZx,955910954277725
tz1dugdoeZULYPA9phfkpofrP95rFqhZNXeR,10130234149175
tz1UecmgMghaWovhh9EYfqTrK9gTtaiMtbzs,1103643398459
tz1gGwXf6Ggkv9T4jGmp58jUMU2Gh2vYjDyH,3227629822413989
tz1QjPnpmqAJYSfDtDM7uTf5bkZDNY7eBECd,11143365537715717
tz1aVZZd883FwyEx5g2o3TgQ7pwEYi2f6apg,15004976949930943
tz2MzvuRU1GEKi9udpqzLpGYfDoZTiKZ3C4C,37503015557018812
tz1SEox4m6JwzUjLL2daQMKU7XDrvsEukR7X,642904580914843
tz1XJqUrY2okTwoJFgHFJKQV98tsn2oC6Twj,3095907920968870
tz1VqXA6L6hPEFjvsgWv7Viw4xQn5GyNszzy,299656809255650215
tz1Wf1Lqz1yHm27P2RQJAVV2CMxnhYK4bBGc,11055202982044438
tz1cTS1WwovU7SC783xgJxZrzr151mcshmNi,853632917950510
tz1f4Z9FJfgStP7v6Rj7BMJnWJ9Mb1NdAGsS,11887773517656
tz1ersiy3MYVu89DFXvW7Qb8AM6LYptSsoT7,13563844193174099
tz1UFF5DSDDtk3fM1ewaLvVG6fhaAeCdgYEt,1042597552417452
tz1dcpUhXGeXexEXispSpfv7CeufoFnV7AAf,83394738985664245
tz1RKRhkvC7MQgKfPejvNaHGshWUDsyJKZdT,49226834029201776
tz1SHzbhYsbX6Uk51hJC4JkjgWM1gWaSwBqQ,2731236258200809
tz1NW1MMFL3jytxBjhx1qATMJyY47vLBMa4p,1228970448306443
tz1QRm2TJKnarZ9tbL5CNjN4Ltq9pJtytuk7,3638943158
tz1WJpBDRGfa21un4yQDKTGXZw561nsGg7Qe,75744938274792
tz1UXAsfFeufr6p2PafNr2oXNrTDSdtwwdgm,1103768440785982
tz1YPUNi7KW28VxZNEu3fNkRkJG55G9p7wsN,1580434209319
tz1YpusrSty7ULz7w9sM814trSRmM1aNbmZd,56015846218608093
tz1cuj9Cgi19KMRi83UuypS89kXM435qdhmy,133971242066276
tz1htwxBMBFikeP8SnQiEQyA9n1ryDrDFyLK,686593261617619
tz1XTyukKgkqq9P83UkV15np7EtSSEy4kAeY,703253888231596
tz1WMFtCLLeRiayH19ZiaErKq4Zu9p5N73Sr,19340459087212
tz1RFUjzPENm3vF7quaxfELQCfNTCSjAsFdA,6768753815216764
tz1cLd3gXJ9Fk5c648hRzFvTnGfT97CxcHrj,11525085642315425
tz1Te5JR7gzDBwtZLKPWSPuTGFE4JX21vVur,264860134494
tz1YDRhXyq5ZHMoHXJX67rHSrUFTqhYjFo86,793001839964562
tz1NGDuYTuuB1geX1K5b88cqa8JinFLdd3d5,3432978481382850
tz1XykUaKpskyp7hDEZjmuNTk4gFU58a46KC,393851953034624794
tz1dghYwdzvHc3tYHp8iHpNUSpmAvvs8Zjs8,169870424145413308
tz1PuipWs33aqS2KSG5k1qQtC6Dff1P1GBmM,2569680803969452
tz1ZNxMa8XsMa8JTv776X9iCETcNoo4SY629,1499888548915242701
tz1iAAJhH465Cf3BnsKQ744XHypQGY1v7Ps9,3501624548
tz1a5QW18ULwjJK71LSc7UqNGgryrFouHzf1,501389387912228
tz1Z1ZX2B98nEAvEnLXJBCnsJ6K1GqaSp9jK,2468473791136880
tz1enT2GWv7U8jyPmmoVb228u8hvi6hJh5FF,6434258144469353
tz1gVon2mQhvutR49Yd5XK6k4ypwWfFjMZtz,2691444751
tz2HSz8b961xoDjDLy3aFGogvW4HEqXXdcR6,3525634605577822
tz1eSGjgq2NmLWnaQFQxafXK8ZQF5V7Sz72y,294358818510173813
tz2EP3fw5CbUUgJdx4c3Xono8Gbc8PLXGRM9,5191541333923335
tz1ZhteLTqobRVCYsPj44oFfom5BJ2SdGxeE,5303213413817468
tz1aRF3qMDrbN95f8dGYTKPaey6J2qQQnk8j,1728037510236890745
tz2ALu8Jxf2SMgzSZaZEwfiJQbogpUDPStwz,3460428965
tz1fCHiWZ3ReGqvhxkMejVzcnXYz1rnsJpow,140981636051118089
tz1Mdpj1npkpaxPHF2wFN6oX8SovVPfHyXSy,1714836792287102
tz1L1i5BVehYJBebCGvPYU9kZYGKBELGUJGH,42867802054848689
tz1TR56EbNTEEDeRrsPzQzoyvwFgZT25q3JR,2376762083450851
tz1XbQgDFCaT228TPS2YUeHHfpVqGW7ANCDw,1045920550479
tz1S1Aew75hMrPUymqenKfHo8FspppXKpW7h,287799096426107
tz1Wb4LakUUYuFuuEgXXQrNZuBD49Trodhwx,2713077533615920
tz1RAfKUFBX6P2jFkCpzLFntju7djjbtKAKr,101471542619600137
tz1MiQ6euA3EEdnZxJ6EPwVsHzd6vQ7AHJmU,6151873717
tz1UFwr89hcJvC4sNCYK7zSLcaD4JW2KkNYD,28883102313876180
tz1TiJBTfVoXxregtdgCs1rYd55APXSAmniz,4710028314
tz1ZPSGxrrPPfrmoGJgpXDArNJfNNy3qGvE4,2366573891902628
tz1iQ5n52oSKgdtdYtqEJgKmQYbL1nn2poB8,64268699786853002
tz1gueZ7eL2KnvxqWudHjoTH3ZPiUCmwNKR6,7986330917341636
tz1QxepCwQ45EwtcxkgXZezHbnidvK7hUywy,43336048139691436
tz1WT27PugwGBtre1hsj6BHmbAK2qQsVbRDo,10701875113299524
tz1fL2TsQR271w84MXx3qFD7y4PZ1F2mpHFA,87785617411
tz1KhU89QWZuuhhnDD1paFp1jYMdpJLh55im,15920877242998411
tz1QQyhTMAmNQPcSGkM7GfDva8hmuFPAxUMB,10634020219803342
tz1htnC2n5n27PFD41q5X8bDvDcjbGMUS3f5,174266231265047435
tz1PoickddNEkRN6qp4K41u4KUW43vZ1UDvF,353419373742247
tz1b9qYttBxHzoEseqabgvQiCxafZzkAtH9G,75081164892335354
tz1MQotPcNdc9R3nWCTwXLMDqKLS46WqW7Wx,27162844820404360
tz1favSqpvTLtedjTm1UjuEmKfgm4o9kyLd1,61235627428919503
tz1XYuybht7U1RVsUip7H7S31fBDxpUgpTXP,3213255468
tz1WHUWCMqVqq5AagGN5DrytqWz88tYgedUr,2967832909039904
tz1YJvMiZyXnzvV9pxtAiuCFvaG7XoBZhbUQ,15148733903899488
tz1TmSForCvNii8rmwL6q2jgicQfqjNFtj8K,30523998301742061
tz1eoqCSmqPQtTLs53Rj6gBB14eQh2aHWVxu,612895325492141
tz1XhZUHsJAFp4FHoeeQQ7auVBk5j6xoUKbS,829664683477578
tz1Pwh2MBs6q2SeLHiko3iJpfMwsDV46bqQU,155382702551721142
tz1hLWsybqnJtQRFp8skYy5aZLGNmL9bMUpa,16634104403342303
tz1PuYitvGfsBm7C3oYAXqNc3t5wNhWZj5Dh,14729269094829866
tz1dbCAvra65bwTVk5mgkYUHUGz3hoKwovZ8,4954498263393171
tz1T5NfkdPfhkXzYx8akPkdznxSgU1Uf5jEG,12434411940980457
tz1PYqfNnkpZydtSY2Tn3Rv8mjkgUpHJpFXC,34555503006401519
tz1WidyAU8wuyG25Pd7b93bcx9hMu7W9Pea8,345663936315889
tz2Mz3ovkZR2HyC89CHHSdsrPya1mKSmLWfD,2397122984500576
tz1ae2d1BJt7YUqaaec6Xenh3mBqS7VjSZtK,2149966159813559
tz1g1vr7gbU7kwxVqmbmnovTGtdeRxFE6uBk,563123813273277
tz1L1XwcVmD2z4qPfLtBJ6RPThgAwLcXG6kW,362299792751419
tz1epFVHmqeWvvkFf2eskwhQ1AY3JwWd7Ej6,7140567892627374
tz1QRcnskFh7eaV7QdEnjoYdDfrDqHgmmrvF,18571105504506844
tz1XybkRZWjLx3hwcy1hQ7PT6FWEhpHm1FBv,1815993456356023
tz1XcuwadWbLKkc4mDVxRo25dbtwfEa7wf2c,12797058058131608
tz1hvRvzke27MGtp8CsSvsafxyyMWSVYM1ut,647701302033120
tz1a7MJ4HMNbWDhKZAqrvzX5P6u2E2mJyJiV,24776305365649690
tz1WeLuPLjUs53Yr1RCgq4EQ4d5SvV651Tqt,243209797262821
tz1Wo716Gggp5HfupfxtPgmYu23rDQNcLcD8,23048587843143977
tz1imyQrFWHyTp4avUNAw52RxdFjU3HPviRN,6345038040810894
tz1isKR8pS4pdgU934K1S4UpLsF56ECJNArh,8571891764658697
tz1ZVoeS9T3H451BgjTe18pM1q1LPd2cgB6Z,13486951909192
tz1eL4fYCgegW8tLCbQ1mYiKY3TdDxWnnKo8,13763908578000170
tz1Rhg2UDkjgLhemdSMtiGVGRmzwVLVaHArD,1709269398950766
tz1dPHDXSCFo8PienbvDMyCKr5DXjPMrZkJ1,11441425199357026
tz1fkkxXSMtSQew8F78XdsnaC26AfsXtsGiY,2406221324224888
tz1ZuiTWKXKqYfzFPaSaAG3Huf9QM1AdZ1pJ,8761273551227854
tz1RsCndtupuxe2U3syGAdcRBzpNqJZ9ANNc,183001852278725490
tz1MrZQhiNiHK14oEq595DLsVQ9wC4Nv2ZXW,1096090040121614
tz1LJQ6MPnjGekNAmhFmkm8XWtM6UGx4MyF4,41881154159961314
tz1hmxzW7MuU8HeRoCFPGZJnavGf5unqgaph,25173527388702404
tz1Z6QqrAbEAMDLsis3v6b956sfH6qLTSEex,91763744572706
tz1NnBgY2ze24nQDpdY72wb1GVsee1UfAT3d,920856077218896
tz1dAW94vB3yYfNPE4LM2txBT8PQ21Zq4Xzf,2059779681863900
tz1eeR22tmjPN3rGDikEMvpe8jcdXww3dqTt,6865930714313447
tz1MsfyCeQEt7khed67HHsAidezZ1Th6mjzB,2381066621562894
tz1WBMWCwjuFSsiiLUWKEQHEACNEat2S3EsD,398057503804113
tz2SuPjN8dYMJQe548bTvSPL1fdStZPXv7gT,505829899647710087
tz1N33TtiYBQ67sw32rhCsMSVpZkrSHWe9aq,107227978569782219
tz1QMjzbw5Yoi2zPqUeg2yuv5GZdmXjhh9mr,6866019758565942
tz1ZutSZgCHEzxspXyoSYSREhwHh5g4PM8hN,4298072485
tz1NJS9T6FKTnKUkVNv2g44GHTAhzH77qiYw,13925951829128958
tz1URL5HNuTa1fHqqCtUKXUM3hm6g9c88NgF,21680349589145
tz2M9C5x1KoZGoQ9xEY6fQ6Xwbe2GU1RTzRx,5593792824295
tz1RCQDHtpdcwfgF1Kbbyusd6xhfjbXanhZ5,81011447585227987
tz1c8JTzmA6c7cm6ZmUwR7WES6akdiMa1kwt,10870665403174713
tz1XRTNgXgWmR4PqxZpiB6HZJ8Siz3M2JAim,3260696417094492
tz1imbraxLCQ9TUpnJVP31LS18hpTqG5wv1k,7716178853191380
tz1iDuz9LvybPBC4kDc7ceBoKVDwwzJR7zKb,210523751833422990
tz1eiyML8sHGBL139FwJQJeLGHWAFtDqPz4U,686593083103426
tz1YQDCB6Hbn2ozMyS2kf6WPJDeRvJtmtNqQ,12301222913776856
tz1eeNRXYK56vgSfXHFcXorubcaBBCVpUY1Y,4421659234
tz1TQw8erN1a2LpfRSNMExicRXMveBPbvTKE,1274436460680
tz1gaRjULm9qy4D83VCvb4ABWLKpz4XXfqjx,3327678506792056
tz1hAZNx3LrRKFgfRytoLNVGhCrzU1uVDUHS,10857461785879801
tz1gJaXdi7Gweq8TUSy9knB2wLjioTKy2tZF,1427719141804443
tz1PoXtd7RGVBwWmmZvxX18NQXYpbNdiwwtE,19001147972951806
tz1RLCvv7wrWq4hTmyKk1zZuZeuUXNViSgRD,383981516252685
tz1QFk2DJhPkzp2nCN7Thpo4askJjQ3Zw6BU,7377556761706
tz1bRDYJHp3ACUojEeM6Ja442YEwNmcb7ph9,6739745876839816
tz1MDs7ym4sp2FsQhL32vuAnEqG3ARhM9Vi4,7277886722091904
tz1Xy5UM1tC3CFcbPBVq5PjufaxcLjMwfQkE,197376119000693
tz1RAKBnmd1X43pkkGqywYCRgf1Uo6D77zMx,197362236089246
tz1cXwKRD6AMy5nhqEVUU23SBxcAMnh2aKLn,2200870063068372
tz1imrUNR1R52GxhP4y6XQCDDXtQs11GarTN,142401286446564
tz1chab75LnyqBqNwrK11459SGCFQXLg9uyx,3601834767870899
tz1USfPTFciXzVsQL7Rk8HmMWyWtFEas7fh3,7890482397280138
tz1btYY98CWBVCGEikD7s1buWjpicb9kG8aH,148217574079128
tz1fj962xSPKTA57yWHA43VeVzo8KqdpNAeF,10398992929429425
tz1ioU6W4otB7ebgRZTq1EVVra3vMyXqeqsm,1940823228388258
tz1N8oU57qMgDRr6N9pSbhaiWRRQSxJRPGoZ,1505723690209375
tz1fCEeLBcuSMSittqTnMEhcFdPCtD1HsiZc,35020302233020
tz1WsKkY3TLDvqTuK97Xu4zuVoTb2nsr7J8S,1269481806397686
tz2DsS3zeg4pqoUnRPHxvuRSuQrjDnTZcTNJ,22102512769678
tz1gSGxwMrToBdzLeaxg4Bregv6W2oEbNLC8,63822886543848995
tz1X8AQxtn4KzBwMZ6MZUVFDcACrfnyfYhDg,2828763360
tz1KxARuCbAoiGGesnQjr2pvZa7CzJR7V9D7,5008728945170081
tz1QS7N8HnRBG2RNh3Kjty58XFXuLFVdnKGY,411538333198968835
tz1RAP1j8SjwT587jyccTNArBFhC9HhGKfHq,882416094298141
tz1QiZCuJMuVz3aq7j1Bq2v3BRTQPCdTw3Fb,13476557268721034
tz1L8hBVpams2fWFC9kS1sPVxfGY6Hmg5TQ8,1916558514060003
tz1TQSPkLPqXUREhxvYzPbAib6Jz35w2a6tw,6281594088250155
tz1XD1xSVzgY8Qs1id1kNyFJDbv9e9pNMe2c,3433233729214663
tz1Tk1MJDZ96bK85RLAqtKfnptZZyXsJ2jaq,3107649277079
tz1hes6aF3Px3D8nPQx27fdwBKrXmGs1UYxT,19960197462504061
tz1c1BG1PEeuhMFwmonTVSGafehicqbBJFec,583449086211016
tz1THwbFPPPBHmBu4cmLV2SppLFrA5QfBhyF,2736084053465193
tz1QSwx2wnmrTjEGrid79c4tpFMxjCT86SAy,5871856814390657
tz1RcJYTsoYQ7adtNMANhwd8qf4zApM4i2Yd,14549369921896641
tz1cvrgSekgCqgyc1c2qFPSeMtux6AAAfDsk,89049208185661
tz1a1ZcbAeBEjxYSwuNKxSu6FbFB4dxdL3m9,80467544974033
tz1NZnfrNgCGdECyAhA93TLPTSciJcZBJqDY,333072695549590
tz1UGuKv6PzgVbofb42VgeRwDwsVN47UpuZB,11598487327771849
tz1eCzNtidHvVgeRzQ38C81FPcYnxMsCEL6Z,6268594535
tz1N3nvFqipu91tfU9s4GXGsopawpwxSoAJh,564551120622374
tz1LFeLTRQZrgKxbmvjz2ckViRhVw9BZXw7t,136080286790509840
tz1XuzzMTz1LhqbRPy9uxfRkccSxju3v8Y4j,2246503187679361
tz1MoiwNRQWHfA71aypNk8J9CsKjfmq39c2F,24597494056692583
tz1hhphPmGxL6HEmEjoVSJBy82FMWbFwzNCD,137495359403300
tz1YHLm7Lq27q3rgVXLY424zQMkvncVvNiaK,755252456640108
tz1fKtBhuuZiMYhM3Pi1hcP2sjRbstgDrmqX,220991823343861
tz1XEA7cp83PyiXfSxWu3uHjA3EF6Gdh3Vhq,742913816547344
tz1UXMLCt7dqbUiJ2BHRhE1gFkdVkmCZYcM9,242082931912618
tz1iKF8o1hCLaTNZcCJpgKQBQxkpcSiBy5V6,9697537339467534
tz1c2iwyckUCcicx2qxqtwLEartYFEHg1pvB,4414602835837707
tz1PQDUDph7dDCn8pLGXqaR79DiUWLiSZdEf,2320674254021138
tz1fUZ5pMP1gUjuJsp5V631cXmA87Kxm3cuZ,35428201598229894
tz1NVsmLrZX4jad9bNdvM1EskvcTq2LSZhLx,30600659113948335
tz1PKoh9LB2P3pgh5ahaAFnrC2QBmUxcHDJU,2134541521881805
tz1cqoo91JCc6sKmNuTVKNzwUdi6E6moHWFb,9068713309782900
tz1ZGNErBKdYeEPjZuqKXhyTixQTTPn54bx3,252876419000263
tz1QVUXNoyCfKpAyxDpq8kR3rK2AShuzQxJ5,23425655819820900
tz1UVTMhbMiSETKCxFi413yZ7imF1xeyt3fV,7004325119252603
tz1UAYfFWmaTrQTYMptaGCw6LrXK5Yv84VnQ,37285325658771
tz1hLhGe26gqt78sZboxiwne6zgKMqirRieW,263788850226899
tz1RYTr2WKdJD1MMV51kN9AoxPnxZJgJ5sqU,374138050696168
tz1R6mtcAQwBTK9YpSqRL9y2a6JZWgDkBm6M,4284355201279653
tz1Sv2XMQNxcAqyqyyv42FHjf3EGwJ3Godj1,76452824855685
tz1Vh4cX8VutUUUnnjmnY2omSV4F26T5orLH,51658336107223
tz1QGCWjNpYmcS6T9qFGYSam25e36WeFUCK4,4150758581569068
tz1LApX9pPhcDUDznHR5TTCcSXh3m6zPgFHA,380439561427604
tz1hUY7paB2J5EhD73r4oWL6uZubf1UibHrk,7410499031732326
tz1PWZTKd1zhfuxrixGJoHJ6G17SQiypwe5m,3412367452
tz1V1Hu7nMcgVuMKDEZickAKHHZavLKTB7Vh,3673272810
tz1NKHjwrYfg7GWwbWZ3bvdejkVL34De72Pz,3597747575
tz1RaZeHEiKewSd14gZ7HKfcQ3HaNHJ5tnV6,74006589291479919
tz1aiLrqvULcV2Kfvzt9dUmqnLQnoNXPPek8,67074978715360526
tz1M2h2hPZzov29kf7xcHXrunXb2jFSbfiNd,34502721639526239
tz1MToDUySbYhPabULUyDPPsfDQF1cpZPdoH,5191952921345095
tz1gMfLSQs6xTM2TcLM6Sb2njJ6h9qhSsT9Z,10396115220070109
tz1Mt4ddsTmDs4of6kkWYvMWSUtM8zbGNMq2,3206389537
tz1UNTxRbAYTSBSdHMjoUoYAtLH4MHMUiGwg,714759114218037
tz1YUJitqsUrFfFzEp1d2RiqVwV61J8aPb4E,3941044099
tz1TqqKqc4t2Y6PTvxeuhF8kNjVn8HpZkKma,4991690335350893
tz2VoUZvPNLyq9bZ82VoDLrhkH8n6eaUoS6E,941871825334620
tz1ZvbLR47deoqaSgsaRXe7hbgDgwonBicnV,101597221561583571
tz1L8m6MGdvK2WA65wQ7DeVwXVmCS72JKWeN,960520790920649271
tz1iCJRFVD1oY7yQBap6X59XktpKHJtgCGyS,233734756887465
tz1bnWUvcfU77EBpbLUQ41c3hCBKovGuqyGY,15712587384190935
tz1STAzkywd9GnKGvJBPL4xWte3LCniyu5ho,4528177211030563
tz1g6cLrzLxNayiVyb7BLsKK6TfwboqWaYPx,1740833467260172
tz2Q6ugZbronUHSk8fbuHibBrBEJwrzgtL8X,1380052288940644
tz2Kn9u9cxvTczP6CjirJnEE1UApmoCzuGPB,3809053980941840
tz1aHfKHR887WzmpA56K2diKDufR3QJqn9iK,253593472644201670
tz1bdbHUpDrUx7m5g4VTSkjnc3mxnquzRTcw,293948949975909
tz1NoV2nnTuxavEAuozNyHm4nqT3qtkYUNYW,3700736532
tz1TQJjDtzUWWAa5a9H61iyPZmuKRfX9hXi8,732615091203913
tz1ewd8gDnG3USrTRJVdbpsyieVv9fWDMPNk,12416304814920563
tz1PwxV2kaHhubkYaRWTnGBvsxXswz7V9GWc,24966830534704
tz1Tpms3fccT8x1pVY9BQKgnvppew71pTDDd,686723027703837
tz1bNLPqmLVxWF6puxbFZHU1yCJLiCZmHH2E,205536362196458
tz1ajJzH5YBGRuXnU7QDJzY2qVRGcysUbxJE,686596907426708
tz1YT4u9DnGFiRM8AXXACY8LWuV1rW3A2hFb,36334871270102
tz1QppHuA9TUoFN5Ek2ZSmRPdU1xQiwRSnPb,382315710337657
tz1fne8nhZuSRgzaQPyaomKQcFRfthyicBQc,686593323410993
tz1PGFWJqZhk5BabfqxfYixpVH9S8vY7NKj8,4387329581
tz1Uva3ynPUXqpAsWJ3CxcXVPG7HEXB19rzU,7016020455988319
tz1cGZNvVyHrKgbRu4b23Nw896JD6GYhZKQm,7004461524693603
tz1i9THBDe13YzhSmcdpcWKJrL4raaJ1cpN3,6992931155669716
tz1apbBneTw4Ap2kdmv7gfTv4kDPYbR5HAkn,5924894754222334
tz1MJ4C21XhL6B3YptprRWMuL8oeJquUhz4u,4626504206105201
tz1SMoz8tsJzeQPtGhPEjPnanQMvFc5KitVh,383025517097410
tz1XuNQgqT23u9KcwmRLGGQ6w2n6dCE4bmoV,570959172492216
tz1WrZ2Th2eCuq5NuZb8nHXPJUjaBE25Uwgv,4558977843
tz1idC7XEoSZ45sXLwp1ujYJ3yNFi2tkLT7A,2404374450717061
tz1d4649CmmMEzXBWzhTgTkFxy9ATNhb5HC3,77368435600131
tz2CrWArLr8eRCj6mp6yYQAKshR9MuyaK3Qu,7792009849038906
tz1WqkwtGV3ttnchD3bqmucZwByduHq8EN8f,468841381613825
tz1dVTewmwhAqfBcAgDuDuF2sPUaafuPA8mr,7293630122186094
tz1ScePe2eXYo1RBdEe12hNY8KrvHyjFhHw6,61961152177683
tz1XNmNga2NyqFiNpmEN66fpySDoGWoKpKXB,168149697683466
tz1dXpsNAWLHVYNWSqhrHCHT6wh6L1fKZfo1,4744357967
tz1N2AezxpvrXzvGaqNVW9BqXxJ6Rcup9M4p,257817628507746
tz1iFKBz9HbJDp6omQGG9LC9bTXF4zKdkJfR,349956181724981
tz1fFCF6FogyPLLjSk3FNTG7gVdDWfPCWVni,3886116656
tz1WUmNdnrv1w75V7ntFSt5kSuyQfYuo2hqK,4428525164
tz1LYQiMSoy34xAUD2NnsJLCTmb8HYYR9th9,352766324682446
tz1VYa9SB4LtsHLWZnJXc1JuL7wuX46orE2Z,12106866206419956
tz1cAxm3wHEUX9tY87sSfdVfHgCWcPCTkNTA,4989225679149640
tz1YrFGJ542U6jpYHpe7BFHxNfa2mb1wpAdH,79933399965427
tz1SPVSDCDpbqigKWVYnbgHEudxSM3BASPZj,61665639561492502
tz1f7C7HeTczoCxoo8oQ3vBDRQTiNM3tFTZu,3016378447479584
tz1P8pHeW6qWzBkgeDvi3bc8depN63r5tt5s,2339415306666918
tz1iZnkruZaYGv3dfER3wEasjJj5xpaTtMjN,10298895910120804
tz1Y1svqGfYwEN9J3ne2WLEuzUVnwzP5qoYW,1064889903023
tz1YmwJZfEerVMbc8uuJc7xUzE64ma3Xfu7L,695755433897675
tz1aQbe92zZy6MNeRFtgmgV5dV5R4BNTdqK1,660692117948662
tz1THz87Wwo5DL34CELa6psvuH8RXShPmSbc,178517330411414
tz1cgAHrLkuj5NrLmQ6LnELKFKu3i13CokzB,3220121398
tz1eQ9skdokeeUyTc4SdNQMPigjZ8JY4kzus,8885172732150878
tz1S35xPc2sh4kK5hd7KujsWU1G3SUdCnFqp,115876335203409365
tz1dYEEirVkgSnE7eGK9vFUwxWBqibkafs8W,2064438826767643
tz1VLGH7SJ4HA6kDXRiHYqVFkn2btjnoxqib,66748494497131897
tz1XYkmAHtkZFjZLdWNoL2BTqUws4oD4H1PR,30824901650825893
tz1dCyFm9jxuhxJEi8UW5sgiS7TFubaNT1J7,38928040723546
tz1XbmhVLdDgsihnVoyn6aTRMURJ87YEbG9B,3776418459399451
tz1Sk1mwyBQkcyrwWZkftmR3Mjv77BEGUw65,787894676208756
tz1QHXGKA8NaCmpZLrvrUyBpYhgEiQDyWY1r,519529679560986
tz1NS4ZXnzYBPJpspW2svbqdjGsgBsGZchzV,27493177063994
tz1LUdy3KnxyyARheKtfcnRymhUq82SKLvyx,15891493412717
tz1LxFeaR3ZNkMRstvhjNeVbpv9vz2LttLBz,3199523607
tz1YRG68NdqtAcsFEwTUw6FsSsiBb5kagEDo,345212795044615
tz1NiraRNtWgpXyyxopRTk2a7Py9oKFdrgkB,1727321895155982304
tz1VnXCALwSCihScu984A3dbY6XXLzDqJWa1,3757336097384938580
tz1ZDDHc1YycDdwQezjVDVCSfSB6A1xH3YxG,3144596163
tz2R1iMz3wHEx6Z8dpdPVgb9eTDVh5NdeqNz,3881505668792259
tz1hR6q1QMUC4wLD3izGsfeZ3HuyfJH5QajX,144598448433874
tz1akJUKXFmNjxKaCqcEHmwbx4u86xfHLYJc,210258980861269357
tz1V2FYediKBAEaTpXXJBSjuQpjkyCzrTSiE,550022570721822
tz1Z1xRcvcqPPqja34fWNd1StABUV38LnbpW,72098464273158
tz1egZ7YNcG81udp3pGXPBsYQsUNHB7xAH7V,1354280644658998
tz1TSowSJAKRqQbqjspmyfN33nps1op2GodY,6899596462269
tz1VV5912Qp7qqZaQ28MC2G3RQ89UhEdueqt,336690691896739401
tz1codeYURj5z49HKX9zmLHms2vJN2qDjrtt,212816810394578585
tz1WXSxKwhw9EectY8mAdUFXDBHFnPZE3HSG,30061122383832507
tz1aDrsGYyNbiqUX6eTHLe5otZJwN5XQh2kG,460006513591501779
tz1gu5jCJunSaHjR52rcu3n7SgDCJZDLTqJM,1506783982196939
tz1SDmZnnzpH5GAfHoeXygPWwzJtHXADpohn,459276709345698
tz2KgCQ3sTz3n3jrU21DveCfTVFgrMnzeA7x,664018942349958436
tz1XT3SAzJh47s5DxMJud63MWnvDftqWFtS3,35680964345041469
tz1bQxeuFnf9PTDRUwu94sU1GUvU425KqCeq,20124413019805
tz1Rb2U9TbEkYVQM412wBzBbMbnqX2r4CTXs,18159555362477
tz1gaTbRLDWJFA8bzcvDtkz8HxN6V1eL6gwL,287410349740923
tz1U9RY2mXmwAaSSm67rEy49N5YE1Rs7K223,300235889836814
tz1ZzEEVRzw78fhsLMM7JvV9CxZUaWGB98U8,977337380732153
tz1RSRuULmTkaXTjrhbFuNkE4mkJLRGPWJmy,4201949458
tz1hHz9wjLaZ3p9sDo9SkqT1t5wxNsK7688s,1130857516373939
tz2BzwVtwa2mTbspW1qqdiA2UtctbGntxAGi,113868552899469580
tz1QjLLgQidRchfWMvHa23uhfgdzNKSevELK,86761110974047594
tz1WW1xr4mdTif7jorgVr7aqY3YnnJPSDXj7,816549001256615
tz1coEYWsh5bwhhCsK2Dc1SXTNQs1hWs1QtL,1181862213880630
tz1YKkEwEXk5g5MeDzNTgfDwKd589rGJS9q7,418521694532250
tz1PSiE9EmFbQFb7K1cBxPTsbPdgotHLdy9e,1281465696765732
tz1hWxyYMfK3h3y7WvL1ErggtgneuNynC1JA,1115275196198222
tz1agphvYoUaWn5BjTVHnqTTyYwURTGAZyBE,8208507848198
tz1UVjnYXp5DZaCX3JZvxQQqxKnXaVMYAYZD,4960608850325226
tz1N4Q2BLS4sYvKCoM5XxFAEL1yoEY8TSS7j,417848152686748555
tz1XH15XMCB22rJJxHLsZgVhXA6t7kJnmFa1,2211672204041007
tz1NEmMNjFtXgixkdCkkGsEn7k6QPeG1G1Qn,12335887733478235
tz1gVmWVnkT2yQr9gmed4BgK22SrSPjfpkEn,11469695166927361
tz1huGodLQWq9gKTZJ7D2Z9GeymHBJNnXvtd,822037259505
tz1RVq5ohXzWvbqHzUgsmUNWHqin9HRkrWPz,9418892352871
tz1aGLjZZLDwYYSevU3HLbEXenAxwRo6f6EM,2670652374462
tz1VLnru4Qd3CFuj33ss2v1feACiaLaAQdvA,6467706519
tz1cj6FQs2Zjuwwf1uY7e7fLQfzi3YAbNj46,3432993359854217
tz1XksiJMYSGBzqZqbj4F1dbHBH85i9jR3Zi,5952076773911303
tz1U6R3G9mF8n9qH5mhrMZjgJTMKAEYb9Uw7,115546804773904090
tz1TtLSSFGrP1796nyd1ZhGH3o1AVitoukLj,166360075811445
tz1QoX2rtnpKq3MxJ21E9NcEKxqPL4dKsEcn,28516656499422345
tz1iXbbzm9Wogk7D2W2qNwYzePbQVmYP6BXN,514308023812245
tz1aQGJFwYn3yzghyRbuWNapzDZjXCEfYHuW,73276104064879
tz1YDowtv9HFd9eUoMZMNjicREmagF38XWyJ,7586853188
tz1MtaUicPHBwrvkwnNwikGFfFWdaPxYAvJc,667460982419222
tz1enSmESCGkRYo2CtDYKhqUHFTAQkpXjYjg,677683048388671
tz1Wn4Wc6d6jieFpj2DJaNEC7HXcwKexW2By,8925710341249903
tz1c2MCGJM3pFb88Spt1cWgxGtXAX38Ur3CS,5475182163914218
tz1ZFS66zDerPgLPnYYEo8YXveudhGbzjESJ,1333687332722356
tz1ZrtiLUXfjKsYskvr7fmZk9N277YQcv8Ws,3309356514254562
tz1NqZnVNkS4N4XQqZaTigDQpSs8nc8RoMFW,1352166497644820
tz1WEjGgTyPyhUapqCRvwBnHhLCNV38Jr1GU,730472566676440
tz1f2NgqK2bX3LaPgeTrEWgFFqRJgPNzFAYv,1131988184074799
tz1WGMbfVnzVSTD8oNgZA8feaYvNvBYzSVmD,817810379853280
tz1MrpnRbw6HqHvKyBE3811uHgJYuvVj2hwN,693015199844436
tz1TkqGsSx3gB17SLAcMAnDgfs53kYeFez9Z,1437887792648394
tz1KssAq8Lofcu9MwuXqpvXh75ufZSCsLQun,1168069967046514
tz1fhd4k1jSJRRcNVbkMwVzkKEhX3kzApsfk,1987259440478214
tz1TRrpXyABLU7RfM1fR5AbFM4g3F71KpKVS,254198870206453
tz1NkGJR1x59KMwfLr2a8bAqDYSm4WeDjeui,888265093375852
tz1b4Y6E5szNCHKZadDnAvdUyBfr7eQoEM3Z,3282985662535689
tz1Y8v9LUURRffBVoJNysYTMzb2NranuM3fd,504406860631170
tz2ULsEpiuozejYYvEcwYq76vDHUEVcyYyE6,81748860483809
tz1PQkArZXKyQjY8gmX9yAF8NEtEtbuekeqP,473474902913050047
tz1bv7bDGmKDPNjX3FBJ5nPG3LWnT7yB1Wto,16320580215105425
tz1LrMXpAmdVrP5daG1dyQnTia36EtXQGhzC,311489023386755
tz1fkdpxhfX9pyAirzTZ5cKUKn7QRoPH635X,1615161977321
tz1bRxQfpDiUrzfEyjn4Hah34a7HNmoC8qyN,96425866116605198
tz1YrmdFnmRS5McKQyFsXRrTSS849k9CPdXL,441562508560870
tz1TyTnxshr1r3xEQDsiX3sX96wvfwm41tWS,21964616647608
tz1VFdHcm1vd6qTka7VHV5VmZPebpe4cJXsm,252141934538977
tz1UJd94Mz9pyLzfC8SAZvTdDHUs5qkFvucK,6151317859269279
tz1i3d4DrdmVrQRVALsNrxw9J2UsXR4a819E,92913216425429
tz1ajbUoguHiipVftY865tu8r1aRYEVWMKZz,24555880162524
tz1f94uZ7SF2fLKnMjFzGQTbznd8qpAZ12is,2545684002276397
tz1bmKAXCTFwox8xP1uSsTYiSSBt4dhtjx3e,4832381888782448
tz1b6XZn2k2tpS7uh3aHCMZ7J5xTR72ziJZv,4204489894831290
tz1gqAonCuKe1Vg9zNwFhP44fdPpHypGfZh1,1240246430176975
tz1fCCyqjcmwNw5Vv1b7yVXPvJzL42KqxWxd,1405999981695
tz1Yhe4w3qt2wiRz1LJv6QWsdHavkuLZtA3Q,9591290360553261
tz1eQpFrU6eQjmy2dcJiTeG18SK75yMPucec,1112411154322
tz1biyDVy4Zq4vZyc91eJAKi7wYbNFPJTzHD,321366456299505
tz1cd8cN3qrphyJ3n337tcbCP2G5QkMP271b,19075815815076549
tz1MT9A2Fhs6PwsUXtYgVUxGNxHeuHX93sr8,262433725118173
tz1igNamUNibU68i3pwGcdKLNr1Guf5oJ6nu,22186816798832512
tz1Yu1qh4mk9ejf2MLxRNnRwdHoidXqoSqqm,74939655819212516
tz1Yoe8QLauwLiYB6bpDo6tXNtfidrrcUyCx,236840200701844
tz1Y1kdVWiz11sFffcydfFtP6Zam6N2h3iSF,4125135096205
tz1ZPzoCDzn9kZD9kf9ZWg7bybBJdKnw9PMz,1187200829586728
tz1Z4HEApoZ8Yum7RTc94Nqt2eepRcHFSqcQ,4929583579473726
tz1aWwVu9MLbY2MiqL8H7WuzJ2g39m67oJQS,548547754983105
tz1MAE9qgpWLsc2p6NdKZbnCcpzKt2QkQSzB,4636353482454704
tz1bYyUrzvViYFF1LbXxWeFiorMBXUtEusSj,4288781741267
tz1chAZukD7QacpWDUJ33dGqeWFvknj5Xpj9,10014276663464206
tz1dDmngL167C8BFXJwX569z8KPoBS4Hrmua,454039053192
tz1TwG24jP7Sow6uq8554A6AUSxwtMQk9sp8,848596628882285
tz1Ziaxoio55wxE9UWpXnaMgRtSN3VBhgGTX,19061438935088
tz1bp3oUKqHcF3BZZQcDNYqsk1nw91Nkr4fr,186980289008858
tz1RYVLebe4eDwGTJSMppc83yugoYXN8G53H,186980289008858
tz1QKxiyYVjjff51jz4RR36SxHsM6PiiExAn,186980289008858
tz1MdzpED8Jx333i4MMnhisRxK4RZdN49AZy,186980289008858
tz1bZHuPEvBTssxpk6TTErngCiqpedPz85Ku,186980289008858
tz1PZ36aiHW5x5HmhNc7gvDNdu8m7NAuZbiG,186980289008858
tz1WUqA3SszNphCmLgiDu5jSNKoGqAuHA77B,186980289008858
tz1NXp5GJfJ6UZoiv5BYykyxkag123G6SQs3,186980289008858
tz1SKjT7gZtxGYZzvwMJPczpnbrgy9S2CGq9,186980289008858
tz1SXKgF1AcPkTDCHm1TaBSx1kkhEEiAv2ZV,186980289008858
tz1hf9kC9q6s36AFnz5VdGPWfw3U3yjM5fd3,186980289008858
tz1ZyPDo7hJ1xyUWg25q7rpZ6kZ7WjLNXPcq,186980289008858
tz1L1CRSuow6DbyfL4T1iCrZcbvULU4Ndxbk,186980289008858
tz1PHJKsafAGux2BN5RbnA9VVnJTLwHyEGKm,186980289008858
tz1iuXgS8GQHX3UrFTeQeDJNRQwTqk5Ky71W,186980289008858
tz1ZiutCQgTEedcG6bB4HyxHksneK2BGyRcX,186980289008858
tz1SevLttnimTvtKcwteXobXLXeotdFivrCE,186980289008858
tz1b7f2dYCGV3Mn9Kqd1rbCmjPLXaEwyHwQT,186980289008858
tz1dpQJYQkWUcBTqx3sW8AEFsJeNUcAa7mVd,186980289008858
tz1Xq2xFYJ6yewPo4G3AyYexq8YbDPFrMnJP,186980289008858
tz1VfGyV1Dfava6M8oBYqmDRJR8UL2FfYoVi,186980289008858
tz1fekve2hE2s2cRwLVMS82tXn4GPcugfCdY,186980289008858
tz1Va9fLvE3yNPupePTdMPX7zF449Q8fjeRc,186980289008858
tz1Wbc68JZxRJeaYQ7BV1WvnytzJfJ3LYFdY,186980289008858
tz1aKbkT7her6XEBY5a5cyzG9sSRQXNdDfeB,186980289008858
tz1LUSKkdCc4h33utT48d3dqqqWuNTHSy8Wc,186980289008858
tz1abXSECVwRTMajFVmUzWXABPaGkTy35NKW,186980289008858
tz1S6SSigi75RbYC2sR4xzTTyxZACqhpcxoZ,186980289008858
tz1fgX3sRSUFc3NYTqj81Z7s97auxMoDdaHc,186980289008858
tz1StsoAaqgEcbx65F1sWQs4F9KzXyycufcA,166610358950293
tz1ZYCUaf3AHvBhVChWL2RDQ9vww4VtQqBQX,165824213326244
tz1a3zH4CyejVgJ8bJL88F2bkb9DKTsVALu5,166223083144798
tz1RPJZCCaXzywaZbUQ1AShwDGW2eqqopqio,31509202906046580
tz1TjQAiE96rYCGCGrbWCzmwhuKgt556AgUx,233307692658637
tz1S4nxXjJiSsn5h8DcUXBJhBL6MnPoyuTdC,122303809416852
tz1QwQdgo79b1b3Uhcbviz66JeNq5NSkLMMU,117562180833224
tz1PmrFyfaJsaoNswcXgc6xRHsimmSVmpZwQ,122454382694827
tz1hkfSmFhSUdaGv6WNbtnMyfBcifEc4ZqiC,114881375372695
tz1Y97DD3qM7xfwcg1N5vNP1RFPPmYFrT76k,120686310120856
tz1QZZJyziNF4YKouMcpV7fNvZAbsxbqW9En,119146472584637
tz1h3iUBUDeP3uyFTQ3hkhHQyTdc3AQxugdc,121419716603581
tz1LK7fLAhbDFMkz3PEmmtPPdMThLCFdf2Ew,121926289228295
tz1WWRakDQcrPLDSdoMSKfxA2quuejwrcdMC,122075860748942
tz1MhPuAFdwmU7ZCFxBPAuHHdyZ87yxDmUFW,122527041674477
tz1NHrBGrp8bExPpFyq7mE8PivPK38TRHV3v,109866822724433
tz1dkSFiGuksdcLuFvwinHxDTxGcaZuMBhZo,121535599639711
tz1aGPrBTV7uHxetHTDrDXehi8axBZjoJ94K,113710012825246
tz1QX6fBCPCQdrLXeTQJy8yNpoxfXcPGrPaE,118746553180614
tz1NdwCrV7Tacpaxu3HXpePoWaYYxndWZb5W,111029864226380
tz1aBA3X3suZiyhPLADGU1vt9EazWNN9mpWs,121775745304069
tz1S4exgAjybUiCXdYy93FFq6UiVfrxk4i69,122603801170448
tz2M8wUVctsHkQq6zEugKTgieYbdzEuuhpkc,775397287517691
tz1djbv9JAQkbn8uQqXJEmM4ymxHSqmdzGy4,9402144254585459
tz1LXcSjjWHCuKHaJPAvPb18goJhMoaLgkaE,4360766279699
tz2Q7GcWsdAV2krjJDmEz4CNfcDfnoREZDeT,201833636414075
tz1h2AzE3kDAPJYZeJ7rqfojDHwZECie5kyh,11438483749882482
tz1SJsRzVgciEYuGiRAxJ9S5NFFuFnomUgco,791339236
tz1Rpm6NShycycR78Gd9iEtHVPcaUsfcTqcy,137896716979759
tz1MBkViJxtsnZ8DSDxJFCR16azpks1uGgoR,19013949454946
tz1PPvPurgxkRirjhsih7t5aPveMs1ENt74t,13692109935356
tz1UChaj24fHGPfNn1aqABNBb5WWGZ7RfMuF,181361330104609
tz1f5oxQvEXA9m18aiVGDaVs5At4oZdrR6Kt,2894090929906
tz1e9jhSiUVy9vD7qwnotAVgxy1rpjqGJjcU,54597902878406
tz1KwuJDP5WDyWWe8REH6RHTUJ1sfkJrGBL4,54065314800823
tz1cZDhWdASeB2Nk93eT4mCAdw4VvnMEw9Sa,39652939574485
tz1Li4CydFSpubMEDpKiNZ7NoWiMSgJJcqeA,40827190851857
tz1P4owaJWbeXsuqGSvggi3imzR2mJDpyxTV,1001645694555529
tz1PVV8i3pkUJC7FSNVQp5fatez52M9QLeAb,1451940996394217
tz1TXXmPc2fsvzzRwdQmT3W9iEfWygty4X2Z,1595355802549949
tz1ZZvnqtcmgdf4YKFTnVi9Cg1XEiueLCmBr,16330876340742
tz1W4jZBoLM2AGZq2ptopYBu353rRvuSh2dK,3251816399020487
tz1XpqxdnX8JwzcLtSSKkiemic12U4NkCbkG,1161015058235245
tz1Q9Yyna7X9nxjHe4dbyj8Qk1ZuznCTch3a,29009810113837
tz1Qg41X8F1dZPVZmc1n32fxRAk1WEgg3qUo,1450490481384
tz1MN2zesLxjCfB3K8LUBf6rvnXLk8Z11hm6,34524413920053
tz2SFxhkao5Kh35pbg3mQxbTvKbEbXPEhGds,232463584685835
tz1bMLmaYWNNJBYUgPGsCV2C3B4CixzmnDk4,571580672235367
tz1dHJmULw6DQSKAWYWpDXoqeecE4tG216yP,170741179871003
tz1TiKTQkyc8KupyxY5QmPA7uf9xmhQzXAkq,187265594257581804
tz1XUaLk6Y1T6PbJzfrmfvem29cDNp2dnSDM,79776977802003
tz1cLB1J9PtkoJCnH3ovrn53ZWddfMbF2PL5,435147151751752
tz1MhV6pu2sFcSKZvevrCtNRcb4yszVdVn5b,874963752699
tz1bi7iZyxPCGjMUQMiouiHRxQwveQjuTu8b,921023557016447
tz2PBAJo8zSWvHXh7Z2VineRxPP3tn27JPQf,145049050569185
tz1duafqHy827Aw6bbFNVqUbpxphm8MSecwU,1216951351436403
tz1VokTq5w2ngWQtfwzF6pyB24Ro6C692Wez,797769778241009
tz1XkMZQCCAC1d2YCbHzSySvaiGU7fv24gx3,16644787078012327
tz1VEbcByoqdaTKar1XRpada24pn8D5xRrkw,9966947827058
tz1N6Rvgx7tFsXkNWjHNdwhDLLg4oSoFeMAU,1163293823664370
tz1hZ3dazpeour6uTQCA26yzohhuYgesjzDT,217450281553373
tz1XrThJDztPJoJEKbYXqaDxFzwp1Adbo1F8,3345388929297
tz1YtUbTURpWeX1CzHFamxS7fGdaKwKKgMzq,302060959027146
tz1NFiJUDasUpobcXVdtKyBj5eDcdmjnAPqt,136130153031
tz1SqQoCZfqRem7eo2HtKHSL6zbdoevxc1S7,2615000840038
tz1YcRfmH4JsdvLzzijq1mh4FXjoHmh2ANEQ,1450490481384
tz1ht6fhcHXknEg7jE9nFVU2gXUD15cUifUs,2318110704720333
tz1LxkEN5DUeU4usSqobNqYmvWa5VN1NC2B4,1672694464648
tz1d4cbP98Sbni6mxUmvAN9vufMZskSv3F4K,175167997924345
tz1Q4mLBtkz5CbKcpLBB6shR8QUzcMpphNrX,269870391063471
tz1TreKYWjXdKDaKCga4b8zobDq2pdHdGZuA,1266220686070998
tz1fwd9Ub1AwXaRNLUfdDCtQfWyeq8YcJvCV,1016592300564297
tz1Qor64hy8s7jH8ZQkMoaYLiS6NVmkeSBbY,1820814895402795
tz1TnjxYt7dKGzDoFj3j3sGudp4buKFEg7xF,577404706988084
tz1ZgEA1VMzNomprfSrZB1aM5CBqi1nnCqHF,214259636727387
tz1Mc61yajNASzh5KWZFtYs4i7EJbzAxQC4K,265303488965959704
tz1PqercEyjV2AgKpNXgxeWnxgbYu31fw6CC,399084537204373
tz1PzXjyPchzGUGH9yXLTgvyhhakFnyYDYge,6806507828353
tz1XrwX7i9Nzh8e6UmG3VnFkAeoyWdTqDf3U,194969267831823
tz1QFsmp3jUZXxwmwTAL6fYheo79RreoZXPV,2394037197649001
tz1PsF3NELGCZnighkMmr4mLkCzbkoVPdGSS,184450645566205
tz1SEEQNGjxP3SC8biDWMMHwgpYk1aeiQDyJ,12616293895099632
tz1U3YJZ1pFfkaUWZVWv7FvNyiUi5vKYG696,163308763495819
tz1XmqF5gnTjgE6Cxu5CzaT5H7vXiFfihe95,14504905034821
tz1USBJ4HRxuvrVUqaxALcdXaRs8AC1PdYjM,566455666922372
tz1ctD8vJYVazKJbCKa7LUVb7n1cEmfRQpe3,68065078416120
tz1Zvu2PkSnZAJr3seWbEdt6W6KYWUgaanVh,24861301568988
tz1ehz91i7CxXaMnUjFDWBhr5uVvr3bVkBxD,5498438372337667
tz1cmp13ABTtQ8dhVazH5yWtx2hGZc42ywaV,5829347508361095
tz1LfKbYRG3fWd5ccbmsq9ykYJQekZEouB3y,1638385586542909
tz1P1NgMTMvhHi1amqUZrQHS9DZSizEW3p8w,40827190851857
tz1ZD5nQNtzgTzZxHgxgFuGo9CNBuGJHVRXu,1344650744508133
tz1QDp8TCD9dJgWoszxo77K6QukSTubjqd2C,55404973830633
tz1TxrHpaBDeAG95HkTxx6D3d5RVwb91fRJY,26083625469672
tz1U3ozNjAw2sguL8Pn36V7tX38aSYziM9Fs,223114750885930
tz1amoqk71y4tqnZxRWGcttpK47XJnPx51jB,29951148221669685
tz1ZfxjoBeGkRG7zLgyH6gnYVNAL9KQwRnCB,81654381747909
tz1Zya25zMcv5a5UbYyLYVuES7SA5eWcis5b,3895199515995348
tz1YHWL72KHVVRGxPfEA2r1jtLtuCmjM4hgW,5874654308618010
tz2MBb5FxZXzhBuAPmY9z4zYTF8NeWPEkiV4,23678485249509
tz1dsvBGt2bDoMMxagnpHf45ehgNtQ6ctg3z,6259319737236926
tz1Us632Z8mVMLZqCs1FXuwyBEBe6o4KjHzG,244798089119194
tz1SWd4hwQtHrzisTLp6vydczMypKPnxBFTw,415264462741449
tz1day3KgAK3ZEP3hN1PaZiAPpbnGD3Lb8Kv,8644863253365516
tz1LCPRSFPJ2kaqvj14SWo2VnxPMTeCVVrFn,2177708452580
tz1L8VQ3oi6fCbddWYxCoL1ckjFK7wBHdT48,40311505503078
tz1Mf4iUxRSb1NhhqdB2oNbo9rRekha11MDH,6999188613270
tz1dham37JdHm31Lf63N3aBqxJJyhcnGA9GQ,133123414474196
tz1NATazbFfnypvM7q32nnFP6m7aDXrtCm1g,50860944614
