Address,Amount
tz1NRbpmTuPEFCCYCqCr7i3hkMRDRhBFgmxz,24094473562135
tz1foujP81wtDKMCX95CBY35TUYzWapuuuLg,62265371747840136
tz1NBpWeS2gVpwPpT9NUn9ifBRfriwicJT4y,4785546852708006
tz1RDbEW7YUkwnnDdMNieSiF6kB4XBws7QSg,3412177855972783
tz1XwT7cC7UnvMi4GooA3qUNEA22cPcUXxLp,5319414651064874
tz1WdQ1dak79v48jXAQjYtt5ZMGnPiwn1ktL,9280226955249
tz1eqt71cHna4YgyNg3ao6x22xU7c7CZXxcf,1377354605322714
tz1SBxNvpDFC4bjW23CtQfVLqN5cBATVf68B,360129283761485
tz1Rgo7URug42QnhBM6eLy4MWdfwn4RovHy6,12336199071012098
tz1ek9wEDD2edxuV1JniLuh2ckh5DeM4FjQo,1688214935362444
tz1S4Sp3WtEz3MfdBjiaRWEAG3ZDSngAR5L6,1319853840896
tz1V3fPD3AKPNwZf42PKGzFaWU3vZ83Gjvfq,1118391841892713
tz1P6DFx1Biicriaz37h6oLAhndhBL8eMoAt,14328158159404150
tz2UD7tXJyBrfDBHnFzhnaeL8ZGHxcDZuDa3,5924291895831292
tz1drEV5soQL85qJMNts3JfkgZxD1oL88gsh,279766674313950445
tz1YTQ3Lys25j8FhZQY61eoYErYUteSao3ez,79861758550439
tz1R3bKH1seset2h49p4vrZJCEL8voJgSK2G,8430090674329594
tz1Z6nhkXDgJjDzSpDEX5g2o1ris8Ga4xjDY,1488805229662007
tz1bdRJkGkNQ7homh4PTnkVM7xzVWhuC4EMm,9461993390483030
tz1Z2Ne4ZHxNPuCJeCcoykHVXTqhVdLMD9gV,11419380046724749
tz1Qji1NnEPj4Cxa9s2WEoWi9U9KM6a9gdDL,2985716888525852
tz1VjYmQHw4QE6tYTQLLfWNjqkUNwMC7YPoF,2068008624734630
tz1czaureyspHk1etv1dKV1WmHCs9pb4fXBr,924465348005169
tz1cmanHzitf3UgWgECzLpGUKpzEfmGZaFsw,8619419246365106
tz1eZFb4bNMMdveGT7BPcktbYsurg2e8r1xR,30287255245870
tz1RartAmPJhFsL9oAhZndSL2G7KCsaQqqkf,60509199689963405
tz1bEi1SEPrZh28Vqa2gKi7veuJ7AksFC5GL,110967012956364
tz1YrfZhjFnhgERznXtYee6c29n3PBeam8A9,253755880515798
tz1MyqKoe43P4Z8MfHoXVBTrohgcbehp2zLL,32314934151736232
tz1SRcMg9GRXi7paNeAc3ARn23mS3Z5dXa6S,270507799638958
tz1YjtCLzjw3bqPxJh6MqdVBFrM2zrsA9kyg,105355591762042
tz1hD7VdzRpWG3nmYpCyW2gNc8mQNs3TCgxu,3362950805668572
tz1MstraWa1kkCRoGRYpYEtMncugi99rUx2H,12620844579716
tz1f38MX7YT2Q7MAq3mDdj75GTN7vgqV2TfH,8898691638999871
tz1U1Pfo6gY5UKitBztSaAbmbwFxgmmN2oaP,330055275956854
tz1aBDeNFooBEmBXnWDVgLknNMUHMYhHVcRA,4263543997235597
tz1hD5k7QW9ChHCgb2YLthKFirKDYQiNPDJz,484222323178166
tz1cjTb6ijvnPrJBfaTEFphxDovW9xQbkmDK,32217378784066
tz1ZL7ekzieKxwngCCyjsCN5qhu1ohwJQEBy,1133177892415672
tz1enbGpES1NDr2kTaocDhxvMqtpMy4ruhW6,451628070087760
tz1SKobyM2ZGQYYWKiWYnc58GhJ4TBnQN7gy,1560829048420
tz1ehGMhxarDhwppx14PX1Y3eqbZ5W9Bc2Y1,112295507452653
tz1LN3wPFYuS5fCnodwxT94xVFLPtcFHvcHk,5836163628969400
tz1SRqikWtR2KNpugCApreA9QeZuqh8swQMa,47455915650458
tz1dPPVGVRxY45ZvnRMU3vebaBVMuhPq5bxh,24735582854421
tz1deYjddv6VT4o656x2FsaaN1owykAT7Nmx,223078698032013
tz1ed4brTwpFg8hFUJSJ4HqnsC7sEjVesMtb,3155260755643983
tz1QJE62jTxHis7kZkbDT2zsYZyauNDNzWg7,1403238196457496
tz1UcwKfokzWm6g2jpnVVqjRBd9iFJQHhH2m,529014417589034
tz1gWt7kUnJtGXoT5BYzHVa89qGp6QVvQmyp,1399934944270554
tz1TJspN7PEXSA4tsGJZ1EAE3iJGDBoXJz2Z,678647634564171
tz1epR6pJmPaJ8vvzNi6V1T51ccocX1Y4VBb,57275274541073
tz1TrxaPKNsRpcgw58155HdX6USrpV2fERQm,1499938157621455
tz1W19DveaP3mW4WvFtdVdqGsWwBL5q1QDSK,1035637684728857
tz1esdEqZC5Nz3HDFseHvpH6SmQJPocxLzA2,577978692343307
tz1ZLGi9hMam6Gf6kixB1XK1yJED6CYu1tGg,11634945227636922
tz1XyTsb9DwkPru3eU1Cwnr5JkihEi5eisHo,2270441493163144
tz1ULQQ3S4kFLhhpPsegiMVFmXx2G6ewmbTA,83602614829305
tz2Lqs8WFf2HDG1RoxG3EAtuHjDS27XQANWT,26774888055061
tz1LRrXCmELevk5znmVcYD63TChSpYh3vaE6,1257690386464083
tz1dNTV2DXUpqC7SEiJ4BTB5RvL53bPPHZfM,958701192220907
tz3T9ZKHLVzc23dxD85p9xo6L8L5mx1hvb5x,2935317752750144
tz1dZuKxjVojU7gtRDU1nMmG8uRdowF2Q3Sn,2377080073079931
tz1iPeVakaABzkhWFmG8mjYMpcN3JCpHBvZ2,98130374357
tz1S8GvdiWQghwPMMzbNvRh66rcfmhEA6vj2,12064412708417797
tz1N9qzry2ko1gwTK6HKWamZZK6FGx3Vr89U,1045284016483403
tz1M5swezYMnDaim71PSeb2cPFk49ajrvDV6,1978761254623371
tz1QQ4HyGbCZDmQxeVHoLP99KLyfvGvyX21i,15573204115787362
tz1WKygtstVY96oyc6Rmk945dMf33LeihgWT,5576886667870567
tz1Rux3pGrp2KpZUBKvg3VQ4edRYVJsapr4z,40134194209362834
tz1d9Y652aoNq7351TAYiNeWy4FdWuuw1JxD,92029828616075
tz1LWMmDzH79xyu6JvELrnvWLBBVjZg7TnfN,8336638393878513
tz1esBaTjr9qFQ7FhrDQF7N7bTpNSVTkGbMU,292639143733860
tz1LaWQ2BUAdTVNz9nb7AhKDcPDQsb99tzhD,60003775008092
tz1RfSFe1dxP7wh1zSffEnskgqvVVWKNKZG1,367343667711018
tz1czGMShkB8ZtCHKHeCPTY3CpuiCrjsGJBy,567841476843945
tz1UQ6cQZef4MuskJjV9g8pXNZa5s8ff1oQy,1004215121943832
tz1aZsKPTRdkm9vaQhWv9Mz8ZbwxSHmf7t9T,234665836309798
tz1KyRUKbkuBTK5uaidmF8FbWHYrMjdw6GuP,121583438120922
tz1dTmMLY7tan1HKfW5e3KxJcfZput6UuTH6,19105370211240
tz1daKxrqyoFUCcuQj36BeMN9C1Ytmjg5p6n,5261807487912103
tz1YZ4VZCRPoiDyGP3U69jCq2S8duDUcRjHP,117637498267368
tz3VvvqkW6D7bSPej9x3pghjTozTRbaB4Gn2,633691707478527
tz1Y2QaG5AtmfN7rwBG1coLQKFTTSw55g3Kk,2047833561329
tz2LYELYe16viwVBaRjZc8GsauKRsxTGPvB1,2889233523436865
tz1gXcAJZUYqK8JkkGDPN63cPQGu8LiBndK1,3993498782173679
tz1gN5Ch4VeDZjiM6R1KPMBxPWFxL3HHKZyT,647325685557133
tz1L5rXu3RqYBjZzjWXLaFANYZcwS5Pb1ZST,96307748653410
tz1Md6npfDk8cL8rjnPNZU15tHvyCZkcGDuu,288300016005024
tz2WYko4XXaV4B5mzjguTeRkkgw8LyB2jA2d,558379631145786
tz1NkFRjmkqqcGkAhqe78fdgemDNKXvL7Bod,17073389322881861
tz1TgtGGP3TDUMnUw4UzRTZHrsmzsSKraau7,1580295437258
tz1QkQLtDkqpw8VSymi13A86jh5iaCeMriMJ,7902386648301714
tz1h6J2pn9X3KMghNHZikrh3PtEpgCcRAjHZ,21909353820971779
tz1VCyNit49HjTmz8SEgeL67x4BLuoTaeYMy,11908402494720645
tz1gACjUSBkWjqWv5ZBMRk6G9Sp8xNAYgwYV,1033232870964116
tz1ieVZFcRity1eybQtgUyGg8NLEYWNqKtQe,191473188449378
tz1bKUD8UtyPfknyWyMbtTqsfdMuWomrPdSp,341661883064074
tz1T5GmdYXDWwbhBrU7RubT7Z2dmz3ZmKwCE,4915038544906335
tz1XLpud4YtVgwiAJezLKUsAo9K2s8n2YPqx,665694674674838
tz1gmajxhmKt22CbcsSA7WWXSATgbuVEmzTC,292908277894317
tz1cfzEz3R8YKMqC2rbKnr2XtpNjZxH6RGdy,167186144252155
tz1MNGNi6vfbqGdhikvLBGbcz3FncMpuvU6J,3369139768098
tz1hR9eQYNNTZ4VGUeipK4PHtyyDEDmQ9dSf,3646356438947669
tz1RxeY78zE8hNJbqPypB1mTVyTsBRmPuqry,484354283958164
tz1UnGY1PRznh3CJzSFaW2V9EZdK36AYneHi,27755894860256587
tz1ecAtwNdrsABBKa7Bvn9ZEq1Ze1EvS9WTW,2615955540073221
tz1SBF19iLiCc8dNpKe1Ym9juSAKaTPyeypF,94257508877170
tz1X6ADVxP37XjYppBHMLVRJQwmxA2YxztbQ,923270442236296
tz1T1u1CET7ek19f5P59vCdjTNFWAscYQ5ct,3615050836961402
tz1c6Brwut7ZqXQfkjxDXvyAUL2Mr43p2JZZ,6650745126605
tz1V9qHfFxixcXJKWuEziUqvdrQ7BWpPnWTa,2433719036137665
tz1Lqnwap8kKynTpefqqSH158i667Wdg8HVA,714769411354401
tz1Kp19QyYUnXuE6cxuXxsfQZbyqv5JtKPku,498739281704014
tz1cnojsw9qgMbdpgPeCcWPf5GX4YPvd4HAh,12148625203772807
tz1fbJACCskangcgy9xjDSiEYgh7CUmSo9oc,170780879720478
tz1dKaw4xdNjfufDSLWRxumNBwe2VX4mxXyW,7545774853691021
tz1RJf644pa7QAZqKzrPQGiYQPyubXarC4cv,131830802603856
tz1PTR7wFs8pTFarkpsZ7zrtVBJhusyNRRM5,456131561851751
tz1awQgCgLpgnkxRvbnKemRws9uqp6WASwRD,6097216690742
tz1PaJwmmL2nrRt5K6HvwFEc6fUfxNe6Dyp5,324309824700700
tz1YSwscBZCf26kSPvqsnUdhnS4XQD6mAjcz,3455103518612210
tz1iCiA1vKmgfZbY533ZgMwFKZ14S1DQNooQ,318793492502168
tz1hNGWJUFPFV7AWLXvxGzJVEfCZ8KJ77PJA,348746107316662
tz1MqSihmFMUS3qAmWPhdQWhzrhJJSBMaVCB,23752372976350
tz1NPu5aFQ12P3KGhBGgt7G79SAgVj2Skkn1,1096924152949832
tz1Qm3DHkV7V6peZPyWe4rv6aToH3nRmWEH7,59640048135289
tz1KsiwkQ9pyrt4Ra7QrAQp5LQJCGxHQrY1n,874763232486549
tz1dz7eYRd5uV2DndcPWFeEHYGgw4bJZoCBN,1506833531846365
tz1eKTUc8X17nVmtVRtxBcs3hwUPXWuqP2AS,1407359079300301
tz1hXx6tvTV3kzxpBR6E4hDYcxdgcRGHUTFj,69969989158729
tz1fkZtnjNfQHtEyUpyX9Tqq4RrLKx35qBxf,617970753705506
tz1chg2T1s4DTjLqthPc49HDcqkFHMwdSPwb,2180285265927897
tz1Uzm53vPr2Giyi32yT9GUvBErKqHPBjvQL,1222912136653494
tz1aR3nrJgUyU5B623U9s1MtMsMjA5Wz5c3G,2756475893986835
tz1YaPLZuVmZaKB69BjJXKUDgNaZrxBR4Lfn,106750818302072
tz1WNk2o2hJvzjuZRNmZQwjLQuv24wDv1zjU,11423404343611892
tz1br5Mvr9VMEb1sb7HDtxpCxKVbZ5XnDqJi,481986545334387
tz1PMB2EKqwkD2NDuf9tvdqhEjhBy3pBGQKX,481795061823642
tz1QmBcwm7RH6swEYNpsZZfAWCCFaW6wugVT,8697203697135474
tz1LxqBcvRbZhp34C2ab62CMy49wFbsQSzD7,103220916101545
tz1S5RkjdXMREayGWMawArqqpyMqGRjohJJr,874506177446853
tz1bZ8vsMAXmaWEV7FRnyhcuUs2fYMaQ6Hkk,147423541591224
tz2Kmi3xEnXk8c7zqWSQqSSyfNpWt6ovG38D,2571695295581759
tz1LgePVXLZYNhHoRQ6KgHfQjQ1uq7JJPZDa,1953772164244511
tz1gk77xzDAG3sif9eFvsqUnzaGh4MrzaCp3,621077099989663
tz1cWUkZFBZ72Yn9desxcgS9KdH4BVfqd2ZW,2070361465244150
tz1a3LNYNZTNN2SLMjWSUc5jtLWFvZ1kC7BR,4795848678655555
tz1MiKQQw6u5CWaBZHtn7Xmbr6f7fCQZyZKa,10023395602078
tz1SGPStfd9v5upQUxRiHPC9666X4FpVAmK4,14138046728349
tz1iF629Cc91SJkmQRAWAm6nYavf7RgpAqZh,2208801748947531
tz1hJso9uzj2UFHr4rGA2o6s41UK8NLnGpUd,323875194310977
tz1WHGwmdEr4iruf4v9r6bdHgzC5v8SKYTkV,140099994379423
tz1Uza3jMhipiQMtmeEidizjbSqnqZMQyRv7,27510137380184
tz1YqsEWdPxBmqVKsJircrwBmCmZDtHAgHzp,3229426610010705
tz1ZLMaECyswARea2bTsBws9eMjgUm4jG8Uj,7131908310353324
tz1hKW9ZbV7U1hb1zPfrE6HG5UWsKt6eppMa,5590963566858061
tz2H21wDMLHDJ4jcJwPr8cmhFatSv276Jama,1050745299535733
tz1NySiq6aHysD6Rpu4bYhFaVe3ASya2qB8D,4594515713887269
tz1Rb321A5bMKjQdczUs7TyJBeXjfCtB4mYd,12541191418402366
tz1USU2xSWb7CBYGJYat2X7An9sr3cFfsLwi,306649825385237
tz1aoYg1xYeEdnLrAJ7y2r1T3aMBCyms6ppJ,2457492461749565
tz1Z5RUwr1F7BZiHjeHkPSpWBwb1EgwiqXk8,232532070710680
tz1WxCJ3UpzyWsXmmkE1YjYzbBv6jXYkbFYV,143970434255405
tz1Y9QxwVevgnxVtG56YS6s53W6MBKVdCPCB,1083740065482372
tz1fq3tMpnnsZ944DVxcJqsVNGsWTPvqJzvo,1479499037630843
tz1PrecMTmNArbdvQxtZLUVUBT8rcC86dKZC,136289377131607
tz1Ty6Hq9GpzxmMs5Sv1VQ7cP2U4KuSCAN3K,362889127782120
tz1gV6MqrjtV5MtVaATuemVsXDQZJgiaFiaU,519915700134925
tz1Q1LWn8wCK77L4xetjbH3Ar7sDaSANezZx,108207481500341
tz1dugdoeZULYPA9phfkpofrP95rFqhZNXeR,31037152479763
tz1UecmgMghaWovhh9EYfqTrK9gTtaiMtbzs,35981089855305
tz1gGwXf6Ggkv9T4jGmp58jUMU2Gh2vYjDyH,223342069358598
tz1QjPnpmqAJYSfDtDM7uTf5bkZDNY7eBECd,768734080037456
tz1aVZZd883FwyEx5g2o3TgQ7pwEYi2f6apg,133134252408236
tz2MzvuRU1GEKi9udpqzLpGYfDoZTiKZ3C4C,2153137009574446
tz1SEox4m6JwzUjLL2daQMKU7XDrvsEukR7X,444391034100843
tz1XJqUrY2okTwoJFgHFJKQV98tsn2oC6Twj,191310471190123
tz1VqXA6L6hPEFjvsgWv7Viw4xQn5GyNszzy,20578226893638156
tz1Wf1Lqz1yHm27P2RQJAVV2CMxnhYK4bBGc,922554852635107
tz1f6qSGVtbzq9kMbuefmSX62cRJgPUKo54w,4715705824135
tz1iuQgH6htUbmdLALotF4HHbbKxjN7MkGd8,93496960611451
tz1cTS1WwovU7SC783xgJxZrzr151mcshmNi,1818882716404048
tz1f4Z9FJfgStP7v6Rj7BMJnWJ9Mb1NdAGsS,3290728580449
tz1ersiy3MYVu89DFXvW7Qb8AM6LYptSsoT7,932482713349621
tz1UFF5DSDDtk3fM1ewaLvVG6fhaAeCdgYEt,118037508846939
tz1dcpUhXGeXexEXispSpfv7CeufoFnV7AAf,5717054784266031
tz1RKRhkvC7MQgKfPejvNaHGshWUDsyJKZdT,2764046751672084
tz1ibTknNagJCgQPgcbPvJhpSyS5vxgdyFt4,943567782009756
tz1SHzbhYsbX6Uk51hJC4JkjgWM1gWaSwBqQ,186244967081908
tz1LGkz6e1mTymuFyHBVFQZsHEtHepCYYgXD,4597122243153856
tz1NW1MMFL3jytxBjhx1qATMJyY47vLBMa4p,7518171466298017
tz1QRm2TJKnarZ9tbL5CNjN4Ltq9pJtytuk7,3139358268702
tz1WJpBDRGfa21un4yQDKTGXZw561nsGg7Qe,93442588493409
tz1UXAsfFeufr6p2PafNr2oXNrTDSdtwwdgm,74708530607391
tz1dpa4iDvAySDpgrcDCQky5Qk4kzLxHm8gf,715892647014701
tz1YPUNi7KW28VxZNEu3fNkRkJG55G9p7wsN,61790914682680
tz1YpusrSty7ULz7w9sM814trSRmM1aNbmZd,2070981058310844
tz1cuj9Cgi19KMRi83UuypS89kXM435qdhmy,9063245379545
tz1N5jTEgaMoMWi1i5bU69wRCNrLvLL9iYpY,181642643085922
tz1htwxBMBFikeP8SnQiEQyA9n1ryDrDFyLK,46330943500084
tz1XTyukKgkqq9P83UkV15np7EtSSEy4kAeY,47402264449068
tz1WMFtCLLeRiayH19ZiaErKq4Zu9p5N73Sr,284616568932
tz1RFUjzPENm3vF7quaxfELQCfNTCSjAsFdA,454527680560683
tz1UvkN6NDmGtkBB84svr5MRWsqQxMmM5chq,23464264961940
tz1YjsPAFc2RmuKa784bkeQhdVLzbnRVtB7c,238065553689582
tz1cLd3gXJ9Fk5c648hRzFvTnGfT97CxcHrj,445970593438848
tz1Te5JR7gzDBwtZLKPWSPuTGFE4JX21vVur,58502580422182
tz1YDRhXyq5ZHMoHXJX67rHSrUFTqhYjFo86,233294500740327
tz1NGDuYTuuB1geX1K5b88cqa8JinFLdd3d5,299174388070574
tz1gqVB5kR6VTTDZc5BU5cdADzxJhot3JoQq,7686958667
tz1XykUaKpskyp7hDEZjmuNTk4gFU58a46KC,25957918797820971
tz1dghYwdzvHc3tYHp8iHpNUSpmAvvs8Zjs8,175114211229359
tz1RwqsGoUqGfTegy7fnWg5b1ArKevJSudE8,44241508405005
tz1PuipWs33aqS2KSG5k1qQtC6Dff1P1GBmM,8335650657465
tz1ZNxMa8XsMa8JTv776X9iCETcNoo4SY629,57399627724748671
tz1iAAJhH465Cf3BnsKQ744XHypQGY1v7Ps9,132195935472
tz1a5QW18ULwjJK71LSc7UqNGgryrFouHzf1,2224834756086837
tz1Z1ZX2B98nEAvEnLXJBCnsJ6K1GqaSp9jK,155144580073187
tz1enT2GWv7U8jyPmmoVb228u8hvi6hJh5FF,15457465569037
tz1RyhUycXcivQ3jzF7ZpFZNcoLcgmXqcrSz,1740081016232038
tz1gVon2mQhvutR49Yd5XK6k4ypwWfFjMZtz,119455454605
tz2HSz8b961xoDjDLy3aFGogvW4HEqXXdcR6,1391667380190055
tz1eSGjgq2NmLWnaQFQxafXK8ZQF5V7Sz72y,2589234350265252
tz2EP3fw5CbUUgJdx4c3Xono8Gbc8PLXGRM9,7242381324449146
tz1e5b7RDRhmUWsiXur9MhyRBBTpCoNeUuwa,3232536428506
tz1VCogGe8xeRgQCLrVhPbwo6mBSQxAXep65,260115921200530
tz1LFFspqhK9KRQNvS1ahZ1RcpQ2PNeM8TxA,515739913054
tz1ZhteLTqobRVCYsPj44oFfom5BJ2SdGxeE,326268505012369
tz1aRF3qMDrbN95f8dGYTKPaey6J2qQQnk8j,30181415947125314
tz2ALu8Jxf2SMgzSZaZEwfiJQbogpUDPStwz,4631208694012842
tz1gLNb49fErXUiYdreLAAV6twp4v3Lm8V4H,696615402450997
tz1fCHiWZ3ReGqvhxkMejVzcnXYz1rnsJpow,14796897282665
tz1Mdpj1npkpaxPHF2wFN6oX8SovVPfHyXSy,44751535894544
tz1PXJVTDRHBcjJGpD4h6PzDovisMJuc8zVc,1722606285293421
tz1L1i5BVehYJBebCGvPYU9kZYGKBELGUJGH,2020512433483797
tz1TR56EbNTEEDeRrsPzQzoyvwFgZT25q3JR,147306297770369
tz1XbQgDFCaT228TPS2YUeHHfpVqGW7ANCDw,8748678190485225
tz1cJPtF6fU9DQFVhTifFCPxDNjKiCm5TKHB,133260717103211
tz1S1Aew75hMrPUymqenKfHo8FspppXKpW7h,22035234516485
tz1ip7fCgktJzFWxnoDdNBjpF4ZCWw9qfScc,18691220572051297
tz1Wb4LakUUYuFuuEgXXQrNZuBD49Trodhwx,163495808213643
tz1WzQh4yDUuTpZBDdRwMrnkV9bs1upnSANF,417751728648
tz1RAfKUFBX6P2jFkCpzLFntju7djjbtKAKr,6278557738847289
tz1MiQ6euA3EEdnZxJ6EPwVsHzd6vQ7AHJmU,308497528531742
tz1UFwr89hcJvC4sNCYK7zSLcaD4JW2KkNYD,1701082920395138
tz1Rm5QmNUnQetDKSVW8srM29hjPRiQCgqJx,2443696172790
tz1TiJBTfVoXxregtdgCs1rYd55APXSAmniz,345442118748474
tz1UNdZnQnfmxaG5Uh2v5TsoYFPox7pyQkZ4,1890836164355
tz1ZPSGxrrPPfrmoGJgpXDArNJfNNy3qGvE4,138992553203943
tz1ZU7vwEU4aoKard1acgnpGi8fFc4VkKzbP,22393376742681
tz1iQ5n52oSKgdtdYtqEJgKmQYbL1nn2poB8,3735445132955614
tz1gueZ7eL2KnvxqWudHjoTH3ZPiUCmwNKR6,459865609567788
tz1QxepCwQ45EwtcxkgXZezHbnidvK7hUywy,2489736682758942
tz1TVZgy4rejPUkEF3bsxLGNCp6H4gz4PaGf,71451491422595
tz1WT27PugwGBtre1hsj6BHmbAK2qQsVbRDo,386619255067927
tz1fL2TsQR271w84MXx3qFD7y4PZ1F2mpHFA,1055013612211070
tz1KhU89QWZuuhhnDD1paFp1jYMdpJLh55im,874020181464430
tz1QQyhTMAmNQPcSGkM7GfDva8hmuFPAxUMB,3079224246988820
tz1htnC2n5n27PFD41q5X8bDvDcjbGMUS3f5,9370176908368739
tz1PoickddNEkRN6qp4K41u4KUW43vZ1UDvF,5002026600338743
tz1b9qYttBxHzoEseqabgvQiCxafZzkAtH9G,1392284229651566
tz1MQotPcNdc9R3nWCTwXLMDqKLS46WqW7Wx,1400487942819060
tz1a89Pvs553YqhJdCfDdQrRuQeykHMvVSRX,32253871048665
tz1favSqpvTLtedjTm1UjuEmKfgm4o9kyLd1,837354470021738
tz1XYuybht7U1RVsUip7H7S31fBDxpUgpTXP,225661342055
tz1WHUWCMqVqq5AagGN5DrytqWz88tYgedUr,16885059029716
tz1YJvMiZyXnzvV9pxtAiuCFvaG7XoBZhbUQ,782361643916109
tz1TmSForCvNii8rmwL6q2jgicQfqjNFtj8K,1575546281120810
tz1RSYHrs9rpGHn2CcgKGGUQL4RvMqXxtLdA,342833466106546
tz1Su8UYhcLvUPYABx7kYsWRVibZdiZPnmh3,27831540622872497
tz1eoqCSmqPQtTLs53Rj6gBB14eQh2aHWVxu,353810485601963
tz1XhZUHsJAFp4FHoeeQQ7auVBk5j6xoUKbS,42646702980747
tz1Pwh2MBs6q2SeLHiko3iJpfMwsDV46bqQU,7979367892710056
tz1ZWbokP5pGwT3tTtLPP2KhXX5ssg1EtDPs,11676437829732
tz1hLWsybqnJtQRFp8skYy5aZLGNmL9bMUpa,795333512185705
tz1PuYitvGfsBm7C3oYAXqNc3t5wNhWZj5Dh,755568283272270
tz1NsE7vEgP3M9bDdkNGF4rCaTUENp5h56ZU,4523065641322
tz1eRrQnioaBfZkWnXxYth5ZHYJqr48E854Q,1850392200255374
tz1dbCAvra65bwTVk5mgkYUHUGz3hoKwovZ8,354615665585195
tz1T5NfkdPfhkXzYx8akPkdznxSgU1Uf5jEG,637070082947404
tz1PYqfNnkpZydtSY2Tn3Rv8mjkgUpHJpFXC,1769953203977475
tz1WidyAU8wuyG25Pd7b93bcx9hMu7W9Pea8,1704224761504792
tz1VRQHQLw8Yq8tjxYLuybyHfhdqZpj3yXMw,540474403202
tz2CCSPbBJLu3mrEWzP4RJn9jNMz6JDboRCJ,2492714008892
tz2Mz3ovkZR2HyC89CHHSdsrPya1mKSmLWfD,122600144586321
tz1ae2d1BJt7YUqaaec6Xenh3mBqS7VjSZtK,165664472779117
tz1MA5sPsCo8ySkTpMbyAEbKf5v4WwBr6XLg,324226987540404
tz1g1vr7gbU7kwxVqmbmnovTGtdeRxFE6uBk,290889359293387
tz1L1XwcVmD2z4qPfLtBJ6RPThgAwLcXG6kW,18459770324716
tz1VeyZaPimHfrJFy8WwsCYzxHR3VmGTMpgK,179918966100651
tz1epFVHmqeWvvkFf2eskwhQ1AY3JwWd7Ej6,361389102577655
tz1QRcnskFh7eaV7QdEnjoYdDfrDqHgmmrvF,938473915902470
tz1XybkRZWjLx3hwcy1hQ7PT6FWEhpHm1FBv,12954963573725
tz1XcuwadWbLKkc4mDVxRo25dbtwfEa7wf2c,646242352358707
tz1MkNbJTzf6uADvfSJKJvArvRoVvjk3tZz4,127524243764892
tz1hvRvzke27MGtp8CsSvsafxyyMWSVYM1ut,59335417895811
tz1a7MJ4HMNbWDhKZAqrvzX5P6u2E2mJyJiV,1247226186975887
tz1citPWufjty33AZ9KwZDztqrTzdNjfQU7P,7284636820560627
tz1WntXgznbivRjyhE7Y5jEzoebAhMPB2iJa,528445754296934
tz1b58mxvQAc98hbXjcrgjf5xnSwYXzi5gX6,422490017083552
tz1WeLuPLjUs53Yr1RCgq4EQ4d5SvV651Tqt,42660653526690754
tz1Wo716Gggp5HfupfxtPgmYu23rDQNcLcD8,1149828340690328
tz1imyQrFWHyTp4avUNAw52RxdFjU3HPviRN,114437659390881
tz1isKR8pS4pdgU934K1S4UpLsF56ECJNArh,415729643097284
tz1ZVoeS9T3H451BgjTe18pM1q1LPd2cgB6Z,18319476932117
tz1Kx4ydaiJHThd2nTgXR25JPTZtKyLG9KC1,216701478858382
tz1eL4fYCgegW8tLCbQ1mYiKY3TdDxWnnKo8,552729214204825
tz1Rhg2UDkjgLhemdSMtiGVGRmzwVLVaHArD,95510406909843
tz1dPHDXSCFo8PienbvDMyCKr5DXjPMrZkJ1,502786942358875
tz1a7by2HMBv9QA8WT3t5fhu3E4XPofzcukg,78562088462175
tz1eFe7ufhpTuqh3LHB7zYLuFgB1rFCPXnzN,258307980553494
tz1fkkxXSMtSQew8F78XdsnaC26AfsXtsGiY,118532063113642
tz1ZuiTWKXKqYfzFPaSaAG3Huf9QM1AdZ1pJ,268219712317344
tz1RsCndtupuxe2U3syGAdcRBzpNqJZ9ANNc,8988714413441680
tz1MrZQhiNiHK14oEq595DLsVQ9wC4Nv2ZXW,201225650298542
tz1LJQ6MPnjGekNAmhFmkm8XWtM6UGx4MyF4,2043136489802293
tz1cGtKd7EeDGW1v3d6B5tuiy81LfzMp1FfU,107390059806830
tz1hmxzW7MuU8HeRoCFPGZJnavGf5unqgaph,1220096003677273
tz1Z6QqrAbEAMDLsis3v6b956sfH6qLTSEex,115430474843102
tz1NnBgY2ze24nQDpdY72wb1GVsee1UfAT3d,44105259795992
tz1dAW94vB3yYfNPE4LM2txBT8PQ21Zq4Xzf,46766243036511
tz1eeR22tmjPN3rGDikEMvpe8jcdXww3dqTt,328716023086968
tz1MsfyCeQEt7khed67HHsAidezZ1Th6mjzB,113947763741782
tz1WBMWCwjuFSsiiLUWKEQHEACNEat2S3EsD,1091763903220629
tz2SuPjN8dYMJQe548bTvSPL1fdStZPXv7gT,17288483819973212
tz1N33TtiYBQ67sw32rhCsMSVpZkrSHWe9aq,5102146535763415
tz1QMjzbw5Yoi2zPqUeg2yuv5GZdmXjhh9mr,322386468625648
tz1ZutSZgCHEzxspXyoSYSREhwHh5g4PM8hN,312605066977654
tz1dDw2YD657qFqQq5tCtbkLxrgnEAECm2Fj,479528918443783
tz1NrRkB19Su8iBGVTz1cXbG3oCw29GSmasw,511291877746808
tz1NJS9T6FKTnKUkVNv2g44GHTAhzH77qiYw,650470201695344
tz1URL5HNuTa1fHqqCtUKXUM3hm6g9c88NgF,1010906553792
tz1YPBTsfVCgRSzri3cUfNzBRbQ84G5RQ6DF,1189508298364166
tz1VLGEhMhsb2HDhUaa2oeHQ8qM7Y7s72d3s,2704327314644455
tz2M9C5x1KoZGoQ9xEY6fQ6Xwbe2GU1RTzRx,219859441056120
tz1RCQDHtpdcwfgF1Kbbyusd6xhfjbXanhZ5,417751627031957
tz1c8JTzmA6c7cm6ZmUwR7WES6akdiMa1kwt,492964271748505
tz1XRTNgXgWmR4PqxZpiB6HZJ8Siz3M2JAim,147446440234207
tz1LxL9L2SmaFYw7XhyATaRAiLWCgxKmycBC,1430029450687203
tz1imbraxLCQ9TUpnJVP31LS18hpTqG5wv1k,345670765307711
tz1iDuz9LvybPBC4kDc7ceBoKVDwwzJR7zKb,9423929346513596
tz1eJiCVNV3YVn2im3wzJZQLj4TdFJ5KabzE,623349564418371
tz2HYjnnRbzPpUGMUYGKVXDnsfSKKqH3aCVT,4128567411045546
tz1eiyML8sHGBL139FwJQJeLGHWAFtDqPz4U,30314509164933
tz1YQDCB6Hbn2ozMyS2kf6WPJDeRvJtmtNqQ,130907457812638
tz1eeNRXYK56vgSfXHFcXorubcaBBCVpUY1Y,8491622119969
tz1TQw8erN1a2LpfRSNMExicRXMveBPbvTKE,168467228324
tz1gaRjULm9qy4D83VCvb4ABWLKpz4XXfqjx,144472935520795
tz1hAZNx3LrRKFgfRytoLNVGhCrzU1uVDUHS,476021134227467
tz2HGysnSAQAetSyFYCa7SoH6XXVwbVqMHnM,650784576963061
tz1W28xB2eAvRGCXmVduC63Gx6gGDp87zqbB,1263447337621049
tz1gJaXdi7Gweq8TUSy9knB2wLjioTKy2tZF,1368688085992287
tz1PoXtd7RGVBwWmmZvxX18NQXYpbNdiwwtE,814284777647053
tz1RLCvv7wrWq4hTmyKk1zZuZeuUXNViSgRD,3978644493861772
tz1fXXFNod2gQDT2Vf9ibBortMmsKKorUv7Q,42231984169871
tz1QFk2DJhPkzp2nCN7Thpo4askJjQ3Zw6BU,339549740189784
tz1bRDYJHp3ACUojEeM6Ja442YEwNmcb7ph9,245294185406710
tz1MDs7ym4sp2FsQhL32vuAnEqG3ARhM9Vi4,96525036626883
tz1Xy5UM1tC3CFcbPBVq5PjufaxcLjMwfQkE,8325604893984
tz1RAKBnmd1X43pkkGqywYCRgf1Uo6D77zMx,8311797901816
tz1ezWyS2cFiqrNyiSVz5VKEKnmDN9Ah1zSR,672575027325763
tz1KgzP46kFAohMo8NHXkFU7STZDkAv8LVYq,62174164105841
tz1cXwKRD6AMy5nhqEVUU23SBxcAMnh2aKLn,91532218769431
tz1WNQE7B2s8woZp1d5U4SeRKHmssN7TvsDi,362562966418759
tz1imrUNR1R52GxhP4y6XQCDDXtQs11GarTN,5918865491120
tz1c19XDWSTDVAZJXdxdGAPuGpoemUnGtXYb,126887881965
tz1chab75LnyqBqNwrK11459SGCFQXLg9uyx,11498079754488
tz1USfPTFciXzVsQL7Rk8HmMWyWtFEas7fh3,288644043050622
tz1btYY98CWBVCGEikD7s1buWjpicb9kG8aH,5830967024677
tz1fj962xSPKTA57yWHA43VeVzo8KqdpNAeF,13875712935550
tz1ioU6W4otB7ebgRZTq1EVVra3vMyXqeqsm,72775013901837
tz1N8oU57qMgDRr6N9pSbhaiWRRQSxJRPGoZ,12936960296352
tz1fCEeLBcuSMSittqTnMEhcFdPCtD1HsiZc,28233240940363
tz1WsKkY3TLDvqTuK97Xu4zuVoTb2nsr7J8S,48138109029448
tz1dAekzaZ2VrjvuNxoaTZ4dY9XjgrjBvBro,432484636361627
tz2DsS3zeg4pqoUnRPHxvuRSuQrjDnTZcTNJ,2369462681334
tz1gSGxwMrToBdzLeaxg4Bregv6W2oEbNLC8,2302706016484675
tz1dWwKG6Z9unqwonQUWV65gkz2YhABiwF1R,313243564077860
tz1X8AQxtn4KzBwMZ6MZUVFDcACrfnyfYhDg,103493028570
tz1KxARuCbAoiGGesnQjr2pvZa7CzJR7V9D7,173828344470531
tz1LGVwoTMUhi76Jc8TeaNUQhanfeLLNF4xm,136388477348953
tz1QS7N8HnRBG2RNh3Kjty58XFXuLFVdnKGY,14075966391103540
tz1RAP1j8SjwT587jyccTNArBFhC9HhGKfHq,29996863132634
tz1QiZCuJMuVz3aq7j1Bq2v3BRTQPCdTw3Fb,456212414713506
tz1L8hBVpams2fWFC9kS1sPVxfGY6Hmg5TQ8,64841132027352
tz1TQSPkLPqXUREhxvYzPbAib6Jz35w2a6tw,132094503157901
tz1XD1xSVzgY8Qs1id1kNyFJDbv9e9pNMe2c,112881644176229
tz1Tk1MJDZ96bK85RLAqtKfnptZZyXsJ2jaq,294976934914346
tz1avT6pCusXgxhnffuJzk49Vq5QppLVegHB,101146759461840
tz1RKg4C5yKTzm28Qj9gKmfUozCDrctDpx4G,134681868529360
tz1Kw5M75chWdw3HUBMg2bsp164TrVXRsGJR,94510670806814
tz1XAFvpynqgRBizrYs12fBt563NSHm9FWve,78578154617542
tz1hes6aF3Px3D8nPQx27fdwBKrXmGs1UYxT,111939061158903
tz1c1BG1PEeuhMFwmonTVSGafehicqbBJFec,18637277539240
tz1UZ78ecNwH3T583wmY6nUrjpyrXP7do4hL,118713285766191
tz1bF5LgAwDooVGC1cT6eSnsvmPt7WaByJD5,35335726460319
tz1e826sMLNdz1CQLzthLDBJCFsinxqGDzv2,76867648245091
tz1WtkHVMtif3DXVCZ9pUCqWcBsmqgFjgdkk,9647994564930
tz1ivMszr6h94yTACLXjJzK3tuvRoDHqfpwN,8538509467149
tz1THwbFPPPBHmBu4cmLV2SppLFrA5QfBhyF,72912775813732
tz1U1aA8tyN6QByoYLhSvNu3krJPLYqnkRVa,103980466163473
tz1QSwx2wnmrTjEGrid79c4tpFMxjCT86SAy,171077974828746
tz1RcJYTsoYQ7adtNMANhwd8qf4zApM4i2Yd,87386228712772
tz1cvrgSekgCqgyc1c2qFPSeMtux6AAAfDsk,1973653812835
tz1a1ZcbAeBEjxYSwuNKxSu6FbFB4dxdL3m9,2436467009956
tz1NZnfrNgCGdECyAhA93TLPTSciJcZBJqDY,129011131465567
tz1UGuKv6PzgVbofb42VgeRwDwsVN47UpuZB,318362896316813
tz1eCzNtidHvVgeRzQ38C81FPcYnxMsCEL6Z,1863825894778076
tz1N3nvFqipu91tfU9s4GXGsopawpwxSoAJh,15215864856527
tz1LFeLTRQZrgKxbmvjz2ckViRhVw9BZXw7t,3605189814158033
tz1XuzzMTz1LhqbRPy9uxfRkccSxju3v8Y4j,166475747878354
tz1MoiwNRQWHfA71aypNk8J9CsKjfmq39c2F,641026093681246
tz1hhphPmGxL6HEmEjoVSJBy82FMWbFwzNCD,3416532477287
tz1YHLm7Lq27q3rgVXLY424zQMkvncVvNiaK,17564829030687
tz1fKtBhuuZiMYhM3Pi1hcP2sjRbstgDrmqX,5065076511886
tz1aoz4qrvkwo1ezDQaNCFZb5kg5tAvC25xR,35591104039903
tz1XEA7cp83PyiXfSxWu3uHjA3EF6Gdh3Vhq,15644188749564
tz1UXMLCt7dqbUiJ2BHRhE1gFkdVkmCZYcM9,4902355395721
tz1iKF8o1hCLaTNZcCJpgKQBQxkpcSiBy5V6,184186854413543
tz1c2iwyckUCcicx2qxqtwLEartYFEHg1pvB,82887209296598
tz1YQs3qHgQGGQm14vX8vMDWwzY1DFXHCzJB,85315435265346
tz1PQDUDph7dDCn8pLGXqaR79DiUWLiSZdEf,438547925173667
tz1XYkHggnKNoYbm965gwKattMWK6bomgVSX,63825502450362
tz1fUZ5pMP1gUjuJsp5V631cXmA87Kxm3cuZ,506188798003150
tz1KiUXfWuF65Ck5zY4otx8t5pHToY8stYhj,12358420573771
tz1YQXd4LjZfDaKRvSTwBEwgggREFfX95JUc,43785780817627
tz1hM6Pz2e5vJbd1YYkYHcj5RL7tXhcn59Xr,204015927926431
tz1NVsmLrZX4jad9bNdvM1EskvcTq2LSZhLx,254667368102056
tz1cBNfPUb3Gi6oezs6fpXtki8EzSwjnoNGS,407318877754361
tz1h1ybLPkwDH85opBrU6hge8wSsRQBnAghf,3919397081061381
tz1PKoh9LB2P3pgh5ahaAFnrC2QBmUxcHDJU,30308137887876
tz1cqoo91JCc6sKmNuTVKNzwUdi6E6moHWFb,123033480021272
tz2HdbFWnzRZ7B9fM2xZCYdZv8rM5frGKDCo,92181643176163
tz1ZGNErBKdYeEPjZuqKXhyTixQTTPn54bx3,18046282091809
tz1iUyniY5PPWrzE53cs6jBwNKUun4btzMcW,769455587997898
tz1gi68wGST7UtzkNpnnc354mpqCcVNQVcSw,75389230152198
tz1XoiGxnmjnkaKcNyG4rrHNNEoh1u5VidxY,178226894538187
tz1QVUXNoyCfKpAyxDpq8kR3rK2AShuzQxJ5,292316852064548
tz2HZ2yRFd9F3uLcKnLukEXhuUz3HqhZf8mA,1901194934902616
tz1UVTMhbMiSETKCxFi413yZ7imF1xeyt3fV,83075049228987
tz1XisBzUGgCmvC7pNS6hxvQ5hMvXUTd1p7D,206977033288024
tz1S5TbsJCWmCyRh3ghJ2rWwQHHbcvoh1uYV,804030492843130
tz1UAYfFWmaTrQTYMptaGCw6LrXK5Yv84VnQ,372589985998591
tz1XgakycyAAuhtzXcbb3Eh57ZQ8cBBHT8YG,40947309091021
tz1hLhGe26gqt78sZboxiwne6zgKMqirRieW,97310666601872
tz1YfiydbiaKMGPuavawX4rQtXdn9wgpdDKS,39901165405217
tz1RYTr2WKdJD1MMV51kN9AoxPnxZJgJ5sqU,4008578170306
tz1R6mtcAQwBTK9YpSqRL9y2a6JZWgDkBm6M,396946055170596
tz1Sv2XMQNxcAqyqyyv42FHjf3EGwJ3Godj1,400832421021307
tz1NCsGajb5YgZdhdviKrfisN3VteMasnzQi,19440761219140
tz1Vh4cX8VutUUUnnjmnY2omSV4F26T5orLH,420003121183308
tz1hgSYGDwHFqC5AwW3P7vYfXfdwwsx4ALAN,157039732586
tz1QGCWjNpYmcS6T9qFGYSam25e36WeFUCK4,35392589018189
tz1URdfSGhAfbtpEkjWBmpTt3pyLmxdHdPYy,10464460083069
tz1LApX9pPhcDUDznHR5TTCcSXh3m6zPgFHA,15530623263033
tz1hUY7paB2J5EhD73r4oWL6uZubf1UibHrk,45695242123833
tz1MgDFQvyV8Vfc48HgeqMbCD2Po7nhoWDeL,753361466519
tz1PWZTKd1zhfuxrixGJoHJ6G17SQiypwe5m,265503230530
tz1V1Hu7nMcgVuMKDEZickAKHHZavLKTB7Vh,97466855709
tz1NKHjwrYfg7GWwbWZ3bvdejkVL34De72Pz,145549887348
tz1RaZeHEiKewSd14gZ7HKfcQ3HaNHJ5tnV6,303282730048279
tz1aiLrqvULcV2Kfvzt9dUmqnLQnoNXPPek8,28388123156667
tz1M2h2hPZzov29kf7xcHXrunXb2jFSbfiNd,14283976984330
tz1MToDUySbYhPabULUyDPPsfDQF1cpZPdoH,1308025868634
