Address,Amount
tz1NRbpmTuPEFCCYCqCr7i3hkMRDRhBFgmxz,1124
tz1RDbEW7YUkwnnDdMNieSiF6kB4XBws7QSg,6211
tz1eqt71cHna4YgyNg3ao6x22xU7c7CZXxcf,42
tz1SBxNvpDFC4bjW23CtQfVLqN5cBATVf68B,4541
tz1Rgo7URug42QnhBM6eLy4MWdfwn4RovHy6,977151
tz1YTQ3Lys25j8FhZQY61eoYErYUteSao3ez,2047
tz1R3bKH1seset2h49p4vrZJCEL8voJgSK2G,341
tz1bdRJkGkNQ7homh4PTnkVM7xzVWhuC4EMm,122033
tz1Z2Ne4ZHxNPuCJeCcoykHVXTqhVdLMD9gV,297246
tz1Qji1NnEPj4Cxa9s2WEoWi9U9KM6a9gdDL,30796
tz1cmanHzitf3UgWgECzLpGUKpzEfmGZaFsw,5374
tz1eZFb4bNMMdveGT7BPcktbYsurg2e8r1xR,4
tz1RartAmPJhFsL9oAhZndSL2G7KCsaQqqkf,2039205
tz1MyqKoe43P4Z8MfHoXVBTrohgcbehp2zLL,31837
tz1SRcMg9GRXi7paNeAc3ARn23mS3Z5dXa6S,2390
tz1hD7VdzRpWG3nmYpCyW2gNc8mQNs3TCgxu,35
tz1f38MX7YT2Q7MAq3mDdj75GTN7vgqV2TfH,13
tz1aBDeNFooBEmBXnWDVgLknNMUHMYhHVcRA,248467
tz1hD5k7QW9ChHCgb2YLthKFirKDYQiNPDJz,6903
tz1ZL7ekzieKxwngCCyjsCN5qhu1ohwJQEBy,14612
tz1enbGpES1NDr2kTaocDhxvMqtpMy4ruhW6,5814
tz1ehGMhxarDhwppx14PX1Y3eqbZ5W9Bc2Y1,1445
tz1LN3wPFYuS5fCnodwxT94xVFLPtcFHvcHk,88
tz1ed4brTwpFg8hFUJSJ4HqnsC7sEjVesMtb,40639
tz1QJE62jTxHis7kZkbDT2zsYZyauNDNzWg7,18081
tz1gWt7kUnJtGXoT5BYzHVa89qGp6QVvQmyp,113262
tz1epR6pJmPaJ8vvzNi6V1T51ccocX1Y4VBb,739
tz1W19DveaP3mW4WvFtdVdqGsWwBL5q1QDSK,150092
tz1esdEqZC5Nz3HDFseHvpH6SmQJPocxLzA2,7446
tz1XyTsb9DwkPru3eU1Cwnr5JkihEi5eisHo,570
tz1ULQQ3S4kFLhhpPsegiMVFmXx2G6ewmbTA,73877
tz2Lqs8WFf2HDG1RoxG3EAtuHjDS27XQANWT,2
tz1LRrXCmELevk5znmVcYD63TChSpYh3vaE6,16
tz1S8GvdiWQghwPMMzbNvRh66rcfmhEA6vj2,155518
tz1N9qzry2ko1gwTK6HKWamZZK6FGx3Vr89U,329
tz1M5swezYMnDaim71PSeb2cPFk49ajrvDV6,9317
tz1QQ4HyGbCZDmQxeVHoLP99KLyfvGvyX21i,188089
tz1WKygtstVY96oyc6Rmk945dMf33LeihgWT,29894
tz1Rux3pGrp2KpZUBKvg3VQ4edRYVJsapr4z,3516
tz1LWMmDzH79xyu6JvELrnvWLBBVjZg7TnfN,107442
tz1RfSFe1dxP7wh1zSffEnskgqvVVWKNKZG1,492
tz1czGMShkB8ZtCHKHeCPTY3CpuiCrjsGJBy,1181
tz1UQ6cQZef4MuskJjV9g8pXNZa5s8ff1oQy,12956
tz1dTmMLY7tan1HKfW5e3KxJcfZput6UuTH6,22
tz1daKxrqyoFUCcuQj36BeMN9C1Ytmjg5p6n,20913
tz1YZ4VZCRPoiDyGP3U69jCq2S8duDUcRjHP,1494
tz1L5rXu3RqYBjZzjWXLaFANYZcwS5Pb1ZST,22074
tz1NkFRjmkqqcGkAhqe78fdgemDNKXvL7Bod,16810
tz1QkQLtDkqpw8VSymi13A86jh5iaCeMriMJ,119134
tz1h6J2pn9X3KMghNHZikrh3PtEpgCcRAjHZ,25966
tz1VCyNit49HjTmz8SEgeL67x4BLuoTaeYMy,155317
tz1gACjUSBkWjqWv5ZBMRk6G9Sp8xNAYgwYV,9540
tz1ieVZFcRity1eybQtgUyGg8NLEYWNqKtQe,4434
tz1T5GmdYXDWwbhBrU7RubT7Z2dmz3ZmKwCE,79712
tz1XLpud4YtVgwiAJezLKUsAo9K2s8n2YPqx,2
tz1gmajxhmKt22CbcsSA7WWXSATgbuVEmzTC,12121
tz1cfzEz3R8YKMqC2rbKnr2XtpNjZxH6RGdy,2171
tz1hR9eQYNNTZ4VGUeipK4PHtyyDEDmQ9dSf,47422
tz1RxeY78zE8hNJbqPypB1mTVyTsBRmPuqry,6297
tz1SBF19iLiCc8dNpKe1Ym9juSAKaTPyeypF,6
tz1X6ADVxP37XjYppBHMLVRJQwmxA2YxztbQ,652
tz1T1u1CET7ek19f5P59vCdjTNFWAscYQ5ct,23513
tz1V9qHfFxixcXJKWuEziUqvdrQ7BWpPnWTa,31675
tz1Lqnwap8kKynTpefqqSH158i667Wdg8HVA,9306
tz1cnojsw9qgMbdpgPeCcWPf5GX4YPvd4HAh,27703
tz1fbJACCskangcgy9xjDSiEYgh7CUmSo9oc,1120
tz1dKaw4xdNjfufDSLWRxumNBwe2VX4mxXyW,6152
tz1RJf644pa7QAZqKzrPQGiYQPyubXarC4cv,293
tz1YSwscBZCf26kSPvqsnUdhnS4XQD6mAjcz,277402
tz1iCiA1vKmgfZbY533ZgMwFKZ14S1DQNooQ,1177
tz1hNGWJUFPFV7AWLXvxGzJVEfCZ8KJ77PJA,4553
tz1Qm3DHkV7V6peZPyWe4rv6aToH3nRmWEH7,1896
tz1KsiwkQ9pyrt4Ra7QrAQp5LQJCGxHQrY1n,7
tz1eKTUc8X17nVmtVRtxBcs3hwUPXWuqP2AS,219640
tz1fkZtnjNfQHtEyUpyX9Tqq4RrLKx35qBxf,8079
tz1chg2T1s4DTjLqthPc49HDcqkFHMwdSPwb,25443
tz1Uzm53vPr2Giyi32yT9GUvBErKqHPBjvQL,21
tz1aR3nrJgUyU5B623U9s1MtMsMjA5Wz5c3G,48523
tz1YaPLZuVmZaKB69BjJXKUDgNaZrxBR4Lfn,1352
tz1WNk2o2hJvzjuZRNmZQwjLQuv24wDv1zjU,3
tz1QmBcwm7RH6swEYNpsZZfAWCCFaW6wugVT,114088
tz1LxqBcvRbZhp34C2ab62CMy49wFbsQSzD7,657
tz2Kmi3xEnXk8c7zqWSQqSSyfNpWt6ovG38D,135299
tz1LgePVXLZYNhHoRQ6KgHfQjQ1uq7JJPZDa,1053
tz1gk77xzDAG3sif9eFvsqUnzaGh4MrzaCp3,55491
tz1cWUkZFBZ72Yn9desxcgS9KdH4BVfqd2ZW,27196
tz1a3LNYNZTNN2SLMjWSUc5jtLWFvZ1kC7BR,584299
tz1SGPStfd9v5upQUxRiHPC9666X4FpVAmK4,56
tz1iF629Cc91SJkmQRAWAm6nYavf7RgpAqZh,51
tz1WHGwmdEr4iruf4v9r6bdHgzC5v8SKYTkV,3011
tz1Uza3jMhipiQMtmeEidizjbSqnqZMQyRv7,1
tz1YqsEWdPxBmqVKsJircrwBmCmZDtHAgHzp,758902
tz1ZLMaECyswARea2bTsBws9eMjgUm4jG8Uj,93912
tz1NySiq6aHysD6Rpu4bYhFaVe3ASya2qB8D,6320
tz1USU2xSWb7CBYGJYat2X7An9sr3cFfsLwi,3858
tz1aoYg1xYeEdnLrAJ7y2r1T3aMBCyms6ppJ,69
tz1WxCJ3UpzyWsXmmkE1YjYzbBv6jXYkbFYV,4578
tz1fq3tMpnnsZ944DVxcJqsVNGsWTPvqJzvo,3934
tz1PrecMTmNArbdvQxtZLUVUBT8rcC86dKZC,125
tz1Q1LWn8wCK77L4xetjbH3Ar7sDaSANezZx,879
tz1dugdoeZULYPA9phfkpofrP95rFqhZNXeR,9
tz1UecmgMghaWovhh9EYfqTrK9gTtaiMtbzs,1
tz1gGwXf6Ggkv9T4jGmp58jUMU2Gh2vYjDyH,2971
tz1QjPnpmqAJYSfDtDM7uTf5bkZDNY7eBECd,10257
tz1aVZZd883FwyEx5g2o3TgQ7pwEYi2f6apg,13812
tz2MzvuRU1GEKi9udpqzLpGYfDoZTiKZ3C4C,34521
tz1SEox4m6JwzUjLL2daQMKU7XDrvsEukR7X,591
tz1XJqUrY2okTwoJFgHFJKQV98tsn2oC6Twj,2849
tz1VqXA6L6hPEFjvsgWv7Viw4xQn5GyNszzy,275836
tz1Wf1Lqz1yHm27P2RQJAVV2CMxnhYK4bBGc,10176
tz1cTS1WwovU7SC783xgJxZrzr151mcshmNi,785
tz1f4Z9FJfgStP7v6Rj7BMJnWJ9Mb1NdAGsS,10
tz1ersiy3MYVu89DFXvW7Qb8AM6LYptSsoT7,12485
tz1UFF5DSDDtk3fM1ewaLvVG6fhaAeCdgYEt,959
tz1dcpUhXGeXexEXispSpfv7CeufoFnV7AAf,76765
tz1RKRhkvC7MQgKfPejvNaHGshWUDsyJKZdT,45313
tz1SHzbhYsbX6Uk51hJC4JkjgWM1gWaSwBqQ,2514
tz1NW1MMFL3jytxBjhx1qATMJyY47vLBMa4p,1131
tz1WJpBDRGfa21un4yQDKTGXZw561nsGg7Qe,69
tz1UXAsfFeufr6p2PafNr2oXNrTDSdtwwdgm,1016
tz1YPUNi7KW28VxZNEu3fNkRkJG55G9p7wsN,1
tz1YpusrSty7ULz7w9sM814trSRmM1aNbmZd,51562
tz1cuj9Cgi19KMRi83UuypS89kXM435qdhmy,123
tz1htwxBMBFikeP8SnQiEQyA9n1ryDrDFyLK,632
tz1XTyukKgkqq9P83UkV15np7EtSSEy4kAeY,647
tz1WMFtCLLeRiayH19ZiaErKq4Zu9p5N73Sr,17
tz1RFUjzPENm3vF7quaxfELQCfNTCSjAsFdA,6230
tz1cLd3gXJ9Fk5c648hRzFvTnGfT97CxcHrj,10608
tz1YDRhXyq5ZHMoHXJX67rHSrUFTqhYjFo86,729
tz1NGDuYTuuB1geX1K5b88cqa8JinFLdd3d5,3160
tz1XykUaKpskyp7hDEZjmuNTk4gFU58a46KC,362543
tz1dghYwdzvHc3tYHp8iHpNUSpmAvvs8Zjs8,156366
tz1PuipWs33aqS2KSG5k1qQtC6Dff1P1GBmM,2365
tz1ZNxMa8XsMa8JTv776X9iCETcNoo4SY629,1380657
tz1a5QW18ULwjJK71LSc7UqNGgryrFouHzf1,461
tz1Z1ZX2B98nEAvEnLXJBCnsJ6K1GqaSp9jK,2272
tz1enT2GWv7U8jyPmmoVb228u8hvi6hJh5FF,5922
tz2HSz8b961xoDjDLy3aFGogvW4HEqXXdcR6,3245
tz1eSGjgq2NmLWnaQFQxafXK8ZQF5V7Sz72y,270959
tz2EP3fw5CbUUgJdx4c3Xono8Gbc8PLXGRM9,4778
tz1ZhteLTqobRVCYsPj44oFfom5BJ2SdGxeE,4881
tz1aRF3qMDrbN95f8dGYTKPaey6J2qQQnk8j,1590669
tz1fCHiWZ3ReGqvhxkMejVzcnXYz1rnsJpow,129774
tz1Mdpj1npkpaxPHF2wFN6oX8SovVPfHyXSy,1578
tz1L1i5BVehYJBebCGvPYU9kZYGKBELGUJGH,39460
tz1TR56EbNTEEDeRrsPzQzoyvwFgZT25q3JR,2187
tz1S1Aew75hMrPUymqenKfHo8FspppXKpW7h,264
tz1Wb4LakUUYuFuuEgXXQrNZuBD49Trodhwx,2497
tz1RAfKUFBX6P2jFkCpzLFntju7djjbtKAKr,93405
tz1UFwr89hcJvC4sNCYK7zSLcaD4JW2KkNYD,26587
tz1ZPSGxrrPPfrmoGJgpXDArNJfNNy3qGvE4,2178
tz1iQ5n52oSKgdtdYtqEJgKmQYbL1nn2poB8,59159
tz1gueZ7eL2KnvxqWudHjoTH3ZPiUCmwNKR6,7351
tz1QxepCwQ45EwtcxkgXZezHbnidvK7hUywy,39891
tz1WT27PugwGBtre1hsj6BHmbAK2qQsVbRDo,9851
tz1KhU89QWZuuhhnDD1paFp1jYMdpJLh55im,14655
tz1QQyhTMAmNQPcSGkM7GfDva8hmuFPAxUMB,9788
tz1htnC2n5n27PFD41q5X8bDvDcjbGMUS3f5,160413
tz1PoickddNEkRN6qp4K41u4KUW43vZ1UDvF,325
tz1b9qYttBxHzoEseqabgvQiCxafZzkAtH9G,69112
tz1MQotPcNdc9R3nWCTwXLMDqKLS46WqW7Wx,25003
tz1favSqpvTLtedjTm1UjuEmKfgm4o9kyLd1,56367
tz1WHUWCMqVqq5AagGN5DrytqWz88tYgedUr,2731
tz1YJvMiZyXnzvV9pxtAiuCFvaG7XoBZhbUQ,13944
tz1TmSForCvNii8rmwL6q2jgicQfqjNFtj8K,28097
tz1eoqCSmqPQtTLs53Rj6gBB14eQh2aHWVxu,564
tz1XhZUHsJAFp4FHoeeQQ7auVBk5j6xoUKbS,763
tz1Pwh2MBs6q2SeLHiko3iJpfMwsDV46bqQU,143030
tz1hLWsybqnJtQRFp8skYy5aZLGNmL9bMUpa,15311
tz1PuYitvGfsBm7C3oYAXqNc3t5wNhWZj5Dh,13558
tz1dbCAvra65bwTVk5mgkYUHUGz3hoKwovZ8,4560
tz1T5NfkdPfhkXzYx8akPkdznxSgU1Uf5jEG,11445
tz1PYqfNnkpZydtSY2Tn3Rv8mjkgUpHJpFXC,31808
tz1WidyAU8wuyG25Pd7b93bcx9hMu7W9Pea8,318
tz2Mz3ovkZR2HyC89CHHSdsrPya1mKSmLWfD,2206
tz1ae2d1BJt7YUqaaec6Xenh3mBqS7VjSZtK,1979
tz1g1vr7gbU7kwxVqmbmnovTGtdeRxFE6uBk,518
tz1L1XwcVmD2z4qPfLtBJ6RPThgAwLcXG6kW,333
tz1epFVHmqeWvvkFf2eskwhQ1AY3JwWd7Ej6,6572
tz1QRcnskFh7eaV7QdEnjoYdDfrDqHgmmrvF,17094
tz1XybkRZWjLx3hwcy1hQ7PT6FWEhpHm1FBv,1671
tz1XcuwadWbLKkc4mDVxRo25dbtwfEa7wf2c,11779
tz1hvRvzke27MGtp8CsSvsafxyyMWSVYM1ut,596
tz1a7MJ4HMNbWDhKZAqrvzX5P6u2E2mJyJiV,22806
tz1WeLuPLjUs53Yr1RCgq4EQ4d5SvV651Tqt,223
tz1Wo716Gggp5HfupfxtPgmYu23rDQNcLcD8,21216
tz1imyQrFWHyTp4avUNAw52RxdFjU3HPviRN,5840
tz1isKR8pS4pdgU934K1S4UpLsF56ECJNArh,7890
tz1ZVoeS9T3H451BgjTe18pM1q1LPd2cgB6Z,12
tz1eL4fYCgegW8tLCbQ1mYiKY3TdDxWnnKo8,12669
tz1Rhg2UDkjgLhemdSMtiGVGRmzwVLVaHArD,1573
tz1dPHDXSCFo8PienbvDMyCKr5DXjPMrZkJ1,10531
tz1fkkxXSMtSQew8F78XdsnaC26AfsXtsGiY,2214
tz1ZuiTWKXKqYfzFPaSaAG3Huf9QM1AdZ1pJ,8064
tz1RsCndtupuxe2U3syGAdcRBzpNqJZ9ANNc,168454
tz1MrZQhiNiHK14oEq595DLsVQ9wC4Nv2ZXW,1008
tz1LJQ6MPnjGekNAmhFmkm8XWtM6UGx4MyF4,38551
tz1hmxzW7MuU8HeRoCFPGZJnavGf5unqgaph,23172
tz1Z6QqrAbEAMDLsis3v6b956sfH6qLTSEex,84
tz1NnBgY2ze24nQDpdY72wb1GVsee1UfAT3d,847
tz1dAW94vB3yYfNPE4LM2txBT8PQ21Zq4Xzf,1896
tz1eeR22tmjPN3rGDikEMvpe8jcdXww3dqTt,6320
tz1MsfyCeQEt7khed67HHsAidezZ1Th6mjzB,2191
tz1WBMWCwjuFSsiiLUWKEQHEACNEat2S3EsD,366
tz2SuPjN8dYMJQe548bTvSPL1fdStZPXv7gT,465619
tz1N33TtiYBQ67sw32rhCsMSVpZkrSHWe9aq,98704
tz1QMjzbw5Yoi2zPqUeg2yuv5GZdmXjhh9mr,6320
tz1NJS9T6FKTnKUkVNv2g44GHTAhzH77qiYw,12818
tz1URL5HNuTa1fHqqCtUKXUM3hm6g9c88NgF,19
tz2M9C5x1KoZGoQ9xEY6fQ6Xwbe2GU1RTzRx,5
tz1RCQDHtpdcwfgF1Kbbyusd6xhfjbXanhZ5,74571
tz1c8JTzmA6c7cm6ZmUwR7WES6akdiMa1kwt,10006
tz1XRTNgXgWmR4PqxZpiB6HZJ8Siz3M2JAim,3001
tz1imbraxLCQ9TUpnJVP31LS18hpTqG5wv1k,7102
tz1iDuz9LvybPBC4kDc7ceBoKVDwwzJR7zKb,193788
tz1eiyML8sHGBL139FwJQJeLGHWAFtDqPz4U,632
tz1YQDCB6Hbn2ozMyS2kf6WPJDeRvJtmtNqQ,11323
tz1TQw8erN1a2LpfRSNMExicRXMveBPbvTKE,1
tz1gaRjULm9qy4D83VCvb4ABWLKpz4XXfqjx,3063
tz1hAZNx3LrRKFgfRytoLNVGhCrzU1uVDUHS,9994
tz1gJaXdi7Gweq8TUSy9knB2wLjioTKy2tZF,1314
tz1PoXtd7RGVBwWmmZvxX18NQXYpbNdiwwtE,17490
tz1RLCvv7wrWq4hTmyKk1zZuZeuUXNViSgRD,353
tz1QFk2DJhPkzp2nCN7Thpo4askJjQ3Zw6BU,6
tz1bRDYJHp3ACUojEeM6Ja442YEwNmcb7ph9,6203
tz1MDs7ym4sp2FsQhL32vuAnEqG3ARhM9Vi4,6699
tz1Xy5UM1tC3CFcbPBVq5PjufaxcLjMwfQkE,181
tz1RAKBnmd1X43pkkGqywYCRgf1Uo6D77zMx,181
tz1cXwKRD6AMy5nhqEVUU23SBxcAMnh2aKLn,2025
tz1imrUNR1R52GxhP4y6XQCDDXtQs11GarTN,131
tz1chab75LnyqBqNwrK11459SGCFQXLg9uyx,3315
tz1USfPTFciXzVsQL7Rk8HmMWyWtFEas7fh3,7263
tz1btYY98CWBVCGEikD7s1buWjpicb9kG8aH,136
tz1fj962xSPKTA57yWHA43VeVzo8KqdpNAeF,9572
tz1ioU6W4otB7ebgRZTq1EVVra3vMyXqeqsm,1786
tz1N8oU57qMgDRr6N9pSbhaiWRRQSxJRPGoZ,1386
tz1fCEeLBcuSMSittqTnMEhcFdPCtD1HsiZc,32
tz1WsKkY3TLDvqTuK97Xu4zuVoTb2nsr7J8S,1168
tz2DsS3zeg4pqoUnRPHxvuRSuQrjDnTZcTNJ,20
tz1gSGxwMrToBdzLeaxg4Bregv6W2oEbNLC8,58749
tz1KxARuCbAoiGGesnQjr2pvZa7CzJR7V9D7,4610
tz1QS7N8HnRBG2RNh3Kjty58XFXuLFVdnKGY,378823
tz1RAP1j8SjwT587jyccTNArBFhC9HhGKfHq,812
tz1QiZCuJMuVz3aq7j1Bq2v3BRTQPCdTw3Fb,12405
tz1L8hBVpams2fWFC9kS1sPVxfGY6Hmg5TQ8,1764
tz1TQSPkLPqXUREhxvYzPbAib6Jz35w2a6tw,5782
tz1XD1xSVzgY8Qs1id1kNyFJDbv9e9pNMe2c,3160
tz1Tk1MJDZ96bK85RLAqtKfnptZZyXsJ2jaq,2
tz1hes6aF3Px3D8nPQx27fdwBKrXmGs1UYxT,18373
tz1c1BG1PEeuhMFwmonTVSGafehicqbBJFec,537
tz1THwbFPPPBHmBu4cmLV2SppLFrA5QfBhyF,2518
tz1QSwx2wnmrTjEGrid79c4tpFMxjCT86SAy,5405
tz1RcJYTsoYQ7adtNMANhwd8qf4zApM4i2Yd,13392
tz1cvrgSekgCqgyc1c2qFPSeMtux6AAAfDsk,81
tz1a1ZcbAeBEjxYSwuNKxSu6FbFB4dxdL3m9,74
tz1NZnfrNgCGdECyAhA93TLPTSciJcZBJqDY,306
tz1UGuKv6PzgVbofb42VgeRwDwsVN47UpuZB,10676
tz1N3nvFqipu91tfU9s4GXGsopawpwxSoAJh,519
tz1LFeLTRQZrgKxbmvjz2ckViRhVw9BZXw7t,125262
tz1XuzzMTz1LhqbRPy9uxfRkccSxju3v8Y4j,2067
tz1MoiwNRQWHfA71aypNk8J9CsKjfmq39c2F,22642
tz1hhphPmGxL6HEmEjoVSJBy82FMWbFwzNCD,126
tz1YHLm7Lq27q3rgVXLY424zQMkvncVvNiaK,695
tz1fKtBhuuZiMYhM3Pi1hcP2sjRbstgDrmqX,203
tz1XEA7cp83PyiXfSxWu3uHjA3EF6Gdh3Vhq,683
tz1UXMLCt7dqbUiJ2BHRhE1gFkdVkmCZYcM9,222
tz1iKF8o1hCLaTNZcCJpgKQBQxkpcSiBy5V6,8926
tz1c2iwyckUCcicx2qxqtwLEartYFEHg1pvB,4063
tz1PQDUDph7dDCn8pLGXqaR79DiUWLiSZdEf,2136
tz1fUZ5pMP1gUjuJsp5V631cXmA87Kxm3cuZ,32611
tz1NVsmLrZX4jad9bNdvM1EskvcTq2LSZhLx,28168
tz1PKoh9LB2P3pgh5ahaAFnrC2QBmUxcHDJU,1964
tz1cqoo91JCc6sKmNuTVKNzwUdi6E6moHWFb,8347
tz1ZGNErBKdYeEPjZuqKXhyTixQTTPn54bx3,232
tz1QVUXNoyCfKpAyxDpq8kR3rK2AShuzQxJ5,21563
tz1UVTMhbMiSETKCxFi413yZ7imF1xeyt3fV,6447
tz1UAYfFWmaTrQTYMptaGCw6LrXK5Yv84VnQ,34
tz1hLhGe26gqt78sZboxiwne6zgKMqirRieW,242
tz1RYTr2WKdJD1MMV51kN9AoxPnxZJgJ5sqU,344
tz1R6mtcAQwBTK9YpSqRL9y2a6JZWgDkBm6M,3943
tz1Sv2XMQNxcAqyqyyv42FHjf3EGwJ3Godj1,70
tz1Vh4cX8VutUUUnnjmnY2omSV4F26T5orLH,47
tz1QGCWjNpYmcS6T9qFGYSam25e36WeFUCK4,3820
tz1LApX9pPhcDUDznHR5TTCcSXh3m6zPgFHA,350
tz1hUY7paB2J5EhD73r4oWL6uZubf1UibHrk,6821
tz1RaZeHEiKewSd14gZ7HKfcQ3HaNHJ5tnV6,68123
tz1aiLrqvULcV2Kfvzt9dUmqnLQnoNXPPek8,61742
tz1M2h2hPZzov29kf7xcHXrunXb2jFSbfiNd,31759
tz1MToDUySbYhPabULUyDPPsfDQF1cpZPdoH,4779
tz1gMfLSQs6xTM2TcLM6Sb2njJ6h9qhSsT9Z,9569
tz1UNTxRbAYTSBSdHMjoUoYAtLH4MHMUiGwg,657
tz1TqqKqc4t2Y6PTvxeuhF8kNjVn8HpZkKma,4594
tz2VoUZvPNLyq9bZ82VoDLrhkH8n6eaUoS6E,866
tz1ZvbLR47deoqaSgsaRXe7hbgDgwonBicnV,93520
tz1L8m6MGdvK2WA65wQ7DeVwXVmCS72JKWeN,884165
tz1iCJRFVD1oY7yQBap6X59XktpKHJtgCGyS,215
tz1bnWUvcfU77EBpbLUQ41c3hCBKovGuqyGY,14463
tz1STAzkywd9GnKGvJBPL4xWte3LCniyu5ho,4168
tz1g6cLrzLxNayiVyb7BLsKK6TfwboqWaYPx,1602
tz2Q6ugZbronUHSk8fbuHibBrBEJwrzgtL8X,1270
tz2Kn9u9cxvTczP6CjirJnEE1UApmoCzuGPB,3506
tz1aHfKHR887WzmpA56K2diKDufR3QJqn9iK,233434
tz1bdbHUpDrUx7m5g4VTSkjnc3mxnquzRTcw,270
tz1TQJjDtzUWWAa5a9H61iyPZmuKRfX9hXi8,674
tz1ewd8gDnG3USrTRJVdbpsyieVv9fWDMPNk,11429
tz1PwxV2kaHhubkYaRWTnGBvsxXswz7V9GWc,22
tz1Tpms3fccT8x1pVY9BQKgnvppew71pTDDd,632
tz1bNLPqmLVxWF6puxbFZHU1yCJLiCZmHH2E,189
tz1ajJzH5YBGRuXnU7QDJzY2qVRGcysUbxJE,632
tz1YT4u9DnGFiRM8AXXACY8LWuV1rW3A2hFb,33
tz1QppHuA9TUoFN5Ek2ZSmRPdU1xQiwRSnPb,351
tz1fne8nhZuSRgzaQPyaomKQcFRfthyicBQc,632
tz1Uva3ynPUXqpAsWJ3CxcXVPG7HEXB19rzU,6458
tz1cGZNvVyHrKgbRu4b23Nw896JD6GYhZKQm,6447
tz1i9THBDe13YzhSmcdpcWKJrL4raaJ1cpN3,6437
tz1apbBneTw4Ap2kdmv7gfTv4kDPYbR5HAkn,5453
tz1MJ4C21XhL6B3YptprRWMuL8oeJquUhz4u,4258
tz1SMoz8tsJzeQPtGhPEjPnanQMvFc5KitVh,352
tz1XuNQgqT23u9KcwmRLGGQ6w2n6dCE4bmoV,525
tz1idC7XEoSZ45sXLwp1ujYJ3yNFi2tkLT7A,2213
tz1d4649CmmMEzXBWzhTgTkFxy9ATNhb5HC3,71
tz2CrWArLr8eRCj6mp6yYQAKshR9MuyaK3Qu,7172
tz1WqkwtGV3ttnchD3bqmucZwByduHq8EN8f,431
tz1dVTewmwhAqfBcAgDuDuF2sPUaafuPA8mr,6713
tz1ScePe2eXYo1RBdEe12hNY8KrvHyjFhHw6,57
tz1XNmNga2NyqFiNpmEN66fpySDoGWoKpKXB,154
tz1N2AezxpvrXzvGaqNVW9BqXxJ6Rcup9M4p,237
tz1iFKBz9HbJDp6omQGG9LC9bTXF4zKdkJfR,322
tz1LYQiMSoy34xAUD2NnsJLCTmb8HYYR9th9,324
tz1VYa9SB4LtsHLWZnJXc1JuL7wuX46orE2Z,11144
tz1cAxm3wHEUX9tY87sSfdVfHgCWcPCTkNTA,4592
tz1YrFGJ542U6jpYHpe7BFHxNfa2mb1wpAdH,73
tz1SPVSDCDpbqigKWVYnbgHEudxSM3BASPZj,56763
tz1f7C7HeTczoCxoo8oQ3vBDRQTiNM3tFTZu,2776
tz1P8pHeW6qWzBkgeDvi3bc8depN63r5tt5s,2153
tz1iZnkruZaYGv3dfER3wEasjJj5xpaTtMjN,9480
tz1YmwJZfEerVMbc8uuJc7xUzE64ma3Xfu7L,640
tz1aQbe92zZy6MNeRFtgmgV5dV5R4BNTdqK1,608
tz1THz87Wwo5DL34CELa6psvuH8RXShPmSbc,164
tz1eQ9skdokeeUyTc4SdNQMPigjZ8JY4kzus,8178
tz1S35xPc2sh4kK5hd7KujsWU1G3SUdCnFqp,106664
tz1dYEEirVkgSnE7eGK9vFUwxWBqibkafs8W,1900
tz1VLGH7SJ4HA6kDXRiHYqVFkn2btjnoxqib,61442
tz1XYkmAHtkZFjZLdWNoL2BTqUws4oD4H1PR,28374
tz1dCyFm9jxuhxJEi8UW5sgiS7TFubaNT1J7,35
tz1XbmhVLdDgsihnVoyn6aTRMURJ87YEbG9B,3476
tz1Sk1mwyBQkcyrwWZkftmR3Mjv77BEGUw65,725
tz1QHXGKA8NaCmpZLrvrUyBpYhgEiQDyWY1r,478
tz1NS4ZXnzYBPJpspW2svbqdjGsgBsGZchzV,25
tz1LUdy3KnxyyARheKtfcnRymhUq82SKLvyx,14
tz1YRG68NdqtAcsFEwTUw6FsSsiBb5kagEDo,317
tz1NiraRNtWgpXyyxopRTk2a7Py9oKFdrgkB,1590011
tz1VnXCALwSCihScu984A3dbY6XXLzDqJWa1,3458652
tz2R1iMz3wHEx6Z8dpdPVgb9eTDVh5NdeqNz,3572
tz1hR6q1QMUC4wLD3izGsfeZ3HuyfJH5QajX,133
tz1akJUKXFmNjxKaCqcEHmwbx4u86xfHLYJc,193544
tz1V2FYediKBAEaTpXXJBSjuQpjkyCzrTSiE,506
tz1Z1xRcvcqPPqja34fWNd1StABUV38LnbpW,66
tz1egZ7YNcG81udp3pGXPBsYQsUNHB7xAH7V,1246
tz1TSowSJAKRqQbqjspmyfN33nps1op2GodY,6
tz1VV5912Qp7qqZaQ28MC2G3RQ89UhEdueqt,309925
tz1codeYURj5z49HKX9zmLHms2vJN2qDjrtt,195899
tz1WXSxKwhw9EectY8mAdUFXDBHFnPZE3HSG,27671
tz1aDrsGYyNbiqUX6eTHLe5otZJwN5XQh2kG,423439
tz1gu5jCJunSaHjR52rcu3n7SgDCJZDLTqJM,1387
tz1SDmZnnzpH5GAfHoeXygPWwzJtHXADpohn,422
tz2KgCQ3sTz3n3jrU21DveCfTVFgrMnzeA7x,611233
tz1XT3SAzJh47s5DxMJud63MWnvDftqWFtS3,32844
tz1bQxeuFnf9PTDRUwu94sU1GUvU425KqCeq,18
tz1Rb2U9TbEkYVQM412wBzBbMbnqX2r4CTXs,16
tz1gaTbRLDWJFA8bzcvDtkz8HxN6V1eL6gwL,264
tz1U9RY2mXmwAaSSm67rEy49N5YE1Rs7K223,276
tz1ZzEEVRzw78fhsLMM7JvV9CxZUaWGB98U8,899
tz1hHz9wjLaZ3p9sDo9SkqT1t5wxNsK7688s,1040
tz2BzwVtwa2mTbspW1qqdiA2UtctbGntxAGi,104816
tz1QjLLgQidRchfWMvHa23uhfgdzNKSevELK,79864
tz1WW1xr4mdTif7jorgVr7aqY3YnnJPSDXj7,751
tz1coEYWsh5bwhhCsK2Dc1SXTNQs1hWs1QtL,1087
tz1YKkEwEXk5g5MeDzNTgfDwKd589rGJS9q7,385
tz1PSiE9EmFbQFb7K1cBxPTsbPdgotHLdy9e,1179
tz1hWxyYMfK3h3y7WvL1ErggtgneuNynC1JA,1026
tz1agphvYoUaWn5BjTVHnqTTyYwURTGAZyBE,7
tz1UVjnYXp5DZaCX3JZvxQQqxKnXaVMYAYZD,4566
tz1N4Q2BLS4sYvKCoM5XxFAEL1yoEY8TSS7j,384631
tz1XH15XMCB22rJJxHLsZgVhXA6t7kJnmFa1,2035
tz1NEmMNjFtXgixkdCkkGsEn7k6QPeG1G1Qn,11355
tz1gVmWVnkT2yQr9gmed4BgK22SrSPjfpkEn,10557
tz1RVq5ohXzWvbqHzUgsmUNWHqin9HRkrWPz,8
tz1aGLjZZLDwYYSevU3HLbEXenAxwRo6f6EM,2
tz1cj6FQs2Zjuwwf1uY7e7fLQfzi3YAbNj46,3160
tz1XksiJMYSGBzqZqbj4F1dbHBH85i9jR3Zi,5478
tz1U6R3G9mF8n9qH5mhrMZjgJTMKAEYb9Uw7,106361
tz1TtLSSFGrP1796nyd1ZhGH3o1AVitoukLj,153
tz1QoX2rtnpKq3MxJ21E9NcEKxqPL4dKsEcn,26249
tz1iXbbzm9Wogk7D2W2qNwYzePbQVmYP6BXN,473
tz1aQGJFwYn3yzghyRbuWNapzDZjXCEfYHuW,67
tz1MtaUicPHBwrvkwnNwikGFfFWdaPxYAvJc,614
tz1enSmESCGkRYo2CtDYKhqUHFTAQkpXjYjg,623
tz1Wn4Wc6d6jieFpj2DJaNEC7HXcwKexW2By,8216
tz1c2MCGJM3pFb88Spt1cWgxGtXAX38Ur3CS,5039
tz1ZFS66zDerPgLPnYYEo8YXveudhGbzjESJ,1227
tz1ZrtiLUXfjKsYskvr7fmZk9N277YQcv8Ws,3046
tz1NqZnVNkS4N4XQqZaTigDQpSs8nc8RoMFW,1244
tz1WEjGgTyPyhUapqCRvwBnHhLCNV38Jr1GU,672
tz1f2NgqK2bX3LaPgeTrEWgFFqRJgPNzFAYv,1042
tz1WGMbfVnzVSTD8oNgZA8feaYvNvBYzSVmD,752
tz1MrpnRbw6HqHvKyBE3811uHgJYuvVj2hwN,637
tz1TkqGsSx3gB17SLAcMAnDgfs53kYeFez9Z,1323
tz1KssAq8Lofcu9MwuXqpvXh75ufZSCsLQun,1075
tz1fhd4k1jSJRRcNVbkMwVzkKEhX3kzApsfk,1829
tz1TRrpXyABLU7RfM1fR5AbFM4g3F71KpKVS,233
tz1NkGJR1x59KMwfLr2a8bAqDYSm4WeDjeui,817
tz1b4Y6E5szNCHKZadDnAvdUyBfr7eQoEM3Z,3022
tz1Y8v9LUURRffBVoJNysYTMzb2NranuM3fd,464
tz2ULsEpiuozejYYvEcwYq76vDHUEVcyYyE6,75
tz1PQkArZXKyQjY8gmX9yAF8NEtEtbuekeqP,435836
tz1bv7bDGmKDPNjX3FBJ5nPG3LWnT7yB1Wto,15023
tz1LrMXpAmdVrP5daG1dyQnTia36EtXQGhzC,286
tz1fkdpxhfX9pyAirzTZ5cKUKn7QRoPH635X,1
tz1bRxQfpDiUrzfEyjn4Hah34a7HNmoC8qyN,88760
tz1YrmdFnmRS5McKQyFsXRrTSS849k9CPdXL,406
tz1TyTnxshr1r3xEQDsiX3sX96wvfwm41tWS,20
tz1VFdHcm1vd6qTka7VHV5VmZPebpe4cJXsm,232
tz1UJd94Mz9pyLzfC8SAZvTdDHUs5qkFvucK,5662
tz1i3d4DrdmVrQRVALsNrxw9J2UsXR4a819E,85
tz1ajbUoguHiipVftY865tu8r1aRYEVWMKZz,22
tz1f94uZ7SF2fLKnMjFzGQTbznd8qpAZ12is,2343
tz1bmKAXCTFwox8xP1uSsTYiSSBt4dhtjx3e,4448
tz1b6XZn2k2tpS7uh3aHCMZ7J5xTR72ziJZv,3870
tz1gqAonCuKe1Vg9zNwFhP44fdPpHypGfZh1,1141
tz1fCCyqjcmwNw5Vv1b7yVXPvJzL42KqxWxd,1
tz1Yhe4w3qt2wiRz1LJv6QWsdHavkuLZtA3Q,8828
tz1eQpFrU6eQjmy2dcJiTeG18SK75yMPucec,1
tz1biyDVy4Zq4vZyc91eJAKi7wYbNFPJTzHD,295
tz1cd8cN3qrphyJ3n337tcbCP2G5QkMP271b,17559
tz1MT9A2Fhs6PwsUXtYgVUxGNxHeuHX93sr8,241
tz1igNamUNibU68i3pwGcdKLNr1Guf5oJ6nu,20423
tz1Yu1qh4mk9ejf2MLxRNnRwdHoidXqoSqqm,68982
tz1Yoe8QLauwLiYB6bpDo6tXNtfidrrcUyCx,218
tz1Y1kdVWiz11sFffcydfFtP6Zam6N2h3iSF,3
tz1ZPzoCDzn9kZD9kf9ZWg7bybBJdKnw9PMz,1092
tz1Z4HEApoZ8Yum7RTc94Nqt2eepRcHFSqcQ,4537
tz1aWwVu9MLbY2MiqL8H7WuzJ2g39m67oJQS,504
tz1MAE9qgpWLsc2p6NdKZbnCcpzKt2QkQSzB,4267
tz1bYyUrzvViYFF1LbXxWeFiorMBXUtEusSj,3
tz1chAZukD7QacpWDUJ33dGqeWFvknj5Xpj9,9218
tz1TwG24jP7Sow6uq8554A6AUSxwtMQk9sp8,781
tz1Ziaxoio55wxE9UWpXnaMgRtSN3VBhgGTX,17
tz1bp3oUKqHcF3BZZQcDNYqsk1nw91Nkr4fr,172
tz1RYVLebe4eDwGTJSMppc83yugoYXN8G53H,172
tz1QKxiyYVjjff51jz4RR36SxHsM6PiiExAn,172
tz1MdzpED8Jx333i4MMnhisRxK4RZdN49AZy,172
tz1bZHuPEvBTssxpk6TTErngCiqpedPz85Ku,172
tz1PZ36aiHW5x5HmhNc7gvDNdu8m7NAuZbiG,172
tz1WUqA3SszNphCmLgiDu5jSNKoGqAuHA77B,172
tz1NXp5GJfJ6UZoiv5BYykyxkag123G6SQs3,172
tz1SKjT7gZtxGYZzvwMJPczpnbrgy9S2CGq9,172
tz1SXKgF1AcPkTDCHm1TaBSx1kkhEEiAv2ZV,172
tz1hf9kC9q6s36AFnz5VdGPWfw3U3yjM5fd3,172
tz1ZyPDo7hJ1xyUWg25q7rpZ6kZ7WjLNXPcq,172
tz1L1CRSuow6DbyfL4T1iCrZcbvULU4Ndxbk,172
tz1PHJKsafAGux2BN5RbnA9VVnJTLwHyEGKm,172
tz1iuXgS8GQHX3UrFTeQeDJNRQwTqk5Ky71W,172
tz1ZiutCQgTEedcG6bB4HyxHksneK2BGyRcX,172
tz1SevLttnimTvtKcwteXobXLXeotdFivrCE,172
tz1b7f2dYCGV3Mn9Kqd1rbCmjPLXaEwyHwQT,172
tz1dpQJYQkWUcBTqx3sW8AEFsJeNUcAa7mVd,172
tz1Xq2xFYJ6yewPo4G3AyYexq8YbDPFrMnJP,172
tz1VfGyV1Dfava6M8oBYqmDRJR8UL2FfYoVi,172
tz1fekve2hE2s2cRwLVMS82tXn4GPcugfCdY,172
tz1Va9fLvE3yNPupePTdMPX7zF449Q8fjeRc,172
tz1Wbc68JZxRJeaYQ7BV1WvnytzJfJ3LYFdY,172
tz1aKbkT7her6XEBY5a5cyzG9sSRQXNdDfeB,172
tz1LUSKkdCc4h33utT48d3dqqqWuNTHSy8Wc,172
tz1abXSECVwRTMajFVmUzWXABPaGkTy35NKW,172
tz1S6SSigi75RbYC2sR4xzTTyxZACqhpcxoZ,172
tz1fgX3sRSUFc3NYTqj81Z7s97auxMoDdaHc,172
tz1StsoAaqgEcbx65F1sWQs4F9KzXyycufcA,153
tz1ZYCUaf3AHvBhVChWL2RDQ9vww4VtQqBQX,152
tz1a3zH4CyejVgJ8bJL88F2bkb9DKTsVALu5,153
tz1RPJZCCaXzywaZbUQ1AShwDGW2eqqopqio,29004
tz1TjQAiE96rYCGCGrbWCzmwhuKgt556AgUx,214
tz1S4nxXjJiSsn5h8DcUXBJhBL6MnPoyuTdC,112
tz1QwQdgo79b1b3Uhcbviz66JeNq5NSkLMMU,108
tz1PmrFyfaJsaoNswcXgc6xRHsimmSVmpZwQ,112
tz1hkfSmFhSUdaGv6WNbtnMyfBcifEc4ZqiC,105
tz1Y97DD3qM7xfwcg1N5vNP1RFPPmYFrT76k,111
tz1QZZJyziNF4YKouMcpV7fNvZAbsxbqW9En,109
tz1h3iUBUDeP3uyFTQ3hkhHQyTdc3AQxugdc,111
tz1LK7fLAhbDFMkz3PEmmtPPdMThLCFdf2Ew,112
tz1WWRakDQcrPLDSdoMSKfxA2quuejwrcdMC,112
tz1MhPuAFdwmU7ZCFxBPAuHHdyZ87yxDmUFW,112
tz1NHrBGrp8bExPpFyq7mE8PivPK38TRHV3v,101
tz1dkSFiGuksdcLuFvwinHxDTxGcaZuMBhZo,111
tz1aGPrBTV7uHxetHTDrDXehi8axBZjoJ94K,104
tz1QX6fBCPCQdrLXeTQJy8yNpoxfXcPGrPaE,109
tz1NdwCrV7Tacpaxu3HXpePoWaYYxndWZb5W,102
tz1aBA3X3suZiyhPLADGU1vt9EazWNN9mpWs,112
tz1S4exgAjybUiCXdYy93FFq6UiVfrxk4i69,112
tz2M8wUVctsHkQq6zEugKTgieYbdzEuuhpkc,713
tz1djbv9JAQkbn8uQqXJEmM4ymxHSqmdzGy4,8654
tz1LXcSjjWHCuKHaJPAvPb18goJhMoaLgkaE,4
tz2Q7GcWsdAV2krjJDmEz4CNfcDfnoREZDeT,185
tz1h2AzE3kDAPJYZeJ7rqfojDHwZECie5kyh,10529
tz1Rpm6NShycycR78Gd9iEtHVPcaUsfcTqcy,126
tz1MBkViJxtsnZ8DSDxJFCR16azpks1uGgoR,17
tz1PPvPurgxkRirjhsih7t5aPveMs1ENt74t,12
tz1UChaj24fHGPfNn1aqABNBb5WWGZ7RfMuF,166
tz1f5oxQvEXA9m18aiVGDaVs5At4oZdrR6Kt,2
tz1e9jhSiUVy9vD7qwnotAVgxy1rpjqGJjcU,50
tz1KwuJDP5WDyWWe8REH6RHTUJ1sfkJrGBL4,49
tz1cZDhWdASeB2Nk93eT4mCAdw4VvnMEw9Sa,36
tz1Li4CydFSpubMEDpKiNZ7NoWiMSgJJcqeA,37
tz1P4owaJWbeXsuqGSvggi3imzR2mJDpyxTV,922
tz1PVV8i3pkUJC7FSNVQp5fatez52M9QLeAb,1336
tz1TXXmPc2fsvzzRwdQmT3W9iEfWygty4X2Z,1468
tz1ZZvnqtcmgdf4YKFTnVi9Cg1XEiueLCmBr,15
tz1W4jZBoLM2AGZq2ptopYBu353rRvuSh2dK,2993
tz1XpqxdnX8JwzcLtSSKkiemic12U4NkCbkG,1068
tz1Q9Yyna7X9nxjHe4dbyj8Qk1ZuznCTch3a,26
tz1Qg41X8F1dZPVZmc1n32fxRAk1WEgg3qUo,1
tz1MN2zesLxjCfB3K8LUBf6rvnXLk8Z11hm6,31
tz2SFxhkao5Kh35pbg3mQxbTvKbEbXPEhGds,213
tz1bMLmaYWNNJBYUgPGsCV2C3B4CixzmnDk4,526
tz1dHJmULw6DQSKAWYWpDXoqeecE4tG216yP,157
tz1TiKTQkyc8KupyxY5QmPA7uf9xmhQzXAkq,172379
tz1XUaLk6Y1T6PbJzfrmfvem29cDNp2dnSDM,73
tz1cLB1J9PtkoJCnH3ovrn53ZWddfMbF2PL5,400
tz1bi7iZyxPCGjMUQMiouiHRxQwveQjuTu8b,847
tz2PBAJo8zSWvHXh7Z2VineRxPP3tn27JPQf,133
tz1duafqHy827Aw6bbFNVqUbpxphm8MSecwU,1120
tz1VokTq5w2ngWQtfwzF6pyB24Ro6C692Wez,734
tz1XkMZQCCAC1d2YCbHzSySvaiGU7fv24gx3,15321
tz1VEbcByoqdaTKar1XRpada24pn8D5xRrkw,9
tz1N6Rvgx7tFsXkNWjHNdwhDLLg4oSoFeMAU,1070
tz1hZ3dazpeour6uTQCA26yzohhuYgesjzDT,200
tz1XrThJDztPJoJEKbYXqaDxFzwp1Adbo1F8,3
tz1YtUbTURpWeX1CzHFamxS7fGdaKwKKgMzq,278
tz1SqQoCZfqRem7eo2HtKHSL6zbdoevxc1S7,2
tz1YcRfmH4JsdvLzzijq1mh4FXjoHmh2ANEQ,1
tz1ht6fhcHXknEg7jE9nFVU2gXUD15cUifUs,2133
tz1LxkEN5DUeU4usSqobNqYmvWa5VN1NC2B4,1
tz1d4cbP98Sbni6mxUmvAN9vufMZskSv3F4K,161
tz1Q4mLBtkz5CbKcpLBB6shR8QUzcMpphNrX,248
tz1TreKYWjXdKDaKCga4b8zobDq2pdHdGZuA,1165
tz1fwd9Ub1AwXaRNLUfdDCtQfWyeq8YcJvCV,935
tz1Qor64hy8s7jH8ZQkMoaYLiS6NVmkeSBbY,1676
tz1TnjxYt7dKGzDoFj3j3sGudp4buKFEg7xF,531
tz1ZgEA1VMzNomprfSrZB1aM5CBqi1nnCqHF,197
tz1Mc61yajNASzh5KWZFtYs4i7EJbzAxQC4K,244213
tz1PqercEyjV2AgKpNXgxeWnxgbYu31fw6CC,367
tz1PzXjyPchzGUGH9yXLTgvyhhakFnyYDYge,6
tz1XrwX7i9Nzh8e6UmG3VnFkAeoyWdTqDf3U,179
tz1QFsmp3jUZXxwmwTAL6fYheo79RreoZXPV,2203
tz1PsF3NELGCZnighkMmr4mLkCzbkoVPdGSS,169
tz1SEEQNGjxP3SC8biDWMMHwgpYk1aeiQDyJ,11613
tz1U3YJZ1pFfkaUWZVWv7FvNyiUi5vKYG696,150
tz1XmqF5gnTjgE6Cxu5CzaT5H7vXiFfihe95,13
tz1USBJ4HRxuvrVUqaxALcdXaRs8AC1PdYjM,521
tz1ctD8vJYVazKJbCKa7LUVb7n1cEmfRQpe3,62
tz1Zvu2PkSnZAJr3seWbEdt6W6KYWUgaanVh,22
tz1ehz91i7CxXaMnUjFDWBhr5uVvr3bVkBxD,5061
tz1cmp13ABTtQ8dhVazH5yWtx2hGZc42ywaV,5365
tz1LfKbYRG3fWd5ccbmsq9ykYJQekZEouB3y,1508
tz1P1NgMTMvhHi1amqUZrQHS9DZSizEW3p8w,37
tz1ZD5nQNtzgTzZxHgxgFuGo9CNBuGJHVRXu,1237
tz1QDp8TCD9dJgWoszxo77K6QukSTubjqd2C,51
tz1TxrHpaBDeAG95HkTxx6D3d5RVwb91fRJY,24
tz1U3ozNjAw2sguL8Pn36V7tX38aSYziM9Fs,205
tz1amoqk71y4tqnZxRWGcttpK47XJnPx51jB,27570
tz1ZfxjoBeGkRG7zLgyH6gnYVNAL9KQwRnCB,75
tz1Zya25zMcv5a5UbYyLYVuES7SA5eWcis5b,3585
tz1YHWL72KHVVRGxPfEA2r1jtLtuCmjM4hgW,5407
tz2MBb5FxZXzhBuAPmY9z4zYTF8NeWPEkiV4,21
tz1dsvBGt2bDoMMxagnpHf45ehgNtQ6ctg3z,5761
tz1Us632Z8mVMLZqCs1FXuwyBEBe6o4KjHzG,225
tz1SWd4hwQtHrzisTLp6vydczMypKPnxBFTw,382
tz1day3KgAK3ZEP3hN1PaZiAPpbnGD3Lb8Kv,7957
tz1LCPRSFPJ2kaqvj14SWo2VnxPMTeCVVrFn,2
tz1L8VQ3oi6fCbddWYxCoL1ckjFK7wBHdT48,37
tz1Mf4iUxRSb1NhhqdB2oNbo9rRekha11MDH,6
tz1dham37JdHm31Lf63N3aBqxJJyhcnGA9GQ,122
