Address,Amount
tz1NRbpmTuPEFCCYCqCr7i3hkMRDRhBFgmxz,991959109803487
tz1eqt71cHna4YgyNg3ao6x22xU7c7CZXxcf,14375836928834408
tz1SBxNvpDFC4bjW23CtQfVLqN5cBATVf68B,13454215803998098
tz1Rgo7URug42QnhBM6eLy4MWdfwn4RovHy6,2149314887991737048
tz1P6DFx1Biicriaz37h6oLAhndhBL8eMoAt,368004480802775904
tz1R3bKH1seset2h49p4vrZJCEL8voJgSK2G,328056962020120875
tz1bdRJkGkNQ7homh4PTnkVM7xzVWhuC4EMm,371810451424927378
tz1Z2Ne4ZHxNPuCJeCcoykHVXTqhVdLMD9gV,557006643422981114
tz1Qji1NnEPj4Cxa9s2WEoWi9U9KM6a9gdDL,116621387316769509
tz1eZFb4bNMMdveGT7BPcktbYsurg2e8r1xR,380190088845815
tz1RartAmPJhFsL9oAhZndSL2G7KCsaQqqkf,2443181067114469563
tz1MyqKoe43P4Z8MfHoXVBTrohgcbehp2zLL,1396113025120844922
tz1SRcMg9GRXi7paNeAc3ARn23mS3Z5dXa6S,15168538452851791
tz1YjtCLzjw3bqPxJh6MqdVBFrM2zrsA9kyg,3711166685301385
tz1hD7VdzRpWG3nmYpCyW2gNc8mQNs3TCgxu,516477792175939149
tz1f38MX7YT2Q7MAq3mDdj75GTN7vgqV2TfH,9897959929
tz1aBDeNFooBEmBXnWDVgLknNMUHMYhHVcRA,621288689563957286
tz1hD5k7QW9ChHCgb2YLthKFirKDYQiNPDJz,18994789208249081
tz1ZL7ekzieKxwngCCyjsCN5qhu1ohwJQEBy,44450447323897524
tz1enbGpES1NDr2kTaocDhxvMqtpMy4ruhW6,17715726607262070
tz1ehGMhxarDhwppx14PX1Y3eqbZ5W9Bc2Y1,4404944335874403
tz1ed4brTwpFg8hFUJSJ4HqnsC7sEjVesMtb,123824270077452649
tz1QJE62jTxHis7kZkbDT2zsYZyauNDNzWg7,55092978208363649
tz1gWt7kUnJtGXoT5BYzHVa89qGp6QVvQmyp,71277456214527282
tz1epR6pJmPaJ8vvzNi6V1T51ccocX1Y4VBb,2253162778841768
tz1TrxaPKNsRpcgw58155HdX6USrpV2fERQm,77134565260624625
tz1W19DveaP3mW4WvFtdVdqGsWwBL5q1QDSK,40678311975415572
tz1esdEqZC5Nz3HDFseHvpH6SmQJPocxLzA2,22687921563203002
tz1XyTsb9DwkPru3eU1Cwnr5JkihEi5eisHo,3712939544668089
tz1ULQQ3S4kFLhhpPsegiMVFmXx2G6ewmbTA,41813083129634372
tz1LRrXCmELevk5znmVcYD63TChSpYh3vaE6,21700715027905911
tz3T9ZKHLVzc23dxD85p9xo6L8L5mx1hvb5x,52084793278403494
tz1dZuKxjVojU7gtRDU1nMmG8uRdowF2Q3Sn,30720862004775911
tz1S8GvdiWQghwPMMzbNvRh66rcfmhEA6vj2,473848734071926717
tz1N9qzry2ko1gwTK6HKWamZZK6FGx3Vr89U,41083631913260014
tz1QQ4HyGbCZDmQxeVHoLP99KLyfvGvyX21i,612080887025387912
tz1WKygtstVY96oyc6Rmk945dMf33LeihgWT,219160744730160991
tz1Rux3pGrp2KpZUBKvg3VQ4edRYVJsapr4z,1605624404195386369
tz1LWMmDzH79xyu6JvELrnvWLBBVjZg7TnfN,327364433476611912
tz1esBaTjr9qFQ7FhrDQF7N7bTpNSVTkGbMU,500940319552562
tz1LaWQ2BUAdTVNz9nb7AhKDcPDQsb99tzhD,2352365409277114
tz1czGMShkB8ZtCHKHeCPTY3CpuiCrjsGJBy,7164050513738585
tz1UQ6cQZef4MuskJjV9g8pXNZa5s8ff1oQy,39475483789172485
tz1aZsKPTRdkm9vaQhWv9Mz8ZbwxSHmf7t9T,913980688413444
tz1dTmMLY7tan1HKfW5e3KxJcfZput6UuTH6,22046778131024
tz1daKxrqyoFUCcuQj36BeMN9C1Ytmjg5p6n,177661728503421727
tz1YZ4VZCRPoiDyGP3U69jCq2S8duDUcRjHP,4553077242697586
tz3VvvqkW6D7bSPej9x3pghjTozTRbaB4Gn2,3916535942379091
tz2LYELYe16viwVBaRjZc8GsauKRsxTGPvB1,59308350727835606
tz1gXcAJZUYqK8JkkGDPN63cPQGu8LiBndK1,26724573669077340
tz1gN5Ch4VeDZjiM6R1KPMBxPWFxL3HHKZyT,25213341478006713
tz2WYko4XXaV4B5mzjguTeRkkgw8LyB2jA2d,19581442116292132
tz1NkFRjmkqqcGkAhqe78fdgemDNKXvL7Bod,383525352539178478
tz1QkQLtDkqpw8VSymi13A86jh5iaCeMriMJ,362981239451277210
tz1VCyNit49HjTmz8SEgeL67x4BLuoTaeYMy,471131308483926667
tz1gACjUSBkWjqWv5ZBMRk6G9Sp8xNAYgwYV,65815911954445544
tz1bKUD8UtyPfknyWyMbtTqsfdMuWomrPdSp,12795882970188573
tz1T5GmdYXDWwbhBrU7RubT7Z2dmz3ZmKwCE,195512308978970407
tz1gmajxhmKt22CbcsSA7WWXSATgbuVEmzTC,36508632281541
tz1cfzEz3R8YKMqC2rbKnr2XtpNjZxH6RGdy,6616348989000179
tz1hR9eQYNNTZ4VGUeipK4PHtyyDEDmQ9dSf,144425486031314383
tz1RxeY78zE8hNJbqPypB1mTVyTsBRmPuqry,19188405802095071
tz1ecAtwNdrsABBKa7Bvn9ZEq1Ze1EvS9WTW,24225439072183856
tz1SBF19iLiCc8dNpKe1Ym9juSAKaTPyeypF,3599460957809875
tz1X6ADVxP37XjYppBHMLVRJQwmxA2YxztbQ,1880497404723154
tz1T1u1CET7ek19f5P59vCdjTNFWAscYQ5ct,143331265733033082
tz1V9qHfFxixcXJKWuEziUqvdrQ7BWpPnWTa,96512561978919234
tz1Lqnwap8kKynTpefqqSH158i667Wdg8HVA,28356505071402332
tz1Kp19QyYUnXuE6cxuXxsfQZbyqv5JtKPku,19788075822683804
tz1cnojsw9qgMbdpgPeCcWPf5GX4YPvd4HAh,482107169749075276
tz1fbJACCskangcgy9xjDSiEYgh7CUmSo9oc,554158650974405
tz1dKaw4xdNjfufDSLWRxumNBwe2VX4mxXyW,1210699974406771419
tz1iCiA1vKmgfZbY533ZgMwFKZ14S1DQNooQ,12661609527172554
tz1hNGWJUFPFV7AWLXvxGzJVEfCZ8KJ77PJA,13875095719986849
tz1NPu5aFQ12P3KGhBGgt7G79SAgVj2Skkn1,43646161514835494
tz1Qm3DHkV7V6peZPyWe4rv6aToH3nRmWEH7,5777552093996611
tz1KsiwkQ9pyrt4Ra7QrAQp5LQJCGxHQrY1n,34816766467440086
tz1dz7eYRd5uV2DndcPWFeEHYGgw4bJZoCBN,11109419272760271
tz1eKTUc8X17nVmtVRtxBcs3hwUPXWuqP2AS,66956746752786537
tz1hXx6tvTV3kzxpBR6E4hDYcxdgcRGHUTFj,442904821
tz1fkZtnjNfQHtEyUpyX9Tqq4RrLKx35qBxf,24618024866408764
tz1chg2T1s4DTjLqthPc49HDcqkFHMwdSPwb,77523102745065437
tz1Uzm53vPr2Giyi32yT9GUvBErKqHPBjvQL,48741529726706693
tz1aR3nrJgUyU5B623U9s1MtMsMjA5Wz5c3G,147846437467235143
tz1YaPLZuVmZaKB69BjJXKUDgNaZrxBR4Lfn,4119990465429702
tz1WNk2o2hJvzjuZRNmZQwjLQuv24wDv1zjU,456216154352732012
tz1br5Mvr9VMEb1sb7HDtxpCxKVbZ5XnDqJi,2460071359041266
tz1PMB2EKqwkD2NDuf9tvdqhEjhBy3pBGQKX,191553603700782
tz1QmBcwm7RH6swEYNpsZZfAWCCFaW6wugVT,347616093385699745
tz1LxqBcvRbZhp34C2ab62CMy49wFbsQSzD7,4148889099983329
tz1S5RkjdXMREayGWMawArqqpyMqGRjohJJr,34973602819888798
tz1bZ8vsMAXmaWEV7FRnyhcuUs2fYMaQ6Hkk,10090527243
tz2Kmi3xEnXk8c7zqWSQqSSyfNpWt6ovG38D,73735744836388614
tz1LgePVXLZYNhHoRQ6KgHfQjQ1uq7JJPZDa,96283656904885856
tz1cWUkZFBZ72Yn9desxcgS9KdH4BVfqd2ZW,82864007241824314
tz1a3LNYNZTNN2SLMjWSUc5jtLWFvZ1kC7BR,386000039801433853
tz1SGPStfd9v5upQUxRiHPC9666X4FpVAmK4,173318631742511
tz1iF629Cc91SJkmQRAWAm6nYavf7RgpAqZh,112717846478948654
tz1WHGwmdEr4iruf4v9r6bdHgzC5v8SKYTkV,9177125919912288
tz1YqsEWdPxBmqVKsJircrwBmCmZDtHAgHzp,224362736542946960
tz1ZLMaECyswARea2bTsBws9eMjgUm4jG8Uj,286141559296839998
tz1NySiq6aHysD6Rpu4bYhFaVe3ASya2qB8D,82611337327874843
tz1Rb321A5bMKjQdczUs7TyJBeXjfCtB4mYd,503660033244500608
tz1USU2xSWb7CBYGJYat2X7An9sr3cFfsLwi,12321652214690056
tz1aoYg1xYeEdnLrAJ7y2r1T3aMBCyms6ppJ,94038358286289108
tz1WxCJ3UpzyWsXmmkE1YjYzbBv6jXYkbFYV,8380632182392914
tz1fq3tMpnnsZ944DVxcJqsVNGsWTPvqJzvo,79939262297292005
tz1PrecMTmNArbdvQxtZLUVUBT8rcC86dKZC,166147078355
tz1Ty6Hq9GpzxmMs5Sv1VQ7cP2U4KuSCAN3K,4261458099401746
tz1Q1LWn8wCK77L4xetjbH3Ar7sDaSANezZx,4372021371826586
tz1dugdoeZULYPA9phfkpofrP95rFqhZNXeR,28412055465092
tz1UecmgMghaWovhh9EYfqTrK9gTtaiMtbzs,1456064987672509
tz1gGwXf6Ggkv9T4jGmp58jUMU2Gh2vYjDyH,9052465736211708
tz1QjPnpmqAJYSfDtDM7uTf5bkZDNY7eBECd,31253563842958955
tz2MzvuRU1GEKi9udpqzLpGYfDoZTiKZ3C4C,101142302070420232
tz1SEox4m6JwzUjLL2daQMKU7XDrvsEukR7X,6507146259548021
tz1XJqUrY2okTwoJFgHFJKQV98tsn2oC6Twj,8683028079123517
tz1VqXA6L6hPEFjvsgWv7Viw4xQn5GyNszzy,840441174378691593
tz1Wf1Lqz1yHm27P2RQJAVV2CMxnhYK4bBGc,3806308757782396
tz1cTS1WwovU7SC783xgJxZrzr151mcshmNi,74144320296481413
tz1f4Z9FJfgStP7v6Rj7BMJnWJ9Mb1NdAGsS,9628365690
tz1ersiy3MYVu89DFXvW7Qb8AM6LYptSsoT7,38042229612994820
tz1UFF5DSDDtk3fM1ewaLvVG6fhaAeCdgYEt,4814192627663834
tz1dcpUhXGeXexEXispSpfv7CeufoFnV7AAf,233802268276327393
tz1RKRhkvC7MQgKfPejvNaHGshWUDsyJKZdT,138065469979528523
tz1ibTknNagJCgQPgcbPvJhpSyS5vxgdyFt4,25884287675383079
tz1SHzbhYsbX6Uk51hJC4JkjgWM1gWaSwBqQ,7660241107318235
tz1LGkz6e1mTymuFyHBVFQZsHEtHepCYYgXD,147864819909124998
tz1NW1MMFL3jytxBjhx1qATMJyY47vLBMa4p,425942088406326985
tz1QRm2TJKnarZ9tbL5CNjN4Ltq9pJtytuk7,202880776232601
tz1WJpBDRGfa21un4yQDKTGXZw561nsGg7Qe,2938783205586030
tz1UXAsfFeufr6p2PafNr2oXNrTDSdtwwdgm,3095716219232942
tz1YPUNi7KW28VxZNEu3fNkRkJG55G9p7wsN,2641863656829411
tz1YpusrSty7ULz7w9sM814trSRmM1aNbmZd,93461355980424327
tz1cuj9Cgi19KMRi83UuypS89kXM435qdhmy,375746335599181
tz1htwxBMBFikeP8SnQiEQyA9n1ryDrDFyLK,1925673735056389
tz1XTyukKgkqq9P83UkV15np7EtSSEy4kAeY,1972401445439870
tz1WMFtCLLeRiayH19ZiaErKq4Zu9p5N73Sr,7394584850
tz1RFUjzPENm3vF7quaxfELQCfNTCSjAsFdA,18984182003645766
tz1cLd3gXJ9Fk5c648hRzFvTnGfT97CxcHrj,18791596145603674
tz1Te5JR7gzDBwtZLKPWSPuTGFE4JX21vVur,742847669752
tz1NGDuYTuuB1geX1K5b88cqa8JinFLdd3d5,10501791554026180
tz1XykUaKpskyp7hDEZjmuNTk4gFU58a46KC,1104628320517698899
tz1dghYwdzvHc3tYHp8iHpNUSpmAvvs8Zjs8,7462690151427067
tz1PuipWs33aqS2KSG5k1qQtC6Dff1P1GBmM,9397284913
tz1ZNxMa8XsMa8JTv776X9iCETcNoo4SY629,2991324044233082526
tz1iAAJhH465Cf3BnsKQ744XHypQGY1v7Ps9,9820933004
tz1a5QW18ULwjJK71LSc7UqNGgryrFouHzf1,80885765180088374
tz1Z1ZX2B98nEAvEnLXJBCnsJ6K1GqaSp9jK,6716253893497989
tz1enT2GWv7U8jyPmmoVb228u8hvi6hJh5FF,670204982032367
tz1RyhUycXcivQ3jzF7ZpFZNcoLcgmXqcrSz,188281797045236468
tz1gVon2mQhvutR49Yd5XK6k4ypwWfFjMZtz,7548638701
tz2HSz8b961xoDjDLy3aFGogvW4HEqXXdcR6,60535493274602406
tz2EP3fw5CbUUgJdx4c3Xono8Gbc8PLXGRM9,91477165994644748
tz1VCogGe8xeRgQCLrVhPbwo6mBSQxAXep65,11413432107115672
tz1LFFspqhK9KRQNvS1ahZ1RcpQ2PNeM8TxA,120468282129911
tz1ZhteLTqobRVCYsPj44oFfom5BJ2SdGxeE,14873811546485132
tz1aRF3qMDrbN95f8dGYTKPaey6J2qQQnk8j,1344205458509978831
tz2ALu8Jxf2SMgzSZaZEwfiJQbogpUDPStwz,255441759063679695
tz1gLNb49fErXUiYdreLAAV6twp4v3Lm8V4H,14006954959858232
tz1fCHiWZ3ReGqvhxkMejVzcnXYz1rnsJpow,661062367390964
tz1PXJVTDRHBcjJGpD4h6PzDovisMJuc8zVc,77615564865114305
tz1L1i5BVehYJBebCGvPYU9kZYGKBELGUJGH,122702493338794976
tz1TR56EbNTEEDeRrsPzQzoyvwFgZT25q3JR,6625373213257052
tz1XbQgDFCaT228TPS2YUeHHfpVqGW7ANCDw,402260486036543531
tz1S1Aew75hMrPUymqenKfHo8FspppXKpW7h,8184110836
tz1ip7fCgktJzFWxnoDdNBjpF4ZCWw9qfScc,591718721351143460
tz1Wb4LakUUYuFuuEgXXQrNZuBD49Trodhwx,7609311712944545
tz1RAfKUFBX6P2jFkCpzLFntju7djjbtKAKr,288041684429752757
tz1MiQ6euA3EEdnZxJ6EPwVsHzd6vQ7AHJmU,14538985168111854
tz1UFwr89hcJvC4sNCYK7zSLcaD4JW2KkNYD,80320788887436351
tz1TiJBTfVoXxregtdgCs1rYd55APXSAmniz,14629517435861865
tz1ZPSGxrrPPfrmoGJgpXDArNJfNNy3qGvE4,6637480209127244
tz1iQ5n52oSKgdtdYtqEJgKmQYbL1nn2poB8,180253075706257572
tz1gueZ7eL2KnvxqWudHjoTH3ZPiUCmwNKR6,22399094990767004
tz1QxepCwQ45EwtcxkgXZezHbnidvK7hUywy,121543706221543290
tz1TVZgy4rejPUkEF3bsxLGNCp6H4gz4PaGf,72045571017642633
tz1WT27PugwGBtre1hsj6BHmbAK2qQsVbRDo,19256731823881993
tz1fL2TsQR271w84MXx3qFD7y4PZ1F2mpHFA,53850275994259616
tz1KhU89QWZuuhhnDD1paFp1jYMdpJLh55im,44652950822248909
tz1QQyhTMAmNQPcSGkM7GfDva8hmuFPAxUMB,452616423287873141
tz1htnC2n5n27PFD41q5X8bDvDcjbGMUS3f5,488760847526722852
tz1PoickddNEkRN6qp4K41u4KUW43vZ1UDvF,265536438559272487
tz1b9qYttBxHzoEseqabgvQiCxafZzkAtH9G,1805121991271146
tz1MQotPcNdc9R3nWCTwXLMDqKLS46WqW7Wx,76183061739973960
tz1a89Pvs553YqhJdCfDdQrRuQeykHMvVSRX,1272381963915471
tz1favSqpvTLtedjTm1UjuEmKfgm4o9kyLd1,101318353358424916
tz1XYuybht7U1RVsUip7H7S31fBDxpUgpTXP,9012150286
tz1YJvMiZyXnzvV9pxtAiuCFvaG7XoBZhbUQ,42487336577363376
tz1TmSForCvNii8rmwL6q2jgicQfqjNFtj8K,85610018484722855
tz1Su8UYhcLvUPYABx7kYsWRVibZdiZPnmh3,632867862107911117
tz1eoqCSmqPQtTLs53Rj6gBB14eQh2aHWVxu,19302407789367639
tz1XhZUHsJAFp4FHoeeQQ7auVBk5j6xoUKbS,2326943154251963
tz1Pwh2MBs6q2SeLHiko3iJpfMwsDV46bqQU,435798610200415728
tz1hLWsybqnJtQRFp8skYy5aZLGNmL9bMUpa,46653324095017771
tz1PuYitvGfsBm7C3oYAXqNc3t5wNhWZj5Dh,41310872416176089
tz1dbCAvra65bwTVk5mgkYUHUGz3hoKwovZ8,19407155164849092
tz1T5NfkdPfhkXzYx8akPkdznxSgU1Uf5jEG,34874534639626223
tz1PYqfNnkpZydtSY2Tn3Rv8mjkgUpHJpFXC,96917095260030032
tz1WidyAU8wuyG25Pd7b93bcx9hMu7W9Pea8,28469563115605872
tz2Mz3ovkZR2HyC89CHHSdsrPya1mKSmLWfD,6723160609058747
tz1ae2d1BJt7YUqaaec6Xenh3mBqS7VjSZtK,4785810238837164
tz1L1XwcVmD2z4qPfLtBJ6RPThgAwLcXG6kW,1016134637666066
tz1VeyZaPimHfrJFy8WwsCYzxHR3VmGTMpgK,9958186782214394
tz1epFVHmqeWvvkFf2eskwhQ1AY3JwWd7Ej6,20027001156148005
tz1QRcnskFh7eaV7QdEnjoYdDfrDqHgmmrvF,52085990498559042
tz1XybkRZWjLx3hwcy1hQ7PT6FWEhpHm1FBv,719307182192242
tz1XcuwadWbLKkc4mDVxRo25dbtwfEa7wf2c,35891640606079877
tz1MkNbJTzf6uADvfSJKJvArvRoVvjk3tZz4,502681584250483
tz1hvRvzke27MGtp8CsSvsafxyyMWSVYM1ut,3304526258598135
tz1a7MJ4HMNbWDhKZAqrvzX5P6u2E2mJyJiV,69489584535042808
tz1citPWufjty33AZ9KwZDztqrTzdNjfQU7P,405977365330474921
tz1b58mxvQAc98hbXjcrgjf5xnSwYXzi5gX6,442229243017648
tz1WeLuPLjUs53Yr1RCgq4EQ4d5SvV651Tqt,2580291087587644266
tz1Wo716Gggp5HfupfxtPgmYu23rDQNcLcD8,64643891399564806
tz1imyQrFWHyTp4avUNAw52RxdFjU3HPviRN,12986864234576402
tz1isKR8pS4pdgU934K1S4UpLsF56ECJNArh,24041405230309986
tz1ZVoeS9T3H451BgjTe18pM1q1LPd2cgB6Z,1406823060669734
tz1Kx4ydaiJHThd2nTgXR25JPTZtKyLG9KC1,6036020215440864
tz1eL4fYCgegW8tLCbQ1mYiKY3TdDxWnnKo8,38603346001279939
tz1Rhg2UDkjgLhemdSMtiGVGRmzwVLVaHArD,4793952069876603
tz1dPHDXSCFo8PienbvDMyCKr5DXjPMrZkJ1,27797789298988165
tz1eFe7ufhpTuqh3LHB7zYLuFgB1rFCPXnzN,136601772384596
tz1fkkxXSMtSQew8F78XdsnaC26AfsXtsGiY,6748678531851130
tz1ZuiTWKXKqYfzFPaSaAG3Huf9QM1AdZ1pJ,24572560359090413
tz1RsCndtupuxe2U3syGAdcRBzpNqJZ9ANNc,513261460751230539
tz1MrZQhiNiHK14oEq595DLsVQ9wC4Nv2ZXW,11554039406288244
tz1LJQ6MPnjGekNAmhFmkm8XWtM6UGx4MyF4,117463195560169702
tz1hmxzW7MuU8HeRoCFPGZJnavGf5unqgaph,70603664820329058
tz1Z6QqrAbEAMDLsis3v6b956sfH6qLTSEex,2312496181978080
tz1NnBgY2ze24nQDpdY72wb1GVsee1UfAT3d,2582705745596241
tz1dAW94vB3yYfNPE4LM2txBT8PQ21Zq4Xzf,5777020916318199
tz1eeR22tmjPN3rGDikEMvpe8jcdXww3dqTt,19256732016449306
tz1MsfyCeQEt7khed67HHsAidezZ1Th6mjzB,6678127664347375
tz1WBMWCwjuFSsiiLUWKEQHEACNEat2S3EsD,10119593053998088
tz2SuPjN8dYMJQe548bTvSPL1fdStZPXv7gT,930678874389310006
tz1N33TtiYBQ67sw32rhCsMSVpZkrSHWe9aq,300740064807126345
tz1QMjzbw5Yoi2zPqUeg2yuv5GZdmXjhh9mr,19256981756998586
tz1ZutSZgCHEzxspXyoSYSREhwHh5g4PM8hN,19222140440989400
tz1NrRkB19Su8iBGVTz1cXbG3oCw29GSmasw,15384030652375276
tz1NJS9T6FKTnKUkVNv2g44GHTAhzH77qiYw,39057825312519726
tz1URL5HNuTa1fHqqCtUKXUM3hm6g9c88NgF,60806422236501
tz2M9C5x1KoZGoQ9xEY6fQ6Xwbe2GU1RTzRx,9670962136301308
tz1c8JTzmA6c7cm6ZmUwR7WES6akdiMa1kwt,30488727489344383
tz1XRTNgXgWmR4PqxZpiB6HZJ8Siz3M2JAim,9124693114006222
tz1LxL9L2SmaFYw7XhyATaRAiLWCgxKmycBC,45869827260769789
tz1imbraxLCQ9TUpnJVP31LS18hpTqG5wv1k,21641405156789078
tz1iDuz9LvybPBC4kDc7ceBoKVDwwzJR7zKb,590451555781404512
tz2HYjnnRbzPpUGMUYGKVXDnsfSKKqH3aCVT,103532656768742892
tz1eiyML8sHGBL139FwJQJeLGHWAFtDqPz4U,1925673234381374
tz1YQDCB6Hbn2ozMyS2kf6WPJDeRvJtmtNqQ,11261525898225786
tz1eeNRXYK56vgSfXHFcXorubcaBBCVpUY1Y,537776083874766
tz1TQw8erN1a2LpfRSNMExicRXMveBPbvTKE,7047963685
tz1gaRjULm9qy4D83VCvb4ABWLKpz4XXfqjx,9333070185023044
tz1hAZNx3LrRKFgfRytoLNVGhCrzU1uVDUHS,44695922478186908
tz2HGysnSAQAetSyFYCa7SoH6XXVwbVqMHnM,63319464524022888
tz1W28xB2eAvRGCXmVduC63Gx6gGDp87zqbB,91276929421278203
tz1gJaXdi7Gweq8TUSy9knB2wLjioTKy2tZF,94193732826412986
tz1PoXtd7RGVBwWmmZvxX18NQXYpbNdiwwtE,53292121599368594
tz1RLCvv7wrWq4hTmyKk1zZuZeuUXNViSgRD,550333576318703883
tz1fXXFNod2gQDT2Vf9ibBortMmsKKorUv7Q,1224348346918966
tz1QFk2DJhPkzp2nCN7Thpo4askJjQ3Zw6BU,19541308493033665
tz1bRDYJHp3ACUojEeM6Ja442YEwNmcb7ph9,18902824046666961
tz1MDs7ym4sp2FsQhL32vuAnEqG3ARhM9Vi4,19041347290240698
tz1Xy5UM1tC3CFcbPBVq5PjufaxcLjMwfQkE,553576665450405
tz1RAKBnmd1X43pkkGqywYCRgf1Uo6D77zMx,553537728339552
tz1ezWyS2cFiqrNyiSVz5VKEKnmDN9Ah1zSR,50380200280005674
tz1cXwKRD6AMy5nhqEVUU23SBxcAMnh2aKLn,6172734152294956
tz1WNQE7B2s8woZp1d5U4SeRKHmssN7TvsDi,5883472230494948
tz1imrUNR1R52GxhP4y6XQCDDXtQs11GarTN,399389904442596
tz1chab75LnyqBqNwrK11459SGCFQXLg9uyx,5984549906659559
tz1USfPTFciXzVsQL7Rk8HmMWyWtFEas7fh3,22130270654810667
tz1btYY98CWBVCGEikD7s1buWjpicb9kG8aH,415702724500243
tz1fj962xSPKTA57yWHA43VeVzo8KqdpNAeF,1905457902233984
tz1ioU6W4otB7ebgRZTq1EVVra3vMyXqeqsm,5212977543376634
tz1N8oU57qMgDRr6N9pSbhaiWRRQSxJRPGoZ,21330562528576041
tz1fCEeLBcuSMSittqTnMEhcFdPCtD1HsiZc,2046721548517212
tz1WsKkY3TLDvqTuK97Xu4zuVoTb2nsr7J8S,3560489023665118
tz1dAekzaZ2VrjvuNxoaTZ4dY9XjgrjBvBro,10990984749324838
tz2DsS3zeg4pqoUnRPHxvuRSuQrjDnTZcTNJ,208610435794997
tz1gSGxwMrToBdzLeaxg4Bregv6W2oEbNLC8,179002712644478439
tz1dWwKG6Z9unqwonQUWV65gkz2YhABiwF1R,24713225828604619
tz1X8AQxtn4KzBwMZ6MZUVFDcACrfnyfYhDg,7933773328
tz1KxARuCbAoiGGesnQjr2pvZa7CzJR7V9D7,14047877127437294
tz1LGVwoTMUhi76Jc8TeaNUQhanfeLLNF4xm,11143683082175152
tz1QS7N8HnRBG2RNh3Kjty58XFXuLFVdnKGY,1154232940391855906
tz1RAP1j8SjwT587jyccTNArBFhC9HhGKfHq,2474893930909745
tz1QiZCuJMuVz3aq7j1Bq2v3BRTQPCdTw3Fb,37797417804855156
tz1L8hBVpams2fWFC9kS1sPVxfGY6Hmg5TQ8,5375331507811206
tz1TQSPkLPqXUREhxvYzPbAib6Jz35w2a6tw,17547341761923409
tz1XD1xSVzgY8Qs1id1kNyFJDbv9e9pNMe2c,9629100065196530
tz1Tk1MJDZ96bK85RLAqtKfnptZZyXsJ2jaq,4669943882476308
tz1avT6pCusXgxhnffuJzk49Vq5QppLVegHB,7481590059166622
tz1RKg4C5yKTzm28Qj9gKmfUozCDrctDpx4G,20177601158368793
tz1Kw5M75chWdw3HUBMg2bsp164TrVXRsGJR,4720503432765826
tz1hes6aF3Px3D8nPQx27fdwBKrXmGs1UYxT,9824030372514062
tz1c1BG1PEeuhMFwmonTVSGafehicqbBJFec,1636387427415402
tz1WtkHVMtif3DXVCZ9pUCqWcBsmqgFjgdkk,435364984633022
tz1THwbFPPPBHmBu4cmLV2SppLFrA5QfBhyF,6803880821607677
tz1U1aA8tyN6QByoYLhSvNu3krJPLYqnkRVa,9747129694121087
tz1QSwx2wnmrTjEGrid79c4tpFMxjCT86SAy,16468673777607327
tz1RcJYTsoYQ7adtNMANhwd8qf4zApM4i2Yd,8877112053096854
tz1cvrgSekgCqgyc1c2qFPSeMtux6AAAfDsk,7953030060
tz1a1ZcbAeBEjxYSwuNKxSu6FbFB4dxdL3m9,225685637397449
tz1NZnfrNgCGdECyAhA93TLPTSciJcZBJqDY,12789289188320913
tz1UGuKv6PzgVbofb42VgeRwDwsVN47UpuZB,32530034391618430
tz1eCzNtidHvVgeRzQ38C81FPcYnxMsCEL6Z,192567314194906341
tz1N3nvFqipu91tfU9s4GXGsopawpwxSoAJh,1583384699287385
tz1LFeLTRQZrgKxbmvjz2ckViRhVw9BZXw7t,381661529147610294
tz1XuzzMTz1LhqbRPy9uxfRkccSxju3v8Y4j,17877698190781609
tz1MoiwNRQWHfA71aypNk8J9CsKjfmq39c2F,68988076203343621
tz1hhphPmGxL6HEmEjoVSJBy82FMWbFwzNCD,385630353655483
tz1YHLm7Lq27q3rgVXLY424zQMkvncVvNiaK,2118240740758459
tz1fKtBhuuZiMYhM3Pi1hcP2sjRbstgDrmqX,619811136615113
tz1XEA7cp83PyiXfSxWu3uHjA3EF6Gdh3Vhq,2083634815414870
tz1UXMLCt7dqbUiJ2BHRhE1gFkdVkmCZYcM9,678964926907768
tz1iKF8o1hCLaTNZcCJpgKQBQxkpcSiBy5V6,27198479788957540
tz1c2iwyckUCcicx2qxqtwLEartYFEHg1pvB,12381544076983081
tz1PQDUDph7dDCn8pLGXqaR79DiUWLiSZdEf,77104831191855702
tz1fUZ5pMP1gUjuJsp5V631cXmA87Kxm3cuZ,4843379470036974
tz1KiUXfWuF65Ck5zY4otx8t5pHToY8stYhj,6111189451112493
tz1YQXd4LjZfDaKRvSTwBEwgggREFfX95JUc,3709217112476790
tz1hM6Pz2e5vJbd1YYkYHcj5RL7tXhcn59Xr,188166383167511
tz1NVsmLrZX4jad9bNdvM1EskvcTq2LSZhLx,39381502800050167
tz1cBNfPUb3Gi6oezs6fpXtki8EzSwjnoNGS,10650124827364117
tz1h1ybLPkwDH85opBrU6hge8wSsRQBnAghf,7840148403051072
tz1PKoh9LB2P3pgh5ahaAFnrC2QBmUxcHDJU,5986703882573622
tz1cqoo91JCc6sKmNuTVKNzwUdi6E6moHWFb,25434830208297360
tz1ZGNErBKdYeEPjZuqKXhyTixQTTPn54bx3,3845047489411833
tz1iUyniY5PPWrzE53cs6jBwNKUun4btzMcW,9599115396151732
tz1XoiGxnmjnkaKcNyG4rrHNNEoh1u5VidxY,5340878211320542
tz1QVUXNoyCfKpAyxDpq8kR3rK2AShuzQxJ5,65701446053257277
tz2HZ2yRFd9F3uLcKnLukEXhuUz3HqhZf8mA,116068611456667123
tz1UVTMhbMiSETKCxFi413yZ7imF1xeyt3fV,19644883904282010
tz1XisBzUGgCmvC7pNS6hxvQ5hMvXUTd1p7D,323587300750471
tz1S5TbsJCWmCyRh3ghJ2rWwQHHbcvoh1uYV,192567314233419803
tz1UAYfFWmaTrQTYMptaGCw6LrXK5Yv84VnQ,104573371656694
tz1hLhGe26gqt78sZboxiwne6zgKMqirRieW,25237080426654683
tz1YfiydbiaKMGPuavawX4rQtXdn9wgpdDKS,6743532660885420
tz1RYTr2WKdJD1MMV51kN9AoxPnxZJgJ5sqU,1049337151683341
tz1R6mtcAQwBTK9YpSqRL9y2a6JZWgDkBm6M,93737851557352068
tz1Sv2XMQNxcAqyqyyv42FHjf3EGwJ3Godj1,108424162626527034
tz1NCsGajb5YgZdhdviKrfisN3VteMasnzQi,3424320899390503
tz1Vh4cX8VutUUUnnjmnY2omSV4F26T5orLH,15537205219161411
tz1hgSYGDwHFqC5AwW3P7vYfXfdwwsx4ALAN,4249094716188
tz1QGCWjNpYmcS6T9qFGYSam25e36WeFUCK4,11576204655120272
tz1URdfSGhAfbtpEkjWBmpTt3pyLmxdHdPYy,308547702128199
tz1LApX9pPhcDUDznHR5TTCcSXh3m6zPgFHA,6195699017640849
tz1hUY7paB2J5EhD73r4oWL6uZubf1UibHrk,20784071366280286
tz1MgDFQvyV8Vfc48HgeqMbCD2Po7nhoWDeL,6093918297921098
tz1PWZTKd1zhfuxrixGJoHJ6G17SQiypwe5m,9570595496
tz1V1Hu7nMcgVuMKDEZickAKHHZavLKTB7Vh,10302351288
tz1NKHjwrYfg7GWwbWZ3bvdejkVL34De72Pz,10090527243
tz1RaZeHEiKewSd14gZ7HKfcQ3HaNHJ5tnV6,207564730367361405
tz1aiLrqvULcV2Kfvzt9dUmqnLQnoNXPPek8,8338164687
tz1M2h2hPZzov29kf7xcHXrunXb2jFSbfiNd,96769060466253236
tz1MToDUySbYhPabULUyDPPsfDQF1cpZPdoH,14500749599240459
tz1gMfLSQs6xTM2TcLM6Sb2njJ6h9qhSsT9Z,1909082710949526
tz1LSFyZ4z6k34KQ9rsoxE6gTgmik1nn2Zmy,204570773950000342
tz1Mt4ddsTmDs4of6kkWYvMWSUtM8zbGNMq2,9370061464098
tz1UNTxRbAYTSBSdHMjoUoYAtLH4MHMUiGwg,1984728742351646
tz1YUJitqsUrFfFzEp1d2RiqVwV61J8aPb4E,110701935524010
tz1TqqKqc4t2Y6PTvxeuhF8kNjVn8HpZkKma,13126193998441726
tz2VoUZvPNLyq9bZ82VoDLrhkH8n6eaUoS6E,2479192722182616
tz1ZvbLR47deoqaSgsaRXe7hbgDgwonBicnV,96788406112215640
tz1L8m6MGdvK2WA65wQ7DeVwXVmCS72JKWeN,1302082374775083581
tz1iCJRFVD1oY7yQBap6X59XktpKHJtgCGyS,548266665059484
tz1bnWUvcfU77EBpbLUQ41c3hCBKovGuqyGY,34614360467756737
tz1STAzkywd9GnKGvJBPL4xWte3LCniyu5ho,9932393585110808
tz1g6cLrzLxNayiVyb7BLsKK6TfwboqWaYPx,378146726965216
tz2Q6ugZbronUHSk8fbuHibBrBEJwrzgtL8X,2767256149825241
tz2Kn9u9cxvTczP6CjirJnEE1UApmoCzuGPB,7787757929417830
tz1aHfKHR887WzmpA56K2diKDufR3QJqn9iK,517829076896490565
tz1fcuYiLoHA1qD8vLJmSJPPKhGANGLJZgin,7618191841360
tz1bdbHUpDrUx7m5g4VTSkjnc3mxnquzRTcw,96738259900909384
tz1NoV2nnTuxavEAuozNyHm4nqT3qtkYUNYW,20572348583493
tz1TQJjDtzUWWAa5a9H61iyPZmuKRfX9hXi8,882236833505
tz1ewd8gDnG3USrTRJVdbpsyieVv9fWDMPNk,16411459051084753
tz1PwxV2kaHhubkYaRWTnGBvsxXswz7V9GWc,39652877721000174
tz1Tpms3fccT8x1pVY9BQKgnvppew71pTDDd,1274512091999362
tz1bNLPqmLVxWF6puxbFZHU1yCJLiCZmHH2E,33440677103449
tz1ajJzH5YBGRuXnU7QDJzY2qVRGcysUbxJE,1333751028916333
tz1YT4u9DnGFiRM8AXXACY8LWuV1rW3A2hFb,105521870343605817
tz1QppHuA9TUoFN5Ek2ZSmRPdU1xQiwRSnPb,357603543060230
tz1fne8nhZuSRgzaQPyaomKQcFRfthyicBQc,1161770360512511
tz1PGFWJqZhk5BabfqxfYixpVH9S8vY7NKj8,292047643655807
tz1Uva3ynPUXqpAsWJ3CxcXVPG7HEXB19rzU,11521345215465566
tz1cGZNvVyHrKgbRu4b23Nw896JD6GYhZKQm,11496732665118416
tz1i9THBDe13YzhSmcdpcWKJrL4raaJ1cpN3,11475934162433805
tz1apbBneTw4Ap2kdmv7gfTv4kDPYbR5HAkn,9694498976736352
tz1MJ4C21XhL6B3YptprRWMuL8oeJquUhz4u,244420868797451134
tz1SMoz8tsJzeQPtGhPEjPnanQMvFc5KitVh,623458812592371
tz1XuNQgqT23u9KcwmRLGGQ6w2n6dCE4bmoV,298721385162736875
tz1WrZ2Th2eCuq5NuZb8nHXPJUjaBE25Uwgv,1839867161604
tz1QRRG3oUJBo66xvidmpzuwPuoVBBtLxUaG,1241896158657437
tz1idC7XEoSZ45sXLwp1ujYJ3yNFi2tkLT7A,69951377918743
tz1d4649CmmMEzXBWzhTgTkFxy9ATNhb5HC3,122530065534214
tz2CrWArLr8eRCj6mp6yYQAKshR9MuyaK3Qu,12198818002624403
tz1UdGjnCNd5ifzEShXft78CmazG9gj4fdrN,405200837321080
tz1WqkwtGV3ttnchD3bqmucZwByduHq8EN8f,4818479024033
tz1fvhxJtMzKYkXM3fvXrQEyAXyMLYayTtZ2,53916403663970661
tz1dVTewmwhAqfBcAgDuDuF2sPUaafuPA8mr,11253889332989783
tz1ScePe2eXYo1RBdEe12hNY8KrvHyjFhHw6,2596868204247307
tz1XNmNga2NyqFiNpmEN66fpySDoGWoKpKXB,149099959280097311
tz1dXpsNAWLHVYNWSqhrHCHT6wh6L1fKZfo1,1867454363939490
tz1N2AezxpvrXzvGaqNVW9BqXxJ6Rcup9M4p,16032905069559
tz1iFKBz9HbJDp6omQGG9LC9bTXF4zKdkJfR,41767902097644
tz1cp312oRvwp5honfR55EsWUF1nA7QZYxT7,19774481034156
tz1fFCF6FogyPLLjSk3FNTG7gVdDWfPCWVni,999343970298
tz1WUmNdnrv1w75V7ntFSt5kSuyQfYuo2hqK,3102767983064235
tz1LYQiMSoy34xAUD2NnsJLCTmb8HYYR9th9,397452295055704
tz1VYa9SB4LtsHLWZnJXc1JuL7wuX46orE2Z,84694828851772216
tz1d9NBC61N2Xjo9LvXAQsKPqC4HaL1mFD9X,64671067761611539
tz1cAxm3wHEUX9tY87sSfdVfHgCWcPCTkNTA,4419468066366321
tz1iNdzx7BJpGD2e2YaV2QbsteMQWMAXjjDf,27607997816993771
tz1YrFGJ542U6jpYHpe7BFHxNfa2mb1wpAdH,26668944923557
tz1SPVSDCDpbqigKWVYnbgHEudxSM3BASPZj,29216060567278561
tz1f7C7HeTczoCxoo8oQ3vBDRQTiNM3tFTZu,2393443043479581
tz1P8pHeW6qWzBkgeDvi3bc8depN63r5tt5s,1064470523024096
tz1iZnkruZaYGv3dfER3wEasjJj5xpaTtMjN,6306527338090408
tz1Y1svqGfYwEN9J3ne2WLEuzUVnwzP5qoYW,2482196902261
tz1YmwJZfEerVMbc8uuJc7xUzE64ma3Xfu7L,174591080649103
tz1aQbe92zZy6MNeRFtgmgV5dV5R4BNTdqK1,173781086849070
tz1THz87Wwo5DL34CELa6psvuH8RXShPmSbc,43605479336453
tz1cgAHrLkuj5NrLmQ6LnELKFKu3i13CokzB,1190502560476
tz1eQ9skdokeeUyTc4SdNQMPigjZ8JY4kzus,98257375544352
tz1S35xPc2sh4kK5hd7KujsWU1G3SUdCnFqp,12078765536177
tz1dYEEirVkgSnE7eGK9vFUwxWBqibkafs8W,35731258055408
tz1VLGH7SJ4HA6kDXRiHYqVFkn2btjnoxqib,21075439824117
tz1XYkmAHtkZFjZLdWNoL2BTqUws4oD4H1PR,15441278024963
tz1dCyFm9jxuhxJEi8UW5sgiS7TFubaNT1J7,255079715746
