Address,Amount
tz1NRbpmTuPEFCCYCqCr7i3hkMRDRhBFgmxz,9
tz1foujP81wtDKMCX95CBY35TUYzWapuuuLg,24185
tz1NBpWeS2gVpwPpT9NUn9ifBRfriwicJT4y,1858
tz1RDbEW7YUkwnnDdMNieSiF6kB4XBws7QSg,1325
tz1XwT7cC7UnvMi4GooA3qUNEA22cPcUXxLp,2066
tz1WdQ1dak79v48jXAQjYtt5ZMGnPiwn1ktL,3
tz1eqt71cHna4YgyNg3ao6x22xU7c7CZXxcf,535
tz1SBxNvpDFC4bjW23CtQfVLqN5cBATVf68B,139
tz1Rgo7URug42QnhBM6eLy4MWdfwn4RovHy6,4791
tz1ek9wEDD2edxuV1JniLuh2ckh5DeM4FjQo,655
tz1V3fPD3AKPNwZf42PKGzFaWU3vZ83Gjvfq,434
tz1P6DFx1Biicriaz37h6oLAhndhBL8eMoAt,5565
tz2UD7tXJyBrfDBHnFzhnaeL8ZGHxcDZuDa3,2301
tz1drEV5soQL85qJMNts3JfkgZxD1oL88gsh,108669
tz1YTQ3Lys25j8FhZQY61eoYErYUteSao3ez,31
tz1R3bKH1seset2h49p4vrZJCEL8voJgSK2G,3274
tz1Z6nhkXDgJjDzSpDEX5g2o1ris8Ga4xjDY,578
tz1bdRJkGkNQ7homh4PTnkVM7xzVWhuC4EMm,3675
tz1Z2Ne4ZHxNPuCJeCcoykHVXTqhVdLMD9gV,4435
tz1Qji1NnEPj4Cxa9s2WEoWi9U9KM6a9gdDL,1159
tz1VjYmQHw4QE6tYTQLLfWNjqkUNwMC7YPoF,803
tz1czaureyspHk1etv1dKV1WmHCs9pb4fXBr,359
tz1cmanHzitf3UgWgECzLpGUKpzEfmGZaFsw,3348
tz1eZFb4bNMMdveGT7BPcktbYsurg2e8r1xR,11
tz1RartAmPJhFsL9oAhZndSL2G7KCsaQqqkf,23503
tz1bEi1SEPrZh28Vqa2gKi7veuJ7AksFC5GL,43
tz1YrfZhjFnhgERznXtYee6c29n3PBeam8A9,98
tz1MyqKoe43P4Z8MfHoXVBTrohgcbehp2zLL,12552
tz1SRcMg9GRXi7paNeAc3ARn23mS3Z5dXa6S,105
tz1YjtCLzjw3bqPxJh6MqdVBFrM2zrsA9kyg,40
tz1hD7VdzRpWG3nmYpCyW2gNc8mQNs3TCgxu,1306
tz1MstraWa1kkCRoGRYpYEtMncugi99rUx2H,4
tz1f38MX7YT2Q7MAq3mDdj75GTN7vgqV2TfH,3456
tz1U1Pfo6gY5UKitBztSaAbmbwFxgmmN2oaP,128
tz1aBDeNFooBEmBXnWDVgLknNMUHMYhHVcRA,1656
tz1hD5k7QW9ChHCgb2YLthKFirKDYQiNPDJz,188
tz1cjTb6ijvnPrJBfaTEFphxDovW9xQbkmDK,12
tz1ZL7ekzieKxwngCCyjsCN5qhu1ohwJQEBy,440
tz1enbGpES1NDr2kTaocDhxvMqtpMy4ruhW6,175
tz1ehGMhxarDhwppx14PX1Y3eqbZ5W9Bc2Y1,43
tz1LN3wPFYuS5fCnodwxT94xVFLPtcFHvcHk,2266
tz1SRqikWtR2KNpugCApreA9QeZuqh8swQMa,18
tz1dPPVGVRxY45ZvnRMU3vebaBVMuhPq5bxh,9
tz1deYjddv6VT4o656x2FsaaN1owykAT7Nmx,86
tz1ed4brTwpFg8hFUJSJ4HqnsC7sEjVesMtb,1225
tz1QJE62jTxHis7kZkbDT2zsYZyauNDNzWg7,545
tz1UcwKfokzWm6g2jpnVVqjRBd9iFJQHhH2m,205
tz1gWt7kUnJtGXoT5BYzHVa89qGp6QVvQmyp,543
tz1TJspN7PEXSA4tsGJZ1EAE3iJGDBoXJz2Z,263
tz1epR6pJmPaJ8vvzNi6V1T51ccocX1Y4VBb,22
tz1TrxaPKNsRpcgw58155HdX6USrpV2fERQm,582
tz1W19DveaP3mW4WvFtdVdqGsWwBL5q1QDSK,402
tz1esdEqZC5Nz3HDFseHvpH6SmQJPocxLzA2,224
tz1ZLGi9hMam6Gf6kixB1XK1yJED6CYu1tGg,4519
tz1XyTsb9DwkPru3eU1Cwnr5JkihEi5eisHo,881
tz1ULQQ3S4kFLhhpPsegiMVFmXx2G6ewmbTA,32
tz2Lqs8WFf2HDG1RoxG3EAtuHjDS27XQANWT,10
tz1LRrXCmELevk5znmVcYD63TChSpYh3vaE6,488
tz1dNTV2DXUpqC7SEiJ4BTB5RvL53bPPHZfM,372
tz3T9ZKHLVzc23dxD85p9xo6L8L5mx1hvb5x,1140
tz1dZuKxjVojU7gtRDU1nMmG8uRdowF2Q3Sn,923
tz1S8GvdiWQghwPMMzbNvRh66rcfmhEA6vj2,4686
tz1N9qzry2ko1gwTK6HKWamZZK6FGx3Vr89U,406
tz1M5swezYMnDaim71PSeb2cPFk49ajrvDV6,768
tz1QQ4HyGbCZDmQxeVHoLP99KLyfvGvyX21i,6049
tz1WKygtstVY96oyc6Rmk945dMf33LeihgWT,2166
tz1Rux3pGrp2KpZUBKvg3VQ4edRYVJsapr4z,15589
tz1d9Y652aoNq7351TAYiNeWy4FdWuuw1JxD,35
tz1LWMmDzH79xyu6JvELrnvWLBBVjZg7TnfN,3238
tz1esBaTjr9qFQ7FhrDQF7N7bTpNSVTkGbMU,113
tz1LaWQ2BUAdTVNz9nb7AhKDcPDQsb99tzhD,23
tz1RfSFe1dxP7wh1zSffEnskgqvVVWKNKZG1,142
tz1czGMShkB8ZtCHKHeCPTY3CpuiCrjsGJBy,220
tz1UQ6cQZef4MuskJjV9g8pXNZa5s8ff1oQy,390
tz1aZsKPTRdkm9vaQhWv9Mz8ZbwxSHmf7t9T,91
tz1KyRUKbkuBTK5uaidmF8FbWHYrMjdw6GuP,47
tz1dTmMLY7tan1HKfW5e3KxJcfZput6UuTH6,7
tz1daKxrqyoFUCcuQj36BeMN9C1Ytmjg5p6n,2043
tz1YZ4VZCRPoiDyGP3U69jCq2S8duDUcRjHP,45
tz3VvvqkW6D7bSPej9x3pghjTozTRbaB4Gn2,246
tz2LYELYe16viwVBaRjZc8GsauKRsxTGPvB1,1122
tz1gXcAJZUYqK8JkkGDPN63cPQGu8LiBndK1,1551
tz1gN5Ch4VeDZjiM6R1KPMBxPWFxL3HHKZyT,251
tz1L5rXu3RqYBjZzjWXLaFANYZcwS5Pb1ZST,37
tz1Md6npfDk8cL8rjnPNZU15tHvyCZkcGDuu,111
tz2WYko4XXaV4B5mzjguTeRkkgw8LyB2jA2d,216
tz1NkFRjmkqqcGkAhqe78fdgemDNKXvL7Bod,6631
tz1QkQLtDkqpw8VSymi13A86jh5iaCeMriMJ,3069
tz1h6J2pn9X3KMghNHZikrh3PtEpgCcRAjHZ,8510
tz1VCyNit49HjTmz8SEgeL67x4BLuoTaeYMy,4625
tz1gACjUSBkWjqWv5ZBMRk6G9Sp8xNAYgwYV,401
tz1ieVZFcRity1eybQtgUyGg8NLEYWNqKtQe,74
tz1bKUD8UtyPfknyWyMbtTqsfdMuWomrPdSp,132
tz1T5GmdYXDWwbhBrU7RubT7Z2dmz3ZmKwCE,1909
tz1XLpud4YtVgwiAJezLKUsAo9K2s8n2YPqx,258
tz1gmajxhmKt22CbcsSA7WWXSATgbuVEmzTC,113
tz1cfzEz3R8YKMqC2rbKnr2XtpNjZxH6RGdy,64
tz1MNGNi6vfbqGdhikvLBGbcz3FncMpuvU6J,1
tz1hR9eQYNNTZ4VGUeipK4PHtyyDEDmQ9dSf,1416
tz1RxeY78zE8hNJbqPypB1mTVyTsBRmPuqry,188
tz1UnGY1PRznh3CJzSFaW2V9EZdK36AYneHi,10781
tz1ecAtwNdrsABBKa7Bvn9ZEq1Ze1EvS9WTW,1016
tz1SBF19iLiCc8dNpKe1Ym9juSAKaTPyeypF,36
tz1X6ADVxP37XjYppBHMLVRJQwmxA2YxztbQ,358
tz1T1u1CET7ek19f5P59vCdjTNFWAscYQ5ct,1404
tz1c6Brwut7ZqXQfkjxDXvyAUL2Mr43p2JZZ,2
tz1V9qHfFxixcXJKWuEziUqvdrQ7BWpPnWTa,945
tz1Lqnwap8kKynTpefqqSH158i667Wdg8HVA,277
tz1Kp19QyYUnXuE6cxuXxsfQZbyqv5JtKPku,193
tz1cnojsw9qgMbdpgPeCcWPf5GX4YPvd4HAh,4718
tz1fbJACCskangcgy9xjDSiEYgh7CUmSo9oc,66
tz1dKaw4xdNjfufDSLWRxumNBwe2VX4mxXyW,2930
tz1RJf644pa7QAZqKzrPQGiYQPyubXarC4cv,51
tz1PTR7wFs8pTFarkpsZ7zrtVBJhusyNRRM5,177
tz1awQgCgLpgnkxRvbnKemRws9uqp6WASwRD,2
tz1PaJwmmL2nrRt5K6HvwFEc6fUfxNe6Dyp5,125
tz1YSwscBZCf26kSPvqsnUdhnS4XQD6mAjcz,1342
tz1iCiA1vKmgfZbY533ZgMwFKZ14S1DQNooQ,123
tz1hNGWJUFPFV7AWLXvxGzJVEfCZ8KJ77PJA,135
tz1MqSihmFMUS3qAmWPhdQWhzrhJJSBMaVCB,9
tz1NPu5aFQ12P3KGhBGgt7G79SAgVj2Skkn1,426
tz1Qm3DHkV7V6peZPyWe4rv6aToH3nRmWEH7,23
tz1KsiwkQ9pyrt4Ra7QrAQp5LQJCGxHQrY1n,339
tz1dz7eYRd5uV2DndcPWFeEHYGgw4bJZoCBN,585
tz1eKTUc8X17nVmtVRtxBcs3hwUPXWuqP2AS,546
tz1hXx6tvTV3kzxpBR6E4hDYcxdgcRGHUTFj,27
tz1fkZtnjNfQHtEyUpyX9Tqq4RrLKx35qBxf,240
tz1chg2T1s4DTjLqthPc49HDcqkFHMwdSPwb,846
tz1Uzm53vPr2Giyi32yT9GUvBErKqHPBjvQL,475
tz1aR3nrJgUyU5B623U9s1MtMsMjA5Wz5c3G,1070
tz1YaPLZuVmZaKB69BjJXKUDgNaZrxBR4Lfn,41
tz1WNk2o2hJvzjuZRNmZQwjLQuv24wDv1zjU,4437
tz1br5Mvr9VMEb1sb7HDtxpCxKVbZ5XnDqJi,187
tz1PMB2EKqwkD2NDuf9tvdqhEjhBy3pBGQKX,187
tz1QmBcwm7RH6swEYNpsZZfAWCCFaW6wugVT,3378
tz1LxqBcvRbZhp34C2ab62CMy49wFbsQSzD7,40
tz1S5RkjdXMREayGWMawArqqpyMqGRjohJJr,339
tz1bZ8vsMAXmaWEV7FRnyhcuUs2fYMaQ6Hkk,57
tz2Kmi3xEnXk8c7zqWSQqSSyfNpWt6ovG38D,998
tz1LgePVXLZYNhHoRQ6KgHfQjQ1uq7JJPZDa,758
tz1gk77xzDAG3sif9eFvsqUnzaGh4MrzaCp3,241
tz1cWUkZFBZ72Yn9desxcgS9KdH4BVfqd2ZW,804
tz1a3LNYNZTNN2SLMjWSUc5jtLWFvZ1kC7BR,1862
tz1MiKQQw6u5CWaBZHtn7Xmbr6f7fCQZyZKa,3
tz1SGPStfd9v5upQUxRiHPC9666X4FpVAmK4,5
tz1iF629Cc91SJkmQRAWAm6nYavf7RgpAqZh,857
tz1hJso9uzj2UFHr4rGA2o6s41UK8NLnGpUd,125
tz1WHGwmdEr4iruf4v9r6bdHgzC5v8SKYTkV,54
tz1Uza3jMhipiQMtmeEidizjbSqnqZMQyRv7,10
tz1YqsEWdPxBmqVKsJircrwBmCmZDtHAgHzp,1254
tz1ZLMaECyswARea2bTsBws9eMjgUm4jG8Uj,2770
tz1hKW9ZbV7U1hb1zPfrE6HG5UWsKt6eppMa,2171
tz2H21wDMLHDJ4jcJwPr8cmhFatSv276Jama,408
tz1NySiq6aHysD6Rpu4bYhFaVe3ASya2qB8D,1784
tz1Rb321A5bMKjQdczUs7TyJBeXjfCtB4mYd,4871
tz1USU2xSWb7CBYGJYat2X7An9sr3cFfsLwi,119
tz1aoYg1xYeEdnLrAJ7y2r1T3aMBCyms6ppJ,954
tz1Z5RUwr1F7BZiHjeHkPSpWBwb1EgwiqXk8,90
tz1WxCJ3UpzyWsXmmkE1YjYzbBv6jXYkbFYV,55
tz1Y9QxwVevgnxVtG56YS6s53W6MBKVdCPCB,420
tz1fq3tMpnnsZ944DVxcJqsVNGsWTPvqJzvo,574
tz1PrecMTmNArbdvQxtZLUVUBT8rcC86dKZC,52
tz1Ty6Hq9GpzxmMs5Sv1VQ7cP2U4KuSCAN3K,140
tz1gV6MqrjtV5MtVaATuemVsXDQZJgiaFiaU,201
tz1Q1LWn8wCK77L4xetjbH3Ar7sDaSANezZx,42
tz1dugdoeZULYPA9phfkpofrP95rFqhZNXeR,12
tz1UecmgMghaWovhh9EYfqTrK9gTtaiMtbzs,13
tz1gGwXf6Ggkv9T4jGmp58jUMU2Gh2vYjDyH,86
tz1QjPnpmqAJYSfDtDM7uTf5bkZDNY7eBECd,298
tz1aVZZd883FwyEx5g2o3TgQ7pwEYi2f6apg,51
tz2MzvuRU1GEKi9udpqzLpGYfDoZTiKZ3C4C,836
tz1SEox4m6JwzUjLL2daQMKU7XDrvsEukR7X,172
tz1XJqUrY2okTwoJFgHFJKQV98tsn2oC6Twj,74
tz1VqXA6L6hPEFjvsgWv7Viw4xQn5GyNszzy,7993
tz1Wf1Lqz1yHm27P2RQJAVV2CMxnhYK4bBGc,358
tz1f6qSGVtbzq9kMbuefmSX62cRJgPUKo54w,1
tz1iuQgH6htUbmdLALotF4HHbbKxjN7MkGd8,36
tz1cTS1WwovU7SC783xgJxZrzr151mcshmNi,706
tz1f4Z9FJfgStP7v6Rj7BMJnWJ9Mb1NdAGsS,1
tz1ersiy3MYVu89DFXvW7Qb8AM6LYptSsoT7,362
tz1UFF5DSDDtk3fM1ewaLvVG6fhaAeCdgYEt,45
tz1dcpUhXGeXexEXispSpfv7CeufoFnV7AAf,2220
tz1RKRhkvC7MQgKfPejvNaHGshWUDsyJKZdT,1073
tz1ibTknNagJCgQPgcbPvJhpSyS5vxgdyFt4,366
tz1SHzbhYsbX6Uk51hJC4JkjgWM1gWaSwBqQ,72
tz1LGkz6e1mTymuFyHBVFQZsHEtHepCYYgXD,1785
tz1NW1MMFL3jytxBjhx1qATMJyY47vLBMa4p,2920
tz1QRm2TJKnarZ9tbL5CNjN4Ltq9pJtytuk7,1
tz1WJpBDRGfa21un4yQDKTGXZw561nsGg7Qe,36
tz1UXAsfFeufr6p2PafNr2oXNrTDSdtwwdgm,29
tz1dpa4iDvAySDpgrcDCQky5Qk4kzLxHm8gf,278
tz1YPUNi7KW28VxZNEu3fNkRkJG55G9p7wsN,24
tz1YpusrSty7ULz7w9sM814trSRmM1aNbmZd,804
tz1cuj9Cgi19KMRi83UuypS89kXM435qdhmy,3
tz1N5jTEgaMoMWi1i5bU69wRCNrLvLL9iYpY,70
tz1htwxBMBFikeP8SnQiEQyA9n1ryDrDFyLK,17
tz1XTyukKgkqq9P83UkV15np7EtSSEy4kAeY,18
tz1RFUjzPENm3vF7quaxfELQCfNTCSjAsFdA,176
tz1UvkN6NDmGtkBB84svr5MRWsqQxMmM5chq,9
tz1YjsPAFc2RmuKa784bkeQhdVLzbnRVtB7c,92
tz1cLd3gXJ9Fk5c648hRzFvTnGfT97CxcHrj,173
tz1Te5JR7gzDBwtZLKPWSPuTGFE4JX21vVur,22
tz1YDRhXyq5ZHMoHXJX67rHSrUFTqhYjFo86,90
tz1NGDuYTuuB1geX1K5b88cqa8JinFLdd3d5,116
tz1XykUaKpskyp7hDEZjmuNTk4gFU58a46KC,10082
tz1dghYwdzvHc3tYHp8iHpNUSpmAvvs8Zjs8,68
tz1RwqsGoUqGfTegy7fnWg5b1ArKevJSudE8,17
tz1PuipWs33aqS2KSG5k1qQtC6Dff1P1GBmM,3
tz1ZNxMa8XsMa8JTv776X9iCETcNoo4SY629,22295
tz1a5QW18ULwjJK71LSc7UqNGgryrFouHzf1,864
tz1Z1ZX2B98nEAvEnLXJBCnsJ6K1GqaSp9jK,60
tz1enT2GWv7U8jyPmmoVb228u8hvi6hJh5FF,6
tz1RyhUycXcivQ3jzF7ZpFZNcoLcgmXqcrSz,675
tz2HSz8b961xoDjDLy3aFGogvW4HEqXXdcR6,540
tz1eSGjgq2NmLWnaQFQxafXK8ZQF5V7Sz72y,1005
tz2EP3fw5CbUUgJdx4c3Xono8Gbc8PLXGRM9,2813
tz1e5b7RDRhmUWsiXur9MhyRBBTpCoNeUuwa,1
tz1VCogGe8xeRgQCLrVhPbwo6mBSQxAXep65,101
tz1ZhteLTqobRVCYsPj44oFfom5BJ2SdGxeE,126
tz1aRF3qMDrbN95f8dGYTKPaey6J2qQQnk8j,11723
tz2ALu8Jxf2SMgzSZaZEwfiJQbogpUDPStwz,1798
tz1gLNb49fErXUiYdreLAAV6twp4v3Lm8V4H,270
tz1fCHiWZ3ReGqvhxkMejVzcnXYz1rnsJpow,5
tz1Mdpj1npkpaxPHF2wFN6oX8SovVPfHyXSy,17
tz1PXJVTDRHBcjJGpD4h6PzDovisMJuc8zVc,669
tz1L1i5BVehYJBebCGvPYU9kZYGKBELGUJGH,784
tz1TR56EbNTEEDeRrsPzQzoyvwFgZT25q3JR,57
tz1XbQgDFCaT228TPS2YUeHHfpVqGW7ANCDw,3398
tz1cJPtF6fU9DQFVhTifFCPxDNjKiCm5TKHB,51
tz1S1Aew75hMrPUymqenKfHo8FspppXKpW7h,8
tz1ip7fCgktJzFWxnoDdNBjpF4ZCWw9qfScc,7260
tz1Wb4LakUUYuFuuEgXXQrNZuBD49Trodhwx,63
tz1RAfKUFBX6P2jFkCpzLFntju7djjbtKAKr,2438
tz1MiQ6euA3EEdnZxJ6EPwVsHzd6vQ7AHJmU,119
tz1UFwr89hcJvC4sNCYK7zSLcaD4JW2KkNYD,660
tz1TiJBTfVoXxregtdgCs1rYd55APXSAmniz,134
tz1ZPSGxrrPPfrmoGJgpXDArNJfNNy3qGvE4,53
tz1ZU7vwEU4aoKard1acgnpGi8fFc4VkKzbP,8
tz1iQ5n52oSKgdtdYtqEJgKmQYbL1nn2poB8,1450
tz1gueZ7eL2KnvxqWudHjoTH3ZPiUCmwNKR6,178
tz1QxepCwQ45EwtcxkgXZezHbnidvK7hUywy,967
tz1TVZgy4rejPUkEF3bsxLGNCp6H4gz4PaGf,27
tz1WT27PugwGBtre1hsj6BHmbAK2qQsVbRDo,150
tz1fL2TsQR271w84MXx3qFD7y4PZ1F2mpHFA,409
tz1KhU89QWZuuhhnDD1paFp1jYMdpJLh55im,339
tz1QQyhTMAmNQPcSGkM7GfDva8hmuFPAxUMB,1196
tz1htnC2n5n27PFD41q5X8bDvDcjbGMUS3f5,3639
tz1PoickddNEkRN6qp4K41u4KUW43vZ1UDvF,1942
tz1b9qYttBxHzoEseqabgvQiCxafZzkAtH9G,540
tz1MQotPcNdc9R3nWCTwXLMDqKLS46WqW7Wx,543
tz1a89Pvs553YqhJdCfDdQrRuQeykHMvVSRX,12
tz1favSqpvTLtedjTm1UjuEmKfgm4o9kyLd1,325
tz1WHUWCMqVqq5AagGN5DrytqWz88tYgedUr,6
tz1YJvMiZyXnzvV9pxtAiuCFvaG7XoBZhbUQ,303
tz1TmSForCvNii8rmwL6q2jgicQfqjNFtj8K,611
tz1RSYHrs9rpGHn2CcgKGGUQL4RvMqXxtLdA,133
tz1Su8UYhcLvUPYABx7kYsWRVibZdiZPnmh3,10810
tz1eoqCSmqPQtTLs53Rj6gBB14eQh2aHWVxu,137
tz1XhZUHsJAFp4FHoeeQQ7auVBk5j6xoUKbS,16
tz1Pwh2MBs6q2SeLHiko3iJpfMwsDV46bqQU,3099
tz1ZWbokP5pGwT3tTtLPP2KhXX5ssg1EtDPs,4
tz1hLWsybqnJtQRFp8skYy5aZLGNmL9bMUpa,308
tz1PuYitvGfsBm7C3oYAXqNc3t5wNhWZj5Dh,293
tz1NsE7vEgP3M9bDdkNGF4rCaTUENp5h56ZU,1
tz1eRrQnioaBfZkWnXxYth5ZHYJqr48E854Q,718
tz1dbCAvra65bwTVk5mgkYUHUGz3hoKwovZ8,137
tz1T5NfkdPfhkXzYx8akPkdznxSgU1Uf5jEG,247
tz1PYqfNnkpZydtSY2Tn3Rv8mjkgUpHJpFXC,687
tz1WidyAU8wuyG25Pd7b93bcx9hMu7W9Pea8,661
tz2Mz3ovkZR2HyC89CHHSdsrPya1mKSmLWfD,47
tz1ae2d1BJt7YUqaaec6Xenh3mBqS7VjSZtK,64
tz1MA5sPsCo8ySkTpMbyAEbKf5v4WwBr6XLg,125
tz1g1vr7gbU7kwxVqmbmnovTGtdeRxFE6uBk,112
tz1L1XwcVmD2z4qPfLtBJ6RPThgAwLcXG6kW,7
tz1VeyZaPimHfrJFy8WwsCYzxHR3VmGTMpgK,69
tz1epFVHmqeWvvkFf2eskwhQ1AY3JwWd7Ej6,140
tz1QRcnskFh7eaV7QdEnjoYdDfrDqHgmmrvF,364
tz1XybkRZWjLx3hwcy1hQ7PT6FWEhpHm1FBv,5
tz1XcuwadWbLKkc4mDVxRo25dbtwfEa7wf2c,251
tz1MkNbJTzf6uADvfSJKJvArvRoVvjk3tZz4,49
tz1hvRvzke27MGtp8CsSvsafxyyMWSVYM1ut,23
tz1a7MJ4HMNbWDhKZAqrvzX5P6u2E2mJyJiV,484
tz1citPWufjty33AZ9KwZDztqrTzdNjfQU7P,2829
tz1WntXgznbivRjyhE7Y5jEzoebAhMPB2iJa,205
tz1b58mxvQAc98hbXjcrgjf5xnSwYXzi5gX6,164
tz1WeLuPLjUs53Yr1RCgq4EQ4d5SvV651Tqt,16570
tz1Wo716Gggp5HfupfxtPgmYu23rDQNcLcD8,446
tz1imyQrFWHyTp4avUNAw52RxdFjU3HPviRN,44
tz1isKR8pS4pdgU934K1S4UpLsF56ECJNArh,161
tz1ZVoeS9T3H451BgjTe18pM1q1LPd2cgB6Z,7
tz1Kx4ydaiJHThd2nTgXR25JPTZtKyLG9KC1,84
tz1eL4fYCgegW8tLCbQ1mYiKY3TdDxWnnKo8,214
tz1Rhg2UDkjgLhemdSMtiGVGRmzwVLVaHArD,37
tz1dPHDXSCFo8PienbvDMyCKr5DXjPMrZkJ1,195
tz1a7by2HMBv9QA8WT3t5fhu3E4XPofzcukg,30
tz1eFe7ufhpTuqh3LHB7zYLuFgB1rFCPXnzN,100
tz1fkkxXSMtSQew8F78XdsnaC26AfsXtsGiY,46
tz1ZuiTWKXKqYfzFPaSaAG3Huf9QM1AdZ1pJ,104
tz1RsCndtupuxe2U3syGAdcRBzpNqJZ9ANNc,3491
tz1MrZQhiNiHK14oEq595DLsVQ9wC4Nv2ZXW,78
tz1LJQ6MPnjGekNAmhFmkm8XWtM6UGx4MyF4,793
tz1cGtKd7EeDGW1v3d6B5tuiy81LfzMp1FfU,41
tz1hmxzW7MuU8HeRoCFPGZJnavGf5unqgaph,473
tz1Z6QqrAbEAMDLsis3v6b956sfH6qLTSEex,44
tz1NnBgY2ze24nQDpdY72wb1GVsee1UfAT3d,17
tz1dAW94vB3yYfNPE4LM2txBT8PQ21Zq4Xzf,18
tz1eeR22tmjPN3rGDikEMvpe8jcdXww3dqTt,127
tz1MsfyCeQEt7khed67HHsAidezZ1Th6mjzB,44
tz1WBMWCwjuFSsiiLUWKEQHEACNEat2S3EsD,424
tz2SuPjN8dYMJQe548bTvSPL1fdStZPXv7gT,6715
tz1N33TtiYBQ67sw32rhCsMSVpZkrSHWe9aq,1981
tz1QMjzbw5Yoi2zPqUeg2yuv5GZdmXjhh9mr,125
tz1ZutSZgCHEzxspXyoSYSREhwHh5g4PM8hN,121
tz1dDw2YD657qFqQq5tCtbkLxrgnEAECm2Fj,186
tz1NrRkB19Su8iBGVTz1cXbG3oCw29GSmasw,198
tz1NJS9T6FKTnKUkVNv2g44GHTAhzH77qiYw,252
tz1YPBTsfVCgRSzri3cUfNzBRbQ84G5RQ6DF,462
tz1VLGEhMhsb2HDhUaa2oeHQ8qM7Y7s72d3s,1050
tz2M9C5x1KoZGoQ9xEY6fQ6Xwbe2GU1RTzRx,85
tz1RCQDHtpdcwfgF1Kbbyusd6xhfjbXanhZ5,162
tz1c8JTzmA6c7cm6ZmUwR7WES6akdiMa1kwt,191
tz1XRTNgXgWmR4PqxZpiB6HZJ8Siz3M2JAim,57
tz1LxL9L2SmaFYw7XhyATaRAiLWCgxKmycBC,555
tz1imbraxLCQ9TUpnJVP31LS18hpTqG5wv1k,134
tz1iDuz9LvybPBC4kDc7ceBoKVDwwzJR7zKb,3660
tz1eJiCVNV3YVn2im3wzJZQLj4TdFJ5KabzE,242
tz2HYjnnRbzPpUGMUYGKVXDnsfSKKqH3aCVT,1603
tz1eiyML8sHGBL139FwJQJeLGHWAFtDqPz4U,11
tz1YQDCB6Hbn2ozMyS2kf6WPJDeRvJtmtNqQ,50
tz1eeNRXYK56vgSfXHFcXorubcaBBCVpUY1Y,3
tz1gaRjULm9qy4D83VCvb4ABWLKpz4XXfqjx,56
tz1hAZNx3LrRKFgfRytoLNVGhCrzU1uVDUHS,184
tz2HGysnSAQAetSyFYCa7SoH6XXVwbVqMHnM,252
tz1W28xB2eAvRGCXmVduC63Gx6gGDp87zqbB,490
tz1gJaXdi7Gweq8TUSy9knB2wLjioTKy2tZF,531
tz1PoXtd7RGVBwWmmZvxX18NQXYpbNdiwwtE,316
tz1RLCvv7wrWq4hTmyKk1zZuZeuUXNViSgRD,1545
tz1fXXFNod2gQDT2Vf9ibBortMmsKKorUv7Q,16
tz1QFk2DJhPkzp2nCN7Thpo4askJjQ3Zw6BU,131
tz1bRDYJHp3ACUojEeM6Ja442YEwNmcb7ph9,95
tz1MDs7ym4sp2FsQhL32vuAnEqG3ARhM9Vi4,37
tz1Xy5UM1tC3CFcbPBVq5PjufaxcLjMwfQkE,3
tz1RAKBnmd1X43pkkGqywYCRgf1Uo6D77zMx,3
tz1ezWyS2cFiqrNyiSVz5VKEKnmDN9Ah1zSR,261
tz1KgzP46kFAohMo8NHXkFU7STZDkAv8LVYq,24
tz1cXwKRD6AMy5nhqEVUU23SBxcAMnh2aKLn,35
tz1WNQE7B2s8woZp1d5U4SeRKHmssN7TvsDi,140
tz1imrUNR1R52GxhP4y6XQCDDXtQs11GarTN,2
tz1chab75LnyqBqNwrK11459SGCFQXLg9uyx,4
tz1USfPTFciXzVsQL7Rk8HmMWyWtFEas7fh3,112
tz1btYY98CWBVCGEikD7s1buWjpicb9kG8aH,2
tz1fj962xSPKTA57yWHA43VeVzo8KqdpNAeF,5
tz1ioU6W4otB7ebgRZTq1EVVra3vMyXqeqsm,28
tz1N8oU57qMgDRr6N9pSbhaiWRRQSxJRPGoZ,5
tz1fCEeLBcuSMSittqTnMEhcFdPCtD1HsiZc,10
tz1WsKkY3TLDvqTuK97Xu4zuVoTb2nsr7J8S,18
tz1dAekzaZ2VrjvuNxoaTZ4dY9XjgrjBvBro,167
tz1gSGxwMrToBdzLeaxg4Bregv6W2oEbNLC8,894
tz1dWwKG6Z9unqwonQUWV65gkz2YhABiwF1R,121
tz1KxARuCbAoiGGesnQjr2pvZa7CzJR7V9D7,67
tz1LGVwoTMUhi76Jc8TeaNUQhanfeLLNF4xm,52
tz1QS7N8HnRBG2RNh3Kjty58XFXuLFVdnKGY,5467
tz1RAP1j8SjwT587jyccTNArBFhC9HhGKfHq,11
tz1QiZCuJMuVz3aq7j1Bq2v3BRTQPCdTw3Fb,177
tz1L8hBVpams2fWFC9kS1sPVxfGY6Hmg5TQ8,25
tz1TQSPkLPqXUREhxvYzPbAib6Jz35w2a6tw,51
tz1XD1xSVzgY8Qs1id1kNyFJDbv9e9pNMe2c,43
tz1Tk1MJDZ96bK85RLAqtKfnptZZyXsJ2jaq,114
tz1avT6pCusXgxhnffuJzk49Vq5QppLVegHB,39
tz1RKg4C5yKTzm28Qj9gKmfUozCDrctDpx4G,52
tz1Kw5M75chWdw3HUBMg2bsp164TrVXRsGJR,36
tz1XAFvpynqgRBizrYs12fBt563NSHm9FWve,30
tz1hes6aF3Px3D8nPQx27fdwBKrXmGs1UYxT,43
tz1c1BG1PEeuhMFwmonTVSGafehicqbBJFec,7
tz1UZ78ecNwH3T583wmY6nUrjpyrXP7do4hL,46
tz1bF5LgAwDooVGC1cT6eSnsvmPt7WaByJD5,13
tz1e826sMLNdz1CQLzthLDBJCFsinxqGDzv2,29
tz1WtkHVMtif3DXVCZ9pUCqWcBsmqgFjgdkk,3
tz1ivMszr6h94yTACLXjJzK3tuvRoDHqfpwN,3
tz1THwbFPPPBHmBu4cmLV2SppLFrA5QfBhyF,28
tz1U1aA8tyN6QByoYLhSvNu3krJPLYqnkRVa,40
tz1QSwx2wnmrTjEGrid79c4tpFMxjCT86SAy,66
tz1RcJYTsoYQ7adtNMANhwd8qf4zApM4i2Yd,33
tz1NZnfrNgCGdECyAhA93TLPTSciJcZBJqDY,50
tz1UGuKv6PzgVbofb42VgeRwDwsVN47UpuZB,123
tz1eCzNtidHvVgeRzQ38C81FPcYnxMsCEL6Z,723
tz1N3nvFqipu91tfU9s4GXGsopawpwxSoAJh,5
tz1LFeLTRQZrgKxbmvjz2ckViRhVw9BZXw7t,1400
tz1XuzzMTz1LhqbRPy9uxfRkccSxju3v8Y4j,64
tz1MoiwNRQWHfA71aypNk8J9CsKjfmq39c2F,248
tz1hhphPmGxL6HEmEjoVSJBy82FMWbFwzNCD,1
tz1YHLm7Lq27q3rgVXLY424zQMkvncVvNiaK,6
tz1fKtBhuuZiMYhM3Pi1hcP2sjRbstgDrmqX,1
tz1aoz4qrvkwo1ezDQaNCFZb5kg5tAvC25xR,13
tz1XEA7cp83PyiXfSxWu3uHjA3EF6Gdh3Vhq,6
tz1UXMLCt7dqbUiJ2BHRhE1gFkdVkmCZYcM9,1
tz1iKF8o1hCLaTNZcCJpgKQBQxkpcSiBy5V6,71
tz1c2iwyckUCcicx2qxqtwLEartYFEHg1pvB,32
tz1YQs3qHgQGGQm14vX8vMDWwzY1DFXHCzJB,33
tz1PQDUDph7dDCn8pLGXqaR79DiUWLiSZdEf,170
tz1XYkHggnKNoYbm965gwKattMWK6bomgVSX,24
tz1fUZ5pMP1gUjuJsp5V631cXmA87Kxm3cuZ,196
tz1KiUXfWuF65Ck5zY4otx8t5pHToY8stYhj,4
tz1YQXd4LjZfDaKRvSTwBEwgggREFfX95JUc,17
tz1hM6Pz2e5vJbd1YYkYHcj5RL7tXhcn59Xr,79
tz1NVsmLrZX4jad9bNdvM1EskvcTq2LSZhLx,98
tz1cBNfPUb3Gi6oezs6fpXtki8EzSwjnoNGS,158
tz1h1ybLPkwDH85opBrU6hge8wSsRQBnAghf,1522
tz1PKoh9LB2P3pgh5ahaAFnrC2QBmUxcHDJU,11
tz1cqoo91JCc6sKmNuTVKNzwUdi6E6moHWFb,47
tz2HdbFWnzRZ7B9fM2xZCYdZv8rM5frGKDCo,35
tz1ZGNErBKdYeEPjZuqKXhyTixQTTPn54bx3,7
tz1iUyniY5PPWrzE53cs6jBwNKUun4btzMcW,298
tz1gi68wGST7UtzkNpnnc354mpqCcVNQVcSw,29
tz1XoiGxnmjnkaKcNyG4rrHNNEoh1u5VidxY,69
tz1QVUXNoyCfKpAyxDpq8kR3rK2AShuzQxJ5,113
tz2HZ2yRFd9F3uLcKnLukEXhuUz3HqhZf8mA,738
tz1UVTMhbMiSETKCxFi413yZ7imF1xeyt3fV,32
tz1XisBzUGgCmvC7pNS6hxvQ5hMvXUTd1p7D,80
tz1S5TbsJCWmCyRh3ghJ2rWwQHHbcvoh1uYV,312
tz1UAYfFWmaTrQTYMptaGCw6LrXK5Yv84VnQ,144
tz1XgakycyAAuhtzXcbb3Eh57ZQ8cBBHT8YG,15
tz1hLhGe26gqt78sZboxiwne6zgKMqirRieW,37
tz1YfiydbiaKMGPuavawX4rQtXdn9wgpdDKS,15
tz1RYTr2WKdJD1MMV51kN9AoxPnxZJgJ5sqU,1
tz1R6mtcAQwBTK9YpSqRL9y2a6JZWgDkBm6M,154
tz1Sv2XMQNxcAqyqyyv42FHjf3EGwJ3Godj1,155
tz1NCsGajb5YgZdhdviKrfisN3VteMasnzQi,7
tz1Vh4cX8VutUUUnnjmnY2omSV4F26T5orLH,163
tz1QGCWjNpYmcS6T9qFGYSam25e36WeFUCK4,13
tz1URdfSGhAfbtpEkjWBmpTt3pyLmxdHdPYy,4
tz1LApX9pPhcDUDznHR5TTCcSXh3m6zPgFHA,6
tz1hUY7paB2J5EhD73r4oWL6uZubf1UibHrk,17
tz1RaZeHEiKewSd14gZ7HKfcQ3HaNHJ5tnV6,117
tz1aiLrqvULcV2Kfvzt9dUmqnLQnoNXPPek8,11
tz1M2h2hPZzov29kf7xcHXrunXb2jFSbfiNd,5
