Address,Amount
tz1NRbpmTuPEFCCYCqCr7i3hkMRDRhBFgmxz,1503690923489
tz1eqt71cHna4YgyNg3ao6x22xU7c7CZXxcf,21792042931833
tz1SBxNvpDFC4bjW23CtQfVLqN5cBATVf68B,20394975949316
tz1Rgo7URug42QnhBM6eLy4MWdfwn4RovHy6,3258103340000924
tz1P6DFx1Biicriaz37h6oLAhndhBL8eMoAt,557850613112879
tz1R3bKH1seset2h49p4vrZJCEL8voJgSK2G,497294970429861
tz1bdRJkGkNQ7homh4PTnkVM7xzVWhuC4EMm,563620007660536
tz1Z2Ne4ZHxNPuCJeCcoykHVXTqhVdLMD9gV,844355201500886
tz1Qji1NnEPj4Cxa9s2WEoWi9U9KM6a9gdDL,176784022506509
tz1eZFb4bNMMdveGT7BPcktbYsurg2e8r1xR,576322531995
tz1RartAmPJhFsL9oAhZndSL2G7KCsaQqqkf,3703569188240451
tz1MyqKoe43P4Z8MfHoXVBTrohgcbehp2zLL,2116339739504240
tz1SRcMg9GRXi7paNeAc3ARn23mS3Z5dXa6S,22993683276602
tz1YjtCLzjw3bqPxJh6MqdVBFrM2zrsA9kyg,5625683160822
tz1hD7VdzRpWG3nmYpCyW2gNc8mQNs3TCgxu,782918328592157
tz1f38MX7YT2Q7MAq3mDdj75GTN7vgqV2TfH,15004118
tz1aBDeNFooBEmBXnWDVgLknNMUHMYhHVcRA,941799066243153
tz1hD5k7QW9ChHCgb2YLthKFirKDYQiNPDJz,28793820071583
tz1ZL7ekzieKxwngCCyjsCN5qhu1ohwJQEBy,67381541764615
tz1enbGpES1NDr2kTaocDhxvMqtpMy4ruhW6,26854914722893
tz1ehGMhxarDhwppx14PX1Y3eqbZ5W9Bc2Y1,6677366789489
tz1ed4brTwpFg8hFUJSJ4HqnsC7sEjVesMtb,187702728049067
tz1QJE62jTxHis7kZkbDT2zsYZyauNDNzWg7,83514340925161
tz1gWt7kUnJtGXoT5BYzHVa89qGp6QVvQmyp,108048066598705
tz1epR6pJmPaJ8vvzNi6V1T51ccocX1Y4VBb,3415524275351
tz1TrxaPKNsRpcgw58155HdX6USrpV2fERQm,116926740753180
tz1W19DveaP3mW4WvFtdVdqGsWwBL5q1QDSK,61663437429839
tz1esdEqZC5Nz3HDFseHvpH6SmQJPocxLzA2,34392165352662
tz1XyTsb9DwkPru3eU1Cwnr5JkihEi5eisHo,5628370602786
tz1ULQQ3S4kFLhhpPsegiMVFmXx2G6ewmbTA,63383614267748
tz1LRrXCmELevk5znmVcYD63TChSpYh3vaE6,32895678761566
tz3T9ZKHLVzc23dxD85p9xo6L8L5mx1hvb5x,78954293710860
tz1dZuKxjVojU7gtRDU1nMmG8uRdowF2Q3Sn,46569138689115
tz1S8GvdiWQghwPMMzbNvRh66rcfmhEA6vj2,718297794222923
tz1N9qzry2ko1gwTK6HKWamZZK6FGx3Vr89U,62277853796021
tz1QQ4HyGbCZDmQxeVHoLP99KLyfvGvyX21i,927841143012550
tz1WKygtstVY96oyc6Rmk945dMf33LeihgWT,332221378259569
tz1Rux3pGrp2KpZUBKvg3VQ4edRYVJsapr4z,2433933837858426
tz1LWMmDzH79xyu6JvELrnvWLBBVjZg7TnfN,496245180297546
tz1esBaTjr9qFQ7FhrDQF7N7bTpNSVTkGbMU,759365385404
tz1LaWQ2BUAdTVNz9nb7AhKDcPDQsb99tzhD,3565903553587
tz1czGMShkB8ZtCHKHeCPTY3CpuiCrjsGJBy,10859840518090
tz1UQ6cQZef4MuskJjV9g8pXNZa5s8ff1oQy,59840094301784
tz1aZsKPTRdkm9vaQhWv9Mz8ZbwxSHmf7t9T,1385484998151
tz1dTmMLY7tan1HKfW5e3KxJcfZput6UuTH6,33420268880
tz1daKxrqyoFUCcuQj36BeMN9C1Ytmjg5p6n,269313851712155
tz1YZ4VZCRPoiDyGP3U69jCq2S8duDUcRjHP,6901918492536
tz3VvvqkW6D7bSPej9x3pghjTozTRbaB4Gn2,5936998299500
tz2LYELYe16viwVBaRjZc8GsauKRsxTGPvB1,89904339599517
tz1gXcAJZUYqK8JkkGDPN63cPQGu8LiBndK1,40511245335800
tz1gN5Ch4VeDZjiM6R1KPMBxPWFxL3HHKZyT,38220398761036
tz2WYko4XXaV4B5mzjguTeRkkgw8LyB2jA2d,29683115451146
tz1NkFRjmkqqcGkAhqe78fdgemDNKXvL7Bod,581378391348924
tz1QkQLtDkqpw8VSymi13A86jh5iaCeMriMJ,550235982275682
tz1VCyNit49HjTmz8SEgeL67x4BLuoTaeYMy,714178503264705
tz1gACjUSBkWjqWv5ZBMRk6G9Sp8xNAYgwYV,99769021171368
tz1bKUD8UtyPfknyWyMbtTqsfdMuWomrPdSp,19397022407631
tz1T5GmdYXDWwbhBrU7RubT7Z2dmz3ZmKwCE,296373188709855
tz1gmajxhmKt22CbcsSA7WWXSATgbuVEmzTC,55342703593
tz1cfzEz3R8YKMqC2rbKnr2XtpNjZxH6RGdy,10029590759414
tz1hR9eQYNNTZ4VGUeipK4PHtyyDEDmQ9dSf,218931698211775
tz1RxeY78zE8hNJbqPypB1mTVyTsBRmPuqry,29087319583736
tz1ecAtwNdrsABBKa7Bvn9ZEq1Ze1EvS9WTW,36722857313764
tz1SBF19iLiCc8dNpKe1Ym9juSAKaTPyeypF,5456350688474
tz1X6ADVxP37XjYppBHMLVRJQwmxA2YxztbQ,2850608307522
tz1T1u1CET7ek19f5P59vCdjTNFWAscYQ5ct,217272991603243
tz1V9qHfFxixcXJKWuEziUqvdrQ7BWpPnWTa,146301457405050
tz1Lqnwap8kKynTpefqqSH158i667Wdg8HVA,42985057424607
tz1Kp19QyYUnXuE6cxuXxsfQZbyqv5JtKPku,29996347343184
tz1cnojsw9qgMbdpgPeCcWPf5GX4YPvd4HAh,730816591265287
tz1fbJACCskangcgy9xjDSiEYgh7CUmSo9oc,840037986856
tz1dKaw4xdNjfufDSLWRxumNBwe2VX4mxXyW,1835275813884791
tz1iCiA1vKmgfZbY533ZgMwFKZ14S1DQNooQ,19193479987855
tz1hNGWJUFPFV7AWLXvxGzJVEfCZ8KJ77PJA,21032979374353
tz1NPu5aFQ12P3KGhBGgt7G79SAgVj2Skkn1,66162341034438
tz1Qm3DHkV7V6peZPyWe4rv6aToH3nRmWEH7,8758075366084
tz1KsiwkQ9pyrt4Ra7QrAQp5LQJCGxHQrY1n,52778038131765
tz1dz7eYRd5uV2DndcPWFeEHYGgw4bJZoCBN,16840545906175
tz1eKTUc8X17nVmtVRtxBcs3hwUPXWuqP2AS,101498389765812
tz1hXx6tvTV3kzxpBR6E4hDYcxdgcRGHUTFj,671390
tz1fkZtnjNfQHtEyUpyX9Tqq4RrLKx35qBxf,37317970246982
tz1chg2T1s4DTjLqthPc49HDcqkFHMwdSPwb,117515716934774
tz1Uzm53vPr2Giyi32yT9GUvBErKqHPBjvQL,73886307532964
tz1aR3nrJgUyU5B623U9s1MtMsMjA5Wz5c3G,224117449895544
tz1YaPLZuVmZaKB69BjJXKUDgNaZrxBR4Lfn,6245410931262
tz1WNk2o2hJvzjuZRNmZQwjLQuv24wDv1zjU,691568920200364
tz1br5Mvr9VMEb1sb7HDtxpCxKVbZ5XnDqJi,3729172843083
tz1PMB2EKqwkD2NDuf9tvdqhEjhBy3pBGQKX,290372266759
tz1QmBcwm7RH6swEYNpsZZfAWCCFaW6wugVT,526944265461383
tz1LxqBcvRbZhp34C2ab62CMy49wFbsQSzD7,6289217791898
tz1S5RkjdXMREayGWMawArqqpyMqGRjohJJr,53015783213512
tz1bZ8vsMAXmaWEV7FRnyhcuUs2fYMaQ6Hkk,15296027
tz2Kmi3xEnXk8c7zqWSQqSSyfNpWt6ovG38D,111774537026245
tz1LgePVXLZYNhHoRQ6KgHfQjQ1uq7JJPZDa,145954464793395
tz1cWUkZFBZ72Yn9desxcgS9KdH4BVfqd2ZW,125611886963994
tz1a3LNYNZTNN2SLMjWSUc5jtLWFvZ1kC7BR,585129720146607
tz1SGPStfd9v5upQUxRiHPC9666X4FpVAmK4,262730238421
tz1iF629Cc91SJkmQRAWAm6nYavf7RgpAqZh,170866723225427
tz1WHGwmdEr4iruf4v9r6bdHgzC5v8SKYTkV,13911421159517
tz1YqsEWdPxBmqVKsJircrwBmCmZDtHAgHzp,340106973336674
tz1ZLMaECyswARea2bTsBws9eMjgUm4jG8Uj,433756251941847
tz1NySiq6aHysD6Rpu4bYhFaVe3ASya2qB8D,125228869708051
tz1Rb321A5bMKjQdczUs7TyJBeXjfCtB4mYd,763488144853529
tz1USU2xSWb7CBYGJYat2X7An9sr3cFfsLwi,18678145514788
tz1aoYg1xYeEdnLrAJ7y2r1T3aMBCyms6ppJ,142550861640865
tz1WxCJ3UpzyWsXmmkE1YjYzbBv6jXYkbFYV,12704032274343
tz1fq3tMpnnsZ944DVxcJqsVNGsWTPvqJzvo,121178324750439
tz1PrecMTmNArbdvQxtZLUVUBT8rcC86dKZC,251859024
tz1Ty6Hq9GpzxmMs5Sv1VQ7cP2U4KuSCAN3K,6459858880849
tz1Q1LWn8wCK77L4xetjbH3Ar7sDaSANezZx,6627459528470
tz1dugdoeZULYPA9phfkpofrP95rFqhZNXeR,43069265152
tz1UecmgMghaWovhh9EYfqTrK9gTtaiMtbzs,2207219717361
tz1gGwXf6Ggkv9T4jGmp58jUMU2Gh2vYjDyH,13722451286769
tz1QjPnpmqAJYSfDtDM7uTf5bkZDNY7eBECd,47376650723720
tz2MzvuRU1GEKi9udpqzLpGYfDoZTiKZ3C4C,153319587572821
tz1SEox4m6JwzUjLL2daQMKU7XDrvsEukR7X,9864052531603
tz1XJqUrY2okTwoJFgHFJKQV98tsn2oC6Twj,13162428150464
tz1VqXA6L6hPEFjvsgWv7Viw4xQn5GyNszzy,1274007923462558
tz1Wf1Lqz1yHm27P2RQJAVV2CMxnhYK4bBGc,5769907120679
tz1cTS1WwovU7SC783xgJxZrzr151mcshmNi,112393888373322
tz1f4Z9FJfgStP7v6Rj7BMJnWJ9Mb1NdAGsS,14595446
tz1ersiy3MYVu89DFXvW7Qb8AM6LYptSsoT7,57667453036158
tz1UFF5DSDDtk3fM1ewaLvVG6fhaAeCdgYEt,7297738068643
tz1dcpUhXGeXexEXispSpfv7CeufoFnV7AAf,354416170206988
tz1RKRhkvC7MQgKfPejvNaHGshWUDsyJKZdT,209290677411819
tz1ibTknNagJCgQPgcbPvJhpSyS5vxgdyFt4,39237472647625
tz1SHzbhYsbX6Uk51hJC4JkjgWM1gWaSwBqQ,11612005889135
tz1LGkz6e1mTymuFyHBVFQZsHEtHepCYYgXD,224145315470595
tz1NW1MMFL3jytxBjhx1qATMJyY47vLBMa4p,645677070696845
tz1QRm2TJKnarZ9tbL5CNjN4Ltq9pJtytuk7,307542900464
tz1WJpBDRGfa21un4yQDKTGXZw561nsGg7Qe,4454842531987
tz1UXAsfFeufr6p2PafNr2oXNrTDSdtwwdgm,4692734140506
tz1YPUNi7KW28VxZNEu3fNkRkJG55G9p7wsN,4004748141946
tz1YpusrSty7ULz7w9sM814trSRmM1aNbmZd,141676195415627
tz1cuj9Cgi19KMRi83UuypS89kXM435qdhmy,569586335556
tz1htwxBMBFikeP8SnQiEQyA9n1ryDrDFyLK,2919090200785
tz1XTyukKgkqq9P83UkV15np7EtSSEy4kAeY,2989923799957
tz1WMFtCLLeRiayH19ZiaErKq4Zu9p5N73Sr,11209302
tz1RFUjzPENm3vF7quaxfELQCfNTCSjAsFdA,28777740822824
tz1cLd3gXJ9Fk5c648hRzFvTnGfT97CxcHrj,28485803782407
tz1Te5JR7gzDBwtZLKPWSPuTGFE4JX21vVur,1126067886
tz1NGDuYTuuB1geX1K5b88cqa8JinFLdd3d5,15919455231679
tz1XykUaKpskyp7hDEZjmuNTk4gFU58a46KC,1674483920734913
tz1dghYwdzvHc3tYHp8iHpNUSpmAvvs8Zjs8,11312542356450
tz1PuipWs33aqS2KSG5k1qQtC6Dff1P1GBmM,14245155
tz1ZNxMa8XsMa8JTv776X9iCETcNoo4SY629,4534488135727437
tz1iAAJhH465Cf3BnsKQ744XHypQGY1v7Ps9,14887355
tz1a5QW18ULwjJK71LSc7UqNGgryrFouHzf1,122613109490911
tz1Z1ZX2B98nEAvEnLXJBCnsJ6K1GqaSp9jK,10181034600819
tz1enT2GWv7U8jyPmmoVb228u8hvi6hJh5FF,1015950293111
tz1RyhUycXcivQ3jzF7ZpFZNcoLcgmXqcrSz,285412600657898
tz1gVon2mQhvutR49Yd5XK6k4ypwWfFjMZtz,11442830
tz2HSz8b961xoDjDLy3aFGogvW4HEqXXdcR6,91764540379131
tz2EP3fw5CbUUgJdx4c3Xono8Gbc8PLXGRM9,138668401603756
tz1VCogGe8xeRgQCLrVhPbwo6mBSQxAXep65,17301392865618
tz1LFFspqhK9KRQNvS1ahZ1RcpQ2PNeM8TxA,182615453214
tz1ZhteLTqobRVCYsPj44oFfom5BJ2SdGxeE,22546912669193
tz1aRF3qMDrbN95f8dGYTKPaey6J2qQQnk8j,2037654100144898
tz2ALu8Jxf2SMgzSZaZEwfiJQbogpUDPStwz,387219040369986
tz1gLNb49fErXUiYdreLAAV6twp4v3Lm8V4H,21232862151993
tz1fCHiWZ3ReGqvhxkMejVzcnXYz1rnsJpow,1002091186907
tz1PXJVTDRHBcjJGpD4h6PzDovisMJuc8zVc,117655878408477
tz1L1i5BVehYJBebCGvPYU9kZYGKBELGUJGH,186002249185139
tz1TR56EbNTEEDeRrsPzQzoyvwFgZT25q3JR,10043270400008
tz1XbQgDFCaT228TPS2YUeHHfpVqGW7ANCDw,609778604535072
tz1S1Aew75hMrPUymqenKfHo8FspppXKpW7h,12406129
tz1ip7fCgktJzFWxnoDdNBjpF4ZCWw9qfScc,896974544375206
tz1Wb4LakUUYuFuuEgXXQrNZuBD49Trodhwx,11534803041455
tz1RAfKUFBX6P2jFkCpzLFntju7djjbtKAKr,436636613528951
tz1MiQ6euA3EEdnZxJ6EPwVsHzd6vQ7AHJmU,22039356076256
tz1UFwr89hcJvC4sNCYK7zSLcaD4JW2KkNYD,121756673257953
tz1TiJBTfVoXxregtdgCs1rYd55APXSAmniz,22176592125558
tz1ZPSGxrrPPfrmoGJgpXDArNJfNNy3qGvE4,10061623152275
tz1iQ5n52oSKgdtdYtqEJgKmQYbL1nn2poB8,273242022974464
tz1gueZ7eL2KnvxqWudHjoTH3ZPiUCmwNKR6,33954338943143
tz1QxepCwQ45EwtcxkgXZezHbnidvK7hUywy,184245667030443
tz1TVZgy4rejPUkEF3bsxLGNCp6H4gz4PaGf,109212436426280
tz1WT27PugwGBtre1hsj6BHmbAK2qQsVbRDo,29190893630069
tz1fL2TsQR271w84MXx3qFD7y4PZ1F2mpHFA,81630553557838
tz1KhU89QWZuuhhnDD1paFp1jYMdpJLh55im,67688512757105
tz1QQyhTMAmNQPcSGkM7GfDva8hmuFPAxUMB,686112160062030
tz1htnC2n5n27PFD41q5X8bDvDcjbGMUS3f5,740902767986884
tz1PoickddNEkRN6qp4K41u4KUW43vZ1UDvF,402521362595819
tz1b9qYttBxHzoEseqabgvQiCxafZzkAtH9G,2736348229721
tz1MQotPcNdc9R3nWCTwXLMDqKLS46WqW7Wx,115484375646059
tz1a89Pvs553YqhJdCfDdQrRuQeykHMvVSRX,1928778304915
tz1favSqpvTLtedjTm1UjuEmKfgm4o9kyLd1,153586460190074
tz1XYuybht7U1RVsUip7H7S31fBDxpUgpTXP,13661337
tz1YJvMiZyXnzvV9pxtAiuCFvaG7XoBZhbUQ,64405701548829
tz1TmSForCvNii8rmwL6q2jgicQfqjNFtj8K,129774510343264
tz1Su8UYhcLvUPYABx7kYsWRVibZdiZPnmh3,959351701713498
tz1eoqCSmqPQtTLs53Rj6gBB14eQh2aHWVxu,29260132910241
tz1XhZUHsJAFp4FHoeeQQ7auVBk5j6xoUKbS,3527366466969
tz1Pwh2MBs6q2SeLHiko3iJpfMwsDV46bqQU,660618374438577
tz1hLWsybqnJtQRFp8skYy5aZLGNmL9bMUpa,70720838489212
tz1PuYitvGfsBm7C3oYAXqNc3t5wNhWZj5Dh,62622323117697
tz1dbCAvra65bwTVk5mgkYUHUGz3hoKwovZ8,29418917356307
tz1T5NfkdPfhkXzYx8akPkdznxSgU1Uf5jEG,52865607745597
tz1PYqfNnkpZydtSY2Tn3Rv8mjkgUpHJpFXC,146914681294063
tz1WidyAU8wuyG25Pd7b93bcx9hMu7W9Pea8,43156439846742
tz2Mz3ovkZR2HyC89CHHSdsrPya1mKSmLWfD,10191504352442
tz1ae2d1BJt7YUqaaec6Xenh3mBqS7VjSZtK,7254713774553
tz1L1XwcVmD2z4qPfLtBJ6RPThgAwLcXG6kW,1540338121401
tz1VeyZaPimHfrJFy8WwsCYzxHR3VmGTMpgK,15095415658615
tz1epFVHmqeWvvkFf2eskwhQ1AY3JwWd7Ej6,30358529465180
tz1QRcnskFh7eaV7QdEnjoYdDfrDqHgmmrvF,78956108552886
tz1XybkRZWjLx3hwcy1hQ7PT6FWEhpHm1FBv,1090383333722
tz1XcuwadWbLKkc4mDVxRo25dbtwfEa7wf2c,54407418284831
tz1MkNbJTzf6uADvfSJKJvArvRoVvjk3tZz4,762004933643
tz1hvRvzke27MGtp8CsSvsafxyyMWSVYM1ut,5009265092058
tz1a7MJ4HMNbWDhKZAqrvzX5P6u2E2mJyJiV,105337867770713
tz1citPWufjty33AZ9KwZDztqrTzdNjfQU7P,615412947324766
tz1b58mxvQAc98hbXjcrgjf5xnSwYXzi5gX6,670366441777
tz1WeLuPLjUs53Yr1RCgq4EQ4d5SvV651Tqt,3911411518904548
tz1Wo716Gggp5HfupfxtPgmYu23rDQNcLcD8,97992378713932
tz1imyQrFWHyTp4avUNAw52RxdFjU3HPviRN,19686527076703
tz1isKR8pS4pdgU934K1S4UpLsF56ECJNArh,36443884103169
tz1ZVoeS9T3H451BgjTe18pM1q1LPd2cgB6Z,2132574867631
tz1Kx4ydaiJHThd2nTgXR25JPTZtKyLG9KC1,9149882008501
tz1eL4fYCgegW8tLCbQ1mYiKY3TdDxWnnKo8,58518038117486
tz1Rhg2UDkjgLhemdSMtiGVGRmzwVLVaHArD,7267055812963
tz1dPHDXSCFo8PienbvDMyCKr5DXjPMrZkJ1,42138111388741
tz1eFe7ufhpTuqh3LHB7zYLuFgB1rFCPXnzN,207071887578
tz1fkkxXSMtSQew8F78XdsnaC26AfsXtsGiY,10230186459910
tz1ZuiTWKXKqYfzFPaSaAG3Huf9QM1AdZ1pJ,37249051512006
tz1RsCndtupuxe2U3syGAdcRBzpNqJZ9ANNc,778042756280282
tz1MrZQhiNiHK14oEq595DLsVQ9wC4Nv2ZXW,17514536650934
tz1LJQ6MPnjGekNAmhFmkm8XWtM6UGx4MyF4,178060102742489
tz1hmxzW7MuU8HeRoCFPGZJnavGf5unqgaph,107026679735307
tz1Z6QqrAbEAMDLsis3v6b956sfH6qLTSEex,3505466591394
tz1NnBgY2ze24nQDpdY72wb1GVsee1UfAT3d,3915071850560
tz1dAW94vB3yYfNPE4LM2txBT8PQ21Zq4Xzf,8757270164493
tz1eeR22tmjPN3rGDikEMvpe8jcdXww3dqTt,29190893921978
tz1MsfyCeQEt7khed67HHsAidezZ1Th6mjzB,10123239814568
tz1WBMWCwjuFSsiiLUWKEQHEACNEat2S3EsD,15340088189445
tz2SuPjN8dYMJQe548bTvSPL1fdStZPXv7gT,1410797443435272
tz1N33TtiYBQ67sw32rhCsMSVpZkrSHWe9aq,455885833711286
tz1QMjzbw5Yoi2zPqUeg2yuv5GZdmXjhh9mr,29191272498669
tz1ZutSZgCHEzxspXyoSYSREhwHh5g4PM8hN,29138457246379
tz1NrRkB19Su8iBGVTz1cXbG3oCw29GSmasw,23320343580746
tz1NJS9T6FKTnKUkVNv2g44GHTAhzH77qiYw,59206974192039
tz1URL5HNuTa1fHqqCtUKXUM3hm6g9c88NgF,92175236159
tz2M9C5x1KoZGoQ9xEY6fQ6Xwbe2GU1RTzRx,14660017577390
tz1c8JTzmA6c7cm6ZmUwR7WES6akdiMa1kwt,46217250632003
tz1XRTNgXgWmR4PqxZpiB6HZJ8Siz3M2JAim,13831939320443
tz1LxL9L2SmaFYw7XhyATaRAiLWCgxKmycBC,69533151349088
tz1imbraxLCQ9TUpnJVP31LS18hpTqG5wv1k,32805772117239
tz1iDuz9LvybPBC4kDc7ceBoKVDwwzJR7zKb,895053673497622
tz2HYjnnRbzPpUGMUYGKVXDnsfSKKqH3aCVT,156943078327900
tz1eiyML8sHGBL139FwJQJeLGHWAFtDqPz4U,2919089441822
tz1YQDCB6Hbn2ozMyS2kf6WPJDeRvJtmtNqQ,17071121289630
tz1eeNRXYK56vgSfXHFcXorubcaBBCVpUY1Y,815203981898
tz1TQw8erN1a2LpfRSNMExicRXMveBPbvTKE,10683866
tz1gaRjULm9qy4D83VCvb4ABWLKpz4XXfqjx,14147813943958
tz1hAZNx3LrRKFgfRytoLNVGhCrzU1uVDUHS,67753652628661
tz2HGysnSAQAetSyFYCa7SoH6XXVwbVqMHnM,95984706571102
tz1W28xB2eAvRGCXmVduC63Gx6gGDp87zqbB,138364866997393
tz1gJaXdi7Gweq8TUSy9knB2wLjioTKy2tZF,142786390790622
tz1PoXtd7RGVBwWmmZvxX18NQXYpbNdiwwtE,80784458502902
tz1RLCvv7wrWq4hTmyKk1zZuZeuUXNViSgRD,834239632887852
tz1fXXFNod2gQDT2Vf9ibBortMmsKKorUv7Q,1855965108094
tz1QFk2DJhPkzp2nCN7Thpo4askJjQ3Zw6BU,29622277696420
tz1bRDYJHp3ACUojEeM6Ja442YEwNmcb7ph9,28654411927254
tz1MDs7ym4sp2FsQhL32vuAnEqG3ARhM9Vi4,28864396534478
tz1Xy5UM1tC3CFcbPBVq5PjufaxcLjMwfQkE,839155766671
tz1RAKBnmd1X43pkkGqywYCRgf1Uo6D77zMx,839096742685
tz1ezWyS2cFiqrNyiSVz5VKEKnmDN9Ah1zSR,76370335365598
tz1cXwKRD6AMy5nhqEVUU23SBxcAMnh2aKLn,9357123923950
tz1WNQE7B2s8woZp1d5U4SeRKHmssN7TvsDi,8918637577060
tz1imrUNR1R52GxhP4y6XQCDDXtQs11GarTN,605427147458
tz1chab75LnyqBqNwrK11459SGCFQXLg9uyx,9071859199518
tz1USfPTFciXzVsQL7Rk8HmMWyWtFEas7fh3,33546833522813
tz1btYY98CWBVCGEikD7s1buWjpicb9kG8aH,630155424274
tz1fj962xSPKTA57yWHA43VeVzo8KqdpNAeF,2888445425184
tz1ioU6W4otB7ebgRZTq1EVVra3vMyXqeqsm,7902248125817
tz1N8oU57qMgDRr6N9pSbhaiWRRQSxJRPGoZ,32334572010241
tz1fCEeLBcuSMSittqTnMEhcFdPCtD1HsiZc,3102584153923
tz1WsKkY3TLDvqTuK97Xu4zuVoTb2nsr7J8S,5397273914981
tz1dAekzaZ2VrjvuNxoaTZ4dY9XjgrjBvBro,16661013386984
tz2DsS3zeg4pqoUnRPHxvuRSuQrjDnTZcTNJ,316228376502
tz1gSGxwMrToBdzLeaxg4Bregv6W2oEbNLC8,271346622681768
tz1dWwKG6Z9unqwonQUWV65gkz2YhABiwF1R,37462283476577
tz1X8AQxtn4KzBwMZ6MZUVFDcACrfnyfYhDg,12026647
tz1KxARuCbAoiGGesnQjr2pvZa7CzJR7V9D7,21294895245243
tz1LGVwoTMUhi76Jc8TeaNUQhanfeLLNF4xm,16892485727799
tz1QS7N8HnRBG2RNh3Kjty58XFXuLFVdnKGY,1749678569315456
tz1RAP1j8SjwT587jyccTNArBFhC9HhGKfHq,3751642082551
tz1QiZCuJMuVz3aq7j1Bq2v3BRTQPCdTw3Fb,57296347725239
tz1L8hBVpams2fWFC9kS1sPVxfGY6Hmg5TQ8,8148357244933
tz1TQSPkLPqXUREhxvYzPbAib6Jz35w2a6tw,26599663512348
tz1XD1xSVzgY8Qs1id1kNyFJDbv9e9pNMe2c,14596559703233
tz1Tk1MJDZ96bK85RLAqtKfnptZZyXsJ2jaq,7079074288332
tz1avT6pCusXgxhnffuJzk49Vq5QppLVegHB,11341192347606
tz1RKg4C5yKTzm28Qj9gKmfUozCDrctDpx4G,30586820988670
tz1Kw5M75chWdw3HUBMg2bsp164TrVXRsGJR,7155716496781
tz1hes6aF3Px3D8nPQx27fdwBKrXmGs1UYxT,14892050647295
tz1c1BG1PEeuhMFwmonTVSGafehicqbBJFec,2480566887888
tz1WtkHVMtif3DXVCZ9pUCqWcBsmqgFjgdkk,659961050136
tz1THwbFPPPBHmBu4cmLV2SppLFrA5QfBhyF,10313866504019
tz1U1aA8tyN6QByoYLhSvNu3krJPLYqnkRVa,14775478450954
tz1QSwx2wnmrTjEGrid79c4tpFMxjCT86SAy,24964532344696
tz1RcJYTsoYQ7adtNMANhwd8qf4zApM4i2Yd,13456636154780
tz1cvrgSekgCqgyc1c2qFPSeMtux6AAAfDsk,12055838
tz1a1ZcbAeBEjxYSwuNKxSu6FbFB4dxdL3m9,342112332214
tz1NZnfrNgCGdECyAhA93TLPTSciJcZBJqDY,19387027025919
tz1UGuKv6PzgVbofb42VgeRwDwsVN47UpuZB,49311626832263
tz1eCzNtidHvVgeRzQ38C81FPcYnxMsCEL6Z,291908930170609
tz1N3nvFqipu91tfU9s4GXGsopawpwxSoAJh,2400221115145
tz1LFeLTRQZrgKxbmvjz2ckViRhVw9BZXw7t,578553058843590
tz1XuzzMTz1LhqbRPy9uxfRkccSxju3v8Y4j,27100444198448
tz1MoiwNRQWHfA71aypNk8J9CsKjfmq39c2F,104577641347085
tz1hhphPmGxL6HEmEjoVSJBy82FMWbFwzNCD,584569320331
tz1YHLm7Lq27q3rgVXLY424zQMkvncVvNiaK,3210998663318
tz1fKtBhuuZiMYhM3Pi1hcP2sjRbstgDrmqX,939559273356
tz1XEA7cp83PyiXfSxWu3uHjA3EF6Gdh3Vhq,3158540235018
tz1UXMLCt7dqbUiJ2BHRhE1gFkdVkmCZYcM9,1029229317891
tz1iKF8o1hCLaTNZcCJpgKQBQxkpcSiBy5V6,41229630120019
tz1c2iwyckUCcicx2qxqtwLEartYFEHg1pvB,18768934387869
tz1PQDUDph7dDCn8pLGXqaR79DiUWLiSZdEf,116881667474569
tz1fUZ5pMP1gUjuJsp5V631cXmA87Kxm3cuZ,7341981817733
tz1KiUXfWuF65Ck5zY4otx8t5pHToY8stYhj,9263829545540
tz1YQXd4LjZfDaKRvSTwBEwgggREFfX95JUc,5622727842471
tz1hM6Pz2e5vJbd1YYkYHcj5RL7tXhcn59Xr,285237647074
tz1NVsmLrZX4jad9bNdvM1EskvcTq2LSZhLx,59697630404909
tz1cBNfPUb3Gi6oezs6fpXtki8EzSwjnoNGS,16144310666309
tz1h1ybLPkwDH85opBrU6hge8wSsRQBnAghf,11884723751181
tz1PKoh9LB2P3pgh5ahaAFnrC2QBmUxcHDJU,9075124368414
tz1cqoo91JCc6sKmNuTVKNzwUdi6E6moHWFb,38556149085926
tz1ZGNErBKdYeEPjZuqKXhyTixQTTPn54bx3,5828630387155
tz1iUyniY5PPWrzE53cs6jBwNKUun4btzMcW,14551106544690
tz1XoiGxnmjnkaKcNyG4rrHNNEoh1u5VidxY,8096130183651
tz1QVUXNoyCfKpAyxDpq8kR3rK2AShuzQxJ5,99595504607062
tz2HZ2yRFd9F3uLcKnLukEXhuUz3HqhZf8mA,175946080664607
tz1UVTMhbMiSETKCxFi413yZ7imF1xeyt3fV,29779285585406
tz1XisBzUGgCmvC7pNS6hxvQ5hMvXUTd1p7D,490519500538
tz1S5TbsJCWmCyRh3ghJ2rWwQHHbcvoh1uYV,291908930228991
tz1UAYfFWmaTrQTYMptaGCw6LrXK5Yv84VnQ,158520677157
tz1hLhGe26gqt78sZboxiwne6zgKMqirRieW,38256384157271
tz1YfiydbiaKMGPuavawX4rQtXdn9wgpdDKS,10222385937299
tz1RYTr2WKdJD1MMV51kN9AoxPnxZJgJ5sqU,1590669146613
tz1R6mtcAQwBTK9YpSqRL9y2a6JZWgDkBm6M,142095329516320
tz1Sv2XMQNxcAqyqyyv42FHjf3EGwJ3Godj1,164358013971775
tz1NCsGajb5YgZdhdviKrfisN3VteMasnzQi,5190859385877
tz1Vh4cX8VutUUUnnjmnY2omSV4F26T5orLH,23552537835035
tz1hgSYGDwHFqC5AwW3P7vYfXfdwwsx4ALAN,6441117476
tz1QGCWjNpYmcS6T9qFGYSam25e36WeFUCK4,17548136507174
tz1URdfSGhAfbtpEkjWBmpTt3pyLmxdHdPYy,467721274565
tz1LApX9pPhcDUDznHR5TTCcSXh3m6zPgFHA,9391935902829
tz1hUY7paB2J5EhD73r4oWL6uZubf1UibHrk,31506157015721
tz1MgDFQvyV8Vfc48HgeqMbCD2Po7nhoWDeL,9237648550744
tz1PWZTKd1zhfuxrixGJoHJ6G17SQiypwe5m,14507873
tz1V1Hu7nMcgVuMKDEZickAKHHZavLKTB7Vh,15617127
tz1NKHjwrYfg7GWwbWZ3bvdejkVL34De72Pz,15296027
tz1RaZeHEiKewSd14gZ7HKfcQ3HaNHJ5tnV6,314643212613754
tz1aiLrqvULcV2Kfvzt9dUmqnLQnoNXPPek8,12639656
tz1M2h2hPZzov29kf7xcHXrunXb2jFSbfiNd,146690278318615
tz1MToDUySbYhPabULUyDPPsfDQF1cpZPdoH,21981395544115
tz1gMfLSQs6xTM2TcLM6Sb2njJ6h9qhSsT9Z,2893940200030
tz1LSFyZ4z6k34KQ9rsoxE6gTgmik1nn2Zmy,310104734116387
tz1Mt4ddsTmDs4of6kkWYvMWSUtM8zbGNMq2,14203888282
tz1UNTxRbAYTSBSdHMjoUoYAtLH4MHMUiGwg,3008610502155
tz1YUJitqsUrFfFzEp1d2RiqVwV61J8aPb4E,167810844232
tz1TqqKqc4t2Y6PTvxeuhF8kNjVn8HpZkKma,19897734271865
tz2VoUZvPNLyq9bZ82VoDLrhkH8n6eaUoS6E,3758158534041
tz1ZvbLR47deoqaSgsaRXe7hbgDgwonBicnV,146719603995404
tz1L8m6MGdvK2WA65wQ7DeVwXVmCS72JKWeN,1973800562175859
tz1iCJRFVD1oY7yQBap6X59XktpKHJtgCGyS,831106443556
tz1bnWUvcfU77EBpbLUQ41c3hCBKovGuqyGY,52471214935551
tz1STAzkywd9GnKGvJBPL4xWte3LCniyu5ho,15056316268339
tz1g6cLrzLxNayiVyb7BLsKK6TfwboqWaYPx,573225040695
tz2Q6ugZbronUHSk8fbuHibBrBEJwrzgtL8X,4194828107671
tz2Kn9u9cxvTczP6CjirJnEE1UApmoCzuGPB,11805306082750
tz1aHfKHR887WzmpA56K2diKDufR3QJqn9iK,784966714003675
tz1fcuYiLoHA1qD8vLJmSJPPKhGANGLJZgin,11548264250
tz1bdbHUpDrUx7m5g4VTSkjnc3mxnquzRTcw,146643588359232
tz1NoV2nnTuxavEAuozNyHm4nqT3qtkYUNYW,31185210694
tz1TQJjDtzUWWAa5a9H61iyPZmuKRfX9hXi8,1337365125
tz1ewd8gDnG3USrTRJVdbpsyieVv9fWDMPNk,24877801688048
tz1PwxV2kaHhubkYaRWTnGBvsxXswz7V9GWc,60109002205885
tz1Tpms3fccT8x1pVY9BQKgnvppew71pTDDd,1932007323363
tz1bNLPqmLVxWF6puxbFZHU1yCJLiCZmHH2E,50692051858
tz1ajJzH5YBGRuXnU7QDJzY2qVRGcysUbxJE,2021806439959
tz1YT4u9DnGFiRM8AXXACY8LWuV1rW3A2hFb,159958487297729
tz1QppHuA9TUoFN5Ek2ZSmRPdU1xQiwRSnPb,542084040151
tz1fne8nhZuSRgzaQPyaomKQcFRfthyicBQc,1761104393333
tz1PGFWJqZhk5BabfqxfYixpVH9S8vY7NKj8,442709166791
tz1Uva3ynPUXqpAsWJ3CxcXVPG7HEXB19rzU,17464976182659
tz1cGZNvVyHrKgbRu4b23Nw896JD6GYhZKQm,17427666511126
tz1i9THBDe13YzhSmcdpcWKJrL4raaJ1cpN3,17396138477965
tz1apbBneTw4Ap2kdmv7gfTv4kDPYbR5HAkn,14695696601838
tz1MJ4C21XhL6B3YptprRWMuL8oeJquUhz4u,370512693809602
tz1SMoz8tsJzeQPtGhPEjPnanQMvFc5KitVh,945088712225
tz1XuNQgqT23u9KcwmRLGGQ6w2n6dCE4bmoV,452825757717524
tz1WrZ2Th2eCuq5NuZb8nHXPJUjaBE25Uwgv,2789017736
tz1QRRG3oUJBo66xvidmpzuwPuoVBBtLxUaG,1882565484035
tz1idC7XEoSZ45sXLwp1ujYJ3yNFi2tkLT7A,106037891101
tz1d4649CmmMEzXBWzhTgTkFxy9ATNhb5HC3,185740869333
tz2CrWArLr8eRCj6mp6yYQAKshR9MuyaK3Qu,18491943595826
tz1UdGjnCNd5ifzEShXft78CmazG9gj4fdrN,614235824086
tz1WqkwtGV3ttnchD3bqmucZwByduHq8EN8f,7304235730
tz1fvhxJtMzKYkXM3fvXrQEyAXyMLYayTtZ2,81730795166341
tz1dVTewmwhAqfBcAgDuDuF2sPUaafuPA8mr,17059545173520
tz1ScePe2eXYo1RBdEe12hNY8KrvHyjFhHw6,3936540437639
tz1XNmNga2NyqFiNpmEN66fpySDoGWoKpKXB,226017638475667
tz1dXpsNAWLHVYNWSqhrHCHT6wh6L1fKZfo1,2830836623541
tz1N2AezxpvrXzvGaqNVW9BqXxJ6Rcup9M4p,24303959298
tz1iFKBz9HbJDp6omQGG9LC9bTXF4zKdkJfR,63315125247
tz1cp312oRvwp5honfR55EsWUF1nA7QZYxT7,29975739275
tz1fFCF6FogyPLLjSk3FNTG7gVdDWfPCWVni,1514885485
tz1WUmNdnrv1w75V7ntFSt5kSuyQfYuo2hqK,4703423767894
tz1LYQiMSoy34xAUD2NnsJLCTmb8HYYR9th9,602489964242
tz1VYa9SB4LtsHLWZnJXc1JuL7wuX46orE2Z,128387192730331
tz1d9NBC61N2Xjo9LvXAQsKPqC4HaL1mFD9X,98033574816210
tz1cAxm3wHEUX9tY87sSfdVfHgCWcPCTkNTA,6699383021307
tz1iNdzx7BJpGD2e2YaV2QbsteMQWMAXjjDf,41850410286941
tz1YrFGJ542U6jpYHpe7BFHxNfa2mb1wpAdH,40426918835
tz1SPVSDCDpbqigKWVYnbgHEudxSM3BASPZj,44288040364742
tz1f7C7HeTczoCxoo8oQ3vBDRQTiNM3tFTZu,3628172315574
tz1P8pHeW6qWzBkgeDvi3bc8depN63r5tt5s,1613609520770
tz1iZnkruZaYGv3dfER3wEasjJj5xpaTtMjN,9559938331436
tz1Y1svqGfYwEN9J3ne2WLEuzUVnwzP5qoYW,3762712510
tz1YmwJZfEerVMbc8uuJc7xUzE64ma3Xfu7L,264659118203
tz1aQbe92zZy6MNeRFtgmgV5dV5R4BNTdqK1,263431264844
tz1THz87Wwo5DL34CELa6psvuH8RXShPmSbc,66100671735
tz1cgAHrLkuj5NrLmQ6LnELKFKu3i13CokzB,1804658959
tz1eQ9skdokeeUyTc4SdNQMPigjZ8JY4kzus,148946385301
tz1S35xPc2sh4kK5hd7KujsWU1G3SUdCnFqp,18309958469
tz1dYEEirVkgSnE7eGK9vFUwxWBqibkafs8W,54164297592
tz1VLGH7SJ4HA6kDXRiHYqVFkn2btjnoxqib,31947836618
tz1XYkmAHtkZFjZLdWNoL2BTqUws4oD4H1PR,23407123724
tz1dCyFm9jxuhxJEi8UW5sgiS7TFubaNT1J7,386670226
