Address,Amount
tz1NRbpmTuPEFCCYCqCr7i3hkMRDRhBFgmxz,18201792718989989
tz1RDbEW7YUkwnnDdMNieSiF6kB4XBws7QSg,100592238272425051
tz1eqt71cHna4YgyNg3ao6x22xU7c7CZXxcf,693060574157850
tz1SBxNvpDFC4bjW23CtQfVLqN5cBATVf68B,73536024832681048
tz1Rgo7URug42QnhBM6eLy4MWdfwn4RovHy6,15823676589336388190
tz1YTQ3Lys25j8FhZQY61eoYErYUteSao3ez,33148456262074187
tz1R3bKH1seset2h49p4vrZJCEL8voJgSK2G,5524050568881304
tz1bdRJkGkNQ7homh4PTnkVM7xzVWhuC4EMm,1976168656365895625
tz1Z2Ne4ZHxNPuCJeCcoykHVXTqhVdLMD9gV,4813510143484227009
tz1Qji1NnEPj4Cxa9s2WEoWi9U9KM6a9gdDL,498706233885462035
tz1cmanHzitf3UgWgECzLpGUKpzEfmGZaFsw,87035020400549624
tz1eZFb4bNMMdveGT7BPcktbYsurg2e8r1xR,78313222011540
tz1RartAmPJhFsL9oAhZndSL2G7KCsaQqqkf,33022217602282243474
tz1MyqKoe43P4Z8MfHoXVBTrohgcbehp2zLL,515563041591618159
tz1SRcMg9GRXi7paNeAc3ARn23mS3Z5dXa6S,38713618860081959
tz1hD7VdzRpWG3nmYpCyW2gNc8mQNs3TCgxu,570104138786026
tz1f38MX7YT2Q7MAq3mDdj75GTN7vgqV2TfH,216215636428893
tz1aBDeNFooBEmBXnWDVgLknNMUHMYhHVcRA,4023601518324577841
tz1hD5k7QW9ChHCgb2YLthKFirKDYQiNPDJz,111786400065105780
tz1ZL7ekzieKxwngCCyjsCN5qhu1ohwJQEBy,236635508020898051
tz1enbGpES1NDr2kTaocDhxvMqtpMy4ruhW6,94156001688926126
tz1ehGMhxarDhwppx14PX1Y3eqbZ5W9Bc2Y1,23411512015442815
tz1LN3wPFYuS5fCnodwxT94xVFLPtcFHvcHk,1434048168264378
tz1ed4brTwpFg8hFUJSJ4HqnsC7sEjVesMtb,658104431221210879
tz1QJE62jTxHis7kZkbDT2zsYZyauNDNzWg7,292809584626817075
tz1gWt7kUnJtGXoT5BYzHVa89qGp6QVvQmyp,1834139656511447740
tz1epR6pJmPaJ8vvzNi6V1T51ccocX1Y4VBb,11975167776809476
tz1W19DveaP3mW4WvFtdVdqGsWwBL5q1QDSK,2430550392019796502
tz1esdEqZC5Nz3HDFseHvpH6SmQJPocxLzA2,120582351962210115
tz1XyTsb9DwkPru3eU1Cwnr5JkihEi5eisHo,9245360680495419
tz1ULQQ3S4kFLhhpPsegiMVFmXx2G6ewmbTA,1196353851969731691
tz2Lqs8WFf2HDG1RoxG3EAtuHjDS27XQANWT,33122803922877
tz1LRrXCmELevk5znmVcYD63TChSpYh3vaE6,259616017510900
tz1S8GvdiWQghwPMMzbNvRh66rcfmhEA6vj2,2518423499902220842
tz1N9qzry2ko1gwTK6HKWamZZK6FGx3Vr89U,5340572205915487
tz1M5swezYMnDaim71PSeb2cPFk49ajrvDV6,150891528442787220
tz1QQ4HyGbCZDmQxeVHoLP99KLyfvGvyX21i,3045859665806107632
tz1WKygtstVY96oyc6Rmk945dMf33LeihgWT,484101112893759944
tz1Rux3pGrp2KpZUBKvg3VQ4edRYVJsapr4z,56952799212753151
tz1LWMmDzH79xyu6JvELrnvWLBBVjZg7TnfN,1739884952767505990
tz1RfSFe1dxP7wh1zSffEnskgqvVVWKNKZG1,7970352092847198
tz1czGMShkB8ZtCHKHeCPTY3CpuiCrjsGJBy,19135934559277330
tz1UQ6cQZef4MuskJjV9g8pXNZa5s8ff1oQy,209805321606220742
tz1dTmMLY7tan1HKfW5e3KxJcfZput6UuTH6,360997527251416
tz1daKxrqyoFUCcuQj36BeMN9C1Ytmjg5p6n,338668741191718952
tz1YZ4VZCRPoiDyGP3U69jCq2S8duDUcRjHP,24198812617570627
tz1L5rXu3RqYBjZzjWXLaFANYZcwS5Pb1ZST,357460221617041418
tz1NkFRjmkqqcGkAhqe78fdgemDNKXvL7Bod,272219718393718316
tz1QkQLtDkqpw8VSymi13A86jh5iaCeMriMJ,1929228745568644064
tz1h6J2pn9X3KMghNHZikrh3PtEpgCcRAjHZ,420486509342920856
tz1VCyNit49HjTmz8SEgeL67x4BLuoTaeYMy,2515163440876871904
tz1gACjUSBkWjqWv5ZBMRk6G9Sp8xNAYgwYV,154490723044148768
tz1ieVZFcRity1eybQtgUyGg8NLEYWNqKtQe,71809516545503773
tz1T5GmdYXDWwbhBrU7RubT7Z2dmz3ZmKwCE,1290833228498767126
tz1XLpud4YtVgwiAJezLKUsAo9K2s8n2YPqx,36269924865269
tz1gmajxhmKt22CbcsSA7WWXSATgbuVEmzTC,196298329046607875
tz1cfzEz3R8YKMqC2rbKnr2XtpNjZxH6RGdy,35164742626331610
tz1hR9eQYNNTZ4VGUeipK4PHtyyDEDmQ9dSf,767949285950522122
tz1RxeY78zE8hNJbqPypB1mTVyTsBRmPuqry,101983035139481970
tz1SBF19iLiCc8dNpKe1Ym9juSAKaTPyeypF,108171988935958
tz1X6ADVxP37XjYppBHMLVRJQwmxA2YxztbQ,10562191907138594
tz1T1u1CET7ek19f5P59vCdjTNFWAscYQ5ct,380769667974853872
tz1V9qHfFxixcXJKWuEziUqvdrQ7BWpPnWTa,512947459065249208
tz1Lqnwap8kKynTpefqqSH158i667Wdg8HVA,150709886113309882
tz1Kp19QyYUnXuE6cxuXxsfQZbyqv5JtKPku,56802126399
tz1cnojsw9qgMbdpgPeCcWPf5GX4YPvd4HAh,448622506076356216
tz1fbJACCskangcgy9xjDSiEYgh7CUmSo9oc,18141507092483044
tz1dKaw4xdNjfufDSLWRxumNBwe2VX4mxXyW,99630887415969676
tz1RJf644pa7QAZqKzrPQGiYQPyubXarC4cv,4752625082207267
tz1YSwscBZCf26kSPvqsnUdhnS4XQD6mAjcz,4492170059813305389
tz1iCiA1vKmgfZbY533ZgMwFKZ14S1DQNooQ,19068366667596203
tz1hNGWJUFPFV7AWLXvxGzJVEfCZ8KJ77PJA,73743717376489734
tz1Qm3DHkV7V6peZPyWe4rv6aToH3nRmWEH7,30706683207518544
tz1KsiwkQ9pyrt4Ra7QrAQp5LQJCGxHQrY1n,121802486637619
tz1eKTUc8X17nVmtVRtxBcs3hwUPXWuqP2AS,3556778137502991961
tz1hXx6tvTV3kzxpBR6E4hDYcxdgcRGHUTFj,2353961994
tz1fkZtnjNfQHtEyUpyX9Tqq4RrLKx35qBxf,130840514887458020
tz1chg2T1s4DTjLqthPc49HDcqkFHMwdSPwb,412021790289033012
tz1Uzm53vPr2Giyi32yT9GUvBErKqHPBjvQL,340721360951611
tz1aR3nrJgUyU5B623U9s1MtMsMjA5Wz5c3G,785778067390153095
tz1YaPLZuVmZaKB69BjJXKUDgNaZrxBR4Lfn,21897031819306855
tz1WNk2o2hJvzjuZRNmZQwjLQuv24wDv1zjU,61737975317828
tz1QmBcwm7RH6swEYNpsZZfAWCCFaW6wugVT,1847518998317858157
tz1LxqBcvRbZhp34C2ab62CMy49wFbsQSzD7,10648663177147771
tz2Kmi3xEnXk8c7zqWSQqSSyfNpWt6ovG38D,2190992871549578295
tz1LgePVXLZYNhHoRQ6KgHfQjQ1uq7JJPZDa,17064930181145783
tz1gk77xzDAG3sif9eFvsqUnzaGh4MrzaCp3,898606146187414270
tz1cWUkZFBZ72Yn9desxcgS9KdH4BVfqd2ZW,440407767560271837
tz1a3LNYNZTNN2SLMjWSUc5jtLWFvZ1kC7BR,9461958577643464456
tz1SGPStfd9v5upQUxRiHPC9666X4FpVAmK4,921158343930459
tz1iF629Cc91SJkmQRAWAm6nYavf7RgpAqZh,826398518697345
tz1WHGwmdEr4iruf4v9r6bdHgzC5v8SKYTkV,48774826049784655
tz1Uza3jMhipiQMtmeEidizjbSqnqZMQyRv7,24778845128459
tz1YqsEWdPxBmqVKsJircrwBmCmZDtHAgHzp,12289423725790044904
tz1ZLMaECyswARea2bTsBws9eMjgUm4jG8Uj,1520792555546726503
tz1NySiq6aHysD6Rpu4bYhFaVe3ASya2qB8D,102346173692206234
tz1USU2xSWb7CBYGJYat2X7An9sr3cFfsLwi,62476668551309358
tz1aoYg1xYeEdnLrAJ7y2r1T3aMBCyms6ppJ,1117682136153975
tz1WxCJ3UpzyWsXmmkE1YjYzbBv6jXYkbFYV,74146224510732616
tz1fq3tMpnnsZ944DVxcJqsVNGsWTPvqJzvo,63718137117693152
tz1PrecMTmNArbdvQxtZLUVUBT8rcC86dKZC,2039368372984438
tz1Q1LWn8wCK77L4xetjbH3Ar7sDaSANezZx,14249172597292933
tz1dugdoeZULYPA9phfkpofrP95rFqhZNXeR,151005126781560
tz1UecmgMghaWovhh9EYfqTrK9gTtaiMtbzs,16451328651632
tz1gGwXf6Ggkv9T4jGmp58jUMU2Gh2vYjDyH,48112278883232525
tz1QjPnpmqAJYSfDtDM7uTf5bkZDNY7eBECd,166107248955643820
tz1aVZZd883FwyEx5g2o3TgQ7pwEYi2f6apg,223669898771605899
tz2MzvuRU1GEKi9udpqzLpGYfDoZTiKZ3C4C,559034227193995378
tz1SEox4m6JwzUjLL2daQMKU7XDrvsEukR7X,9583380435228622
tz1XJqUrY2okTwoJFgHFJKQV98tsn2oC6Twj,46148782074104213
tz1VqXA6L6hPEFjvsgWv7Viw4xQn5GyNszzy,4466798477337358524
tz1Wf1Lqz1yHm27P2RQJAVV2CMxnhYK4bBGc,164793064337550698
tz1cTS1WwovU7SC783xgJxZrzr151mcshmNi,12724577250815438
tz1f4Z9FJfgStP7v6Rj7BMJnWJ9Mb1NdAGsS,177203677698839
tz1ersiy3MYVu89DFXvW7Qb8AM6LYptSsoT7,202187825263873379
tz1UFF5DSDDtk3fM1ewaLvVG6fhaAeCdgYEt,15541356030527523
tz1dcpUhXGeXexEXispSpfv7CeufoFnV7AAf,1243113727481858122
tz1RKRhkvC7MQgKfPejvNaHGshWUDsyJKZdT,733793928567739589
tz1SHzbhYsbX6Uk51hJC4JkjgWM1gWaSwBqQ,40712847439324198
tz1NW1MMFL3jytxBjhx1qATMJyY47vLBMa4p,18319501368328485
tz1QRm2TJKnarZ9tbL5CNjN4Ltq9pJtytuk7,54243472056
tz1WJpBDRGfa21un4yQDKTGXZw561nsGg7Qe,1129082885826245
tz1UXAsfFeufr6p2PafNr2oXNrTDSdtwwdgm,16453192580147897
tz1YPUNi7KW28VxZNEu3fNkRkJG55G9p7wsN,23558553991340
tz1YpusrSty7ULz7w9sM814trSRmM1aNbmZd,834993528822420275
tz1cuj9Cgi19KMRi83UuypS89kXM435qdhmy,1997026336745442
tz1htwxBMBFikeP8SnQiEQyA9n1ryDrDFyLK,10234620541952007
tz1XTyukKgkqq9P83UkV15np7EtSSEy4kAeY,10482970184917436
tz1WMFtCLLeRiayH19ZiaErKq4Zu9p5N73Sr,288296246016762
tz1RFUjzPENm3vF7quaxfELQCfNTCSjAsFdA,100897621216700541
tz1cLd3gXJ9Fk5c648hRzFvTnGfT97CxcHrj,171797314154664093
tz1Te5JR7gzDBwtZLKPWSPuTGFE4JX21vVur,3948105996350
tz1YDRhXyq5ZHMoHXJX67rHSrUFTqhYjFo86,11820787320262242
tz1NGDuYTuuB1geX1K5b88cqa8JinFLdd3d5,51173284169525995
tz1XykUaKpskyp7hDEZjmuNTk4gFU58a46KC,5870907150354484997
tz1dghYwdzvHc3tYHp8iHpNUSpmAvvs8Zjs8,2532153211542868408
tz1PuipWs33aqS2KSG5k1qQtC6Dff1P1GBmM,38304640334807807
tz1ZNxMa8XsMa8JTv776X9iCETcNoo4SY629,22357909713823795839
tz1iAAJhH465Cf3BnsKQ744XHypQGY1v7Ps9,52196548583
tz1a5QW18ULwjJK71LSc7UqNGgryrFouHzf1,7473901093863514
tz1Z1ZX2B98nEAvEnLXJBCnsJ6K1GqaSp9jK,36796010072277335
tz1enT2GWv7U8jyPmmoVb228u8hvi6hJh5FF,95911501406902487
tz1gVon2mQhvutR49Yd5XK6k4ypwWfFjMZtz,40119700087
tz2HSz8b961xoDjDLy3aFGogvW4HEqXXdcR6,52554451630723197
tz1eSGjgq2NmLWnaQFQxafXK8ZQF5V7Sz72y,4387824610353906388
tz2EP3fw5CbUUgJdx4c3Xono8Gbc8PLXGRM9,77387091529826338
tz1ZhteLTqobRVCYsPj44oFfom5BJ2SdGxeE,79051718066000406
tz1aRF3qMDrbN95f8dGYTKPaey6J2qQQnk8j,25758784987004065504
tz2ALu8Jxf2SMgzSZaZEwfiJQbogpUDPStwz,51582471540
tz1fCHiWZ3ReGqvhxkMejVzcnXYz1rnsJpow,2101525938322357199
tz1Mdpj1npkpaxPHF2wFN6oX8SovVPfHyXSy,25562010059765328
tz1L1i5BVehYJBebCGvPYU9kZYGKBELGUJGH,639003777090998667
tz1TR56EbNTEEDeRrsPzQzoyvwFgZT25q3JR,35428920443099361
tz1XbQgDFCaT228TPS2YUeHHfpVqGW7ANCDw,15590889904690
tz1S1Aew75hMrPUymqenKfHo8FspppXKpW7h,4290042895699572
tz1Wb4LakUUYuFuuEgXXQrNZuBD49Trodhwx,40442166577682346
tz1RAfKUFBX6P2jFkCpzLFntju7djjbtKAKr,1512573444241719360
tz1MiQ6euA3EEdnZxJ6EPwVsHzd6vQ7AHJmU,91702171628
tz1UFwr89hcJvC4sNCYK7zSLcaD4JW2KkNYD,430542518813023113
tz1TiJBTfVoXxregtdgCs1rYd55APXSAmniz,70209475152
tz1ZPSGxrrPPfrmoGJgpXDArNJfNNy3qGvE4,35277051381263363
tz1iQ5n52oSKgdtdYtqEJgKmQYbL1nn2poB8,958013705950697743
tz1gueZ7eL2KnvxqWudHjoTH3ZPiUCmwNKR6,119047289029429090
tz1QxepCwQ45EwtcxkgXZezHbnidvK7hUywy,645983631491738683
tz1WT27PugwGBtre1hsj6BHmbAK2qQsVbRDo,159526224615032767
tz1fL2TsQR271w84MXx3qFD7y4PZ1F2mpHFA,1308565832899
tz1KhU89QWZuuhhnDD1paFp1jYMdpJLh55im,237322657220943442
tz1QQyhTMAmNQPcSGkM7GfDva8hmuFPAxUMB,158514753740396144
tz1htnC2n5n27PFD41q5X8bDvDcjbGMUS3f5,2597678785940541478
tz1PoickddNEkRN6qp4K41u4KUW43vZ1UDvF,5268203730843894
tz1b9qYttBxHzoEseqabgvQiCxafZzkAtH9G,1119188427090531879
tz1MQotPcNdc9R3nWCTwXLMDqKLS46WqW7Wx,404899705717751458
tz1favSqpvTLtedjTm1UjuEmKfgm4o9kyLd1,912801574700535196
tz1XYuybht7U1RVsUip7H7S31fBDxpUgpTXP,47898009287
tz1WHUWCMqVqq5AagGN5DrytqWz88tYgedUr,44239647188465096
tz1YJvMiZyXnzvV9pxtAiuCFvaG7XoBZhbUQ,225812794655361781
tz1TmSForCvNii8rmwL6q2jgicQfqjNFtj8K,455002339093012605
tz1eoqCSmqPQtTLs53Rj6gBB14eQh2aHWVxu,9136051049451878
tz1XhZUHsJAFp4FHoeeQQ7auVBk5j6xoUKbS,12367297623117011
tz1Pwh2MBs6q2SeLHiko3iJpfMwsDV46bqQU,2316193718029134690
tz1hLWsybqnJtQRFp8skYy5aZLGNmL9bMUpa,247954292796765661
tz1PuYitvGfsBm7C3oYAXqNc3t5wNhWZj5Dh,219560092522201536
tz1dbCAvra65bwTVk5mgkYUHUGz3hoKwovZ8,73853637278819542
tz1T5NfkdPfhkXzYx8akPkdznxSgU1Uf5jEG,185352078140736243
tz1PYqfNnkpZydtSY2Tn3Rv8mjkgUpHJpFXC,515097483004085650
tz1WidyAU8wuyG25Pd7b93bcx9hMu7W9Pea8,5152598228091629
tz2Mz3ovkZR2HyC89CHHSdsrPya1mKSmLWfD,35732427785488949
tz1ae2d1BJt7YUqaaec6Xenh3mBqS7VjSZtK,32048214064740048
tz1g1vr7gbU7kwxVqmbmnovTGtdeRxFE6uBk,8394137940431452
tz1L1XwcVmD2z4qPfLtBJ6RPThgAwLcXG6kW,5400578637347173
tz1epFVHmqeWvvkFf2eskwhQ1AY3JwWd7Ej6,106440023403241173
tz1QRcnskFh7eaV7QdEnjoYdDfrDqHgmmrvF,276827968622036156
tz1XybkRZWjLx3hwcy1hQ7PT6FWEhpHm1FBv,27069889804457168
tz1XcuwadWbLKkc4mDVxRo25dbtwfEa7wf2c,190757819221430625
tz1hvRvzke27MGtp8CsSvsafxyyMWSVYM1ut,9654882186316997
tz1a7MJ4HMNbWDhKZAqrvzX5P6u2E2mJyJiV,369325040055777401
tz1WeLuPLjUs53Yr1RCgq4EQ4d5SvV651Tqt,3625377827340703
tz1Wo716Gggp5HfupfxtPgmYu23rDQNcLcD8,343571024927712770
tz1imyQrFWHyTp4avUNAw52RxdFjU3HPviRN,94581552575906677
tz1isKR8pS4pdgU934K1S4UpLsF56ECJNArh,127775881941038030
tz1ZVoeS9T3H451BgjTe18pM1q1LPd2cgB6Z,201041639606150
tz1eL4fYCgegW8tLCbQ1mYiKY3TdDxWnnKo8,205170061148084901
tz1Rhg2UDkjgLhemdSMtiGVGRmzwVLVaHArD,25479020375201653
tz1dPHDXSCFo8PienbvDMyCKr5DXjPMrZkJ1,170550239742611835
tz1fkkxXSMtSQew8F78XdsnaC26AfsXtsGiY,35868051101133961
tz1ZuiTWKXKqYfzFPaSaAG3Huf9QM1AdZ1pJ,130598878948794453
tz1RsCndtupuxe2U3syGAdcRBzpNqJZ9ANNc,2727895278398763895
tz1MrZQhiNiHK14oEq595DLsVQ9wC4Nv2ZXW,16338735416697547
tz1LJQ6MPnjGekNAmhFmkm8XWtM6UGx4MyF4,624296427955504463
tz1hmxzW7MuU8HeRoCFPGZJnavGf5unqgaph,375246182752798459
tz1Z6QqrAbEAMDLsis3v6b956sfH6qLTSEex,1367865310821100
tz1NnBgY2ze24nQDpdY72wb1GVsee1UfAT3d,13726631254552955
tz1dAW94vB3yYfNPE4LM2txBT8PQ21Zq4Xzf,30703860090663418
tz1eeR22tmjPN3rGDikEMvpe8jcdXww3dqTt,102346177069629966
tz1MsfyCeQEt7khed67HHsAidezZ1Th6mjzB,35493085526923998
tz1WBMWCwjuFSsiiLUWKEQHEACNEat2S3EsD,5933596691166794
tz2SuPjN8dYMJQe548bTvSPL1fdStZPXv7gT,7540093052283934153
tz1N33TtiYBQ67sw32rhCsMSVpZkrSHWe9aq,1598381069975418656
tz1QMjzbw5Yoi2zPqUeg2yuv5GZdmXjhh9mr,102347504397156580
tz1ZutSZgCHEzxspXyoSYSREhwHh5g4PM8hN,64068704731
tz1NJS9T6FKTnKUkVNv2g44GHTAhzH77qiYw,207585539538857429
tz1URL5HNuTa1fHqqCtUKXUM3hm6g9c88NgF,323175544628842
tz2M9C5x1KoZGoQ9xEY6fQ6Xwbe2GU1RTzRx,83383205381419
tz1RCQDHtpdcwfgF1Kbbyusd6xhfjbXanhZ5,1207587478554080194
tz1c8JTzmA6c7cm6ZmUwR7WES6akdiMa1kwt,162042276933939352
tz1XRTNgXgWmR4PqxZpiB6HZJ8Siz3M2JAim,48605182131907221
tz1imbraxLCQ9TUpnJVP31LS18hpTqG5wv1k,115020299515012926
tz1iDuz9LvybPBC4kDc7ceBoKVDwwzJR7zKb,3138147190677098032
tz1eiyML8sHGBL139FwJQJeLGHWAFtDqPz4U,10234617880951491
tz1YQDCB6Hbn2ozMyS2kf6WPJDeRvJtmtNqQ,183366711796521032
tz1eeNRXYK56vgSfXHFcXorubcaBBCVpUY1Y,65910935857
tz1TQw8erN1a2LpfRSNMExicRXMveBPbvTKE,18997235057562
tz1gaRjULm9qy4D83VCvb4ABWLKpz4XXfqjx,49603642660847495
tz1hAZNx3LrRKFgfRytoLNVGhCrzU1uVDUHS,161845458787958427
tz1gJaXdi7Gweq8TUSy9knB2wLjioTKy2tZF,21282125056723495
tz1PoXtd7RGVBwWmmZvxX18NQXYpbNdiwwtE,283238345372732788
tz1RLCvv7wrWq4hTmyKk1zZuZeuUXNViSgRD,5723774662033128
tz1QFk2DJhPkzp2nCN7Thpo4askJjQ3Zw6BU,109972669706777
tz1bRDYJHp3ACUojEeM6Ja442YEwNmcb7ph9,100465217844006602
tz1MDs7ym4sp2FsQhL32vuAnEqG3ARhM9Vi4,108486950152162856
tz1Xy5UM1tC3CFcbPBVq5PjufaxcLjMwfQkE,2942163570402596
tz1RAKBnmd1X43pkkGqywYCRgf1Uo6D77zMx,2941956626439390
tz1cXwKRD6AMy5nhqEVUU23SBxcAMnh2aKLn,32807007025640661
tz1imrUNR1R52GxhP4y6XQCDDXtQs11GarTN,2122687787574122
tz1chab75LnyqBqNwrK11459SGCFQXLg9uyx,53690320259068605
tz1USfPTFciXzVsQL7Rk8HmMWyWtFEas7fh3,117618534500108590
tz1btYY98CWBVCGEikD7s1buWjpicb9kG8aH,2209387585270785
tz1fj962xSPKTA57yWHA43VeVzo8KqdpNAeF,155011347475800662
tz1ioU6W4otB7ebgRZTq1EVVra3vMyXqeqsm,28930649908741178
tz1N8oU57qMgDRr6N9pSbhaiWRRQSxJRPGoZ,22444890551377351
tz1fCEeLBcuSMSittqTnMEhcFdPCtD1HsiZc,522025957223931
tz1WsKkY3TLDvqTuK97Xu4zuVoTb2nsr7J8S,18923379094605857
tz2DsS3zeg4pqoUnRPHxvuRSuQrjDnTZcTNJ,329468469714305
tz1gSGxwMrToBdzLeaxg4Bregv6W2oEbNLC8,951368244030530888
tz1X8AQxtn4KzBwMZ6MZUVFDcACrfnyfYhDg,42166623561
tz1KxARuCbAoiGGesnQjr2pvZa7CzJR7V9D7,74662020466866528
tz1QS7N8HnRBG2RNh3Kjty58XFXuLFVdnKGY,6134547066243404517
tz1RAP1j8SjwT587jyccTNArBFhC9HhGKfHq,13153630235134042
tz1QiZCuJMuVz3aq7j1Bq2v3BRTQPCdTw3Fb,200886693138069503
tz1L8hBVpams2fWFC9kS1sPVxfGY6Hmg5TQ8,28568950839450188
tz1TQSPkLPqXUREhxvYzPbAib6Jz35w2a6tw,93635832866087568
tz1XD1xSVzgY8Qs1id1kNyFJDbv9e9pNMe2c,51177088990879177
tz1Tk1MJDZ96bK85RLAqtKfnptZZyXsJ2jaq,46323803198186
tz1hes6aF3Px3D8nPQx27fdwBKrXmGs1UYxT,297534302171660112
tz1c1BG1PEeuhMFwmonTVSGafehicqbBJFec,8697114196620254
tz1THwbFPPPBHmBu4cmLV2SppLFrA5QfBhyF,40785110521078233
tz1QSwx2wnmrTjEGrid79c4tpFMxjCT86SAy,87528133076016961
tz1RcJYTsoYQ7adtNMANhwd8qf4zApM4i2Yd,216878446963308808
tz1cvrgSekgCqgyc1c2qFPSeMtux6AAAfDsk,1327401398018830
tz1a1ZcbAeBEjxYSwuNKxSu6FbFB4dxdL3m9,1199479859169303
tz1NZnfrNgCGdECyAhA93TLPTSciJcZBJqDY,4964908399776367
tz1UGuKv6PzgVbofb42VgeRwDwsVN47UpuZB,172891467621909447
tz1eCzNtidHvVgeRzQ38C81FPcYnxMsCEL6Z,93442056580
tz1N3nvFqipu91tfU9s4GXGsopawpwxSoAJh,8415413927149310
tz1LFeLTRQZrgKxbmvjz2ckViRhVw9BZXw7t,2028464560312737681
tz1XuzzMTz1LhqbRPy9uxfRkccSxju3v8Y4j,33487231753504638
tz1MoiwNRQWHfA71aypNk8J9CsKjfmq39c2F,366659610611459683
tz1hhphPmGxL6HEmEjoVSJBy82FMWbFwzNCD,2049558171393483
tz1YHLm7Lq27q3rgVXLY424zQMkvncVvNiaK,11258080641335291
tz1fKtBhuuZiMYhM3Pi1hcP2sjRbstgDrmqX,3294188249779450
tz1XEA7cp83PyiXfSxWu3uHjA3EF6Gdh3Vhq,11074156174824153
tz1UXMLCt7dqbUiJ2BHRhE1gFkdVkmCZYcM9,3608580343435854
tz1iKF8o1hCLaTNZcCJpgKQBQxkpcSiBy5V6,144555183409498962
tz1c2iwyckUCcicx2qxqtwLEartYFEHg1pvB,65805750498884213
tz1PQDUDph7dDCn8pLGXqaR79DiUWLiSZdEf,34592853905128384
tz1fUZ5pMP1gUjuJsp5V631cXmA87Kxm3cuZ,528106260447977292
tz1NVsmLrZX4jad9bNdvM1EskvcTq2LSZhLx,456145074344332348
tz1PKoh9LB2P3pgh5ahaAFnrC2QBmUxcHDJU,31818288539609545
tz1cqoo91JCc6sKmNuTVKNzwUdi6E6moHWFb,135181693031337287
tz1ZGNErBKdYeEPjZuqKXhyTixQTTPn54bx3,3769472171016920
tz1QVUXNoyCfKpAyxDpq8kR3rK2AShuzQxJ5,349191743736862936
tz1UVTMhbMiSETKCxFi413yZ7imF1xeyt3fV,104409136756045228
tz1UAYfFWmaTrQTYMptaGCw6LrXK5Yv84VnQ,555789258696746
tz1hLhGe26gqt78sZboxiwne6zgKMqirRieW,3932137025215526
tz1RYTr2WKdJD1MMV51kN9AoxPnxZJgJ5sqU,5577044217065796
tz1R6mtcAQwBTK9YpSqRL9y2a6JZWgDkBm6M,63864229673224099
tz1Sv2XMQNxcAqyqyyv42FHjf3EGwJ3Godj1,1139634912691627
tz1Vh4cX8VutUUUnnjmnY2omSV4F26T5orLH,770038824209290
tz1QGCWjNpYmcS6T9qFGYSam25e36WeFUCK4,61872787599930344
tz1LApX9pPhcDUDznHR5TTCcSXh3m6zPgFHA,5670976934997435
tz1hUY7paB2J5EhD73r4oWL6uZubf1UibHrk,110463719724826442
tz1PWZTKd1zhfuxrixGJoHJ6G17SQiypwe5m,50866048325
tz1V1Hu7nMcgVuMKDEZickAKHHZavLKTB7Vh,54755202925
tz1NKHjwrYfg7GWwbWZ3bvdejkVL34De72Pz,53629395014
tz1RaZeHEiKewSd14gZ7HKfcQ3HaNHJ5tnV6,1103170394096027419
tz1aiLrqvULcV2Kfvzt9dUmqnLQnoNXPPek8,999845168002164428
tz1M2h2hPZzov29kf7xcHXrunXb2jFSbfiNd,514310703855712800
tz1MToDUySbYhPabULUyDPPsfDQF1cpZPdoH,77393226808625361
tz1gMfLSQs6xTM2TcLM6Sb2njJ6h9qhSsT9Z,154968451244554189
tz1Mt4ddsTmDs4of6kkWYvMWSUtM8zbGNMq2,47795663114
tz1UNTxRbAYTSBSdHMjoUoYAtLH4MHMUiGwg,10654471463481118
tz1YUJitqsUrFfFzEp1d2RiqVwV61J8aPb4E,58746703699
tz1TqqKqc4t2Y6PTvxeuhF8kNjVn8HpZkKma,74408036462346996
tz2VoUZvPNLyq9bZ82VoDLrhkH8n6eaUoS6E,14039899996606913
tz1ZvbLR47deoqaSgsaRXe7hbgDgwonBicnV,1514446862396572735
tz1L8m6MGdvK2WA65wQ7DeVwXVmCS72JKWeN,14317888577245245130
tz1iCJRFVD1oY7yQBap6X59XktpKHJtgCGyS,3484139268382279
tz1bnWUvcfU77EBpbLUQ41c3hCBKovGuqyGY,234217809290148400
tz1STAzkywd9GnKGvJBPL4xWte3LCniyu5ho,67498733372979965
tz1g6cLrzLxNayiVyb7BLsKK6TfwboqWaYPx,25949526393780865
tz2Q6ugZbronUHSk8fbuHibBrBEJwrzgtL8X,20571584801288053
tz2Kn9u9cxvTczP6CjirJnEE1UApmoCzuGPB,56779208736922780
tz1aHfKHR887WzmpA56K2diKDufR3QJqn9iK,3780160845613937533
tz1bdbHUpDrUx7m5g4VTSkjnc3mxnquzRTcw,4381714953946264
tz1NoV2nnTuxavEAuozNyHm4nqT3qtkYUNYW,55164587620
tz1TQJjDtzUWWAa5a9H61iyPZmuKRfX9hXi8,10920639454156864
tz1ewd8gDnG3USrTRJVdbpsyieVv9fWDMPNk,185082166426351382
tz1PwxV2kaHhubkYaRWTnGBvsxXswz7V9GWc,372165080758152
tz1Tpms3fccT8x1pVY9BQKgnvppew71pTDDd,10236554884634790
tz1bNLPqmLVxWF6puxbFZHU1yCJLiCZmHH2E,3063803262062169
tz1ajJzH5YBGRuXnU7QDJzY2qVRGcysUbxJE,10234674887770238
tz1YT4u9DnGFiRM8AXXACY8LWuV1rW3A2hFb,541621423743715
tz1QppHuA9TUoFN5Ek2ZSmRPdU1xQiwRSnPb,5698943524895725
tz1fne8nhZuSRgzaQPyaomKQcFRfthyicBQc,10234621463067571
tz1PGFWJqZhk5BabfqxfYixpVH9S8vY7NKj8,65399204989
tz1Uva3ynPUXqpAsWJ3CxcXVPG7HEXB19rzU,104583471897812274
tz1cGZNvVyHrKgbRu4b23Nw896JD6GYhZKQm,104411170067477971
tz1i9THBDe13YzhSmcdpcWKJrL4raaJ1cpN3,104239293997226227
tz1apbBneTw4Ap2kdmv7gfTv4kDPYbR5HAkn,88318736798554516
tz1MJ4C21XhL6B3YptprRWMuL8oeJquUhz4u,68964432994395360
tz1SMoz8tsJzeQPtGhPEjPnanQMvFc5KitVh,5709524174678199
tz1XuNQgqT23u9KcwmRLGGQ6w2n6dCE4bmoV,8510934787849948
tz1WrZ2Th2eCuq5NuZb8nHXPJUjaBE25Uwgv,67957859331
tz1idC7XEoSZ45sXLwp1ujYJ3yNFi2tkLT7A,35840520901526320
tz1d4649CmmMEzXBWzhTgTkFxy9ATNhb5HC3,1153283355018983
tz2CrWArLr8eRCj6mp6yYQAKshR9MuyaK3Qu,116150665207780230
tz1WqkwtGV3ttnchD3bqmucZwByduHq8EN8f,6988728121037651
tz1dVTewmwhAqfBcAgDuDuF2sPUaafuPA8mr,108721627267438569
tz1ScePe2eXYo1RBdEe12hNY8KrvHyjFhHw6,923616522811008
tz1XNmNga2NyqFiNpmEN66fpySDoGWoKpKXB,2506503407824971
tz1dXpsNAWLHVYNWSqhrHCHT6wh6L1fKZfo1,70721206021
tz1N2AezxpvrXzvGaqNVW9BqXxJ6Rcup9M4p,3843127721041161
tz1iFKBz9HbJDp6omQGG9LC9bTXF4zKdkJfR,5216580072206283
tz1fFCF6FogyPLLjSk3FNTG7gVdDWfPCWVni,57927934309
tz1WUmNdnrv1w75V7ntFSt5kSuyQfYuo2hqK,66013282031
tz1LYQiMSoy34xAUD2NnsJLCTmb8HYYR9th9,5258469132944418
tz1VYa9SB4LtsHLWZnJXc1JuL7wuX46orE2Z,180469556725563024
tz1cAxm3wHEUX9tY87sSfdVfHgCWcPCTkNTA,74371297358722879
tz1YrFGJ542U6jpYHpe7BFHxNfa2mb1wpAdH,1191517690323399
tz1SPVSDCDpbqigKWVYnbgHEudxSM3BASPZj,919211499253175559
tz1f7C7HeTczoCxoo8oQ3vBDRQTiNM3tFTZu,44963285465607955
tz1P8pHeW6qWzBkgeDvi3bc8depN63r5tt5s,34872215170536682
tz1iZnkruZaYGv3dfER3wEasjJj5xpaTtMjN,153519263199309868
tz1Y1svqGfYwEN9J3ne2WLEuzUVnwzP5qoYW,15873654295307
tz1YmwJZfEerVMbc8uuJc7xUzE64ma3Xfu7L,10371195369973835
tz1aQbe92zZy6MNeRFtgmgV5dV5R4BNTdqK1,9848528233924106
tz1THz87Wwo5DL34CELa6psvuH8RXShPmSbc,2661047288198739
tz1cgAHrLkuj5NrLmQ6LnELKFKu3i13CokzB,48000355461
tz1eQ9skdokeeUyTc4SdNQMPigjZ8JY4kzus,132445767307730931
tz1S35xPc2sh4kK5hd7KujsWU1G3SUdCnFqp,1727296766363278331
tz1dYEEirVkgSnE7eGK9vFUwxWBqibkafs8W,30773311078323038
tz1VLGH7SJ4HA6kDXRiHYqVFkn2btjnoxqib,994978469953550605
tz1XYkmAHtkZFjZLdWNoL2BTqUws4oD4H1PR,459487718967583326
tz1dCyFm9jxuhxJEi8UW5sgiS7TFubaNT1J7,580276194829649
tz1XbmhVLdDgsihnVoyn6aTRMURJ87YEbG9B,56292731228553246
tz1Sk1mwyBQkcyrwWZkftmR3Mjv77BEGUw65,11744657993034162
tz1QHXGKA8NaCmpZLrvrUyBpYhgEiQDyWY1r,7744307187142024
tz1NS4ZXnzYBPJpspW2svbqdjGsgBsGZchzV,409823763897331
tz1LUdy3KnxyyARheKtfcnRymhUq82SKLvyx,236884650660427
tz1LxFeaR3ZNkMRstvhjNeVbpv9vz2LttLBz,47693316940
tz1YRG68NdqtAcsFEwTUw6FsSsiBb5kagEDo,5145873344553695
tz1NiraRNtWgpXyyxopRTk2a7Py9oKFdrgkB,25748117756175232922
tz1VnXCALwSCihScu984A3dbY6XXLzDqJWa1,56008282275759024237
tz1ZDDHc1YycDdwQezjVDVCSfSB6A1xH3YxG,46874547551
tz2R1iMz3wHEx6Z8dpdPVgb9eTDVh5NdeqNz,57859201178191385
tz1hR6q1QMUC4wLD3izGsfeZ3HuyfJH5QajX,2155439520610847
tz1akJUKXFmNjxKaCqcEHmwbx4u86xfHLYJc,3134200413768551349
tz1V2FYediKBAEaTpXXJBSjuQpjkyCzrTSiE,8198845831350295
tz1Z1xRcvcqPPqja34fWNd1StABUV38LnbpW,1074727156154660
tz1egZ7YNcG81udp3pGXPBsYQsUNHB7xAH7V,20187422860427478
tz1TSowSJAKRqQbqjspmyfN33nps1op2GodY,102848011525133
tz1VV5912Qp7qqZaQ28MC2G3RQ89UhEdueqt,5018839630688818553
tz1codeYURj5z49HKX9zmLHms2vJN2qDjrtt,3172328394551149747
tz1WXSxKwhw9EectY8mAdUFXDBHFnPZE3HSG,448102534444987427
tz1aDrsGYyNbiqUX6eTHLe5otZJwN5XQh2kG,6857032214885480225
tz1gu5jCJunSaHjR52rcu3n7SgDCJZDLTqJM,22460695667394396
tz1SDmZnnzpH5GAfHoeXygPWwzJtHXADpohn,6846153474962950
tz2KgCQ3sTz3n3jrU21DveCfTVFgrMnzeA7x,9898119144963267965
tz1XT3SAzJh47s5DxMJud63MWnvDftqWFtS3,531874038178074918
tz1bQxeuFnf9PTDRUwu94sU1GUvU425KqCeq,299982161785235
tz1Rb2U9TbEkYVQM412wBzBbMbnqX2r4CTXs,270693245528868
tz1gaTbRLDWJFA8bzcvDtkz8HxN6V1eL6gwL,4284248089615370
tz1U9RY2mXmwAaSSm67rEy49N5YE1Rs7K223,4475430472934673
tz1ZzEEVRzw78fhsLMM7JvV9CxZUaWGB98U8,14568563067007794
tz1RSRuULmTkaXTjrhbFuNkE4mkJLRGPWJmy,62635858299
tz1hHz9wjLaZ3p9sDo9SkqT1t5wxNsK7688s,16856992653603033
tz2BzwVtwa2mTbspW1qqdiA2UtctbGntxAGi,1697367998983219130
tz1QjLLgQidRchfWMvHa23uhfgdzNKSevELK,1293294149909813845
tz1WW1xr4mdTif7jorgVr7aqY3YnnJPSDXj7,12171790270825010
tz1coEYWsh5bwhhCsK2Dc1SXTNQs1hWs1QtL,17617288091994246
tz1YKkEwEXk5g5MeDzNTgfDwKd589rGJS9q7,6238643708824901
tz1PSiE9EmFbQFb7K1cBxPTsbPdgotHLdy9e,19102015526668036
tz1hWxyYMfK3h3y7WvL1ErggtgneuNynC1JA,16624716656914789
tz1agphvYoUaWn5BjTVHnqTTyYwURTGAZyBE,122359142942963
tz1UVjnYXp5DZaCX3JZvxQQqxKnXaVMYAYZD,73944724013913405
tz1N4Q2BLS4sYvKCoM5XxFAEL1yoEY8TSS7j,6228603637660216415
tz1XH15XMCB22rJJxHLsZgVhXA6t7kJnmFa1,32968027851325915
tz1NEmMNjFtXgixkdCkkGsEn7k6QPeG1G1Qn,183883438795797022
tz1gVmWVnkT2yQr9gmed4BgK22SrSPjfpkEn,170971642641518815
tz1huGodLQWq9gKTZJ7D2Z9GeymHBJNnXvtd,12253600337646
tz1RVq5ohXzWvbqHzUgsmUNWHqin9HRkrWPz,140401595159876
tz1aGLjZZLDwYYSevU3HLbEXenAxwRo6f6EM,39809761004196
tz1VLnru4Qd3CFuj33ss2v1feACiaLaAQdvA,96410095618
tz1cj6FQs2Zjuwwf1uY7e7fLQfzi3YAbNj46,51173505953684386
tz1XksiJMYSGBzqZqbj4F1dbHBH85i9jR3Zi,88723922332162923
tz1U6R3G9mF8n9qH5mhrMZjgJTMKAEYb9Uw7,1722384660329690052
tz1TtLSSFGrP1796nyd1ZhGH3o1AVitoukLj,2479826622896210
tz1QoX2rtnpKq3MxJ21E9NcEKxqPL4dKsEcn,425080137997799992
tz1iXbbzm9Wogk7D2W2qNwYzePbQVmYP6BXN,7666471198680450
tz1aQGJFwYn3yzghyRbuWNapzDZjXCEfYHuW,1092281503214478
tz1YDowtv9HFd9eUoMZMNjicREmagF38XWyJ,113092521929
tz1MtaUicPHBwrvkwnNwikGFfFWdaPxYAvJc,9949427504611469
tz1enSmESCGkRYo2CtDYKhqUHFTAQkpXjYjg,10101801511466163
tz1Wn4Wc6d6jieFpj2DJaNEC7HXcwKexW2By,133050036341523995
tz1c2MCGJM3pFb88Spt1cWgxGtXAX38Ur3CS,81615149723001167
tz1ZFS66zDerPgLPnYYEo8YXveudhGbzjESJ,19880451112879273
tz1ZrtiLUXfjKsYskvr7fmZk9N277YQcv8Ws,49330528064948419
tz1NqZnVNkS4N4XQqZaTigDQpSs8nc8RoMFW,20155908580183847
tz1WEjGgTyPyhUapqCRvwBnHhLCNV38Jr1GU,10888702167896803
tz1f2NgqK2bX3LaPgeTrEWgFFqRJgPNzFAYv,16873846816794318
tz1WGMbfVnzVSTD8oNgZA8feaYvNvBYzSVmD,12190592860390469
tz1MrpnRbw6HqHvKyBE3811uHgJYuvVj2hwN,10330348397976233
tz1TkqGsSx3gB17SLAcMAnDgfs53kYeFez9Z,21433702837382531
tz1KssAq8Lofcu9MwuXqpvXh75ufZSCsLQun,17411695610012210
tz1fhd4k1jSJRRcNVbkMwVzkKEhX3kzApsfk,29622845764299959
tz1TRrpXyABLU7RfM1fR5AbFM4g3F71KpKVS,3789185132150143
tz1NkGJR1x59KMwfLr2a8bAqDYSm4WeDjeui,13240817642085234
tz1b4Y6E5szNCHKZadDnAvdUyBfr7eQoEM3Z,48937434109911827
tz1Y8v9LUURRffBVoJNysYTMzb2NranuM3fd,7518880690956118
tz2ULsEpiuozejYYvEcwYq76vDHUEVcyYyE6,1218579635951515
tz1PQkArZXKyQjY8gmX9yAF8NEtEtbuekeqP,7057797153493476083
tz1bv7bDGmKDPNjX3FBJ5nPG3LWnT7yB1Wto,243280781889058789
tz1LrMXpAmdVrP5daG1dyQnTia36EtXQGhzC,4643173965668945
tz1fkdpxhfX9pyAirzTZ5cKUKn7QRoPH635X,24076219321942
tz1bRxQfpDiUrzfEyjn4Hah34a7HNmoC8qyN,1437360669412075755
tz1YrmdFnmRS5McKQyFsXRrTSS849k9CPdXL,6582098854313854
tz1TyTnxshr1r3xEQDsiX3sX96wvfwm41tWS,327412937622023
tz1VFdHcm1vd6qTka7VHV5VmZPebpe4cJXsm,3758523666020654
tz1UJd94Mz9pyLzfC8SAZvTdDHUs5qkFvucK,91693885801075047
tz1i3d4DrdmVrQRVALsNrxw9J2UsXR4a819E,1384999775858748
tz1ajbUoguHiipVftY865tu8r1aRYEVWMKZz,366039298062689
tz1f94uZ7SF2fLKnMjFzGQTbznd8qpAZ12is,37946934873250762
tz1bmKAXCTFwox8xP1uSsTYiSSBt4dhtjx3e,72033324109483973
tz1b6XZn2k2tpS7uh3aHCMZ7J5xTR72ziJZv,62673727010789087
tz1gqAonCuKe1Vg9zNwFhP44fdPpHypGfZh1,18487585446827778
tz1fCCyqjcmwNw5Vv1b7yVXPvJzL42KqxWxd,20958370987714
tz1Yhe4w3qt2wiRz1LJv6QWsdHavkuLZtA3Q,142971425493852587
tz1eQpFrU6eQjmy2dcJiTeG18SK75yMPucec,16582024158377
tz1biyDVy4Zq4vZyc91eJAKi7wYbNFPJTzHD,4790410740979574
tz1cd8cN3qrphyJ3n337tcbCP2G5QkMP271b,284351372653298668
tz1MT9A2Fhs6PwsUXtYgVUxGNxHeuHX93sr8,3911937014452223
tz1igNamUNibU68i3pwGcdKLNr1Guf5oJ6nu,330725137667197284
tz1Yu1qh4mk9ejf2MLxRNnRwdHoidXqoSqqm,1117079038974424535
tz1Yoe8QLauwLiYB6bpDo6tXNtfidrrcUyCx,3530430196113848
tz1Y1kdVWiz11sFffcydfFtP6Zam6N2h3iSF,61490834172310
tz1ZPzoCDzn9kZD9kf9ZWg7bybBJdKnw9PMz,17696867530106554
tz1Z4HEApoZ8Yum7RTc94Nqt2eepRcHFSqcQ,73482249515360535
tz1aWwVu9MLbY2MiqL8H7WuzJ2g39m67oJQS,8176861666490426
tz1MAE9qgpWLsc2p6NdKZbnCcpzKt2QkQSzB,69111250057255089
tz1bYyUrzvViYFF1LbXxWeFiorMBXUtEusSj,63930213363458
tz1chAZukD7QacpWDUJ33dGqeWFvknj5Xpj9,149276620354835193
tz1dDmngL167C8BFXJwX569z8KPoBS4Hrmua,6768078978379
tz1TwG24jP7Sow6uq8554A6AUSxwtMQk9sp8,12649504408662246
tz1Ziaxoio55wxE9UWpXnaMgRtSN3VBhgGTX,284137065406961
tz1bp3oUKqHcF3BZZQcDNYqsk1nw91Nkr4fr,2787199370878699
tz1RYVLebe4eDwGTJSMppc83yugoYXN8G53H,2787199370878699
tz1QKxiyYVjjff51jz4RR36SxHsM6PiiExAn,2787199370878699
tz1MdzpED8Jx333i4MMnhisRxK4RZdN49AZy,2787199370878699
tz1bZHuPEvBTssxpk6TTErngCiqpedPz85Ku,2787199370878699
tz1PZ36aiHW5x5HmhNc7gvDNdu8m7NAuZbiG,2787199370878699
tz1WUqA3SszNphCmLgiDu5jSNKoGqAuHA77B,2787199370878699
tz1NXp5GJfJ6UZoiv5BYykyxkag123G6SQs3,2787199370878699
tz1SKjT7gZtxGYZzvwMJPczpnbrgy9S2CGq9,2787199370878699
tz1SXKgF1AcPkTDCHm1TaBSx1kkhEEiAv2ZV,2787199370878699
tz1hf9kC9q6s36AFnz5VdGPWfw3U3yjM5fd3,2787199370878699
tz1ZyPDo7hJ1xyUWg25q7rpZ6kZ7WjLNXPcq,2787199370878699
tz1L1CRSuow6DbyfL4T1iCrZcbvULU4Ndxbk,2787199370878699
tz1PHJKsafAGux2BN5RbnA9VVnJTLwHyEGKm,2787199370878699
tz1iuXgS8GQHX3UrFTeQeDJNRQwTqk5Ky71W,2787199370878699
tz1ZiutCQgTEedcG6bB4HyxHksneK2BGyRcX,2787199370878699
tz1SevLttnimTvtKcwteXobXLXeotdFivrCE,2787199370878699
tz1b7f2dYCGV3Mn9Kqd1rbCmjPLXaEwyHwQT,2787199370878699
tz1dpQJYQkWUcBTqx3sW8AEFsJeNUcAa7mVd,2787199370878699
tz1Xq2xFYJ6yewPo4G3AyYexq8YbDPFrMnJP,2787199370878699
tz1VfGyV1Dfava6M8oBYqmDRJR8UL2FfYoVi,2787199370878699
tz1fekve2hE2s2cRwLVMS82tXn4GPcugfCdY,2787199370878699
tz1Va9fLvE3yNPupePTdMPX7zF449Q8fjeRc,2787199370878699
tz1Wbc68JZxRJeaYQ7BV1WvnytzJfJ3LYFdY,2787199370878699
tz1aKbkT7her6XEBY5a5cyzG9sSRQXNdDfeB,2787199370878699
tz1LUSKkdCc4h33utT48d3dqqqWuNTHSy8Wc,2787199370878699
tz1abXSECVwRTMajFVmUzWXABPaGkTy35NKW,2787199370878699
tz1S6SSigi75RbYC2sR4xzTTyxZACqhpcxoZ,2787199370878699
tz1fgX3sRSUFc3NYTqj81Z7s97auxMoDdaHc,2787199370878699
tz1StsoAaqgEcbx65F1sWQs4F9KzXyycufcA,2483557438646026
tz1ZYCUaf3AHvBhVChWL2RDQ9vww4VtQqBQX,2471838852690344
tz1a3zH4CyejVgJ8bJL88F2bkb9DKTsVALu5,2477784558054412
tz1RPJZCCaXzywaZbUQ1AShwDGW2eqqopqio,469688173989621753
tz1TjQAiE96rYCGCGrbWCzmwhuKgt556AgUx,3477773286405114
tz1S4nxXjJiSsn5h8DcUXBJhBL6MnPoyuTdC,1823107143911683
tz1QwQdgo79b1b3Uhcbviz66JeNq5NSkLMMU,1752426623118370
tz1PmrFyfaJsaoNswcXgc6xRHsimmSVmpZwQ,1825351646516039
tz1hkfSmFhSUdaGv6WNbtnMyfBcifEc4ZqiC,1712465516348025
tz1Y97DD3qM7xfwcg1N5vNP1RFPPmYFrT76k,1798996083627766
tz1QZZJyziNF4YKouMcpV7fNvZAbsxbqW9En,1776042679100716
tz1h3iUBUDeP3uyFTQ3hkhHQyTdc3AQxugdc,1809928519865215
tz1LK7fLAhbDFMkz3PEmmtPPdMThLCFdf2Ew,1817479684260082
tz1WWRakDQcrPLDSdoMSKfxA2quuejwrcdMC,1819709254288349
tz1MhPuAFdwmU7ZCFxBPAuHHdyZ87yxDmUFW,1826434728927775
tz1NHrBGrp8bExPpFyq7mE8PivPK38TRHV3v,1637716685545793
tz1dkSFiGuksdcLuFvwinHxDTxGcaZuMBhZo,1811655916518138
tz1aGPrBTV7uHxetHTDrDXehi8axBZjoJ94K,1695004740281047
tz1QX6fBCPCQdrLXeTQJy8yNpoxfXcPGrPaE,1770081328216062
tz1NdwCrV7Tacpaxu3HXpePoWaYYxndWZb5W,1655053424940712
tz1aBA3X3suZiyhPLADGU1vt9EazWNN9mpWs,1815235619213888
tz1S4exgAjybUiCXdYy93FFq6UiVfrxk4i69,1827578935196866
tz2M8wUVctsHkQq6zEugKTgieYbdzEuuhpkc,11558367159481582
tz1djbv9JAQkbn8uQqXJEmM4ymxHSqmdzGy4,140151941630862952
tz1LXcSjjWHCuKHaJPAvPb18goJhMoaLgkaE,65003242297656
tz2Q7GcWsdAV2krjJDmEz4CNfcDfnoREZDeT,3008609021931822
tz1h2AzE3kDAPJYZeJ7rqfojDHwZECie5kyh,170506393376942066
tz1SJsRzVgciEYuGiRAxJ9S5NFFuFnomUgco,11796003925
tz1Rpm6NShycycR78Gd9iEtHVPcaUsfcTqcy,2055540960223969
tz1MBkViJxtsnZ8DSDxJFCR16azpks1uGgoR,283429169136840
tz1PPvPurgxkRirjhsih7t5aPveMs1ENt74t,204099803247284
tz1UChaj24fHGPfNn1aqABNBb5WWGZ7RfMuF,2703441030328843
tz1f5oxQvEXA9m18aiVGDaVs5At4oZdrR6Kt,43140421174123
tz1e9jhSiUVy9vD7qwnotAVgxy1rpjqGJjcU,813857125586016
tz1KwuJDP5WDyWWe8REH6RHTUJ1sfkJrGBL4,805918164946657
tz1cZDhWdASeB2Nk93eT4mCAdw4VvnMEw9Sa,591081813068874
tz1Li4CydFSpubMEDpKiNZ7NoWiMSgJJcqeA,608585649643800
tz1P4owaJWbeXsuqGSvggi3imzR2mJDpyxTV,14930912046971271
tz1PVV8i3pkUJC7FSNVQp5fatez52M9QLeAb,21643185242436093
tz1TXXmPc2fsvzzRwdQmT3W9iEfWygty4X2Z,23780980940639394
tz1ZZvnqtcmgdf4YKFTnVi9Cg1XEiueLCmBr,243434259857520
tz1W4jZBoLM2AGZq2ptopYBu353rRvuSh2dK,48472813201896179
tz1XpqxdnX8JwzcLtSSKkiemic12U4NkCbkG,17306532453485881
tz1Q9Yyna7X9nxjHe4dbyj8Qk1ZuznCTch3a,432431273516573
tz1Qg41X8F1dZPVZmc1n32fxRAk1WEgg3qUo,21621563313496
tz1MN2zesLxjCfB3K8LUBf6rvnXLk8Z11hm6,514634057247450
tz2SFxhkao5Kh35pbg3mQxbTvKbEbXPEhGds,3465190691612802
tz1bMLmaYWNNJBYUgPGsCV2C3B4CixzmnDk4,8520199099624710
tz1dHJmULw6DQSKAWYWpDXoqeecE4tG216yP,2545133027882971
tz1TiKTQkyc8KupyxY5QmPA7uf9xmhQzXAkq,2791452239531145204
tz1XUaLk6Y1T6PbJzfrmfvem29cDNp2dnSDM,1189186002005880
tz1cLB1J9PtkoJCnH3ovrn53ZWddfMbF2PL5,6486469103407386
tz1MhV6pu2sFcSKZvevrCtNRcb4yszVdVn5b,13042542794173
tz1bi7iZyxPCGjMUQMiouiHRxQwveQjuTu8b,13729127772174369
tz2PBAJo8zSWvHXh7Z2VineRxPP3tn27JPQf,2162156367582866
tz1duafqHy827Aw6bbFNVqUbpxphm8MSecwU,18140340134744567
tz1VokTq5w2ngWQtfwzF6pyB24Ro6C692Wez,11891860023352731
tz1XkMZQCCAC1d2YCbHzSySvaiGU7fv24gx3,248113532812263676
tz1VEbcByoqdaTKar1XRpada24pn8D5xRrkw,148571118701408
tz1N6Rvgx7tFsXkNWjHNdwhDLLg4oSoFeMAU,17340500598492520
tz1hZ3dazpeour6uTQCA26yzohhuYgesjzDT,3241396679594644
tz1XrThJDztPJoJEKbYXqaDxFzwp1Adbo1F8,49867640961018
tz1YtUbTURpWeX1CzHFamxS7fGdaKwKKgMzq,4502635649084887
tz1NFiJUDasUpobcXVdtKyBj5eDcdmjnAPqt,2029207885484
tz1SqQoCZfqRem7eo2HtKHSL6zbdoevxc1S7,38980198045669
tz1YcRfmH4JsdvLzzijq1mh4FXjoHmh2ANEQ,21621563313496
tz1ht6fhcHXknEg7jE9nFVU2gXUD15cUifUs,34554640663314000
tz1LxkEN5DUeU4usSqobNqYmvWa5VN1NC2B4,24933820480509
tz1d4cbP98Sbni6mxUmvAN9vufMZskSv3F4K,2611120863064271
tz1Q4mLBtkz5CbKcpLBB6shR8QUzcMpphNrX,4022790788152343
tz1TreKYWjXdKDaKCga4b8zobDq2pdHdGZuA,18874767593516161
tz1fwd9Ub1AwXaRNLUfdDCtQfWyeq8YcJvCV,15153711846272235
tz1Qor64hy8s7jH8ZQkMoaYLiS6NVmkeSBbY,27141760010397741
tz1TnjxYt7dKGzDoFj3j3sGudp4buKFEg7xF,8607014378843675
tz1ZgEA1VMzNomprfSrZB1aM5CBqi1nnCqHF,3193835713148256
tz1Mc61yajNASzh5KWZFtYs4i7EJbzAxQC4K,3954714806879004752
tz1PqercEyjV2AgKpNXgxeWnxgbYu31fw6CC,5948906042020023
tz1PzXjyPchzGUGH9yXLTgvyhhakFnyYDYge,101460396909372
tz1XrwX7i9Nzh8e6UmG3VnFkAeoyWdTqDf3U,2906286130597404
tz1QFsmp3jUZXxwmwTAL6fYheo79RreoZXPV,35686429871928298
tz1PsF3NELGCZnighkMmr4mLkCzbkoVPdGSS,2749491542693802
tz1SEEQNGjxP3SC8biDWMMHwgpYk1aeiQDyJ,188063279790826418
tz1U3YJZ1pFfkaUWZVWv7FvNyiUi5vKYG696,2434342599892774
tz1XmqF5gnTjgE6Cxu5CzaT5H7vXiFfihe95,216215636428893
tz1USBJ4HRxuvrVUqaxALcdXaRs8AC1PdYjM,8443803819352933
tz1ctD8vJYVazKJbCKa7LUVb7n1cEmfRQpe3,1014603971070086
tz1Zvu2PkSnZAJr3seWbEdt6W6KYWUgaanVh,370592025820579
tz1ehz91i7CxXaMnUjFDWBhr5uVvr3bVkBxD,81961815619339526
tz1cmp13ABTtQ8dhVazH5yWtx2hGZc42ywaV,86894473177157390
tz1LfKbYRG3fWd5ccbmsq9ykYJQekZEouB3y,24422399282165985
tz1P1NgMTMvhHi1amqUZrQHS9DZSizEW3p8w,608585649643800
tz1ZD5nQNtzgTzZxHgxgFuGo9CNBuGJHVRXu,20043875902700595
tz1QDp8TCD9dJgWoszxo77K6QukSTubjqd2C,825887632449732
tz1TxrHpaBDeAG95HkTxx6D3d5RVwb91fRJY,388812451219728
tz1U3ozNjAw2sguL8Pn36V7tX38aSYziM9Fs,3325833415914571
tz1amoqk71y4tqnZxRWGcttpK47XJnPx51jB,446463217716909166
tz1ZfxjoBeGkRG7zLgyH6gnYVNAL9KQwRnCB,1217171299946387
tz1Zya25zMcv5a5UbYyLYVuES7SA5eWcis5b,58063326877812860
tz1YHWL72KHVVRGxPfEA2r1jtLtuCmjM4hgW,87569833589968699
tz2MBb5FxZXzhBuAPmY9z4zYTF8NeWPEkiV4,352960515467317
tz1dsvBGt2bDoMMxagnpHf45ehgNtQ6ctg3z,93303802910096532
tz1Us632Z8mVMLZqCs1FXuwyBEBe6o4KjHzG,3649053510410403
tz1SWd4hwQtHrzisTLp6vydczMypKPnxBFTw,6190090171731498
tz1day3KgAK3ZEP3hN1PaZiAPpbnGD3Lb8Kv,128863622731758978
tz1LCPRSFPJ2kaqvj14SWo2VnxPMTeCVVrFn,32461751242145
tz1L8VQ3oi6fCbddWYxCoL1ckjFK7wBHdT48,600898647514820
tz1Mf4iUxRSb1NhhqdB2oNbo9rRekha11MDH,104332570042417
tz1dham37JdHm31Lf63N3aBqxJJyhcnGA9GQ,1984388295892122
tz1NATazbFfnypvM7q32nnFP6m7aDXrtCm1g,758152603053
