Address,Amount
tz1NRbpmTuPEFCCYCqCr7i3hkMRDRhBFgmxz,244583630571061
tz1eqt71cHna4YgyNg3ao6x22xU7c7CZXxcf,3544596096555248
tz1SBxNvpDFC4bjW23CtQfVLqN5cBATVf68B,3317355438653426
tz1Rgo7URug42QnhBM6eLy4MWdfwn4RovHy6,529948496213312063
tz1P6DFx1Biicriaz37h6oLAhndhBL8eMoAt,90737482111528330
tz1R3bKH1seset2h49p4vrZJCEL8voJgSK2G,80887772501922509
tz1bdRJkGkNQ7homh4PTnkVM7xzVWhuC4EMm,91675905987485296
tz1Z2Ne4ZHxNPuCJeCcoykHVXTqhVdLMD9gV,137339035202350580
tz1Qji1NnEPj4Cxa9s2WEoWi9U9KM6a9gdDL,28754897283840815
tz1eZFb4bNMMdveGT7BPcktbYsurg2e8r1xR,93742041701160
tz1RartAmPJhFsL9oAhZndSL2G7KCsaQqqkf,602405975842812778
tz1MyqKoe43P4Z8MfHoXVBTrohgcbehp2zLL,344234342924932145
tz1SRcMg9GRXi7paNeAc3ARn23mS3Z5dXa6S,3740049532878641
tz1YjtCLzjw3bqPxJh6MqdVBFrM2zrsA9kyg,915048425458993
tz1hD7VdzRpWG3nmYpCyW2gNc8mQNs3TCgxu,127345988631267843
tz1f38MX7YT2Q7MAq3mDdj75GTN7vgqV2TfH,2440502789
tz1aBDeNFooBEmBXnWDVgLknNMUHMYhHVcRA,153188817789468652
tz1hD5k7QW9ChHCgb2YLthKFirKDYQiNPDJz,4683473805090558
tz1ZL7ekzieKxwngCCyjsCN5qhu1ohwJQEBy,10959979780961297
tz1enbGpES1NDr2kTaocDhxvMqtpMy4ruhW6,4368100145445411
tz1ehGMhxarDhwppx14PX1Y3eqbZ5W9Bc2Y1,1086110573998388
tz1ed4brTwpFg8hFUJSJ4HqnsC7sEjVesMtb,30530885022422699
tz1QJE62jTxHis7kZkbDT2zsYZyauNDNzWg7,13584068633477651
tz1gWt7kUnJtGXoT5BYzHVa89qGp6QVvQmyp,17574614564780396
tz1epR6pJmPaJ8vvzNi6V1T51ccocX1Y4VBb,555553880467789
tz1TrxaPKNsRpcgw58155HdX6USrpV2fERQm,19018779935093788
tz1W19DveaP3mW4WvFtdVdqGsWwBL5q1QDSK,10029898541302209
tz1esdEqZC5Nz3HDFseHvpH6SmQJPocxLzA2,5594075573476989
tz1XyTsb9DwkPru3eU1Cwnr5JkihEi5eisHo,915485552731795
tz1ULQQ3S4kFLhhpPsegiMVFmXx2G6ewmbTA,10309694801070550
tz1LRrXCmELevk5znmVcYD63TChSpYh3vaE6,5350663767344904
tz3T9ZKHLVzc23dxD85p9xo6L8L5mx1hvb5x,12842351778087749
tz1dZuKxjVojU7gtRDU1nMmG8uRdowF2Q3Sn,7574727515622298
tz1S8GvdiWQghwPMMzbNvRh66rcfmhEA6vj2,116835101946664863
tz1N9qzry2ko1gwTK6HKWamZZK6FGx3Vr89U,10129836755449434
tz1QQ4HyGbCZDmQxeVHoLP99KLyfvGvyX21i,150918484514429840
tz1WKygtstVY96oyc6Rmk945dMf33LeihgWT,54037641365458630
tz1Rux3pGrp2KpZUBKvg3VQ4edRYVJsapr4z,395892776456686134
tz1LWMmDzH79xyu6JvELrnvWLBBVjZg7TnfN,80717018341018572
tz1esBaTjr9qFQ7FhrDQF7N7bTpNSVTkGbMU,123514972386176
tz1LaWQ2BUAdTVNz9nb7AhKDcPDQsb99tzhD,580013900315667
tz1czGMShkB8ZtCHKHeCPTY3CpuiCrjsGJBy,1766413017358936
tz1UQ6cQZef4MuskJjV9g8pXNZa5s8ff1oQy,9733321714861430
tz1aZsKPTRdkm9vaQhWv9Mz8ZbwxSHmf7t9T,225356784200796
tz1dTmMLY7tan1HKfW5e3KxJcfZput6UuTH6,5435991246402
tz1daKxrqyoFUCcuQj36BeMN9C1Ytmjg5p6n,43805384860577035
tz1YZ4VZCRPoiDyGP3U69jCq2S8duDUcRjHP,1122635148247256
tz3VvvqkW6D7bSPej9x3pghjTozTRbaB4Gn2,965685551533371
tz2LYELYe16viwVBaRjZc8GsauKRsxTGPvB1,14623437196992516
tz1gXcAJZUYqK8JkkGDPN63cPQGu8LiBndK1,6589377716125446
tz1gN5Ch4VeDZjiM6R1KPMBxPWFxL3HHKZyT,6216758872994766
tz2WYko4XXaV4B5mzjguTeRkkgw8LyB2jA2d,4828122608369018
tz1NkFRjmkqqcGkAhqe78fdgemDNKXvL7Bod,94564405138294180
tz1QkQLtDkqpw8VSymi13A86jh5iaCeMriMJ,89498920365543024
tz1VCyNit49HjTmz8SEgeL67x4BLuoTaeYMy,116165076529738734
tz1gACjUSBkWjqWv5ZBMRk6G9Sp8xNAYgwYV,16227982117481268
tz1bKUD8UtyPfknyWyMbtTqsfdMuWomrPdSp,3155032785404980
tz1T5GmdYXDWwbhBrU7RubT7Z2dmz3ZmKwCE,48206735417633289
tz1gmajxhmKt22CbcsSA7WWXSATgbuVEmzTC,9001796286111
tz1cfzEz3R8YKMqC2rbKnr2XtpNjZxH6RGdy,1631368310308095
tz1hR9eQYNNTZ4VGUeipK4PHtyyDEDmQ9dSf,35610449434278525
tz1RxeY78zE8hNJbqPypB1mTVyTsBRmPuqry,4731213121150710
tz1ecAtwNdrsABBKa7Bvn9ZEq1Ze1EvS9WTW,5973175488681770
tz1SBF19iLiCc8dNpKe1Ym9juSAKaTPyeypF,887505563948433
tz1X6ADVxP37XjYppBHMLVRJQwmxA2YxztbQ,463667179403962
tz1T1u1CET7ek19f5P59vCdjTNFWAscYQ5ct,35340651646695114
tz1V9qHfFxixcXJKWuEziUqvdrQ7BWpPnWTa,23796739776093225
tz1Lqnwap8kKynTpefqqSH158i667Wdg8HVA,6991756910266466
tz1Kp19QyYUnXuE6cxuXxsfQZbyqv5JtKPku,4879071504959768
tz1cnojsw9qgMbdpgPeCcWPf5GX4YPvd4HAh,118871353401782532
tz1fbJACCskangcgy9xjDSiEYgh7CUmSo9oc,136636816405197
tz1dKaw4xdNjfufDSLWRxumNBwe2VX4mxXyW,298517743671271007
tz1iCiA1vKmgfZbY533ZgMwFKZ14S1DQNooQ,3121925487072249
tz1hNGWJUFPFV7AWLXvxGzJVEfCZ8KJ77PJA,3421130218147477
tz1NPu5aFQ12P3KGhBGgt7G79SAgVj2Skkn1,10761670051000608
tz1Qm3DHkV7V6peZPyWe4rv6aToH3nRmWEH7,1424549311556877
tz1KsiwkQ9pyrt4Ra7QrAQp5LQJCGxHQrY1n,8584639289252844
tz1dz7eYRd5uV2DndcPWFeEHYGgw4bJZoCBN,2739207768157015
tz1eKTUc8X17nVmtVRtxBcs3hwUPXWuqP2AS,16509273467197611
tz1hXx6tvTV3kzxpBR6E4hDYcxdgcRGHUTFj,109205377
tz1fkZtnjNfQHtEyUpyX9Tqq4RrLKx35qBxf,6069973892883304
tz1chg2T1s4DTjLqthPc49HDcqkFHMwdSPwb,19114580162762756
tz1Uzm53vPr2Giyi32yT9GUvBErKqHPBjvQL,12018015845942422
tz1aR3nrJgUyU5B623U9s1MtMsMjA5Wz5c3G,36453940576136724
tz1YaPLZuVmZaKB69BjJXKUDgNaZrxBR4Lfn,1015850568833005
tz1WNk2o2hJvzjuZRNmZQwjLQuv24wDv1zjU,112487503016998629
tz1br5Mvr9VMEb1sb7HDtxpCxKVbZ5XnDqJi,606570551660539
tz1PMB2EKqwkD2NDuf9tvdqhEjhBy3pBGQKX,47230652331414
tz1QmBcwm7RH6swEYNpsZZfAWCCFaW6wugVT,85710394032317360
tz1LxqBcvRbZhp34C2ab62CMy49wFbsQSzD7,1022975996572736
tz1S5RkjdXMREayGWMawArqqpyMqGRjohJJr,8623309839387746
tz1bZ8vsMAXmaWEV7FRnyhcuUs2fYMaQ6Hkk,2487983388
tz2Kmi3xEnXk8c7zqWSQqSSyfNpWt6ovG38D,18180745553632838
tz1LgePVXLZYNhHoRQ6KgHfQjQ1uq7JJPZDa,23740299512064285
tz1cWUkZFBZ72Yn9desxcgS9KdH4BVfqd2ZW,20431466916904648
tz1a3LNYNZTNN2SLMjWSUc5jtLWFvZ1kC7BR,95174579478293223
tz1SGPStfd9v5upQUxRiHPC9666X4FpVAmK4,42734523810754
tz1iF629Cc91SJkmQRAWAm6nYavf7RgpAqZh,27792415886411269
tz1WHGwmdEr4iruf4v9r6bdHgzC5v8SKYTkV,2262769456439191
tz1YqsEWdPxBmqVKsJircrwBmCmZDtHAgHzp,55320276941056283
tz1ZLMaECyswARea2bTsBws9eMjgUm4jG8Uj,70552849143096614
tz1NySiq6aHysD6Rpu4bYhFaVe3ASya2qB8D,20369167045590313
tz1Rb321A5bMKjQdczUs7TyJBeXjfCtB4mYd,124185561972293004
tz1USU2xSWb7CBYGJYat2X7An9sr3cFfsLwi,3038103489870547
tz1aoYg1xYeEdnLrAJ7y2r1T3aMBCyms6ppJ,23186684668039743
tz1WxCJ3UpzyWsXmmkE1YjYzbBv6jXYkbFYV,2066380988281269
tz1fq3tMpnnsZ944DVxcJqsVNGsWTPvqJzvo,19710323545208829
tz1PrecMTmNArbdvQxtZLUVUBT8rcC86dKZC,40966260838
tz1Ty6Hq9GpzxmMs5Sv1VQ7cP2U4KuSCAN3K,1050731711798702
tz1Q1LWn8wCK77L4xetjbH3Ar7sDaSANezZx,1077992882456071
tz1dugdoeZULYPA9phfkpofrP95rFqhZNXeR,7005453762116
tz1UecmgMghaWovhh9EYfqTrK9gTtaiMtbzs,359016473071054
tz1gGwXf6Ggkv9T4jGmp58jUMU2Gh2vYjDyH,2232032463335530
tz1QjPnpmqAJYSfDtDM7uTf5bkZDNY7eBECd,7706073806318190
tz2MzvuRU1GEKi9udpqzLpGYfDoZTiKZ3C4C,24938277394921122
tz1SEox4m6JwzUjLL2daQMKU7XDrvsEukR7X,1604442603619470
tz1XJqUrY2okTwoJFgHFJKQV98tsn2oC6Twj,2140941608332246
tz1VqXA6L6hPEFjvsgWv7Viw4xQn5GyNszzy,207224422538615882
tz1Wf1Lqz1yHm27P2RQJAVV2CMxnhYK4bBGc,938507248788989
tz1cTS1WwovU7SC783xgJxZrzr151mcshmNi,18281486469668718
tz1f4Z9FJfgStP7v6Rj7BMJnWJ9Mb1NdAGsS,2374029951
tz1ersiy3MYVu89DFXvW7Qb8AM6LYptSsoT7,9379929617872557
tz1UFF5DSDDtk3fM1ewaLvVG6fhaAeCdgYEt,1187017387617644
tz1dcpUhXGeXexEXispSpfv7CeufoFnV7AAf,57647746812972990
tz1RKRhkvC7MQgKfPejvNaHGshWUDsyJKZdT,34042284173167934
tz1ibTknNagJCgQPgcbPvJhpSyS5vxgdyFt4,6382191555905123
tz1SHzbhYsbX6Uk51hJC4JkjgWM1gWaSwBqQ,1888756867658333
tz1LGkz6e1mTymuFyHBVFQZsHEtHepCYYgXD,36458473065764318
tz1NW1MMFL3jytxBjhx1qATMJyY47vLBMa4p,105022940326721641
tz1QRm2TJKnarZ9tbL5CNjN4Ltq9pJtytuk7,50023550702483
tz1WJpBDRGfa21un4yQDKTGXZw561nsGg7Qe,724604732977237
tz1UXAsfFeufr6p2PafNr2oXNrTDSdtwwdgm,763299116500590
tz1YPUNi7KW28VxZNEu3fNkRkJG55G9p7wsN,651394395469674
tz1YpusrSty7ULz7w9sM814trSRmM1aNbmZd,23044415377479731
tz1cuj9Cgi19KMRi83UuypS89kXM435qdhmy,92646362159854
tz1htwxBMBFikeP8SnQiEQyA9n1ryDrDFyLK,474806137431142
tz1XTyukKgkqq9P83UkV15np7EtSSEy4kAeY,486327613408241
tz1WMFtCLLeRiayH19ZiaErKq4Zu9p5N73Sr,1823255002
tz1RFUjzPENm3vF7quaxfELQCfNTCSjAsFdA,4680858426506452
tz1cLd3gXJ9Fk5c648hRzFvTnGfT97CxcHrj,4633373255100638
tz1Te5JR7gzDBwtZLKPWSPuTGFE4JX21vVur,183161158795
tz1NGDuYTuuB1geX1K5b88cqa8JinFLdd3d5,2589387284616079
tz1XykUaKpskyp7hDEZjmuNTk4gFU58a46KC,272364054519703094
tz1dghYwdzvHc3tYHp8iHpNUSpmAvvs8Zjs8,1840047470731460
tz1PuipWs33aqS2KSG5k1qQtC6Dff1P1GBmM,2317053232
tz1ZNxMa8XsMa8JTv776X9iCETcNoo4SY629,737559530148352781
tz1iAAJhH465Cf3BnsKQ744XHypQGY1v7Ps9,2421510550
tz1a5QW18ULwjJK71LSc7UqNGgryrFouHzf1,19943699204681499
tz1Z1ZX2B98nEAvEnLXJBCnsJ6K1GqaSp9jK,1656001487232868
tz1enT2GWv7U8jyPmmoVb228u8hvi6hJh5FF,165249924227988
tz1RyhUycXcivQ3jzF7ZpFZNcoLcgmXqcrSz,46423935257664621
tz1gVon2mQhvutR49Yd5XK6k4ypwWfFjMZtz,1861239481
tz2HSz8b961xoDjDLy3aFGogvW4HEqXXdcR6,14926009123950173
tz2EP3fw5CbUUgJdx4c3Xono8Gbc8PLXGRM9,22555181107973548
tz1VCogGe8xeRgQCLrVhPbwo6mBSQxAXep65,2814167070442745
tz1LFFspqhK9KRQNvS1ahZ1RcpQ2PNeM8TxA,29703411683804
tz1ZhteLTqobRVCYsPj44oFfom5BJ2SdGxeE,3667379826966655
tz1aRF3qMDrbN95f8dGYTKPaey6J2qQQnk8j,331435689260357256
tz2ALu8Jxf2SMgzSZaZEwfiJQbogpUDPStwz,62983314749365221
tz1gLNb49fErXUiYdreLAAV6twp4v3Lm8V4H,3453642255481831
tz1fCHiWZ3ReGqvhxkMejVzcnXYz1rnsJpow,162995664087820
tz1PXJVTDRHBcjJGpD4h6PzDovisMJuc8zVc,19137378200291067
tz1L1i5BVehYJBebCGvPYU9kZYGKBELGUJGH,30254292746874755
tz1TR56EbNTEEDeRrsPzQzoyvwFgZT25q3JR,1633593379375983
tz1XbQgDFCaT228TPS2YUeHHfpVqGW7ANCDw,99183856610368304
tz1S1Aew75hMrPUymqenKfHo8FspppXKpW7h,2017925458
tz1ip7fCgktJzFWxnoDdNBjpF4ZCWw9qfScc,145897861831824734
tz1Wb4LakUUYuFuuEgXXQrNZuBD49Trodhwx,1876199398246948
tz1RAfKUFBX6P2jFkCpzLFntju7djjbtKAKr,71021355857692129
tz1MiQ6euA3EEdnZxJ6EPwVsHzd6vQ7AHJmU,3584822944909571
tz1UFwr89hcJvC4sNCYK7zSLcaD4JW2KkNYD,19804395123013470
tz1TiJBTfVoXxregtdgCs1rYd55APXSAmniz,3607145146007675
tz1ZPSGxrrPPfrmoGJgpXDArNJfNNy3qGvE4,1636578555857528
tz1iQ5n52oSKgdtdYtqEJgKmQYbL1nn2poB8,44444323603793291
tz1gueZ7eL2KnvxqWudHjoTH3ZPiUCmwNKR6,5522860690732692
tz1QxepCwQ45EwtcxkgXZezHbnidvK7hUywy,29968574961337669
tz1TVZgy4rejPUkEF3bsxLGNCp6H4gz4PaGf,17764005745711782
tz1WT27PugwGBtre1hsj6BHmbAK2qQsVbRDo,4748060011618234
tz1fL2TsQR271w84MXx3qFD7y4PZ1F2mpHFA,13277660217807701
tz1KhU89QWZuuhhnDD1paFp1jYMdpJLh55im,11009910307674172
tz1QQyhTMAmNQPcSGkM7GfDva8hmuFPAxUMB,111599930853770010
tz1htnC2n5n27PFD41q5X8bDvDcjbGMUS3f5,120511925731250257
tz1PoickddNEkRN6qp4K41u4KUW43vZ1UDvF,65472321943394076
tz1b9qYttBxHzoEseqabgvQiCxafZzkAtH9G,445082146920577
tz1MQotPcNdc9R3nWCTwXLMDqKLS46WqW7Wx,18784171287134508
tz1a89Pvs553YqhJdCfDdQrRuQeykHMvVSRX,313726440063880
tz1favSqpvTLtedjTm1UjuEmKfgm4o9kyLd1,24981685699518907
tz1XYuybht7U1RVsUip7H7S31fBDxpUgpTXP,2222092034
tz1YJvMiZyXnzvV9pxtAiuCFvaG7XoBZhbUQ,10475942940273874
tz1TmSForCvNii8rmwL6q2jgicQfqjNFtj8K,21108540591352915
tz1Su8UYhcLvUPYABx7kYsWRVibZdiZPnmh3,156043850856678483
tz1eoqCSmqPQtTLs53Rj6gBB14eQh2aHWVxu,4759322162807643
tz1XhZUHsJAFp4FHoeeQQ7auVBk5j6xoUKbS,573745630414313
tz1Pwh2MBs6q2SeLHiko3iJpfMwsDV46bqQU,107453225871131431
tz1hLWsybqnJtQRFp8skYy5aZLGNmL9bMUpa,11503134829447101
tz1PuYitvGfsBm7C3oYAXqNc3t5wNhWZj5Dh,10185866592432349
tz1dbCAvra65bwTVk5mgkYUHUGz3hoKwovZ8,4785149329608016
tz1T5NfkdPfhkXzYx8akPkdznxSgU1Uf5jEG,8598882970413793
tz1PYqfNnkpZydtSY2Tn3Rv8mjkgUpHJpFXC,23896484027245376
tz1WidyAU8wuyG25Pd7b93bcx9hMu7W9Pea8,7019633207427589
tz2Mz3ovkZR2HyC89CHHSdsrPya1mKSmLWfD,1657704450137766
tz1ae2d1BJt7YUqaaec6Xenh3mBqS7VjSZtK,1180019248647096
tz1L1XwcVmD2z4qPfLtBJ6RPThgAwLcXG6kW,250544499640324
tz1VeyZaPimHfrJFy8WwsCYzxHR3VmGTMpgK,2455352698541437
tz1epFVHmqeWvvkFf2eskwhQ1AY3JwWd7Ej6,4937982426706988
tz1QRcnskFh7eaV7QdEnjoYdDfrDqHgmmrvF,12842646972163132
tz1XybkRZWjLx3hwcy1hQ7PT6FWEhpHm1FBv,177356869227474
tz1XcuwadWbLKkc4mDVxRo25dbtwfEa7wf2c,8849666966943655
tz1MkNbJTzf6uADvfSJKJvArvRoVvjk3tZz4,123944309480209
tz1hvRvzke27MGtp8CsSvsafxyyMWSVYM1ut,814784623335385
tz1a7MJ4HMNbWDhKZAqrvzX5P6u2E2mJyJiV,17133785762421675
tz1citPWufjty33AZ9KwZDztqrTzdNjfQU7P,100100313572272952
tz1b58mxvQAc98hbXjcrgjf5xnSwYXzi5gX6,109038802842766
tz1WeLuPLjUs53Yr1RCgq4EQ4d5SvV651Tqt,636212678421153038
tz1Wo716Gggp5HfupfxtPgmYu23rDQNcLcD8,15939001412950585
tz1imyQrFWHyTp4avUNAw52RxdFjU3HPviRN,3202122318182476
tz1isKR8pS4pdgU934K1S4UpLsF56ECJNArh,5927798955769673
tz1ZVoeS9T3H451BgjTe18pM1q1LPd2cgB6Z,346875076148917
tz1Kx4ydaiJHThd2nTgXR25JPTZtKyLG9KC1,1488278825107331
tz1eL4fYCgegW8tLCbQ1mYiKY3TdDxWnnKo8,9518281977423833
tz1Rhg2UDkjgLhemdSMtiGVGRmzwVLVaHArD,1182026749334817
tz1dPHDXSCFo8PienbvDMyCKr5DXjPMrZkJ1,6853996461550547
tz1eFe7ufhpTuqh3LHB7zYLuFgB1rFCPXnzN,33681385756803
tz1fkkxXSMtSQew8F78XdsnaC26AfsXtsGiY,1663996308481030
tz1ZuiTWKXKqYfzFPaSaAG3Huf9QM1AdZ1pJ,6058763880139684
tz1RsCndtupuxe2U3syGAdcRBzpNqJZ9ANNc,126552949876746127
tz1MrZQhiNiHK14oEq595DLsVQ9wC4Nv2ZXW,2848836083889511
tz1LJQ6MPnjGekNAmhFmkm8XWtM6UGx4MyF4,28962458779451512
tz1hmxzW7MuU8HeRoCFPGZJnavGf5unqgaph,17408480352380062
tz1Z6QqrAbEAMDLsis3v6b956sfH6qLTSEex,570183494743009
tz1NnBgY2ze24nQDpdY72wb1GVsee1UfAT3d,636808051573628
tz1dAW94vB3yYfNPE4LM2txBT8PQ21Zq4Xzf,1424418341072529
tz1eeR22tmjPN3rGDikEMvpe8jcdXww3dqTt,4748060059098833
tz1MsfyCeQEt7khed67HHsAidezZ1Th6mjzB,1646600846164619
tz1WBMWCwjuFSsiiLUWKEQHEACNEat2S3EsD,2495150036515999
tz2SuPjN8dYMJQe548bTvSPL1fdStZPXv7gT,229473993176010103
tz1N33TtiYBQ67sw32rhCsMSVpZkrSHWe9aq,74152347795137655
tz1QMjzbw5Yoi2zPqUeg2yuv5GZdmXjhh9mr,4748121636687708
tz1ZutSZgCHEzxspXyoSYSREhwHh5g4PM8hN,4739530944310188
tz1NrRkB19Su8iBGVTz1cXbG3oCw29GSmasw,3793182634836482
tz1NJS9T6FKTnKUkVNv2g44GHTAhzH77qiYw,9630341233560393
tz1URL5HNuTa1fHqqCtUKXUM3hm6g9c88NgF,14992811060111
tz2M9C5x1KoZGoQ9xEY6fQ6Xwbe2GU1RTzRx,2384532796800904
tz1c8JTzmA6c7cm6ZmUwR7WES6akdiMa1kwt,7517490980361944
tz1XRTNgXgWmR4PqxZpiB6HZJ8Siz3M2JAim,2249841296495105
tz1LxL9L2SmaFYw7XhyATaRAiLWCgxKmycBC,11309950958894949
tz1imbraxLCQ9TUpnJVP31LS18hpTqG5wv1k,5336039955271310
tz1iDuz9LvybPBC4kDc7ceBoKVDwwzJR7zKb,145585421578473163
tz2HYjnnRbzPpUGMUYGKVXDnsfSKKqH3aCVT,25527658171497862
tz1eiyML8sHGBL139FwJQJeLGHWAFtDqPz4U,474806013981585
tz1YQDCB6Hbn2ozMyS2kf6WPJDeRvJtmtNqQ,2776712127280889
tz1eeNRXYK56vgSfXHFcXorubcaBBCVpUY1Y,132597428390405
tz1TQw8erN1a2LpfRSNMExicRXMveBPbvTKE,1737789924
tz1gaRjULm9qy4D83VCvb4ABWLKpz4XXfqjx,2301220047951054
tz1hAZNx3LrRKFgfRytoLNVGhCrzU1uVDUHS,11020505667419443
tz2HGysnSAQAetSyFYCa7SoH6XXVwbVqMHnM,15612442454577691
tz1W28xB2eAvRGCXmVduC63Gx6gGDp87zqbB,22505809528436565
tz1gJaXdi7Gweq8TUSy9knB2wLjioTKy2tZF,23224994784602244
tz1PoXtd7RGVBwWmmZvxX18NQXYpbNdiwwtE,13140038185838374
tz1RLCvv7wrWq4hTmyKk1zZuZeuUXNViSgRD,135693682119468183
tz1fXXFNod2gQDT2Vf9ibBortMmsKKorUv7Q,301882971599950
tz1QFk2DJhPkzp2nCN7Thpo4askJjQ3Zw6BU,4818227011678070
tz1bRDYJHp3ACUojEeM6Ja442YEwNmcb7ph9,4660798300744149
tz1MDs7ym4sp2FsQhL32vuAnEqG3ARhM9Vi4,4694953456432428
tz1Xy5UM1tC3CFcbPBVq5PjufaxcLjMwfQkE,136493318421265
tz1RAKBnmd1X43pkkGqywYCRgf1Uo6D77zMx,136483717844142
tz1ezWyS2cFiqrNyiSVz5VKEKnmDN9Ah1zSR,12422056687217779
tz1cXwKRD6AMy5nhqEVUU23SBxcAMnh2aKLn,1521987866835937
tz1WNQE7B2s8woZp1d5U4SeRKHmssN7TvsDi,1450665641634714
tz1imrUNR1R52GxhP4y6XQCDDXtQs11GarTN,98476068092515
tz1chab75LnyqBqNwrK11459SGCFQXLg9uyx,1475587984462862
tz1USfPTFciXzVsQL7Rk8HmMWyWtFEas7fh3,5456577684281871
tz1btYY98CWBVCGEikD7s1buWjpicb9kG8aH,102498258841227
tz1fj962xSPKTA57yWHA43VeVzo8KqdpNAeF,469821595489992
tz1ioU6W4otB7ebgRZTq1EVVra3vMyXqeqsm,1285344285912206
tz1N8oU57qMgDRr6N9pSbhaiWRRQSxJRPGoZ,5259396656375998
tz1fCEeLBcuSMSittqTnMEhcFdPCtD1HsiZc,504652441977709
tz1WsKkY3TLDvqTuK97Xu4zuVoTb2nsr7J8S,877896400577385
tz1dAekzaZ2VrjvuNxoaTZ4dY9XjgrjBvBro,2710005812712975
tz2DsS3zeg4pqoUnRPHxvuRSuQrjDnTZcTNJ,51436291332472
tz1gSGxwMrToBdzLeaxg4Bregv6W2oEbNLC8,44136026281696543
tz1dWwKG6Z9unqwonQUWV65gkz2YhABiwF1R,6093447236429021
tz1X8AQxtn4KzBwMZ6MZUVFDcACrfnyfYhDg,1956200679
tz1KxARuCbAoiGGesnQjr2pvZa7CzJR7V9D7,3463732280583075
tz1LGVwoTMUhi76Jc8TeaNUQhanfeLLNF4xm,2747656066903469
tz1QS7N8HnRBG2RNh3Kjty58XFXuLFVdnKGY,284594879260374384
tz1RAP1j8SjwT587jyccTNArBFhC9HhGKfHq,610225297512625
tz1QiZCuJMuVz3aq7j1Bq2v3BRTQPCdTw3Fb,9319567290182128
tz1L8hBVpams2fWFC9kS1sPVxfGY6Hmg5TQ8,1325375292902886
tz1TQSPkLPqXUREhxvYzPbAib6Jz35w2a6tw,4326582126810313
tz1XD1xSVzgY8Qs1id1kNyFJDbv9e9pNMe2c,2374211023218867
tz1Tk1MJDZ96bK85RLAqtKfnptZZyXsJ2jaq,1151450516509142
tz1avT6pCusXgxhnffuJzk49Vq5QppLVegHB,1844707549969317
tz1RKg4C5yKTzm28Qj9gKmfUozCDrctDpx4G,4975115303398314
tz1Kw5M75chWdw3HUBMg2bsp164TrVXRsGJR,1163916794854326
tz1hes6aF3Px3D8nPQx27fdwBKrXmGs1UYxT,2422274256673620
tz1c1BG1PEeuhMFwmonTVSGafehicqbBJFec,403477899504735
tz1WtkHVMtif3DXVCZ9pUCqWcBsmqgFjgdkk,107346308444260
tz1THwbFPPPBHmBu4cmLV2SppLFrA5QfBhyF,1677607329652221
tz1U1aA8tyN6QByoYLhSvNu3krJPLYqnkRVa,2403313145344689
tz1QSwx2wnmrTjEGrid79c4tpFMxjCT86SAy,4060619014845888
tz1RcJYTsoYQ7adtNMANhwd8qf4zApM4i2Yd,2188796164554289
tz1cvrgSekgCqgyc1c2qFPSeMtux6AAAfDsk,1960948739
tz1a1ZcbAeBEjxYSwuNKxSu6FbFB4dxdL3m9,55646459634155
tz1NZnfrNgCGdECyAhA93TLPTSciJcZBJqDY,3153406981384988
tz1UGuKv6PzgVbofb42VgeRwDwsVN47UpuZB,8020808353360173
tz1eCzNtidHvVgeRzQ38C81FPcYnxMsCEL6Z,47480599119089769
tz1N3nvFqipu91tfU9s4GXGsopawpwxSoAJh,390409215979777
tz1LFeLTRQZrgKxbmvjz2ckViRhVw9BZXw7t,94104849207663809
tz1XuzzMTz1LhqbRPy9uxfRkccSxju3v8Y4j,4408036870210609
tz1MoiwNRQWHfA71aypNk8J9CsKjfmq39c2F,17010130737414724
tz1hhphPmGxL6HEmEjoVSJBy82FMWbFwzNCD,95083427354324
tz1YHLm7Lq27q3rgVXLY424zQMkvncVvNiaK,522286660486312
tz1fKtBhuuZiMYhM3Pi1hcP2sjRbstgDrmqX,152824503110549
tz1XEA7cp83PyiXfSxWu3uHjA3EF6Gdh3Vhq,513754007500764
tz1UXMLCt7dqbUiJ2BHRhE1gFkdVkmCZYcM9,167409830921776
tz1iKF8o1hCLaTNZcCJpgKQBQxkpcSiBy5V6,6706226967475239
tz1c2iwyckUCcicx2qxqtwLEartYFEHg1pvB,3052870801321714
tz1PQDUDph7dDCn8pLGXqaR79DiUWLiSZdEf,19011448517478606
tz1fUZ5pMP1gUjuJsp5V631cXmA87Kxm3cuZ,1194213877676536
tz1KiUXfWuF65Ck5zY4otx8t5pHToY8stYhj,1506813021110088
tz1YQXd4LjZfDaKRvSTwBEwgggREFfX95JUc,914567726612851
tz1hM6Pz2e5vJbd1YYkYHcj5RL7tXhcn59Xr,46395478091483
tz1NVsmLrZX4jad9bNdvM1EskvcTq2LSZhLx,9710149175492594
tz1cBNfPUb3Gi6oezs6fpXtki8EzSwjnoNGS,2625961262483643
tz1h1ybLPkwDH85opBrU6hge8wSsRQBnAghf,1933115933593295
tz1PKoh9LB2P3pgh5ahaAFnrC2QBmUxcHDJU,1476119082210761
tz1cqoo91JCc6sKmNuTVKNzwUdi6E6moHWFb,6271370517012828
tz1ZGNErBKdYeEPjZuqKXhyTixQTTPn54bx3,948058912292057
tz1iUyniY5PPWrzE53cs6jBwNKUun4btzMcW,2366817816035254
tz1XoiGxnmjnkaKcNyG4rrHNNEoh1u5VidxY,1316880273040125
tz1QVUXNoyCfKpAyxDpq8kR3rK2AShuzQxJ5,16199758690313226
tz2HZ2yRFd9F3uLcKnLukEXhuUz3HqhZf8mA,28618601416985308
tz1UVTMhbMiSETKCxFi413yZ7imF1xeyt3fV,4843765211660960
tz1XisBzUGgCmvC7pNS6hxvQ5hMvXUTd1p7D,79785704916727
tz1S5TbsJCWmCyRh3ghJ2rWwQHHbcvoh1uYV,47480599128585889
tz1UAYfFWmaTrQTYMptaGCw6LrXK5Yv84VnQ,25784263331094
tz1hLhGe26gqt78sZboxiwne6zgKMqirRieW,6222612096367462
tz1YfiydbiaKMGPuavawX4rQtXdn9wgpdDKS,1662727510411830
tz1RYTr2WKdJD1MMV51kN9AoxPnxZJgJ5sqU,258731118768244
tz1R6mtcAQwBTK9YpSqRL9y2a6JZWgDkBm6M,23112589852993368
tz1Sv2XMQNxcAqyqyyv42FHjf3EGwJ3Godj1,26733738391773747
tz1NCsGajb5YgZdhdviKrfisN3VteMasnzQi,844321937805694
tz1Vh4cX8VutUUUnnjmnY2omSV4F26T5orLH,3830950312239156
tz1hgSYGDwHFqC5AwW3P7vYfXfdwwsx4ALAN,1047683318853
tz1QGCWjNpYmcS6T9qFGYSam25e36WeFUCK4,2854301286011524
tz1URdfSGhAfbtpEkjWBmpTt3pyLmxdHdPYy,76077447593402
tz1LApX9pPhcDUDznHR5TTCcSXh3m6zPgFHA,1527650227397338
tz1hUY7paB2J5EhD73r4oWL6uZubf1UibHrk,5124650383844891
tz1MgDFQvyV8Vfc48HgeqMbCD2Po7nhoWDeL,1502554537761377
tz1PWZTKd1zhfuxrixGJoHJ6G17SQiypwe5m,2359785771
tz1V1Hu7nMcgVuMKDEZickAKHHZavLKTB7Vh,2540212047
tz1NKHjwrYfg7GWwbWZ3bvdejkVL34De72Pz,2487983388
tz1RaZeHEiKewSd14gZ7HKfcQ3HaNHJ5tnV6,51178455674256535
tz1aiLrqvULcV2Kfvzt9dUmqnLQnoNXPPek8,2055909937
tz1M2h2hPZzov29kf7xcHXrunXb2jFSbfiNd,23859983644361711
tz1MToDUySbYhPabULUyDPPsfDQF1cpZPdoH,3575395344357197
tz1gMfLSQs6xTM2TcLM6Sb2njJ6h9qhSsT9Z,470715350955324
tz1LSFyZ4z6k34KQ9rsoxE6gTgmik1nn2Zmy,50440247089756752
tz1Mt4ddsTmDs4of6kkWYvMWSUtM8zbGNMq2,2310340848643
tz1UNTxRbAYTSBSdHMjoUoYAtLH4MHMUiGwg,489367108689862
tz1YUJitqsUrFfFzEp1d2RiqVwV61J8aPb4E,27295360296726
tz1TqqKqc4t2Y6PTvxeuhF8kNjVn8HpZkKma,3236476334548675
tz2VoUZvPNLyq9bZ82VoDLrhkH8n6eaUoS6E,611285234324732
tz1ZvbLR47deoqaSgsaRXe7hbgDgwonBicnV,23864753627598383
tz1L8m6MGdvK2WA65wQ7DeVwXVmCS72JKWeN,321049558774826938
tz1iCJRFVD1oY7yQBap6X59XktpKHJtgCGyS,135184051576382
tz1bnWUvcfU77EBpbLUQ41c3hCBKovGuqyGY,8534732802420211
tz1STAzkywd9GnKGvJBPL4xWte3LCniyu5ho,2448992966845561
tz1g6cLrzLxNayiVyb7BLsKK6TfwboqWaYPx,93238217639877
tz2Q6ugZbronUHSk8fbuHibBrBEJwrzgtL8X,682311951324725
tz2Kn9u9cxvTczP6CjirJnEE1UApmoCzuGPB,1920198211358661
tz1aHfKHR887WzmpA56K2diKDufR3QJqn9iK,127679169827570523
tz1fcuYiLoHA1qD8vLJmSJPPKhGANGLJZgin,1878388938144
tz1bdbHUpDrUx7m5g4VTSkjnc3mxnquzRTcw,23852389264693246
tz1NoV2nnTuxavEAuozNyHm4nqT3qtkYUNYW,5072446692808
tz1TQJjDtzUWWAa5a9H61iyPZmuKRfX9hXi8,217529821168
tz1ewd8gDnG3USrTRJVdbpsyieVv9fWDMPNk,4046511794702717
tz1PwxV2kaHhubkYaRWTnGBvsxXswz7V9GWc,9777061070101876
tz1Tpms3fccT8x1pVY9BQKgnvppew71pTDDd,314251657741897
tz1bNLPqmLVxWF6puxbFZHU1yCJLiCZmHH2E,8245342105217
tz1ajJzH5YBGRuXnU7QDJzY2qVRGcysUbxJE,328857979836357
tz1YT4u9DnGFiRM8AXXACY8LWuV1rW3A2hFb,26018131088488966
tz1QppHuA9TUoFN5Ek2ZSmRPdU1xQiwRSnPb,88172961972266
tz1fne8nhZuSRgzaQPyaomKQcFRfthyicBQc,286453352618832
tz1PGFWJqZhk5BabfqxfYixpVH9S8vY7NKj8,72009090172287
tz1Uva3ynPUXqpAsWJ3CxcXVPG7HEXB19rzU,2840774800101737
tz1cGZNvVyHrKgbRu4b23Nw896JD6GYhZKQm,2834706176040498
tz1i9THBDe13YzhSmcdpcWKJrL4raaJ1cpN3,2829577967380715
tz1apbBneTw4Ap2kdmv7gfTv4kDPYbR5HAkn,2390336187110929
tz1MJ4C21XhL6B3YptprRWMuL8oeJquUhz4u,60265935245714657
tz1SMoz8tsJzeQPtGhPEjPnanQMvFc5KitVh,153723896870682
tz1XuNQgqT23u9KcwmRLGGQ6w2n6dCE4bmoV,73654609540097598
tz1WrZ2Th2eCuq5NuZb8nHXPJUjaBE25Uwgv,453649133019
tz1QRRG3oUJBo66xvidmpzuwPuoVBBtLxUaG,306209669607112
tz1idC7XEoSZ45sXLwp1ujYJ3yNFi2tkLT7A,17247648421923
tz1d4649CmmMEzXBWzhTgTkFxy9ATNhb5HC3,30211777870970
tz2CrWArLr8eRCj6mp6yYQAKshR9MuyaK3Qu,3007816719732104
tz1UdGjnCNd5ifzEShXft78CmazG9gj4fdrN,99908847978680
tz1WqkwtGV3ttnchD3bqmucZwByduHq8EN8f,1188074268265
tz1fvhxJtMzKYkXM3fvXrQEyAXyMLYayTtZ2,13293965068863845
tz1dVTewmwhAqfBcAgDuDuF2sPUaafuPA8mr,2774829208083863
tz1ScePe2eXYo1RBdEe12hNY8KrvHyjFhHw6,640300035789969
tz1XNmNga2NyqFiNpmEN66fpySDoGWoKpKXB,36763016739619496
tz1dXpsNAWLHVYNWSqhrHCHT6wh6L1fKZfo1,460451205845145
tz1N2AezxpvrXzvGaqNVW9BqXxJ6Rcup9M4p,3953173161836
tz1iFKBz9HbJDp6omQGG9LC9bTXF4zKdkJfR,10298554683773
tz1cp312oRvwp5honfR55EsWUF1nA7QZYxT7,4875719489032
tz1fFCF6FogyPLLjSk3FNTG7gVdDWfPCWVni,246404487875
tz1WUmNdnrv1w75V7ntFSt5kSuyQfYuo2hqK,765037843412558
tz1LYQiMSoy34xAUD2NnsJLCTmb8HYYR9th9,97998319026258
tz1VYa9SB4LtsHLWZnJXc1JuL7wuX46orE2Z,20882885722240005
tz1d9NBC61N2Xjo9LvXAQsKPqC4HaL1mFD9X,15945702186429464
tz1cAxm3wHEUX9tY87sSfdVfHgCWcPCTkNTA,1089691635655105
tz1iNdzx7BJpGD2e2YaV2QbsteMQWMAXjjDf,6807200288947376
tz1YrFGJ542U6jpYHpe7BFHxNfa2mb1wpAdH,6575661545359
tz1SPVSDCDpbqigKWVYnbgHEudxSM3BASPZj,7203694279237618
tz1f7C7HeTczoCxoo8oQ3vBDRQTiNM3tFTZu,590142258238102
tz1P8pHeW6qWzBkgeDvi3bc8depN63r5tt5s,262462497278428
tz1iZnkruZaYGv3dfER3wEasjJj5xpaTtMjN,1554976749950285
tz1Y1svqGfYwEN9J3ne2WLEuzUVnwzP5qoYW,612025963718
tz1YmwJZfEerVMbc8uuJc7xUzE64ma3Xfu7L,43048266756623
tz1aQbe92zZy6MNeRFtgmgV5dV5R4BNTdqK1,42848549628775
tz1THz87Wwo5DL34CELa6psvuH8RXShPmSbc,10751639199133
tz1cgAHrLkuj5NrLmQ6LnELKFKu3i13CokzB,293537743207
tz1eQ9skdokeeUyTc4SdNQMPigjZ8JY4kzus,24226951901054
tz1S35xPc2sh4kK5hd7KujsWU1G3SUdCnFqp,2978215834158
tz1dYEEirVkgSnE7eGK9vFUwxWBqibkafs8W,8810122044037
tz1VLGH7SJ4HA6kDXRiHYqVFkn2btjnoxqib,5196492009721
tz1XYkmAHtkZFjZLdWNoL2BTqUws4oD4H1PR,3807297904397
tz1dCyFm9jxuhxJEi8UW5sgiS7TFubaNT1J7,62894047089
