Address,Amount
tz1NRbpmTuPEFCCYCqCr7i3hkMRDRhBFgmxz,8
tz1RDbEW7YUkwnnDdMNieSiF6kB4XBws7QSg,44
tz1SBxNvpDFC4bjW23CtQfVLqN5cBATVf68B,32
tz1Rgo7URug42QnhBM6eLy4MWdfwn4RovHy6,7039
tz1YTQ3Lys25j8FhZQY61eoYErYUteSao3ez,14
tz1R3bKH1seset2h49p4vrZJCEL8voJgSK2G,2
tz1bdRJkGkNQ7homh4PTnkVM7xzVWhuC4EMm,879
tz1Z2Ne4ZHxNPuCJeCcoykHVXTqhVdLMD9gV,2141
tz1Qji1NnEPj4Cxa9s2WEoWi9U9KM6a9gdDL,221
tz1cmanHzitf3UgWgECzLpGUKpzEfmGZaFsw,38
tz1RartAmPJhFsL9oAhZndSL2G7KCsaQqqkf,14690
tz1MyqKoe43P4Z8MfHoXVBTrohgcbehp2zLL,229
tz1SRcMg9GRXi7paNeAc3ARn23mS3Z5dXa6S,17
tz1aBDeNFooBEmBXnWDVgLknNMUHMYhHVcRA,1790
tz1hD5k7QW9ChHCgb2YLthKFirKDYQiNPDJz,49
tz1ZL7ekzieKxwngCCyjsCN5qhu1ohwJQEBy,105
tz1enbGpES1NDr2kTaocDhxvMqtpMy4ruhW6,41
tz1ehGMhxarDhwppx14PX1Y3eqbZ5W9Bc2Y1,10
tz1ed4brTwpFg8hFUJSJ4HqnsC7sEjVesMtb,292
tz1QJE62jTxHis7kZkbDT2zsYZyauNDNzWg7,130
tz1gWt7kUnJtGXoT5BYzHVa89qGp6QVvQmyp,815
tz1epR6pJmPaJ8vvzNi6V1T51ccocX1Y4VBb,5
tz1W19DveaP3mW4WvFtdVdqGsWwBL5q1QDSK,1081
tz1esdEqZC5Nz3HDFseHvpH6SmQJPocxLzA2,53
tz1XyTsb9DwkPru3eU1Cwnr5JkihEi5eisHo,4
tz1ULQQ3S4kFLhhpPsegiMVFmXx2G6ewmbTA,532
tz1S8GvdiWQghwPMMzbNvRh66rcfmhEA6vj2,1120
tz1N9qzry2ko1gwTK6HKWamZZK6FGx3Vr89U,2
tz1M5swezYMnDaim71PSeb2cPFk49ajrvDV6,67
tz1QQ4HyGbCZDmQxeVHoLP99KLyfvGvyX21i,1355
tz1WKygtstVY96oyc6Rmk945dMf33LeihgWT,215
tz1Rux3pGrp2KpZUBKvg3VQ4edRYVJsapr4z,25
tz1LWMmDzH79xyu6JvELrnvWLBBVjZg7TnfN,774
tz1RfSFe1dxP7wh1zSffEnskgqvVVWKNKZG1,3
tz1czGMShkB8ZtCHKHeCPTY3CpuiCrjsGJBy,8
tz1UQ6cQZef4MuskJjV9g8pXNZa5s8ff1oQy,93
tz1daKxrqyoFUCcuQj36BeMN9C1Ytmjg5p6n,150
tz1YZ4VZCRPoiDyGP3U69jCq2S8duDUcRjHP,10
tz1L5rXu3RqYBjZzjWXLaFANYZcwS5Pb1ZST,159
tz1NkFRjmkqqcGkAhqe78fdgemDNKXvL7Bod,121
tz1QkQLtDkqpw8VSymi13A86jh5iaCeMriMJ,858
tz1h6J2pn9X3KMghNHZikrh3PtEpgCcRAjHZ,187
tz1VCyNit49HjTmz8SEgeL67x4BLuoTaeYMy,1118
tz1gACjUSBkWjqWv5ZBMRk6G9Sp8xNAYgwYV,68
tz1ieVZFcRity1eybQtgUyGg8NLEYWNqKtQe,31
tz1T5GmdYXDWwbhBrU7RubT7Z2dmz3ZmKwCE,574
tz1gmajxhmKt22CbcsSA7WWXSATgbuVEmzTC,87
tz1cfzEz3R8YKMqC2rbKnr2XtpNjZxH6RGdy,15
tz1hR9eQYNNTZ4VGUeipK4PHtyyDEDmQ9dSf,341
tz1RxeY78zE8hNJbqPypB1mTVyTsBRmPuqry,45
tz1X6ADVxP37XjYppBHMLVRJQwmxA2YxztbQ,4
tz1T1u1CET7ek19f5P59vCdjTNFWAscYQ5ct,169
tz1V9qHfFxixcXJKWuEziUqvdrQ7BWpPnWTa,228
tz1Lqnwap8kKynTpefqqSH158i667Wdg8HVA,67
tz1cnojsw9qgMbdpgPeCcWPf5GX4YPvd4HAh,199
tz1fbJACCskangcgy9xjDSiEYgh7CUmSo9oc,8
tz1dKaw4xdNjfufDSLWRxumNBwe2VX4mxXyW,44
tz1RJf644pa7QAZqKzrPQGiYQPyubXarC4cv,2
tz1YSwscBZCf26kSPvqsnUdhnS4XQD6mAjcz,1998
tz1iCiA1vKmgfZbY533ZgMwFKZ14S1DQNooQ,8
tz1hNGWJUFPFV7AWLXvxGzJVEfCZ8KJ77PJA,32
tz1Qm3DHkV7V6peZPyWe4rv6aToH3nRmWEH7,13
tz1eKTUc8X17nVmtVRtxBcs3hwUPXWuqP2AS,1582
tz1fkZtnjNfQHtEyUpyX9Tqq4RrLKx35qBxf,58
tz1chg2T1s4DTjLqthPc49HDcqkFHMwdSPwb,183
tz1aR3nrJgUyU5B623U9s1MtMsMjA5Wz5c3G,349
tz1YaPLZuVmZaKB69BjJXKUDgNaZrxBR4Lfn,9
tz1QmBcwm7RH6swEYNpsZZfAWCCFaW6wugVT,821
tz1LxqBcvRbZhp34C2ab62CMy49wFbsQSzD7,4
tz2Kmi3xEnXk8c7zqWSQqSSyfNpWt6ovG38D,974
tz1LgePVXLZYNhHoRQ6KgHfQjQ1uq7JJPZDa,7
tz1gk77xzDAG3sif9eFvsqUnzaGh4MrzaCp3,399
tz1cWUkZFBZ72Yn9desxcgS9KdH4BVfqd2ZW,195
tz1a3LNYNZTNN2SLMjWSUc5jtLWFvZ1kC7BR,4209
tz1WHGwmdEr4iruf4v9r6bdHgzC5v8SKYTkV,21
tz1YqsEWdPxBmqVKsJircrwBmCmZDtHAgHzp,5467
tz1ZLMaECyswARea2bTsBws9eMjgUm4jG8Uj,676
tz1NySiq6aHysD6Rpu4bYhFaVe3ASya2qB8D,45
tz1USU2xSWb7CBYGJYat2X7An9sr3cFfsLwi,27
tz1WxCJ3UpzyWsXmmkE1YjYzbBv6jXYkbFYV,32
tz1fq3tMpnnsZ944DVxcJqsVNGsWTPvqJzvo,28
tz1Q1LWn8wCK77L4xetjbH3Ar7sDaSANezZx,6
tz1gGwXf6Ggkv9T4jGmp58jUMU2Gh2vYjDyH,21
tz1QjPnpmqAJYSfDtDM7uTf5bkZDNY7eBECd,73
tz1aVZZd883FwyEx5g2o3TgQ7pwEYi2f6apg,99
tz2MzvuRU1GEKi9udpqzLpGYfDoZTiKZ3C4C,248
tz1SEox4m6JwzUjLL2daQMKU7XDrvsEukR7X,4
tz1XJqUrY2okTwoJFgHFJKQV98tsn2oC6Twj,20
tz1VqXA6L6hPEFjvsgWv7Viw4xQn5GyNszzy,1987
tz1Wf1Lqz1yHm27P2RQJAVV2CMxnhYK4bBGc,73
tz1cTS1WwovU7SC783xgJxZrzr151mcshmNi,5
tz1ersiy3MYVu89DFXvW7Qb8AM6LYptSsoT7,89
tz1UFF5DSDDtk3fM1ewaLvVG6fhaAeCdgYEt,6
tz1dcpUhXGeXexEXispSpfv7CeufoFnV7AAf,553
tz1RKRhkvC7MQgKfPejvNaHGshWUDsyJKZdT,326
tz1SHzbhYsbX6Uk51hJC4JkjgWM1gWaSwBqQ,18
tz1NW1MMFL3jytxBjhx1qATMJyY47vLBMa4p,8
tz1UXAsfFeufr6p2PafNr2oXNrTDSdtwwdgm,7
tz1YpusrSty7ULz7w9sM814trSRmM1aNbmZd,371
tz1htwxBMBFikeP8SnQiEQyA9n1ryDrDFyLK,4
tz1XTyukKgkqq9P83UkV15np7EtSSEy4kAeY,4
tz1RFUjzPENm3vF7quaxfELQCfNTCSjAsFdA,44
tz1cLd3gXJ9Fk5c648hRzFvTnGfT97CxcHrj,76
tz1YDRhXyq5ZHMoHXJX67rHSrUFTqhYjFo86,5
tz1NGDuYTuuB1geX1K5b88cqa8JinFLdd3d5,22
tz1XykUaKpskyp7hDEZjmuNTk4gFU58a46KC,2611
tz1dghYwdzvHc3tYHp8iHpNUSpmAvvs8Zjs8,1126
tz1PuipWs33aqS2KSG5k1qQtC6Dff1P1GBmM,17
tz1ZNxMa8XsMa8JTv776X9iCETcNoo4SY629,9946
tz1a5QW18ULwjJK71LSc7UqNGgryrFouHzf1,3
tz1Z1ZX2B98nEAvEnLXJBCnsJ6K1GqaSp9jK,16
tz1enT2GWv7U8jyPmmoVb228u8hvi6hJh5FF,42
tz2HSz8b961xoDjDLy3aFGogvW4HEqXXdcR6,23
tz1eSGjgq2NmLWnaQFQxafXK8ZQF5V7Sz72y,1952
tz2EP3fw5CbUUgJdx4c3Xono8Gbc8PLXGRM9,34
tz1ZhteLTqobRVCYsPj44oFfom5BJ2SdGxeE,35
tz1aRF3qMDrbN95f8dGYTKPaey6J2qQQnk8j,11459
tz1fCHiWZ3ReGqvhxkMejVzcnXYz1rnsJpow,934
tz1Mdpj1npkpaxPHF2wFN6oX8SovVPfHyXSy,11
tz1L1i5BVehYJBebCGvPYU9kZYGKBELGUJGH,284
tz1TR56EbNTEEDeRrsPzQzoyvwFgZT25q3JR,15
tz1S1Aew75hMrPUymqenKfHo8FspppXKpW7h,1
tz1Wb4LakUUYuFuuEgXXQrNZuBD49Trodhwx,17
tz1RAfKUFBX6P2jFkCpzLFntju7djjbtKAKr,672
tz1UFwr89hcJvC4sNCYK7zSLcaD4JW2KkNYD,191
tz1ZPSGxrrPPfrmoGJgpXDArNJfNNy3qGvE4,15
tz1iQ5n52oSKgdtdYtqEJgKmQYbL1nn2poB8,426
tz1gueZ7eL2KnvxqWudHjoTH3ZPiUCmwNKR6,52
tz1QxepCwQ45EwtcxkgXZezHbnidvK7hUywy,287
tz1WT27PugwGBtre1hsj6BHmbAK2qQsVbRDo,70
tz1KhU89QWZuuhhnDD1paFp1jYMdpJLh55im,105
tz1QQyhTMAmNQPcSGkM7GfDva8hmuFPAxUMB,70
tz1htnC2n5n27PFD41q5X8bDvDcjbGMUS3f5,1155
tz1PoickddNEkRN6qp4K41u4KUW43vZ1UDvF,2
tz1b9qYttBxHzoEseqabgvQiCxafZzkAtH9G,497
tz1MQotPcNdc9R3nWCTwXLMDqKLS46WqW7Wx,180
tz1favSqpvTLtedjTm1UjuEmKfgm4o9kyLd1,406
tz1WHUWCMqVqq5AagGN5DrytqWz88tYgedUr,19
tz1YJvMiZyXnzvV9pxtAiuCFvaG7XoBZhbUQ,100
tz1TmSForCvNii8rmwL6q2jgicQfqjNFtj8K,202
tz1eoqCSmqPQtTLs53Rj6gBB14eQh2aHWVxu,4
tz1XhZUHsJAFp4FHoeeQQ7auVBk5j6xoUKbS,5
tz1Pwh2MBs6q2SeLHiko3iJpfMwsDV46bqQU,1030
tz1hLWsybqnJtQRFp8skYy5aZLGNmL9bMUpa,110
tz1PuYitvGfsBm7C3oYAXqNc3t5wNhWZj5Dh,97
tz1dbCAvra65bwTVk5mgkYUHUGz3hoKwovZ8,32
tz1T5NfkdPfhkXzYx8akPkdznxSgU1Uf5jEG,82
tz1PYqfNnkpZydtSY2Tn3Rv8mjkgUpHJpFXC,229
tz1WidyAU8wuyG25Pd7b93bcx9hMu7W9Pea8,2
tz2Mz3ovkZR2HyC89CHHSdsrPya1mKSmLWfD,15
tz1ae2d1BJt7YUqaaec6Xenh3mBqS7VjSZtK,14
tz1g1vr7gbU7kwxVqmbmnovTGtdeRxFE6uBk,3
tz1L1XwcVmD2z4qPfLtBJ6RPThgAwLcXG6kW,2
tz1epFVHmqeWvvkFf2eskwhQ1AY3JwWd7Ej6,47
tz1QRcnskFh7eaV7QdEnjoYdDfrDqHgmmrvF,123
tz1XybkRZWjLx3hwcy1hQ7PT6FWEhpHm1FBv,12
tz1XcuwadWbLKkc4mDVxRo25dbtwfEa7wf2c,84
tz1hvRvzke27MGtp8CsSvsafxyyMWSVYM1ut,4
tz1a7MJ4HMNbWDhKZAqrvzX5P6u2E2mJyJiV,164
tz1WeLuPLjUs53Yr1RCgq4EQ4d5SvV651Tqt,1
tz1Wo716Gggp5HfupfxtPgmYu23rDQNcLcD8,152
tz1imyQrFWHyTp4avUNAw52RxdFjU3HPviRN,42
tz1isKR8pS4pdgU934K1S4UpLsF56ECJNArh,56
tz1eL4fYCgegW8tLCbQ1mYiKY3TdDxWnnKo8,91
tz1Rhg2UDkjgLhemdSMtiGVGRmzwVLVaHArD,11
tz1dPHDXSCFo8PienbvDMyCKr5DXjPMrZkJ1,75
tz1fkkxXSMtSQew8F78XdsnaC26AfsXtsGiY,15
tz1ZuiTWKXKqYfzFPaSaAG3Huf9QM1AdZ1pJ,58
tz1RsCndtupuxe2U3syGAdcRBzpNqJZ9ANNc,1213
tz1MrZQhiNiHK14oEq595DLsVQ9wC4Nv2ZXW,7
tz1LJQ6MPnjGekNAmhFmkm8XWtM6UGx4MyF4,277
tz1hmxzW7MuU8HeRoCFPGZJnavGf5unqgaph,166
tz1NnBgY2ze24nQDpdY72wb1GVsee1UfAT3d,6
tz1dAW94vB3yYfNPE4LM2txBT8PQ21Zq4Xzf,13
tz1eeR22tmjPN3rGDikEMvpe8jcdXww3dqTt,45
tz1MsfyCeQEt7khed67HHsAidezZ1Th6mjzB,15
tz1WBMWCwjuFSsiiLUWKEQHEACNEat2S3EsD,2
tz2SuPjN8dYMJQe548bTvSPL1fdStZPXv7gT,3354
tz1N33TtiYBQ67sw32rhCsMSVpZkrSHWe9aq,711
tz1QMjzbw5Yoi2zPqUeg2yuv5GZdmXjhh9mr,45
tz1NJS9T6FKTnKUkVNv2g44GHTAhzH77qiYw,92
tz1RCQDHtpdcwfgF1Kbbyusd6xhfjbXanhZ5,537
tz1c8JTzmA6c7cm6ZmUwR7WES6akdiMa1kwt,72
tz1XRTNgXgWmR4PqxZpiB6HZJ8Siz3M2JAim,21
tz1imbraxLCQ9TUpnJVP31LS18hpTqG5wv1k,51
tz1iDuz9LvybPBC4kDc7ceBoKVDwwzJR7zKb,1396
tz1eiyML8sHGBL139FwJQJeLGHWAFtDqPz4U,4
tz1YQDCB6Hbn2ozMyS2kf6WPJDeRvJtmtNqQ,81
tz1gaRjULm9qy4D83VCvb4ABWLKpz4XXfqjx,22
tz1hAZNx3LrRKFgfRytoLNVGhCrzU1uVDUHS,72
tz1gJaXdi7Gweq8TUSy9knB2wLjioTKy2tZF,9
tz1PoXtd7RGVBwWmmZvxX18NQXYpbNdiwwtE,126
tz1RLCvv7wrWq4hTmyKk1zZuZeuUXNViSgRD,2
tz1bRDYJHp3ACUojEeM6Ja442YEwNmcb7ph9,44
tz1MDs7ym4sp2FsQhL32vuAnEqG3ARhM9Vi4,48
tz1Xy5UM1tC3CFcbPBVq5PjufaxcLjMwfQkE,1
tz1RAKBnmd1X43pkkGqywYCRgf1Uo6D77zMx,1
tz1cXwKRD6AMy5nhqEVUU23SBxcAMnh2aKLn,14
tz1chab75LnyqBqNwrK11459SGCFQXLg9uyx,23
tz1USfPTFciXzVsQL7Rk8HmMWyWtFEas7fh3,52
tz1fj962xSPKTA57yWHA43VeVzo8KqdpNAeF,68
tz1ioU6W4otB7ebgRZTq1EVVra3vMyXqeqsm,12
tz1N8oU57qMgDRr6N9pSbhaiWRRQSxJRPGoZ,9
tz1WsKkY3TLDvqTuK97Xu4zuVoTb2nsr7J8S,8
tz1gSGxwMrToBdzLeaxg4Bregv6W2oEbNLC8,423
tz1KxARuCbAoiGGesnQjr2pvZa7CzJR7V9D7,33
tz1QS7N8HnRBG2RNh3Kjty58XFXuLFVdnKGY,2729
tz1RAP1j8SjwT587jyccTNArBFhC9HhGKfHq,5
tz1QiZCuJMuVz3aq7j1Bq2v3BRTQPCdTw3Fb,89
tz1L8hBVpams2fWFC9kS1sPVxfGY6Hmg5TQ8,12
tz1TQSPkLPqXUREhxvYzPbAib6Jz35w2a6tw,41
tz1XD1xSVzgY8Qs1id1kNyFJDbv9e9pNMe2c,22
tz1hes6aF3Px3D8nPQx27fdwBKrXmGs1UYxT,132
tz1c1BG1PEeuhMFwmonTVSGafehicqbBJFec,3
tz1THwbFPPPBHmBu4cmLV2SppLFrA5QfBhyF,18
tz1QSwx2wnmrTjEGrid79c4tpFMxjCT86SAy,38
tz1RcJYTsoYQ7adtNMANhwd8qf4zApM4i2Yd,96
tz1NZnfrNgCGdECyAhA93TLPTSciJcZBJqDY,2
tz1UGuKv6PzgVbofb42VgeRwDwsVN47UpuZB,76
tz1N3nvFqipu91tfU9s4GXGsopawpwxSoAJh,3
tz1LFeLTRQZrgKxbmvjz2ckViRhVw9BZXw7t,902
tz1XuzzMTz1LhqbRPy9uxfRkccSxju3v8Y4j,14
tz1MoiwNRQWHfA71aypNk8J9CsKjfmq39c2F,163
tz1YHLm7Lq27q3rgVXLY424zQMkvncVvNiaK,5
tz1fKtBhuuZiMYhM3Pi1hcP2sjRbstgDrmqX,1
tz1XEA7cp83PyiXfSxWu3uHjA3EF6Gdh3Vhq,4
tz1UXMLCt7dqbUiJ2BHRhE1gFkdVkmCZYcM9,1
tz1iKF8o1hCLaTNZcCJpgKQBQxkpcSiBy5V6,64
tz1c2iwyckUCcicx2qxqtwLEartYFEHg1pvB,29
tz1PQDUDph7dDCn8pLGXqaR79DiUWLiSZdEf,15
tz1fUZ5pMP1gUjuJsp5V631cXmA87Kxm3cuZ,234
tz1NVsmLrZX4jad9bNdvM1EskvcTq2LSZhLx,202
tz1PKoh9LB2P3pgh5ahaAFnrC2QBmUxcHDJU,14
tz1cqoo91JCc6sKmNuTVKNzwUdi6E6moHWFb,60
tz1ZGNErBKdYeEPjZuqKXhyTixQTTPn54bx3,1
tz1QVUXNoyCfKpAyxDpq8kR3rK2AShuzQxJ5,155
tz1UVTMhbMiSETKCxFi413yZ7imF1xeyt3fV,46
tz1hLhGe26gqt78sZboxiwne6zgKMqirRieW,1
tz1RYTr2WKdJD1MMV51kN9AoxPnxZJgJ5sqU,2
tz1R6mtcAQwBTK9YpSqRL9y2a6JZWgDkBm6M,28
tz1QGCWjNpYmcS6T9qFGYSam25e36WeFUCK4,27
tz1LApX9pPhcDUDznHR5TTCcSXh3m6zPgFHA,2
tz1hUY7paB2J5EhD73r4oWL6uZubf1UibHrk,49
tz1RaZeHEiKewSd14gZ7HKfcQ3HaNHJ5tnV6,490
tz1aiLrqvULcV2Kfvzt9dUmqnLQnoNXPPek8,444
tz1M2h2hPZzov29kf7xcHXrunXb2jFSbfiNd,228
tz1MToDUySbYhPabULUyDPPsfDQF1cpZPdoH,34
tz1gMfLSQs6xTM2TcLM6Sb2njJ6h9qhSsT9Z,68
tz1UNTxRbAYTSBSdHMjoUoYAtLH4MHMUiGwg,4
tz1TqqKqc4t2Y6PTvxeuhF8kNjVn8HpZkKma,33
tz2VoUZvPNLyq9bZ82VoDLrhkH8n6eaUoS6E,6
tz1ZvbLR47deoqaSgsaRXe7hbgDgwonBicnV,673
tz1L8m6MGdvK2WA65wQ7DeVwXVmCS72JKWeN,6369
tz1iCJRFVD1oY7yQBap6X59XktpKHJtgCGyS,1
tz1bnWUvcfU77EBpbLUQ41c3hCBKovGuqyGY,104
tz1STAzkywd9GnKGvJBPL4xWte3LCniyu5ho,30
tz1g6cLrzLxNayiVyb7BLsKK6TfwboqWaYPx,11
tz2Q6ugZbronUHSk8fbuHibBrBEJwrzgtL8X,9
tz2Kn9u9cxvTczP6CjirJnEE1UApmoCzuGPB,25
tz1aHfKHR887WzmpA56K2diKDufR3QJqn9iK,1681
tz1bdbHUpDrUx7m5g4VTSkjnc3mxnquzRTcw,1
tz1TQJjDtzUWWAa5a9H61iyPZmuKRfX9hXi8,4
tz1ewd8gDnG3USrTRJVdbpsyieVv9fWDMPNk,82
tz1Tpms3fccT8x1pVY9BQKgnvppew71pTDDd,4
tz1bNLPqmLVxWF6puxbFZHU1yCJLiCZmHH2E,1
tz1ajJzH5YBGRuXnU7QDJzY2qVRGcysUbxJE,4
tz1QppHuA9TUoFN5Ek2ZSmRPdU1xQiwRSnPb,2
tz1fne8nhZuSRgzaQPyaomKQcFRfthyicBQc,4
tz1Uva3ynPUXqpAsWJ3CxcXVPG7HEXB19rzU,46
tz1cGZNvVyHrKgbRu4b23Nw896JD6GYhZKQm,46
tz1i9THBDe13YzhSmcdpcWKJrL4raaJ1cpN3,46
tz1apbBneTw4Ap2kdmv7gfTv4kDPYbR5HAkn,39
tz1MJ4C21XhL6B3YptprRWMuL8oeJquUhz4u,30
tz1SMoz8tsJzeQPtGhPEjPnanQMvFc5KitVh,2
tz1XuNQgqT23u9KcwmRLGGQ6w2n6dCE4bmoV,3
tz1idC7XEoSZ45sXLwp1ujYJ3yNFi2tkLT7A,15
tz2CrWArLr8eRCj6mp6yYQAKshR9MuyaK3Qu,51
tz1WqkwtGV3ttnchD3bqmucZwByduHq8EN8f,3
tz1dVTewmwhAqfBcAgDuDuF2sPUaafuPA8mr,48
tz1XNmNga2NyqFiNpmEN66fpySDoGWoKpKXB,1
tz1N2AezxpvrXzvGaqNVW9BqXxJ6Rcup9M4p,1
tz1iFKBz9HbJDp6omQGG9LC9bTXF4zKdkJfR,2
tz1LYQiMSoy34xAUD2NnsJLCTmb8HYYR9th9,2
tz1VYa9SB4LtsHLWZnJXc1JuL7wuX46orE2Z,80
tz1cAxm3wHEUX9tY87sSfdVfHgCWcPCTkNTA,33
tz1SPVSDCDpbqigKWVYnbgHEudxSM3BASPZj,408
tz1f7C7HeTczoCxoo8oQ3vBDRQTiNM3tFTZu,20
tz1P8pHeW6qWzBkgeDvi3bc8depN63r5tt5s,15
tz1iZnkruZaYGv3dfER3wEasjJj5xpaTtMjN,68
tz1YmwJZfEerVMbc8uuJc7xUzE64ma3Xfu7L,4
tz1aQbe92zZy6MNeRFtgmgV5dV5R4BNTdqK1,4
tz1THz87Wwo5DL34CELa6psvuH8RXShPmSbc,1
tz1eQ9skdokeeUyTc4SdNQMPigjZ8JY4kzus,58
tz1S35xPc2sh4kK5hd7KujsWU1G3SUdCnFqp,768
tz1dYEEirVkgSnE7eGK9vFUwxWBqibkafs8W,13
tz1VLGH7SJ4HA6kDXRiHYqVFkn2btjnoxqib,442
tz1XYkmAHtkZFjZLdWNoL2BTqUws4oD4H1PR,204
tz1XbmhVLdDgsihnVoyn6aTRMURJ87YEbG9B,25
tz1Sk1mwyBQkcyrwWZkftmR3Mjv77BEGUw65,5
tz1QHXGKA8NaCmpZLrvrUyBpYhgEiQDyWY1r,3
tz1YRG68NdqtAcsFEwTUw6FsSsiBb5kagEDo,2
tz1NiraRNtWgpXyyxopRTk2a7Py9oKFdrgkB,11454
tz1VnXCALwSCihScu984A3dbY6XXLzDqJWa1,24916
tz2R1iMz3wHEx6Z8dpdPVgb9eTDVh5NdeqNz,25
tz1akJUKXFmNjxKaCqcEHmwbx4u86xfHLYJc,1394
tz1V2FYediKBAEaTpXXJBSjuQpjkyCzrTSiE,3
tz1egZ7YNcG81udp3pGXPBsYQsUNHB7xAH7V,8
tz1VV5912Qp7qqZaQ28MC2G3RQ89UhEdueqt,2232
tz1codeYURj5z49HKX9zmLHms2vJN2qDjrtt,1411
tz1WXSxKwhw9EectY8mAdUFXDBHFnPZE3HSG,199
tz1aDrsGYyNbiqUX6eTHLe5otZJwN5XQh2kG,3050
tz1gu5jCJunSaHjR52rcu3n7SgDCJZDLTqJM,9
tz1SDmZnnzpH5GAfHoeXygPWwzJtHXADpohn,3
tz2KgCQ3sTz3n3jrU21DveCfTVFgrMnzeA7x,4403
tz1XT3SAzJh47s5DxMJud63MWnvDftqWFtS3,236
tz1gaTbRLDWJFA8bzcvDtkz8HxN6V1eL6gwL,1
tz1U9RY2mXmwAaSSm67rEy49N5YE1Rs7K223,1
tz1ZzEEVRzw78fhsLMM7JvV9CxZUaWGB98U8,6
tz1hHz9wjLaZ3p9sDo9SkqT1t5wxNsK7688s,7
tz2BzwVtwa2mTbspW1qqdiA2UtctbGntxAGi,755
tz1QjLLgQidRchfWMvHa23uhfgdzNKSevELK,575
tz1WW1xr4mdTif7jorgVr7aqY3YnnJPSDXj7,5
tz1coEYWsh5bwhhCsK2Dc1SXTNQs1hWs1QtL,7
tz1YKkEwEXk5g5MeDzNTgfDwKd589rGJS9q7,2
tz1PSiE9EmFbQFb7K1cBxPTsbPdgotHLdy9e,8
tz1hWxyYMfK3h3y7WvL1ErggtgneuNynC1JA,7
tz1UVjnYXp5DZaCX3JZvxQQqxKnXaVMYAYZD,32
tz1N4Q2BLS4sYvKCoM5XxFAEL1yoEY8TSS7j,2770
tz1XH15XMCB22rJJxHLsZgVhXA6t7kJnmFa1,14
tz1NEmMNjFtXgixkdCkkGsEn7k6QPeG1G1Qn,81
tz1gVmWVnkT2yQr9gmed4BgK22SrSPjfpkEn,76
tz1cj6FQs2Zjuwwf1uY7e7fLQfzi3YAbNj46,22
tz1XksiJMYSGBzqZqbj4F1dbHBH85i9jR3Zi,39
tz1U6R3G9mF8n9qH5mhrMZjgJTMKAEYb9Uw7,766
tz1TtLSSFGrP1796nyd1ZhGH3o1AVitoukLj,1
tz1QoX2rtnpKq3MxJ21E9NcEKxqPL4dKsEcn,189
tz1iXbbzm9Wogk7D2W2qNwYzePbQVmYP6BXN,3
tz1MtaUicPHBwrvkwnNwikGFfFWdaPxYAvJc,4
tz1enSmESCGkRYo2CtDYKhqUHFTAQkpXjYjg,4
tz1Wn4Wc6d6jieFpj2DJaNEC7HXcwKexW2By,59
tz1c2MCGJM3pFb88Spt1cWgxGtXAX38Ur3CS,36
tz1ZFS66zDerPgLPnYYEo8YXveudhGbzjESJ,8
tz1ZrtiLUXfjKsYskvr7fmZk9N277YQcv8Ws,21
tz1NqZnVNkS4N4XQqZaTigDQpSs8nc8RoMFW,8
tz1WEjGgTyPyhUapqCRvwBnHhLCNV38Jr1GU,4
tz1f2NgqK2bX3LaPgeTrEWgFFqRJgPNzFAYv,7
tz1WGMbfVnzVSTD8oNgZA8feaYvNvBYzSVmD,5
tz1MrpnRbw6HqHvKyBE3811uHgJYuvVj2hwN,4
tz1TkqGsSx3gB17SLAcMAnDgfs53kYeFez9Z,9
tz1KssAq8Lofcu9MwuXqpvXh75ufZSCsLQun,7
tz1fhd4k1jSJRRcNVbkMwVzkKEhX3kzApsfk,13
tz1TRrpXyABLU7RfM1fR5AbFM4g3F71KpKVS,1
tz1NkGJR1x59KMwfLr2a8bAqDYSm4WeDjeui,5
tz1b4Y6E5szNCHKZadDnAvdUyBfr7eQoEM3Z,21
tz1Y8v9LUURRffBVoJNysYTMzb2NranuM3fd,3
tz1PQkArZXKyQjY8gmX9yAF8NEtEtbuekeqP,3139
tz1bv7bDGmKDPNjX3FBJ5nPG3LWnT7yB1Wto,108
tz1LrMXpAmdVrP5daG1dyQnTia36EtXQGhzC,2
tz1bRxQfpDiUrzfEyjn4Hah34a7HNmoC8qyN,639
tz1YrmdFnmRS5McKQyFsXRrTSS849k9CPdXL,2
tz1VFdHcm1vd6qTka7VHV5VmZPebpe4cJXsm,1
tz1UJd94Mz9pyLzfC8SAZvTdDHUs5qkFvucK,40
tz1f94uZ7SF2fLKnMjFzGQTbznd8qpAZ12is,16
tz1bmKAXCTFwox8xP1uSsTYiSSBt4dhtjx3e,32
tz1b6XZn2k2tpS7uh3aHCMZ7J5xTR72ziJZv,27
tz1gqAonCuKe1Vg9zNwFhP44fdPpHypGfZh1,8
tz1Yhe4w3qt2wiRz1LJv6QWsdHavkuLZtA3Q,63
tz1biyDVy4Zq4vZyc91eJAKi7wYbNFPJTzHD,2
tz1cd8cN3qrphyJ3n337tcbCP2G5QkMP271b,126
tz1MT9A2Fhs6PwsUXtYgVUxGNxHeuHX93sr8,1
tz1igNamUNibU68i3pwGcdKLNr1Guf5oJ6nu,147
tz1Yu1qh4mk9ejf2MLxRNnRwdHoidXqoSqqm,496
tz1Yoe8QLauwLiYB6bpDo6tXNtfidrrcUyCx,1
tz1ZPzoCDzn9kZD9kf9ZWg7bybBJdKnw9PMz,7
tz1Z4HEApoZ8Yum7RTc94Nqt2eepRcHFSqcQ,32
tz1aWwVu9MLbY2MiqL8H7WuzJ2g39m67oJQS,3
tz1MAE9qgpWLsc2p6NdKZbnCcpzKt2QkQSzB,30
tz1chAZukD7QacpWDUJ33dGqeWFvknj5Xpj9,66
tz1TwG24jP7Sow6uq8554A6AUSxwtMQk9sp8,5
tz1bp3oUKqHcF3BZZQcDNYqsk1nw91Nkr4fr,1
tz1RYVLebe4eDwGTJSMppc83yugoYXN8G53H,1
tz1QKxiyYVjjff51jz4RR36SxHsM6PiiExAn,1
tz1MdzpED8Jx333i4MMnhisRxK4RZdN49AZy,1
tz1bZHuPEvBTssxpk6TTErngCiqpedPz85Ku,1
tz1PZ36aiHW5x5HmhNc7gvDNdu8m7NAuZbiG,1
tz1WUqA3SszNphCmLgiDu5jSNKoGqAuHA77B,1
tz1NXp5GJfJ6UZoiv5BYykyxkag123G6SQs3,1
tz1SKjT7gZtxGYZzvwMJPczpnbrgy9S2CGq9,1
tz1SXKgF1AcPkTDCHm1TaBSx1kkhEEiAv2ZV,1
tz1hf9kC9q6s36AFnz5VdGPWfw3U3yjM5fd3,1
tz1ZyPDo7hJ1xyUWg25q7rpZ6kZ7WjLNXPcq,1
tz1L1CRSuow6DbyfL4T1iCrZcbvULU4Ndxbk,1
tz1PHJKsafAGux2BN5RbnA9VVnJTLwHyEGKm,1
tz1iuXgS8GQHX3UrFTeQeDJNRQwTqk5Ky71W,1
tz1ZiutCQgTEedcG6bB4HyxHksneK2BGyRcX,1
tz1SevLttnimTvtKcwteXobXLXeotdFivrCE,1
tz1b7f2dYCGV3Mn9Kqd1rbCmjPLXaEwyHwQT,1
tz1dpQJYQkWUcBTqx3sW8AEFsJeNUcAa7mVd,1
tz1Xq2xFYJ6yewPo4G3AyYexq8YbDPFrMnJP,1
tz1VfGyV1Dfava6M8oBYqmDRJR8UL2FfYoVi,1
tz1fekve2hE2s2cRwLVMS82tXn4GPcugfCdY,1
tz1Va9fLvE3yNPupePTdMPX7zF449Q8fjeRc,1
tz1Wbc68JZxRJeaYQ7BV1WvnytzJfJ3LYFdY,1
tz1aKbkT7her6XEBY5a5cyzG9sSRQXNdDfeB,1
tz1LUSKkdCc4h33utT48d3dqqqWuNTHSy8Wc,1
tz1abXSECVwRTMajFVmUzWXABPaGkTy35NKW,1
tz1S6SSigi75RbYC2sR4xzTTyxZACqhpcxoZ,1
tz1fgX3sRSUFc3NYTqj81Z7s97auxMoDdaHc,1
tz1StsoAaqgEcbx65F1sWQs4F9KzXyycufcA,1
tz1ZYCUaf3AHvBhVChWL2RDQ9vww4VtQqBQX,1
tz1a3zH4CyejVgJ8bJL88F2bkb9DKTsVALu5,1
tz1RPJZCCaXzywaZbUQ1AShwDGW2eqqopqio,208
tz1TjQAiE96rYCGCGrbWCzmwhuKgt556AgUx,1
tz2M8wUVctsHkQq6zEugKTgieYbdzEuuhpkc,5
tz1djbv9JAQkbn8uQqXJEmM4ymxHSqmdzGy4,62
tz2Q7GcWsdAV2krjJDmEz4CNfcDfnoREZDeT,1
tz1h2AzE3kDAPJYZeJ7rqfojDHwZECie5kyh,75
tz1UChaj24fHGPfNn1aqABNBb5WWGZ7RfMuF,1
tz1P4owaJWbeXsuqGSvggi3imzR2mJDpyxTV,6
tz1PVV8i3pkUJC7FSNVQp5fatez52M9QLeAb,9
tz1TXXmPc2fsvzzRwdQmT3W9iEfWygty4X2Z,10
tz1W4jZBoLM2AGZq2ptopYBu353rRvuSh2dK,21
tz1XpqxdnX8JwzcLtSSKkiemic12U4NkCbkG,7
tz2SFxhkao5Kh35pbg3mQxbTvKbEbXPEhGds,1
tz1bMLmaYWNNJBYUgPGsCV2C3B4CixzmnDk4,3
tz1dHJmULw6DQSKAWYWpDXoqeecE4tG216yP,1
tz1TiKTQkyc8KupyxY5QmPA7uf9xmhQzXAkq,1241
tz1cLB1J9PtkoJCnH3ovrn53ZWddfMbF2PL5,2
tz1bi7iZyxPCGjMUQMiouiHRxQwveQjuTu8b,6
tz1duafqHy827Aw6bbFNVqUbpxphm8MSecwU,8
tz1VokTq5w2ngWQtfwzF6pyB24Ro6C692Wez,5
tz1XkMZQCCAC1d2YCbHzSySvaiGU7fv24gx3,110
tz1N6Rvgx7tFsXkNWjHNdwhDLLg4oSoFeMAU,7
tz1hZ3dazpeour6uTQCA26yzohhuYgesjzDT,1
tz1YtUbTURpWeX1CzHFamxS7fGdaKwKKgMzq,2
tz1ht6fhcHXknEg7jE9nFVU2gXUD15cUifUs,15
tz1d4cbP98Sbni6mxUmvAN9vufMZskSv3F4K,1
tz1Q4mLBtkz5CbKcpLBB6shR8QUzcMpphNrX,1
tz1TreKYWjXdKDaKCga4b8zobDq2pdHdGZuA,8
tz1fwd9Ub1AwXaRNLUfdDCtQfWyeq8YcJvCV,6
tz1Qor64hy8s7jH8ZQkMoaYLiS6NVmkeSBbY,12
tz1TnjxYt7dKGzDoFj3j3sGudp4buKFEg7xF,3
tz1ZgEA1VMzNomprfSrZB1aM5CBqi1nnCqHF,1
tz1Mc61yajNASzh5KWZFtYs4i7EJbzAxQC4K,1759
tz1PqercEyjV2AgKpNXgxeWnxgbYu31fw6CC,2
tz1XrwX7i9Nzh8e6UmG3VnFkAeoyWdTqDf3U,1
tz1QFsmp3jUZXxwmwTAL6fYheo79RreoZXPV,15
tz1PsF3NELGCZnighkMmr4mLkCzbkoVPdGSS,1
tz1SEEQNGjxP3SC8biDWMMHwgpYk1aeiQDyJ,83
tz1U3YJZ1pFfkaUWZVWv7FvNyiUi5vKYG696,1
tz1USBJ4HRxuvrVUqaxALcdXaRs8AC1PdYjM,3
tz1ehz91i7CxXaMnUjFDWBhr5uVvr3bVkBxD,36
tz1cmp13ABTtQ8dhVazH5yWtx2hGZc42ywaV,38
tz1LfKbYRG3fWd5ccbmsq9ykYJQekZEouB3y,10
tz1ZD5nQNtzgTzZxHgxgFuGo9CNBuGJHVRXu,8
tz1U3ozNjAw2sguL8Pn36V7tX38aSYziM9Fs,1
tz1amoqk71y4tqnZxRWGcttpK47XJnPx51jB,198
tz1Zya25zMcv5a5UbYyLYVuES7SA5eWcis5b,25
tz1YHWL72KHVVRGxPfEA2r1jtLtuCmjM4hgW,38
tz1dsvBGt2bDoMMxagnpHf45ehgNtQ6ctg3z,41
tz1Us632Z8mVMLZqCs1FXuwyBEBe6o4KjHzG,1
tz1SWd4hwQtHrzisTLp6vydczMypKPnxBFTw,2
tz1day3KgAK3ZEP3hN1PaZiAPpbnGD3Lb8Kv,57
