Address,Amount
tz1NRbpmTuPEFCCYCqCr7i3hkMRDRhBFgmxz,860409405631871
tz1foujP81wtDKMCX95CBY35TUYzWapuuuLg,2223485454407137530
tz1NBpWeS2gVpwPpT9NUn9ifBRfriwicJT4y,170891034931453866
tz1RDbEW7YUkwnnDdMNieSiF6kB4XBws7QSg,121848270035724835
tz1XwT7cC7UnvMi4GooA3qUNEA22cPcUXxLp,189955359947132167
tz1WdQ1dak79v48jXAQjYtt5ZMGnPiwn1ktL,331395269463066
tz1eqt71cHna4YgyNg3ao6x22xU7c7CZXxcf,49185090276152922
tz1SBxNvpDFC4bjW23CtQfVLqN5cBATVf68B,12860153270947096
tz1Rgo7URug42QnhBM6eLy4MWdfwn4RovHy6,440523495276774195
tz1ek9wEDD2edxuV1JniLuh2ckh5DeM4FjQo,60285857890529493
tz1S4Sp3WtEz3MfdBjiaRWEAG3ZDSngAR5L6,47131748109727
tz1V3fPD3AKPNwZf42PKGzFaWU3vZ83Gjvfq,39937575621433839
tz1P6DFx1Biicriaz37h6oLAhndhBL8eMoAt,511656003354467711
tz2UD7tXJyBrfDBHnFzhnaeL8ZGHxcDZuDa3,211555419782744556
tz1drEV5soQL85qJMNts3JfkgZxD1oL88gsh,9990418646886271816
tz1YTQ3Lys25j8FhZQY61eoYErYUteSao3ez,2851849326771846
tz1R3bKH1seset2h49p4vrZJCEL8voJgSK2G,301037052659294676
tz1Z6nhkXDgJjDzSpDEX5g2o1ris8Ga4xjDY,53164972434515026
tz1bdRJkGkNQ7homh4PTnkVM7xzVWhuC4EMm,337886116839337437
tz1Z2Ne4ZHxNPuCJeCcoykHVXTqhVdLMD9gV,407784049456355103
tz1Qji1NnEPj4Cxa9s2WEoWi9U9KM6a9gdDL,106619424027533456
tz1VjYmQHw4QE6tYTQLLfWNjqkUNwMC7YPoF,73848223621108659
tz1czaureyspHk1etv1dKV1WmHCs9pb4fXBr,33012494693155493
tz1cmanHzitf3UgWgECzLpGUKpzEfmGZaFsw,307797942608357544
tz1eZFb4bNMMdveGT7BPcktbYsurg2e8r1xR,1081552548434697
tz1RartAmPJhFsL9oAhZndSL2G7KCsaQqqkf,2160772859645176391
tz1bEi1SEPrZh28Vqa2gKi7veuJ7AksFC5GL,3962612481086529
tz1YrfZhjFnhgERznXtYee6c29n3PBeam8A9,9061577783268051
tz1MyqKoe43P4Z8MfHoXVBTrohgcbehp2zLL,1153960604900786777
tz1SRcMg9GRXi7paNeAc3ARn23mS3Z5dXa6S,9659785863589069
tz1YjtCLzjw3bqPxJh6MqdVBFrM2zrsA9kyg,3762229618929134
tz1hD7VdzRpWG3nmYpCyW2gNc8mQNs3TCgxu,120090380742811740
tz1MstraWa1kkCRoGRYpYEtMncugi99rUx2H,450688136240145
tz1f38MX7YT2Q7MAq3mDdj75GTN7vgqV2TfH,317770710543568970
tz1U1Pfo6gY5UKitBztSaAbmbwFxgmmN2oaP,11786215751066436
tz1aBDeNFooBEmBXnWDVgLknNMUHMYhHVcRA,152250404935662440
tz1hD5k7QW9ChHCgb2YLthKFirKDYQiNPDJz,17291493844220607
tz1cjTb6ijvnPrJBfaTEFphxDovW9xQbkmDK,1150476919909861
tz1ZL7ekzieKxwngCCyjsCN5qhu1ohwJQEBy,40465582880413516
tz1enbGpES1NDr2kTaocDhxvMqtpMy4ruhW6,16127558809233884
tz1SKobyM2ZGQYYWKiWYnc58GhJ4TBnQN7gy,55736930312295
tz1ehGMhxarDhwppx14PX1Y3eqbZ5W9Bc2Y1,4010052785477896
tz1LN3wPFYuS5fCnodwxT94xVFLPtcFHvcHk,208408374900669728
tz1SRqikWtR2KNpugCApreA9QeZuqh8swQMa,1694642386488702
tz1dPPVGVRxY45ZvnRMU3vebaBVMuhPq5bxh,883303305500563
tz1deYjddv6VT4o656x2FsaaN1owykAT7Nmx,7966101001869777
tz1ed4brTwpFg8hFUJSJ4HqnsC7sEjVesMtb,112673805649918573
tz1QJE62jTxHis7kZkbDT2zsYZyauNDNzWg7,50109388755074419
tz1UcwKfokzWm6g2jpnVVqjRBd9iFJQHhH2m,18891011643589578
tz1gWt7kUnJtGXoT5BYzHVa89qGp6QVvQmyp,49991430201487873
tz1TJspN7PEXSA4tsGJZ1EAE3iJGDBoXJz2Z,24234387457480958
tz1epR6pJmPaJ8vvzNi6V1T51ccocX1Y4VBb,2045289962372557
tz1TrxaPKNsRpcgw58155HdX6USrpV2fERQm,53562527330405517
tz1W19DveaP3mW4WvFtdVdqGsWwBL5q1QDSK,36982439249796586
tz1esdEqZC5Nz3HDFseHvpH6SmQJPocxLzA2,20639517267913531
tz1ZLGi9hMam6Gf6kixB1XK1yJED6CYu1tGg,415481844085702780
tz1XyTsb9DwkPru3eU1Cwnr5JkihEi5eisHo,81077065685483359
tz1ULQQ3S4kFLhhpPsegiMVFmXx2G6ewmbTA,2985434645378332
tz2Lqs8WFf2HDG1RoxG3EAtuHjDS27XQANWT,956126534904578
tz1LRrXCmELevk5znmVcYD63TChSpYh3vaE6,44911902104681247
tz1dNTV2DXUpqC7SEiJ4BTB5RvL53bPPHZfM,34235050657991312
tz3T9ZKHLVzc23dxD85p9xo6L8L5mx1hvb5x,104819679768946190
tz1dZuKxjVojU7gtRDU1nMmG8uRdowF2Q3Sn,84885110585365184
tz1iPeVakaABzkhWFmG8mjYMpcN3JCpHBvZ2,3504218378453
tz1S8GvdiWQghwPMMzbNvRh66rcfmhEA6vj2,430818052155323387
tz1N9qzry2ko1gwTK6HKWamZZK6FGx3Vr89U,37326908057137524
tz1M5swezYMnDaim71PSeb2cPFk49ajrvDV6,70661215759176829
tz1QQ4HyGbCZDmQxeVHoLP99KLyfvGvyX21i,556116375088818178
tz1WKygtstVY96oyc6Rmk945dMf33LeihgWT,199149640302556001
tz1Rux3pGrp2KpZUBKvg3VQ4edRYVJsapr4z,1433185003861555081
tz1d9Y652aoNq7351TAYiNeWy4FdWuuw1JxD,3286368964889748
tz1LWMmDzH79xyu6JvELrnvWLBBVjZg7TnfN,297699888190002622
tz1esBaTjr9qFQ7FhrDQF7N7bTpNSVTkGbMU,10450092261835248
tz1LaWQ2BUAdTVNz9nb7AhKDcPDQsb99tzhD,2142724233307732
tz1RfSFe1dxP7wh1zSffEnskgqvVVWKNKZG1,13117777650662658
tz1czGMShkB8ZtCHKHeCPTY3CpuiCrjsGJBy,20277519088535384
tz1UQ6cQZef4MuskJjV9g8pXNZa5s8ff1oQy,35860345069171678
tz1aZsKPTRdkm9vaQhWv9Mz8ZbwxSHmf7t9T,8379875668199531
tz1KyRUKbkuBTK5uaidmF8FbWHYrMjdw6GuP,4341723153175552
tz1dTmMLY7tan1HKfW5e3KxJcfZput6UuTH6,682249404015342
tz1daKxrqyoFUCcuQj36BeMN9C1Ytmjg5p6n,187898218300912278
tz1YZ4VZCRPoiDyGP3U69jCq2S8duDUcRjHP,4200814336251204
tz3VvvqkW6D7bSPej9x3pghjTozTRbaB4Gn2,22629019222161877
tz1Y2QaG5AtmfN7rwBG1coLQKFTTSw55g3Kk,73127775661606
tz2LYELYe16viwVBaRjZc8GsauKRsxTGPvB1,103174020059876959
tz1gXcAJZUYqK8JkkGDPN63cPQGu8LiBndK1,142607137885815401
tz1gN5Ch4VeDZjiM6R1KPMBxPWFxL3HHKZyT,23115886177140544
tz1L5rXu3RqYBjZzjWXLaFANYZcwS5Pb1ZST,3439132735684427
tz1Md6npfDk8cL8rjnPNZU15tHvyCZkcGDuu,10295142775161436
tz2WYko4XXaV4B5mzjguTeRkkgw8LyB2jA2d,19939638245762915
tz1NkFRjmkqqcGkAhqe78fdgemDNKXvL7Bod,609687724512377758
tz1TgtGGP3TDUMnUw4UzRTZHrsmzsSKraau7,56432071627882
tz1QkQLtDkqpw8VSymi13A86jh5iaCeMriMJ,282192834867472413
tz1h6J2pn9X3KMghNHZikrh3PtEpgCcRAjHZ,782379164677195132
tz1VCyNit49HjTmz8SEgeL67x4BLuoTaeYMy,425246954912069579
tz1gACjUSBkWjqWv5ZBMRk6G9Sp8xNAYgwYV,36896563773968507
tz1ieVZFcRity1eybQtgUyGg8NLEYWNqKtQe,6837473823336144
tz1bKUD8UtyPfknyWyMbtTqsfdMuWomrPdSp,12200685645865000
tz1T5GmdYXDWwbhBrU7RubT7Z2dmz3ZmKwCE,175515160444356445
tz1XLpud4YtVgwiAJezLKUsAo9K2s8n2YPqx,23771839542050718
tz1gmajxhmKt22CbcsSA7WWXSATgbuVEmzTC,10459702995285651
tz1cfzEz3R8YKMqC2rbKnr2XtpNjZxH6RGdy,5970187754254851
tz1MNGNi6vfbqGdhikvLBGbcz3FncMpuvU6J,120311387500742
tz1hR9eQYNNTZ4VGUeipK4PHtyyDEDmQ9dSf,130210745973185123
tz1RxeY78zE8hNJbqPypB1mTVyTsBRmPuqry,17296206140423790
tz1UnGY1PRznh3CJzSFaW2V9EZdK36AYneHi,991158115071803402
tz1ecAtwNdrsABBKa7Bvn9ZEq1Ze1EvS9WTW,93415311423565709
tz1SBF19iLiCc8dNpKe1Ym9juSAKaTPyeypF,3365919034512310
tz1X6ADVxP37XjYppBHMLVRJQwmxA2YxztbQ,32969824818682782
tz1T1u1CET7ek19f5P59vCdjTNFWAscYQ5ct,129092828442076213
tz1c6Brwut7ZqXQfkjxDXvyAUL2Mr43p2JZZ,237496936657882
tz1V9qHfFxixcXJKWuEziUqvdrQ7BWpPnWTa,86907677976781158
tz1Lqnwap8kKynTpefqqSH158i667Wdg8HVA,25524289742264205
tz1Kp19QyYUnXuE6cxuXxsfQZbyqv5JtKPku,17809891875395520
tz1cnojsw9qgMbdpgPeCcWPf5GX4YPvd4HAh,433825265526818079
tz1fbJACCskangcgy9xjDSiEYgh7CUmSo9oc,6098555124462257
tz1dKaw4xdNjfufDSLWRxumNBwe2VX4mxXyW,269458290514343955
tz1RJf644pa7QAZqKzrPQGiYQPyubXarC4cv,4707654733349617
tz1PTR7wFs8pTFarkpsZ7zrtVBJhusyNRRM5,16288377706643350
tz1awQgCgLpgnkxRvbnKemRws9uqp6WASwRD,217730533740923
tz1PaJwmmL2nrRt5K6HvwFEc6fUfxNe6Dyp5,11581046699016139
tz1YSwscBZCf26kSPvqsnUdhnS4XQD6mAjcz,123381137885387419
tz1iCiA1vKmgfZbY533ZgMwFKZ14S1DQNooQ,11384059448144406
tz1hNGWJUFPFV7AWLXvxGzJVEfCZ8KJ77PJA,12453662045735856
tz1MqSihmFMUS3qAmWPhdQWhzrhJJSBMaVCB,848193053989134
tz1NPu5aFQ12P3KGhBGgt7G79SAgVj2Skkn1,39170968231735117
tz1Qm3DHkV7V6peZPyWe4rv6aToH3nRmWEH7,2129735610765985
tz1KsiwkQ9pyrt4Ra7QrAQp5LQJCGxHQrY1n,31237640905138931
tz1dz7eYRd5uV2DndcPWFeEHYGgw4bJZoCBN,53808759929061980
tz1eKTUc8X17nVmtVRtxBcs3hwUPXWuqP2AS,50256544755321220
tz1hXx6tvTV3kzxpBR6E4hDYcxdgcRGHUTFj,2498615984652114
tz1fkZtnjNfQHtEyUpyX9Tqq4RrLKx35qBxf,22067626732845636
tz1chg2T1s4DTjLqthPc49HDcqkFHMwdSPwb,77857602695787968
tz1Uzm53vPr2Giyi32yT9GUvBErKqHPBjvQL,43669976931621236
tz1aR3nrJgUyU5B623U9s1MtMsMjA5Wz5c3G,98433268503150650
tz1YaPLZuVmZaKB69BjJXKUDgNaZrxBR4Lfn,3812052912844776
tz1WNk2o2hJvzjuZRNmZQwjLQuv24wDv1zjU,407927756389142998
tz1br5Mvr9VMEb1sb7HDtxpCxKVbZ5XnDqJi,17211654611347133
tz1PMB2EKqwkD2NDuf9tvdqhEjhBy3pBGQKX,17204816768916445
tz1QmBcwm7RH6swEYNpsZZfAWCCFaW6wugVT,310575611640309646
tz1LxqBcvRbZhp34C2ab62CMy49wFbsQSzD7,3686000727207204
tz1S5RkjdXMREayGWMawArqqpyMqGRjohJJr,31228461514962614
tz1bZ8vsMAXmaWEV7FRnyhcuUs2fYMaQ6Hkk,5264468695260664
tz2Kmi3xEnXk8c7zqWSQqSSyfNpWt6ovG38D,91834785891110600
tz1LgePVXLZYNhHoRQ6KgHfQjQ1uq7JJPZDa,69768859744644746
tz1gk77xzDAG3sif9eFvsqUnzaGh4MrzaCp3,22178553811337139
tz1cWUkZFBZ72Yn9desxcgS9KdH4BVfqd2ZW,73932243141150145
tz1a3LNYNZTNN2SLMjWSUc5jtLWFvZ1kC7BR,171258911320933581
tz1MiKQQw6u5CWaBZHtn7Xmbr6f7fCQZyZKa,357933690900389
tz1SGPStfd9v5upQUxRiHPC9666X4FpVAmK4,504867157647756
tz1iF629Cc91SJkmQRAWAm6nYavf7RgpAqZh,78875921280020989
tz1hJso9uzj2UFHr4rGA2o6s41UK8NLnGpUd,11565526124377840
tz1WHGwmdEr4iruf4v9r6bdHgzC5v8SKYTkV,5002946114683333
tz1Uza3jMhipiQMtmeEidizjbSqnqZMQyRv7,982382158759110
tz1YqsEWdPxBmqVKsJircrwBmCmZDtHAgHzp,115322255241867004
tz1ZLMaECyswARea2bTsBws9eMjgUm4jG8Uj,254679189172046890
tz1hKW9ZbV7U1hb1zPfrE6HG5UWsKt6eppMa,199652323885151599
tz2H21wDMLHDJ4jcJwPr8cmhFatSv276Jama,37521929512697674
tz1NySiq6aHysD6Rpu4bYhFaVe3ASya2qB8D,164069346622470582
tz1Rb321A5bMKjQdczUs7TyJBeXjfCtB4mYd,447843735883911434
tz1USU2xSWb7CBYGJYat2X7An9sr3cFfsLwi,10950411235025126
tz1aoYg1xYeEdnLrAJ7y2r1T3aMBCyms6ppJ,87756622816676443
tz1Z5RUwr1F7BZiHjeHkPSpWBwb1EgwiqXk8,8303679274609085
tz1WxCJ3UpzyWsXmmkE1YjYzbBv6jXYkbFYV,5141158840711137
tz1Y9QxwVevgnxVtG56YS6s53W6MBKVdCPCB,38700166791212972
tz1fq3tMpnnsZ944DVxcJqsVNGsWTPvqJzvo,52832649956765887
tz1PrecMTmNArbdvQxtZLUVUBT8rcC86dKZC,4866869644167018
tz1Ty6Hq9GpzxmMs5Sv1VQ7cP2U4KuSCAN3K,12958706814659405
tz1gV6MqrjtV5MtVaATuemVsXDQZJgiaFiaU,18566098046431558
tz1Q1LWn8wCK77L4xetjbH3Ar7sDaSANezZx,3864070099001458
tz1dugdoeZULYPA9phfkpofrP95rFqhZNXeR,1108331246530520
tz1UecmgMghaWovhh9EYfqTrK9gTtaiMtbzs,1284878379125117
tz1gGwXf6Ggkv9T4jGmp58jUMU2Gh2vYjDyH,7975505945538028
tz1QjPnpmqAJYSfDtDM7uTf5bkZDNY7eBECd,27451358552751712
tz1aVZZd883FwyEx5g2o3TgQ7pwEYi2f6apg,4754200696205586
tz2MzvuRU1GEKi9udpqzLpGYfDoZTiKZ3C4C,76888143244732661
tz1SEox4m6JwzUjLL2daQMKU7XDrvsEukR7X,15869125529254500
tz1XJqUrY2okTwoJFgHFJKQV98tsn2oC6Twj,6831663218677723
tz1VqXA6L6hPEFjvsgWv7Viw4xQn5GyNszzy,734844856637050096
tz1Wf1Lqz1yHm27P2RQJAVV2CMxnhYK4bBGc,32944271240106063
tz1f6qSGVtbzq9kMbuefmSX62cRJgPUKo54w,168397024106618
tz1iuQgH6htUbmdLALotF4HHbbKxjN7MkGd8,3338759989946583
tz1cTS1WwovU7SC783xgJxZrzr151mcshmNi,64951981328807092
tz1f4Z9FJfgStP7v6Rj7BMJnWJ9Mb1NdAGsS,117511337805269
tz1ersiy3MYVu89DFXvW7Qb8AM6LYptSsoT7,33298793397004083
tz1UFF5DSDDtk3fM1ewaLvVG6fhaAeCdgYEt,4215098643568746
tz1dcpUhXGeXexEXispSpfv7CeufoFnV7AAf,204155019042429520
tz1RKRhkvC7MQgKfPejvNaHGshWUDsyJKZdT,98703622497160528
tz1ibTknNagJCgQPgcbPvJhpSyS5vxgdyFt4,33694639245748558
tz1SHzbhYsbX6Uk51hJC4JkjgWM1gWaSwBqQ,6650774959478578
tz1LGkz6e1mTymuFyHBVFQZsHEtHepCYYgXD,164162425323328768
tz1NW1MMFL3jytxBjhx1qATMJyY47vLBMa4p,268472578414057047
tz1QRm2TJKnarZ9tbL5CNjN4Ltq9pJtytuk7,112105930643145
tz1WJpBDRGfa21un4yQDKTGXZw561nsGg7Qe,3336818371191289
tz1UXAsfFeufr6p2PafNr2oXNrTDSdtwwdgm,2667828464887104
tz1dpa4iDvAySDpgrcDCQky5Qk4kzLxHm8gf,25564400289787522
tz1YPUNi7KW28VxZNEu3fNkRkJG55G9p7wsN,2206542676206198
tz1YpusrSty7ULz7w9sM814trSRmM1aNbmZd,73954368700393938
tz1cuj9Cgi19KMRi83UuypS89kXM435qdhmy,323646895625270
tz1N5jTEgaMoMWi1i5bU69wRCNrLvLL9iYpY,6486426780478128
tz1htwxBMBFikeP8SnQiEQyA9n1ryDrDFyLK,1654469829210812
tz1XTyukKgkqq9P83UkV15np7EtSSEy4kAeY,1692726511540022
tz1WMFtCLLeRiayH19ZiaErKq4Zu9p5N73Sr,10163607529182
tz1RFUjzPENm3vF7quaxfELQCfNTCSjAsFdA,16231103388331599
tz1UvkN6NDmGtkBB84svr5MRWsqQxMmM5chq,837904767557079
tz1YjsPAFc2RmuKa784bkeQhdVLzbnRVtB7c,8501278976826003
tz1cLd3gXJ9Fk5c648hRzFvTnGfT97CxcHrj,15925531314907716
tz1Te5JR7gzDBwtZLKPWSPuTGFE4JX21vVur,2089116839144528
tz1YDRhXyq5ZHMoHXJX67rHSrUFTqhYjFo86,8330905516633111
tz1NGDuYTuuB1geX1K5b88cqa8JinFLdd3d5,10683464685636505
tz1gqVB5kR6VTTDZc5BU5cdADzxJhot3JoQq,274499939627
tz1XykUaKpskyp7hDEZjmuNTk4gFU58a46KC,926952706672607825
tz1dghYwdzvHc3tYHp8iHpNUSpmAvvs8Zjs8,6253297629142738
tz1RwqsGoUqGfTegy7fnWg5b1ArKevJSudE8,1579856470108889
tz1PuipWs33aqS2KSG5k1qQtC6Dff1P1GBmM,297664616296730
tz1ZNxMa8XsMa8JTv776X9iCETcNoo4SY629,2049730592651451857
tz1iAAJhH465Cf3BnsKQ744XHypQGY1v7Ps9,4720693563770
tz1a5QW18ULwjJK71LSc7UqNGgryrFouHzf1,79448457140065696
tz1Z1ZX2B98nEAvEnLXJBCnsJ6K1GqaSp9jK,5540185619060427
tz1enT2GWv7U8jyPmmoVb228u8hvi6hJh5FF,551983371976681
tz1RyhUycXcivQ3jzF7ZpFZNcoLcgmXqcrSz,62137986499954325
tz1gVon2mQhvutR49Yd5XK6k4ypwWfFjMZtz,4265733236771
tz2HSz8b961xoDjDLy3aFGogvW4HEqXXdcR6,49696196944858253
tz1eSGjgq2NmLWnaQFQxafXK8ZQF5V7Sz72y,92461102443603550
tz2EP3fw5CbUUgJdx4c3Xono8Gbc8PLXGRM9,258624161040862482
tz1e5b7RDRhmUWsiXur9MhyRBBTpCoNeUuwa,115433306312408
tz1VCogGe8xeRgQCLrVhPbwo6mBSQxAXep65,9288693715526632
tz1LFFspqhK9KRQNvS1ahZ1RcpQ2PNeM8TxA,18416981425526
tz1ZhteLTqobRVCYsPj44oFfom5BJ2SdGxeE,11650990827840539
tz1aRF3qMDrbN95f8dGYTKPaey6J2qQQnk8j,1077773045724610161
tz2ALu8Jxf2SMgzSZaZEwfiJQbogpUDPStwz,165379646477717012
tz1gLNb49fErXUiYdreLAAV6twp4v3Lm8V4H,24876013282928725
tz1fCHiWZ3ReGqvhxkMejVzcnXYz1rnsJpow,528394594857683
tz1Mdpj1npkpaxPHF2wFN6oX8SovVPfHyXSy,1598069461897180
tz1PXJVTDRHBcjJGpD4h6PzDovisMJuc8zVc,61513966937057548
tz1L1i5BVehYJBebCGvPYU9kZYGKBELGUJGH,72152143000026831
tz1TR56EbNTEEDeRrsPzQzoyvwFgZT25q3JR,5260281939075473
tz1XbQgDFCaT228TPS2YUeHHfpVqGW7ANCDw,312413756728395782
tz1cJPtF6fU9DQFVhTifFCPxDNjKiCm5TKHB,4758716728181004
tz1S1Aew75hMrPUymqenKfHo8FspppXKpW7h,786874342134732
tz1ip7fCgktJzFWxnoDdNBjpF4ZCWw9qfScc,667460193370051450
tz1Wb4LakUUYuFuuEgXXQrNZuBD49Trodhwx,5838406504530108
tz1WzQh4yDUuTpZBDdRwMrnkV9bs1upnSANF,14917840625195
tz1RAfKUFBX6P2jFkCpzLFntju7djjbtKAKr,224206190617766132
tz1MiQ6euA3EEdnZxJ6EPwVsHzd6vQ7AHJmU,11016392388834873
tz1UFwr89hcJvC4sNCYK7zSLcaD4JW2KkNYD,60745371368801086
tz1Rm5QmNUnQetDKSVW8srM29hjPRiQCgqJx,87263959768757
tz1TiJBTfVoXxregtdgCs1rYd55APXSAmniz,12335677196104734
tz1UNdZnQnfmxaG5Uh2v5TsoYFPox7pyQkZ4,67521426277465
tz1ZPSGxrrPPfrmoGJgpXDArNJfNNy3qGvE4,4963399585430066
tz1ZU7vwEU4aoKard1acgnpGi8fFc4VkKzbP,799663537930109
tz1iQ5n52oSKgdtdYtqEJgKmQYbL1nn2poB8,133392087539425212
tz1gueZ7eL2KnvxqWudHjoTH3ZPiUCmwNKR6,16421719892670815
tz1QxepCwQ45EwtcxkgXZezHbnidvK7hUywy,88908058267722728
tz1TVZgy4rejPUkEF3bsxLGNCp6H4gz4PaGf,2551520169464783
tz1WT27PugwGBtre1hsj6BHmbAK2qQsVbRDo,13806105478958773
tz1fL2TsQR271w84MXx3qFD7y4PZ1F2mpHFA,37674350206288130
tz1KhU89QWZuuhhnDD1paFp1jYMdpJLh55im,31211106684059246
tz1QQyhTMAmNQPcSGkM7GfDva8hmuFPAxUMB,109958555322925667
tz1htnC2n5n27PFD41q5X8bDvDcjbGMUS3f5,334607366440436298
tz1PoickddNEkRN6qp4K41u4KUW43vZ1UDvF,178621488577181398
tz1b9qYttBxHzoEseqabgvQiCxafZzkAtH9G,49718224530444402
tz1MQotPcNdc9R3nWCTwXLMDqKLS46WqW7Wx,50011177682220664
tz1a89Pvs553YqhJdCfDdQrRuQeykHMvVSRX,1151780052249025
tz1favSqpvTLtedjTm1UjuEmKfgm4o9kyLd1,29901780588673928
tz1XYuybht7U1RVsUip7H7S31fBDxpUgpTXP,8058326764917
tz1WHUWCMqVqq5AagGN5DrytqWz88tYgedUr,602962482925886
tz1YJvMiZyXnzvV9pxtAiuCFvaG7XoBZhbUQ,27937996457780199
tz1TmSForCvNii8rmwL6q2jgicQfqjNFtj8K,56262480098962880
tz1RSYHrs9rpGHn2CcgKGGUQL4RvMqXxtLdA,12242522669887240
tz1Su8UYhcLvUPYABx7kYsWRVibZdiZPnmh3,993859411926581210
tz1eoqCSmqPQtTLs53Rj6gBB14eQh2aHWVxu,12634510101997128
tz1XhZUHsJAFp4FHoeeQQ7auVBk5j6xoUKbS,1522906249401815
tz1Pwh2MBs6q2SeLHiko3iJpfMwsDV46bqQU,284941821541755729
tz1ZWbokP5pGwT3tTtLPP2KhXX5ssg1EtDPs,416963537595844
tz1hLWsybqnJtQRFp8skYy5aZLGNmL9bMUpa,28401219588138097
tz1PuYitvGfsBm7C3oYAXqNc3t5wNhWZj5Dh,26981210269985116
tz1NsE7vEgP3M9bDdkNGF4rCaTUENp5h56ZU,161517877120181
tz1eRrQnioaBfZkWnXxYth5ZHYJqr48E854Q,66077179445394743
tz1dbCAvra65bwTVk5mgkYUHUGz3hoKwovZ8,12663262937331444
tz1T5NfkdPfhkXzYx8akPkdznxSgU1Uf5jEG,22749660414910119
tz1PYqfNnkpZydtSY2Tn3Rv8mjkgUpHJpFXC,63204717061080414
tz1WidyAU8wuyG25Pd7b93bcx9hMu7W9Pea8,60857565961257172
tz1VRQHQLw8Yq8tjxYLuybyHfhdqZpj3yXMw,19300245710670
tz2CCSPbBJLu3mrEWzP4RJn9jNMz6JDboRCJ,89014378059351
tz2Mz3ovkZR2HyC89CHHSdsrPya1mKSmLWfD,4378029561918647
tz1ae2d1BJt7YUqaaec6Xenh3mBqS7VjSZtK,5915849134060183
tz1MA5sPsCo8ySkTpMbyAEbKf5v4WwBr6XLg,11578088598617256
tz1g1vr7gbU7kwxVqmbmnovTGtdeRxFE6uBk,10387607767765307
tz1L1XwcVmD2z4qPfLtBJ6RPThgAwLcXG6kW,659195145817588
tz1VeyZaPimHfrJFy8WwsCYzxHR3VmGTMpgK,6424874579033524
tz1epFVHmqeWvvkFf2eskwhQ1AY3JwWd7Ej6,12905141178901584
tz1QRcnskFh7eaV7QdEnjoYdDfrDqHgmmrvF,33512738184559767
tz1XybkRZWjLx3hwcy1hQ7PT6FWEhpHm1FBv,462619466646837
tz1XcuwadWbLKkc4mDVxRo25dbtwfEa7wf2c,23077200539500218
tz1MkNbJTzf6uADvfSJKJvArvRoVvjk3tZz4,4553868275994749
tz1hvRvzke27MGtp8CsSvsafxyyMWSVYM1ut,2118857318587864
tz1a7MJ4HMNbWDhKZAqrvzX5P6u2E2mJyJiV,44538227384674047
tz1citPWufjty33AZ9KwZDztqrTzdNjfQU7P,260133097361890612
tz1WntXgznbivRjyhE7Y5jEzoebAhMPB2iJa,18870704777623041
tz1b58mxvQAc98hbXjcrgjf5xnSwYXzi5gX6,15087044070367849
tz1WeLuPLjUs53Yr1RCgq4EQ4d5SvV651Tqt,1523404420939473330
tz1Wo716Gggp5HfupfxtPgmYu23rDQNcLcD8,41060167454612918
tz1imyQrFWHyTp4avUNAw52RxdFjU3HPviRN,4086548653760337
tz1isKR8pS4pdgU934K1S4UpLsF56ECJNArh,14845632306447239
tz1ZVoeS9T3H451BgjTe18pM1q1LPd2cgB6Z,654185293486542
tz1Kx4ydaiJHThd2nTgXR25JPTZtKyLG9KC1,7738371628799312
tz1eL4fYCgegW8tLCbQ1mYiKY3TdDxWnnKo8,19737862852363819
tz1Rhg2UDkjgLhemdSMtiGVGRmzwVLVaHArD,3410659802507506
tz1dPHDXSCFo8PienbvDMyCKr5DXjPMrZkJ1,17954433124212073
tz1a7by2HMBv9QA8WT3t5fhu3E4XPofzcukg,2805438336912404
tz1eFe7ufhpTuqh3LHB7zYLuFgB1rFCPXnzN,9224132473567052
tz1fkkxXSMtSQew8F78XdsnaC26AfsXtsGiY,4232759089295800
tz1ZuiTWKXKqYfzFPaSaAG3Huf9QM1AdZ1pJ,9578078668478682
tz1RsCndtupuxe2U3syGAdcRBzpNqJZ9ANNc,320985407957524101
tz1MrZQhiNiHK14oEq595DLsVQ9wC4Nv2ZXW,7185732517656515
tz1LJQ6MPnjGekNAmhFmkm8XWtM6UGx4MyF4,72960044064965208
tz1cGtKd7EeDGW1v3d6B5tuiy81LfzMp1FfU,3834880114349949
tz1hmxzW7MuU8HeRoCFPGZJnavGf5unqgaph,43569413319222647
tz1Z6QqrAbEAMDLsis3v6b956sfH6qLTSEex,4122001918632236
tz1NnBgY2ze24nQDpdY72wb1GVsee1UfAT3d,1574991056287062
tz1dAW94vB3yYfNPE4LM2txBT8PQ21Zq4Xzf,1670014298959986
tz1eeR22tmjPN3rGDikEMvpe8jcdXww3dqTt,11738391267049473
tz1MsfyCeQEt7khed67HHsAidezZ1Th6mjzB,4069054566447097
tz1WBMWCwjuFSsiiLUWKEQHEACNEat2S3EsD,38986696623103946
tz2SuPjN8dYMJQe548bTvSPL1fdStZPXv7gT,617368711105414959
tz1N33TtiYBQ67sw32rhCsMSVpZkrSHWe9aq,182196753830787831
tz1QMjzbw5Yoi2zPqUeg2yuv5GZdmXjhh9mr,11512363992457436
tz1ZutSZgCHEzxspXyoSYSREhwHh5g4PM8hN,11163071863019808
tz1dDw2YD657qFqQq5tCtbkLxrgnEAECm2Fj,17123893188099752
tz1NrRkB19Su8iBGVTz1cXbG3oCw29GSmasw,18258142868407039
tz1NJS9T6FKTnKUkVNv2g44GHTAhzH77qiYw,23228176294395063
tz1URL5HNuTa1fHqqCtUKXUM3hm6g9c88NgF,36099294921494
tz1YPBTsfVCgRSzri3cUfNzBRbQ84G5RQ6DF,42477131751824062
tz1VLGEhMhsb2HDhUaa2oeHQ8qM7Y7s72d3s,96571051923036832
tz2M9C5x1KoZGoQ9xEY6fQ6Xwbe2GU1RTzRx,7851141902470458
tz1RCQDHtpdcwfgF1Kbbyusd6xhfjbXanhZ5,14917836996495449
tz1c8JTzmA6c7cm6ZmUwR7WES6akdiMa1kwt,17603667287399300
tz1XRTNgXgWmR4PqxZpiB6HZJ8Siz3M2JAim,5265286401767017
tz1LxL9L2SmaFYw7XhyATaRAiLWCgxKmycBC,51066099723191990
tz1imbraxLCQ9TUpnJVP31LS18hpTqG5wv1k,12343842124449243
tz1iDuz9LvybPBC4kDc7ceBoKVDwwzJR7zKb,336526856535798246
tz1eJiCVNV3YVn2im3wzJZQLj4TdFJ5KabzE,22259703115694527
tz2HYjnnRbzPpUGMUYGKVXDnsfSKKqH3aCVT,147430414824714124
tz1eiyML8sHGBL139FwJQJeLGHWAFtDqPz4U,1082525781082478
tz1YQDCB6Hbn2ozMyS2kf6WPJDeRvJtmtNqQ,4674682253541889
tz1eeNRXYK56vgSfXHFcXorubcaBBCVpUY1Y,303234329741691
tz1TQw8erN1a2LpfRSNMExicRXMveBPbvTKE,6015935040750
tz1gaRjULm9qy4D83VCvb4ABWLKpz4XXfqjx,5159103072361099
tz1hAZNx3LrRKFgfRytoLNVGhCrzU1uVDUHS,16998630831781347
tz2HGysnSAQAetSyFYCa7SoH6XXVwbVqMHnM,23239402579814587
tz1W28xB2eAvRGCXmVduC63Gx6gGDp87zqbB,45117481816163329
tz1gJaXdi7Gweq8TUSy9knB2wLjioTKy2tZF,48875610397841423
tz1PoXtd7RGVBwWmmZvxX18NQXYpbNdiwwtE,29077965938686907
tz1RLCvv7wrWq4hTmyKk1zZuZeuUXNViSgRD,142076693867415391
tz1fXXFNod2gQDT2Vf9ibBortMmsKKorUv7Q,1508096713735906
tz1QFk2DJhPkzp2nCN7Thpo4askJjQ3Zw6BU,12125261395968409
tz1bRDYJHp3ACUojEeM6Ja442YEwNmcb7ph9,8759412141811978
tz1MDs7ym4sp2FsQhL32vuAnEqG3ARhM9Vi4,3446892050932558
tz1Xy5UM1tC3CFcbPBVq5PjufaxcLjMwfQkE,297305883852800
tz1RAKBnmd1X43pkkGqywYCRgf1Uo6D77zMx,296812838595186
tz1ezWyS2cFiqrNyiSVz5VKEKnmDN9Ah1zSR,24017535722946890
tz1KgzP46kFAohMo8NHXkFU7STZDkAv8LVYq,2220228445581508
tz1cXwKRD6AMy5nhqEVUU23SBxcAMnh2aKLn,3268599404941346
tz1WNQE7B2s8woZp1d5U4SeRKHmssN7TvsDi,12947059649841075
tz1imrUNR1R52GxhP4y6XQCDDXtQs11GarTN,211361643826615
tz1c19XDWSTDVAZJXdxdGAPuGpoemUnGtXYb,4531143908244
tz1chab75LnyqBqNwrK11459SGCFQXLg9uyx,410594402154282
tz1USfPTFciXzVsQL7Rk8HmMWyWtFEas7fh3,10307427920344639
tz1btYY98CWBVCGEikD7s1buWjpicb9kG8aH,208222805077009
tz1fj962xSPKTA57yWHA43VeVzo8KqdpNAeF,495499264128233
tz1ioU6W4otB7ebgRZTq1EVVra3vMyXqeqsm,2598782924003447
tz1N8oU57qMgDRr6N9pSbhaiWRRQSxJRPGoZ,461976572783898
tz1fCEeLBcuSMSittqTnMEhcFdPCtD1HsiZc,1008204059487482
tz1WsKkY3TLDvqTuK97Xu4zuVoTb2nsr7J8S,1719003391854887
tz1dAekzaZ2VrjvuNxoaTZ4dY9XjgrjBvBro,15443950163808261
tz2DsS3zeg4pqoUnRPHxvuRSuQrjDnTZcTNJ,84613094868259
tz1gSGxwMrToBdzLeaxg4Bregv6W2oEbNLC8,82229226128519520
tz1dWwKG6Z9unqwonQUWV65gkz2YhABiwF1R,11185872481969598
tz1X8AQxtn4KzBwMZ6MZUVFDcACrfnyfYhDg,3695717815516
tz1KxARuCbAoiGGesnQjr2pvZa7CzJR7V9D7,6207379553745399
tz1LGVwoTMUhi76Jc8TeaNUQhanfeLLNF4xm,4870408495467711
tz1QS7N8HnRBG2RNh3Kjty58XFXuLFVdnKGY,502650279742818812
tz1RAP1j8SjwT587jyccTNArBFhC9HhGKfHq,1071182697236028
tz1QiZCuJMuVz3aq7j1Bq2v3BRTQPCdTw3Fb,16291264948090906
tz1L8hBVpams2fWFC9kS1sPVxfGY6Hmg5TQ8,2315465400158176
tz1TQSPkLPqXUREhxvYzPbAib6Jz35w2a6tw,4717071433672432
tz1XD1xSVzgY8Qs1id1kNyFJDbv9e9pNMe2c,4030983624603744
tz1Tk1MJDZ96bK85RLAqtKfnptZZyXsJ2jaq,10533574372988506
tz1avT6pCusXgxhnffuJzk49Vq5QppLVegHB,3611932959054756
tz1RKg4C5yKTzm28Qj9gKmfUozCDrctDpx4G,4809465795212187
tz1Kw5M75chWdw3HUBMg2bsp164TrVXRsGJR,3374959402414597
tz1XAFvpynqgRBizrYs12fBt563NSHm9FWve,2806012056489842
tz1hes6aF3Px3D8nPQx27fdwBKrXmGs1UYxT,3997324151131364
tz1c1BG1PEeuhMFwmonTVSGafehicqbBJFec,665533897172756
tz1UZ78ecNwH3T583wmY6nUrjpyrXP7do4hL,4239230518288223
tz1bF5LgAwDooVGC1cT6eSnsvmPt7WaByJD5,1261832565998551
tz1e826sMLNdz1CQLzthLDBJCFsinxqGDzv2,2744930175308476
tz1WtkHVMtif3DXVCZ9pUCqWcBsmqgFjgdkk,344528186006782
tz1ivMszr6h94yTACLXjJzK3tuvRoDHqfpwN,304908668648273
tz1THwbFPPPBHmBu4cmLV2SppLFrA5QfBhyF,2603702377604551
tz1U1aA8tyN6QByoYLhSvNu3krJPLYqnkRVa,3713124126091425
tz1QSwx2wnmrTjEGrid79c4tpFMxjCT86SAy,6109164338432508
tz1RcJYTsoYQ7adtNMANhwd8qf4zApM4i2Yd,3120546830511532
tz1cvrgSekgCqgyc1c2qFPSeMtux6AAAfDsk,70478829912843
tz1a1ZcbAeBEjxYSwuNKxSu6FbFB4dxdL3m9,87005807637688
tz1NZnfrNgCGdECyAhA93TLPTSciJcZBJqDY,4606964773806992
tz1UGuKv6PzgVbofb42VgeRwDwsVN47UpuZB,11368682934233302
tz1eCzNtidHvVgeRzQ38C81FPcYnxMsCEL6Z,66556894309880605
tz1N3nvFqipu91tfU9s4GXGsopawpwxSoAJh,543355853101258
tz1LFeLTRQZrgKxbmvjz2ckViRhVw9BZXw7t,128740693055208819
tz1XuzzMTz1LhqbRPy9uxfRkccSxju3v8Y4j,5944819624913134
tz1MoiwNRQWHfA71aypNk8J9CsKjfmq39c2F,22890928861195154
tz1hhphPmGxL6HEmEjoVSJBy82FMWbFwzNCD,122003772795634
tz1YHLm7Lq27q3rgVXLY424zQMkvncVvNiaK,627236949889984
tz1fKtBhuuZiMYhM3Pi1hcP2sjRbstgDrmqX,180872989809616
tz1aoz4qrvkwo1ezDQaNCFZb5kg5tAvC25xR,1270952054369793
tz1XEA7cp83PyiXfSxWu3uHjA3EF6Gdh3Vhq,558651223854002
tz1UXMLCt7dqbUiJ2BHRhE1gFkdVkmCZYcM9,175062247421627
tz1iKF8o1hCLaTNZcCJpgKQBQxkpcSiBy5V6,6577280118715831
tz1c2iwyckUCcicx2qxqtwLEartYFEHg1pvB,2959887639854658
tz1YQs3qHgQGGQm14vX8vMDWwzY1DFXHCzJB,3046599161362765
tz1PQDUDph7dDCn8pLGXqaR79DiUWLiSZdEf,15660469138978584
tz1XYkHggnKNoYbm965gwKattMWK6bomgVSX,2279197446910476
tz1fUZ5pMP1gUjuJsp5V631cXmA87Kxm3cuZ,18075912789886766
tz1KiUXfWuF65Ck5zY4otx8t5pHToY8stYhj,441317021225052
tz1YQXd4LjZfDaKRvSTwBEwgggREFfX95JUc,1563582518259544
tz1hM6Pz2e5vJbd1YYkYHcj5RL7tXhcn59Xr,7285372840121691
tz1NVsmLrZX4jad9bNdvM1EskvcTq2LSZhLx,9094126844375806
tz1cBNfPUb3Gi6oezs6fpXtki8EzSwjnoNGS,14545285357967485
tz1h1ybLPkwDH85opBrU6hge8wSsRQBnAghf,139960979195279114
tz1PKoh9LB2P3pgh5ahaAFnrC2QBmUxcHDJU,1082298263901347
tz1cqoo91JCc6sKmNuTVKNzwUdi6E6moHWFb,4393503893950178
tz2HdbFWnzRZ7B9fM2xZCYdZv8rM5frGKDCo,3291790236081888
tz1ZGNErBKdYeEPjZuqKXhyTixQTTPn54bx3,644429553874118
tz1iUyniY5PPWrzE53cs6jBwNKUun4btzMcW,27477123474894611
tz1gi68wGST7UtzkNpnnc354mpqCcVNQVcSw,2692136125697845
tz1XoiGxnmjnkaKcNyG4rrHNNEoh1u5VidxY,6364451001668688
tz1QVUXNoyCfKpAyxDpq8kR3rK2AShuzQxJ5,10438583283109574
tz2HZ2yRFd9F3uLcKnLukEXhuUz3HqhZf8mA,67891336148573289
tz1UVTMhbMiSETKCxFi413yZ7imF1xeyt3fV,2966595370744225
tz1XisBzUGgCmvC7pNS6hxvQ5hMvXUTd1p7D,7391113390858834
tz1S5TbsJCWmCyRh3ghJ2rWwQHHbcvoh1uYV,28711787235069648
tz1UAYfFWmaTrQTYMptaGCw6LrXK5Yv84VnQ,13305122752348517
tz1XgakycyAAuhtzXcbb3Eh57ZQ8cBBHT8YG,1462221193020614
tz1hLhGe26gqt78sZboxiwne6zgKMqirRieW,3474946758917112
tz1YfiydbiaKMGPuavawX4rQtXdn9wgpdDKS,1424863586323510
tz1RYTr2WKdJD1MMV51kN9AoxPnxZJgJ5sqU,143145620179149
tz1R6mtcAQwBTK9YpSqRL9y2a6JZWgDkBm6M,14174873691117556
tz1Sv2XMQNxcAqyqyyv42FHjf3EGwJ3Godj1,14313655130896889
tz1NCsGajb5YgZdhdviKrfisN3VteMasnzQi,694226157813979
tz1Vh4cX8VutUUUnnjmnY2omSV4F26T5orLH,14998237455943233
tz1hgSYGDwHFqC5AwW3P7vYfXfdwwsx4ALAN,5607861181389
tz1QGCWjNpYmcS6T9qFGYSam25e36WeFUCK4,1263863117921305
tz1URdfSGhAfbtpEkjWBmpTt3pyLmxdHdPYy,373684025804210
tz1LApX9pPhcDUDznHR5TTCcSXh3m6zPgFHA,554595820339414
tz1hUY7paB2J5EhD73r4oWL6uZubf1UibHrk,1631769045070870
tz1MgDFQvyV8Vfc48HgeqMbCD2Po7nhoWDeL,26902405232584
tz1PWZTKd1zhfuxrixGJoHJ6G17SQiypwe5m,9481073582507
tz1V1Hu7nMcgVuMKDEZickAKHHZavLKTB7Vh,3480524244432
tz1NKHjwrYfg7GWwbWZ3bvdejkVL34De72Pz,5197560832393
tz1RaZeHEiKewSd14gZ7HKfcQ3HaNHJ5tnV6,10830172853800187
tz1aiLrqvULcV2Kfvzt9dUmqnLQnoNXPPek8,1013734876142575
tz1M2h2hPZzov29kf7xcHXrunXb2jFSbfiNd,510078301376992
tz1MToDUySbYhPabULUyDPPsfDQF1cpZPdoH,46709373304224
